WARNING: A terminally deprecated method in sun.misc.Unsafe has been called
WARNING: sun.misc.Unsafe::objectFieldOffset has been called by org.openjdk.jmh.util.Utils (file:/home/test/Workspaces/JavaWorkspace/JavaStream_KeySkew/.deps/jmh-core-1.37.jar)
WARNING: Please consider reporting this to the maintainers of class org.openjdk.jmh.util.Utils
WARNING: sun.misc.Unsafe::objectFieldOffset will be removed in a future release
# JMH version: 1.37
# VM version: JDK 25.0.4.1, OpenJDK 64-Bit Server VM, 25.0.4.1+1-LTS
# VM invoker: /home/test/jdk/jdk-25.0.4.1+1/bin/java
# VM options: -Xms512m -Xmx512m -Djava.util.concurrent.ForkJoinPool.common.parallelism=3
# Blackhole mode: compiler (auto-detected, use -Djmh.blackhole.autoDetect=false to disable)
# Warmup: 5 iterations, 1 s each
# Measurement: 5 iterations, 1 s each
# Timeout: 10 min per iteration
# Threads: 1 thread, will synchronize iterations
# Benchmark mode: Average time, time/op
# Benchmark: research.skew.AggregationBenchmark.parallelConcurrent
# Parameters: (cardinality = 16384, distribution = uniform, seed = 20260929, size = 1000000)

# Run progress: 0.00% complete, ETA 00:18:00
# Fork: 1 of 3
WARNING: A terminally deprecated method in sun.misc.Unsafe has been called
WARNING: sun.misc.Unsafe::objectFieldOffset has been called by org.openjdk.jmh.util.Utils (file:/home/test/Workspaces/JavaWorkspace/JavaStream_KeySkew/.deps/jmh-core-1.37.jar)
WARNING: Please consider reporting this to the maintainers of class org.openjdk.jmh.util.Utils
WARNING: sun.misc.Unsafe::objectFieldOffset will be removed in a future release
# Warmup Iteration   1: Input: n=1000000, keys=16384, observedHotFraction=0.000062, poolParallelism=3, availableProcessors=4
24.118 ms/op
# Warmup Iteration   2: 21.838 ms/op
# Warmup Iteration   3: 21.407 ms/op
# Warmup Iteration   4: 21.101 ms/op
# Warmup Iteration   5: 21.548 ms/op
Iteration   1: 21.057 ms/op
                 gc.alloc.rate:      781.268 MB/sec
                 gc.alloc.rate.norm: 17254842.333 B/op
                 gc.count:           2.000 counts
                 gc.time:            12.000 ms

Iteration   2: 21.805 ms/op
                 gc.alloc.rate:      754.690 MB/sec
                 gc.alloc.rate.norm: 17265293.739 B/op
                 gc.count:           3.000 counts
                 gc.time:            4.000 ms

Iteration   3: 21.397 ms/op
                 gc.alloc.rate:      768.895 MB/sec
                 gc.alloc.rate.norm: 17254920.681 B/op
                 gc.count:           2.000 counts
                 gc.time:            3.000 ms

Iteration   4: 21.227 ms/op
                 gc.alloc.rate:      775.027 MB/sec
                 gc.alloc.rate.norm: 17254911.500 B/op
                 gc.count:           3.000 counts
                 gc.time:            4.000 ms

Iteration   5: 21.051 ms/op
                 gc.alloc.rate:      781.295 MB/sec
                 gc.alloc.rate.norm: 17254932.833 B/op
                 gc.count:           2.000 counts
                 gc.time:            2.000 ms


# Run progress: 0.93% complete, ETA 00:19:19
# Fork: 2 of 3
WARNING: A terminally deprecated method in sun.misc.Unsafe has been called
WARNING: sun.misc.Unsafe::objectFieldOffset has been called by org.openjdk.jmh.util.Utils (file:/home/test/Workspaces/JavaWorkspace/JavaStream_KeySkew/.deps/jmh-core-1.37.jar)
WARNING: Please consider reporting this to the maintainers of class org.openjdk.jmh.util.Utils
WARNING: sun.misc.Unsafe::objectFieldOffset will be removed in a future release
# Warmup Iteration   1: Input: n=1000000, keys=16384, observedHotFraction=0.000062, poolParallelism=3, availableProcessors=4
24.028 ms/op
# Warmup Iteration   2: 21.533 ms/op
# Warmup Iteration   3: 21.483 ms/op
# Warmup Iteration   4: 21.490 ms/op
# Warmup Iteration   5: 21.458 ms/op
Iteration   1: 21.422 ms/op
                 gc.alloc.rate:      767.969 MB/sec
                 gc.alloc.rate.norm: 17254880.170 B/op
                 gc.count:           2.000 counts
                 gc.time:            11.000 ms

Iteration   2: 23.019 ms/op
                 gc.alloc.rate:      714.868 MB/sec
                 gc.alloc.rate.norm: 17262267.818 B/op
                 gc.count:           3.000 counts
                 gc.time:            4.000 ms

Iteration   3: 23.534 ms/op
                 gc.alloc.rate:      699.011 MB/sec
                 gc.alloc.rate.norm: 17254717.023 B/op
                 gc.count:           2.000 counts
                 gc.time:            3.000 ms

Iteration   4: 23.028 ms/op
                 gc.alloc.rate:      714.384 MB/sec
                 gc.alloc.rate.norm: 17254765.273 B/op
                 gc.count:           2.000 counts
                 gc.time:            3.000 ms

Iteration   5: 23.125 ms/op
                 gc.alloc.rate:      711.353 MB/sec
                 gc.alloc.rate.norm: 17254814.545 B/op
                 gc.count:           3.000 counts
                 gc.time:            3.000 ms


# Run progress: 1.85% complete, ETA 00:19:06
# Fork: 3 of 3
WARNING: A terminally deprecated method in sun.misc.Unsafe has been called
WARNING: sun.misc.Unsafe::objectFieldOffset has been called by org.openjdk.jmh.util.Utils (file:/home/test/Workspaces/JavaWorkspace/JavaStream_KeySkew/.deps/jmh-core-1.37.jar)
WARNING: Please consider reporting this to the maintainers of class org.openjdk.jmh.util.Utils
WARNING: sun.misc.Unsafe::objectFieldOffset will be removed in a future release
# Warmup Iteration   1: Input: n=1000000, keys=16384, observedHotFraction=0.000062, poolParallelism=3, availableProcessors=4
28.189 ms/op
# Warmup Iteration   2: 23.792 ms/op
# Warmup Iteration   3: 23.937 ms/op
# Warmup Iteration   4: 23.545 ms/op
# Warmup Iteration   5: 23.683 ms/op
Iteration   1: 23.953 ms/op
                 gc.alloc.rate:      686.504 MB/sec
                 gc.alloc.rate.norm: 17254730.667 B/op
                 gc.count:           3.000 counts
                 gc.time:            29.000 ms

Iteration   2: 23.128 ms/op
                 gc.alloc.rate:      711.310 MB/sec
                 gc.alloc.rate.norm: 17254767.636 B/op
                 gc.count:           2.000 counts
                 gc.time:            3.000 ms

Iteration   3: 23.382 ms/op
                 gc.alloc.rate:      703.608 MB/sec
                 gc.alloc.rate.norm: 17254808.372 B/op
                 gc.count:           2.000 counts
                 gc.time:            4.000 ms

Iteration   4: 23.270 ms/op
                 gc.alloc.rate:      706.976 MB/sec
                 gc.alloc.rate.norm: 17254704.744 B/op
                 gc.count:           3.000 counts
                 gc.time:            5.000 ms

Iteration   5: 23.233 ms/op
                 gc.alloc.rate:      708.060 MB/sec
                 gc.alloc.rate.norm: 17254746.545 B/op
                 gc.count:           2.000 counts
                 gc.time:            2.000 ms



Result "research.skew.AggregationBenchmark.parallelConcurrent":
  22.509 ±(99.9%) 1.110 ms/op [Average]
  (min, avg, max) = (21.051, 22.509, 23.953), stdev = 1.038
  CI (99.9%): [21.399, 23.618] (assumes normal distribution)

Secondary result "research.skew.AggregationBenchmark.parallelConcurrent:gc.alloc.rate":
  732.348 ±(99.9%) 36.700 MB/sec [Average]
  (min, avg, max) = (686.504, 732.348, 781.295), stdev = 34.329
  CI (99.9%): [695.648, 769.047] (assumes normal distribution)

Secondary result "research.skew.AggregationBenchmark.parallelConcurrent:gc.alloc.rate.norm":
  17256006.925 ±(99.9%) 3430.001 B/op [Average]
  (min, avg, max) = (17254704.744, 17256006.925, 17265293.739), stdev = 3208.425
  CI (99.9%): [17252576.925, 17259436.926] (assumes normal distribution)

Secondary result "research.skew.AggregationBenchmark.parallelConcurrent:gc.count":
  36.000 ±(99.9%) 0.001 counts [Sum]
  (min, avg, max) = (2.000, 2.400, 3.000), stdev = 0.507
  CI (99.9%): [36.000, 36.000] (assumes normal distribution)

Secondary result "research.skew.AggregationBenchmark.parallelConcurrent:gc.time":
  92.000 ±(99.9%) 0.001 ms [Sum]
  (min, avg, max) = (2.000, 6.133, 29.000), stdev = 6.988
  CI (99.9%): [92.000, 92.000] (assumes normal distribution)


# JMH version: 1.37
# VM version: JDK 25.0.4.1, OpenJDK 64-Bit Server VM, 25.0.4.1+1-LTS
# VM invoker: /home/test/jdk/jdk-25.0.4.1+1/bin/java
# VM options: -Xms512m -Xmx512m -Djava.util.concurrent.ForkJoinPool.common.parallelism=3
# Blackhole mode: compiler (auto-detected, use -Djmh.blackhole.autoDetect=false to disable)
# Warmup: 5 iterations, 1 s each
# Measurement: 5 iterations, 1 s each
# Timeout: 10 min per iteration
# Threads: 1 thread, will synchronize iterations
# Benchmark mode: Average time, time/op
# Benchmark: research.skew.AggregationBenchmark.parallelConcurrent
# Parameters: (cardinality = 16384, distribution = hot50, seed = 20260929, size = 1000000)

# Run progress: 2.78% complete, ETA 00:18:56
# Fork: 1 of 3
WARNING: A terminally deprecated method in sun.misc.Unsafe has been called
WARNING: sun.misc.Unsafe::objectFieldOffset has been called by org.openjdk.jmh.util.Utils (file:/home/test/Workspaces/JavaWorkspace/JavaStream_KeySkew/.deps/jmh-core-1.37.jar)
WARNING: Please consider reporting this to the maintainers of class org.openjdk.jmh.util.Utils
WARNING: sun.misc.Unsafe::objectFieldOffset will be removed in a future release
# Warmup Iteration   1: Input: n=1000000, keys=16384, observedHotFraction=0.500000, poolParallelism=3, availableProcessors=4
80.478 ms/op
# Warmup Iteration   2: 79.617 ms/op
# Warmup Iteration   3: 80.283 ms/op
# Warmup Iteration   4: 82.178 ms/op
# Warmup Iteration   5: 82.776 ms/op
Iteration   1: 82.249 ms/op
                 gc.alloc.rate:      200.013 MB/sec
                 gc.alloc.rate.norm: 17254696.000 B/op
                 gc.count:           ≈ 0 counts

Iteration   2: 81.237 ms/op
                 gc.alloc.rate:      202.224 MB/sec
                 gc.alloc.rate.norm: 17254524.923 B/op
                 gc.count:           1.000 counts
                 gc.time:            8.000 ms

Iteration   3: 81.837 ms/op
                 gc.alloc.rate:      201.023 MB/sec
                 gc.alloc.rate.norm: 17254768.000 B/op
                 gc.count:           1.000 counts
                 gc.time:            8.000 ms

Iteration   4: 81.465 ms/op
                 gc.alloc.rate:      201.942 MB/sec
                 gc.alloc.rate.norm: 17254802.462 B/op
                 gc.count:           ≈ 0 counts

Iteration   5: 81.307 ms/op
                 gc.alloc.rate:      202.328 MB/sec
                 gc.alloc.rate.norm: 17254660.308 B/op
                 gc.count:           1.000 counts
                 gc.time:            8.000 ms


# Run progress: 3.70% complete, ETA 00:18:58
# Fork: 2 of 3
WARNING: A terminally deprecated method in sun.misc.Unsafe has been called
WARNING: sun.misc.Unsafe::objectFieldOffset has been called by org.openjdk.jmh.util.Utils (file:/home/test/Workspaces/JavaWorkspace/JavaStream_KeySkew/.deps/jmh-core-1.37.jar)
WARNING: Please consider reporting this to the maintainers of class org.openjdk.jmh.util.Utils
WARNING: sun.misc.Unsafe::objectFieldOffset will be removed in a future release
# Warmup Iteration   1: Input: n=1000000, keys=16384, observedHotFraction=0.500000, poolParallelism=3, availableProcessors=4
77.924 ms/op
# Warmup Iteration   2: 79.859 ms/op
# Warmup Iteration   3: 82.064 ms/op
# Warmup Iteration   4: 81.801 ms/op
# Warmup Iteration   5: 82.180 ms/op
Iteration   1: 80.998 ms/op
                 gc.alloc.rate:      203.101 MB/sec
                 gc.alloc.rate.norm: 17254692.308 B/op
                 gc.count:           ≈ 0 counts

Iteration   2: 81.820 ms/op
                 gc.alloc.rate:      201.069 MB/sec
                 gc.alloc.rate.norm: 17255003.077 B/op
                 gc.count:           1.000 counts
                 gc.time:            8.000 ms

Iteration   3: 81.367 ms/op
                 gc.alloc.rate:      202.198 MB/sec
                 gc.alloc.rate.norm: 17254802.462 B/op
                 gc.count:           1.000 counts
                 gc.time:            8.000 ms

Iteration   4: 81.282 ms/op
                 gc.alloc.rate:      202.388 MB/sec
                 gc.alloc.rate.norm: 17254638.769 B/op
                 gc.count:           ≈ 0 counts

Iteration   5: 82.197 ms/op
                 gc.alloc.rate:      200.134 MB/sec
                 gc.alloc.rate.norm: 17254489.846 B/op
                 gc.count:           1.000 counts
                 gc.time:            8.000 ms


# Run progress: 4.63% complete, ETA 00:18:54
# Fork: 3 of 3
WARNING: A terminally deprecated method in sun.misc.Unsafe has been called
WARNING: sun.misc.Unsafe::objectFieldOffset has been called by org.openjdk.jmh.util.Utils (file:/home/test/Workspaces/JavaWorkspace/JavaStream_KeySkew/.deps/jmh-core-1.37.jar)
WARNING: Please consider reporting this to the maintainers of class org.openjdk.jmh.util.Utils
WARNING: sun.misc.Unsafe::objectFieldOffset will be removed in a future release
# Warmup Iteration   1: Input: n=1000000, keys=16384, observedHotFraction=0.500000, poolParallelism=3, availableProcessors=4
81.568 ms/op
# Warmup Iteration   2: 81.324 ms/op
# Warmup Iteration   3: 79.822 ms/op
# Warmup Iteration   4: 81.133 ms/op
# Warmup Iteration   5: 82.275 ms/op
Iteration   1: 81.641 ms/op
                 gc.alloc.rate:      201.513 MB/sec
                 gc.alloc.rate.norm: 17254682.462 B/op
                 gc.count:           ≈ 0 counts

Iteration   2: 81.854 ms/op
                 gc.alloc.rate:      200.930 MB/sec
                 gc.alloc.rate.norm: 17254761.231 B/op
                 gc.count:           1.000 counts
                 gc.time:            11.000 ms

Iteration   3: 81.766 ms/op
                 gc.alloc.rate:      201.195 MB/sec
                 gc.alloc.rate.norm: 17254787.077 B/op
                 gc.count:           1.000 counts
                 gc.time:            8.000 ms

Iteration   4: 80.522 ms/op
                 gc.alloc.rate:      204.309 MB/sec
                 gc.alloc.rate.norm: 17254686.769 B/op
                 gc.count:           ≈ 0 counts

Iteration   5: 83.424 ms/op
                 gc.alloc.rate:      197.184 MB/sec
                 gc.alloc.rate.norm: 17254772.308 B/op
                 gc.count:           1.000 counts
                 gc.time:            8.000 ms



Result "research.skew.AggregationBenchmark.parallelConcurrent":
  81.664 ±(99.9%) 0.709 ms/op [Average]
  (min, avg, max) = (80.522, 81.664, 83.424), stdev = 0.663
  CI (99.9%): [80.955, 82.373] (assumes normal distribution)

Secondary result "research.skew.AggregationBenchmark.parallelConcurrent:gc.alloc.rate":
  201.437 ±(99.9%) 1.729 MB/sec [Average]
  (min, avg, max) = (197.184, 201.437, 204.309), stdev = 1.617
  CI (99.9%): [199.708, 203.165] (assumes normal distribution)

Secondary result "research.skew.AggregationBenchmark.parallelConcurrent:gc.alloc.rate.norm":
  17254717.867 ±(99.9%) 130.916 B/op [Average]
  (min, avg, max) = (17254489.846, 17254717.867, 17255003.077), stdev = 122.459
  CI (99.9%): [17254586.950, 17254848.783] (assumes normal distribution)

Secondary result "research.skew.AggregationBenchmark.parallelConcurrent:gc.count":
  9.000 ±(99.9%) 0.001 counts [Sum]
  (min, avg, max) = (≈ 0, 0.600, 1.000), stdev = 0.507
  CI (99.9%): [9.000, 9.000] (assumes normal distribution)

Secondary result "research.skew.AggregationBenchmark.parallelConcurrent:gc.time":
  75.000 ±(99.9%) 0.001 ms [Sum]
  (min, avg, max) = (≈ 0, 5.000, 11.000), stdev = 4.293
  CI (99.9%): [75.000, 75.000] (assumes normal distribution)


# JMH version: 1.37
# VM version: JDK 25.0.4.1, OpenJDK 64-Bit Server VM, 25.0.4.1+1-LTS
# VM invoker: /home/test/jdk/jdk-25.0.4.1+1/bin/java
# VM options: -Xms512m -Xmx512m -Djava.util.concurrent.ForkJoinPool.common.parallelism=3
# Blackhole mode: compiler (auto-detected, use -Djmh.blackhole.autoDetect=false to disable)
# Warmup: 5 iterations, 1 s each
# Measurement: 5 iterations, 1 s each
# Timeout: 10 min per iteration
# Threads: 1 thread, will synchronize iterations
# Benchmark mode: Average time, time/op
# Benchmark: research.skew.AggregationBenchmark.parallelConcurrent
# Parameters: (cardinality = 16384, distribution = hot90, seed = 20260929, size = 1000000)

# Run progress: 5.56% complete, ETA 00:18:48
# Fork: 1 of 3
WARNING: A terminally deprecated method in sun.misc.Unsafe has been called
WARNING: sun.misc.Unsafe::objectFieldOffset has been called by org.openjdk.jmh.util.Utils (file:/home/test/Workspaces/JavaWorkspace/JavaStream_KeySkew/.deps/jmh-core-1.37.jar)
WARNING: Please consider reporting this to the maintainers of class org.openjdk.jmh.util.Utils
WARNING: sun.misc.Unsafe::objectFieldOffset will be removed in a future release
# Warmup Iteration   1: Input: n=1000000, keys=16384, observedHotFraction=0.900000, poolParallelism=3, availableProcessors=4
108.239 ms/op
# Warmup Iteration   2: 117.076 ms/op
# Warmup Iteration   3: 114.967 ms/op
# Warmup Iteration   4: 119.070 ms/op
# Warmup Iteration   5: 115.406 ms/op
Iteration   1: 115.639 ms/op
                 gc.alloc.rate:      142.258 MB/sec
                 gc.alloc.rate.norm: 17254382.222 B/op
                 gc.count:           ≈ 0 counts

Iteration   2: 116.353 ms/op
                 gc.alloc.rate:      141.376 MB/sec
                 gc.alloc.rate.norm: 17254153.778 B/op
                 gc.count:           1.000 counts
                 gc.time:            8.000 ms

Iteration   3: 112.332 ms/op
                 gc.alloc.rate:      146.450 MB/sec
                 gc.alloc.rate.norm: 17254216.000 B/op
                 gc.count:           ≈ 0 counts

Iteration   4: 116.916 ms/op
                 gc.alloc.rate:      140.709 MB/sec
                 gc.alloc.rate.norm: 17254362.667 B/op
                 gc.count:           1.000 counts
                 gc.time:            8.000 ms

Iteration   5: 115.894 ms/op
                 gc.alloc.rate:      141.934 MB/sec
                 gc.alloc.rate.norm: 17254142.222 B/op
                 gc.count:           ≈ 0 counts


# Run progress: 6.48% complete, ETA 00:18:39
# Fork: 2 of 3
WARNING: A terminally deprecated method in sun.misc.Unsafe has been called
WARNING: sun.misc.Unsafe::objectFieldOffset has been called by org.openjdk.jmh.util.Utils (file:/home/test/Workspaces/JavaWorkspace/JavaStream_KeySkew/.deps/jmh-core-1.37.jar)
WARNING: Please consider reporting this to the maintainers of class org.openjdk.jmh.util.Utils
WARNING: sun.misc.Unsafe::objectFieldOffset will be removed in a future release
# Warmup Iteration   1: Input: n=1000000, keys=16384, observedHotFraction=0.900000, poolParallelism=3, availableProcessors=4
109.243 ms/op
# Warmup Iteration   2: 113.100 ms/op
# Warmup Iteration   3: 116.391 ms/op
# Warmup Iteration   4: 113.874 ms/op
# Warmup Iteration   5: 115.923 ms/op
Iteration   1: 117.901 ms/op
                 gc.alloc.rate:      139.530 MB/sec
                 gc.alloc.rate.norm: 17254176.000 B/op
                 gc.count:           ≈ 0 counts

Iteration   2: 116.909 ms/op
                 gc.alloc.rate:      140.602 MB/sec
                 gc.alloc.rate.norm: 17254182.222 B/op
                 gc.count:           1.000 counts
                 gc.time:            8.000 ms

Iteration   3: 116.548 ms/op
                 gc.alloc.rate:      141.148 MB/sec
                 gc.alloc.rate.norm: 17254286.222 B/op
                 gc.count:           ≈ 0 counts

Iteration   4: 117.746 ms/op
                 gc.alloc.rate:      139.714 MB/sec
                 gc.alloc.rate.norm: 17254125.333 B/op
                 gc.count:           1.000 counts
                 gc.time:            7.000 ms

Iteration   5: 116.514 ms/op
                 gc.alloc.rate:      141.184 MB/sec
                 gc.alloc.rate.norm: 17254239.111 B/op
                 gc.count:           ≈ 0 counts


# Run progress: 7.41% complete, ETA 00:18:30
# Fork: 3 of 3
WARNING: A terminally deprecated method in sun.misc.Unsafe has been called
WARNING: sun.misc.Unsafe::objectFieldOffset has been called by org.openjdk.jmh.util.Utils (file:/home/test/Workspaces/JavaWorkspace/JavaStream_KeySkew/.deps/jmh-core-1.37.jar)
WARNING: Please consider reporting this to the maintainers of class org.openjdk.jmh.util.Utils
WARNING: sun.misc.Unsafe::objectFieldOffset will be removed in a future release
# Warmup Iteration   1: Input: n=1000000, keys=16384, observedHotFraction=0.900000, poolParallelism=3, availableProcessors=4
114.430 ms/op
# Warmup Iteration   2: 112.241 ms/op
# Warmup Iteration   3: 116.508 ms/op
# Warmup Iteration   4: 114.797 ms/op
# Warmup Iteration   5: 108.197 ms/op
Iteration   1: 119.186 ms/op
                 gc.alloc.rate:      138.026 MB/sec
                 gc.alloc.rate.norm: 17254174.222 B/op
                 gc.count:           ≈ 0 counts

Iteration   2: 119.885 ms/op
                 gc.alloc.rate:      137.214 MB/sec
                 gc.alloc.rate.norm: 17254488.000 B/op
                 gc.count:           1.000 counts
                 gc.time:            7.000 ms

Iteration   3: 117.361 ms/op
                 gc.alloc.rate:      140.178 MB/sec
                 gc.alloc.rate.norm: 17254141.333 B/op
                 gc.count:           ≈ 0 counts

Iteration   4: 116.129 ms/op
                 gc.alloc.rate:      141.662 MB/sec
                 gc.alloc.rate.norm: 17254380.444 B/op
                 gc.count:           1.000 counts
                 gc.time:            9.000 ms

Iteration   5: 112.827 ms/op
                 gc.alloc.rate:      146.090 MB/sec
                 gc.alloc.rate.norm: 17290566.222 B/op
                 gc.count:           ≈ 0 counts



Result "research.skew.AggregationBenchmark.parallelConcurrent":
  116.543 ±(99.9%) 2.126 ms/op [Average]
  (min, avg, max) = (112.332, 116.543, 119.885), stdev = 1.989
  CI (99.9%): [114.416, 118.669] (assumes normal distribution)

Secondary result "research.skew.AggregationBenchmark.parallelConcurrent:gc.alloc.rate":
  141.205 ±(99.9%) 2.649 MB/sec [Average]
  (min, avg, max) = (137.214, 141.205, 146.450), stdev = 2.478
  CI (99.9%): [138.556, 143.854] (assumes normal distribution)

Secondary result "research.skew.AggregationBenchmark.parallelConcurrent:gc.alloc.rate.norm":
  17256667.733 ±(99.9%) 10026.060 B/op [Average]
  (min, avg, max) = (17254125.333, 17256667.733, 17290566.222), stdev = 9378.383
  CI (99.9%): [17246641.673, 17266693.794] (assumes normal distribution)

Secondary result "research.skew.AggregationBenchmark.parallelConcurrent:gc.count":
  6.000 ±(99.9%) 0.001 counts [Sum]
  (min, avg, max) = (≈ 0, 0.400, 1.000), stdev = 0.507
  CI (99.9%): [6.000, 6.000] (assumes normal distribution)

Secondary result "research.skew.AggregationBenchmark.parallelConcurrent:gc.time":
  47.000 ±(99.9%) 0.001 ms [Sum]
  (min, avg, max) = (≈ 0, 3.133, 9.000), stdev = 3.998
  CI (99.9%): [47.000, 47.000] (assumes normal distribution)


# JMH version: 1.37
# VM version: JDK 25.0.4.1, OpenJDK 64-Bit Server VM, 25.0.4.1+1-LTS
# VM invoker: /home/test/jdk/jdk-25.0.4.1+1/bin/java
# VM options: -Xms512m -Xmx512m -Djava.util.concurrent.ForkJoinPool.common.parallelism=3
# Blackhole mode: compiler (auto-detected, use -Djmh.blackhole.autoDetect=false to disable)
# Warmup: 5 iterations, 1 s each
# Measurement: 5 iterations, 1 s each
# Timeout: 10 min per iteration
# Threads: 1 thread, will synchronize iterations
# Benchmark mode: Average time, time/op
# Benchmark: research.skew.AggregationBenchmark.parallelConcurrent
# Parameters: (cardinality = 32768, distribution = uniform, seed = 20260929, size = 1000000)

# Run progress: 8.33% complete, ETA 00:18:19
# Fork: 1 of 3
WARNING: A terminally deprecated method in sun.misc.Unsafe has been called
WARNING: sun.misc.Unsafe::objectFieldOffset has been called by org.openjdk.jmh.util.Utils (file:/home/test/Workspaces/JavaWorkspace/JavaStream_KeySkew/.deps/jmh-core-1.37.jar)
WARNING: Please consider reporting this to the maintainers of class org.openjdk.jmh.util.Utils
WARNING: sun.misc.Unsafe::objectFieldOffset will be removed in a future release
# Warmup Iteration   1: Input: n=1000000, keys=32768, observedHotFraction=0.000031, poolParallelism=3, availableProcessors=4
32.291 ms/op
# Warmup Iteration   2: 26.153 ms/op
# Warmup Iteration   3: 26.329 ms/op
# Warmup Iteration   4: 26.577 ms/op
# Warmup Iteration   5: 26.271 ms/op
Iteration   1: 26.418 ms/op
                 gc.alloc.rate:      667.900 MB/sec
                 gc.alloc.rate.norm: 18506930.947 B/op
                 gc.count:           2.000 counts
                 gc.time:            19.000 ms

Iteration   2: 26.413 ms/op
                 gc.alloc.rate:      667.979 MB/sec
                 gc.alloc.rate.norm: 18506871.368 B/op
                 gc.count:           2.000 counts
                 gc.time:            15.000 ms

Iteration   3: 25.767 ms/op
                 gc.alloc.rate:      684.792 MB/sec
                 gc.alloc.rate.norm: 18507008.410 B/op
                 gc.count:           3.000 counts
                 gc.time:            5.000 ms

Iteration   4: 26.333 ms/op
                 gc.alloc.rate:      670.082 MB/sec
                 gc.alloc.rate.norm: 18506904.000 B/op
                 gc.count:           2.000 counts
                 gc.time:            4.000 ms

Iteration   5: 25.774 ms/op
                 gc.alloc.rate:      684.541 MB/sec
                 gc.alloc.rate.norm: 18506619.692 B/op
                 gc.count:           2.000 counts
                 gc.time:            4.000 ms


# Run progress: 9.26% complete, ETA 00:18:06
# Fork: 2 of 3
WARNING: A terminally deprecated method in sun.misc.Unsafe has been called
WARNING: sun.misc.Unsafe::objectFieldOffset has been called by org.openjdk.jmh.util.Utils (file:/home/test/Workspaces/JavaWorkspace/JavaStream_KeySkew/.deps/jmh-core-1.37.jar)
WARNING: Please consider reporting this to the maintainers of class org.openjdk.jmh.util.Utils
WARNING: sun.misc.Unsafe::objectFieldOffset will be removed in a future release
# Warmup Iteration   1: Input: n=1000000, keys=32768, observedHotFraction=0.000031, poolParallelism=3, availableProcessors=4
29.690 ms/op
# Warmup Iteration   2: 26.025 ms/op
# Warmup Iteration   3: 26.607 ms/op
# Warmup Iteration   4: 25.987 ms/op
# Warmup Iteration   5: 26.134 ms/op
Iteration   1: 25.883 ms/op
                 gc.alloc.rate:      681.688 MB/sec
                 gc.alloc.rate.norm: 18507110.359 B/op
                 gc.count:           2.000 counts
                 gc.time:            18.000 ms

Iteration   2: 25.899 ms/op
                 gc.alloc.rate:      681.261 MB/sec
                 gc.alloc.rate.norm: 18506960.410 B/op
                 gc.count:           3.000 counts
                 gc.time:            13.000 ms

Iteration   3: 25.366 ms/op
                 gc.alloc.rate:      695.226 MB/sec
                 gc.alloc.rate.norm: 18506931.400 B/op
                 gc.count:           2.000 counts
                 gc.time:            4.000 ms

Iteration   4: 25.845 ms/op
                 gc.alloc.rate:      682.715 MB/sec
                 gc.alloc.rate.norm: 18506844.923 B/op
                 gc.count:           2.000 counts
                 gc.time:            4.000 ms

Iteration   5: 25.600 ms/op
                 gc.alloc.rate:      689.165 MB/sec
                 gc.alloc.rate.norm: 18506848.200 B/op
                 gc.count:           3.000 counts
                 gc.time:            5.000 ms


# Run progress: 10.19% complete, ETA 00:17:53
# Fork: 3 of 3
WARNING: A terminally deprecated method in sun.misc.Unsafe has been called
WARNING: sun.misc.Unsafe::objectFieldOffset has been called by org.openjdk.jmh.util.Utils (file:/home/test/Workspaces/JavaWorkspace/JavaStream_KeySkew/.deps/jmh-core-1.37.jar)
WARNING: Please consider reporting this to the maintainers of class org.openjdk.jmh.util.Utils
WARNING: sun.misc.Unsafe::objectFieldOffset will be removed in a future release
# Warmup Iteration   1: Input: n=1000000, keys=32768, observedHotFraction=0.000031, poolParallelism=3, availableProcessors=4
30.991 ms/op
# Warmup Iteration   2: 26.645 ms/op
# Warmup Iteration   3: 26.606 ms/op
# Warmup Iteration   4: 26.749 ms/op
# Warmup Iteration   5: 26.662 ms/op
Iteration   1: 26.531 ms/op
                 gc.alloc.rate:      665.044 MB/sec
                 gc.alloc.rate.norm: 18507001.474 B/op
                 gc.count:           2.000 counts
                 gc.time:            21.000 ms

Iteration   2: 26.498 ms/op
                 gc.alloc.rate:      665.748 MB/sec
                 gc.alloc.rate.norm: 18507006.316 B/op
                 gc.count:           2.000 counts
                 gc.time:            12.000 ms

Iteration   3: 25.995 ms/op
                 gc.alloc.rate:      678.592 MB/sec
                 gc.alloc.rate.norm: 18506957.744 B/op
                 gc.count:           2.000 counts
                 gc.time:            4.000 ms

Iteration   4: 26.755 ms/op
                 gc.alloc.rate:      659.494 MB/sec
                 gc.alloc.rate.norm: 18506795.368 B/op
                 gc.count:           3.000 counts
                 gc.time:            6.000 ms

Iteration   5: 26.273 ms/op
                 gc.alloc.rate:      671.548 MB/sec
                 gc.alloc.rate.norm: 18507545.641 B/op
                 gc.count:           2.000 counts
                 gc.time:            4.000 ms



Result "research.skew.AggregationBenchmark.parallelConcurrent":
  26.090 ±(99.9%) 0.426 ms/op [Average]
  (min, avg, max) = (25.366, 26.090, 26.755), stdev = 0.399
  CI (99.9%): [25.664, 26.516] (assumes normal distribution)

Secondary result "research.skew.AggregationBenchmark.parallelConcurrent:gc.alloc.rate":
  676.385 ±(99.9%) 11.011 MB/sec [Average]
  (min, avg, max) = (659.494, 676.385, 695.226), stdev = 10.300
  CI (99.9%): [665.374, 687.396] (assumes normal distribution)

Secondary result "research.skew.AggregationBenchmark.parallelConcurrent:gc.alloc.rate.norm":
  18506955.750 ±(99.9%) 212.440 B/op [Average]
  (min, avg, max) = (18506619.692, 18506955.750, 18507545.641), stdev = 198.716
  CI (99.9%): [18506743.310, 18507168.190] (assumes normal distribution)

Secondary result "research.skew.AggregationBenchmark.parallelConcurrent:gc.count":
  34.000 ±(99.9%) 0.001 counts [Sum]
  (min, avg, max) = (2.000, 2.267, 3.000), stdev = 0.458
  CI (99.9%): [34.000, 34.000] (assumes normal distribution)

Secondary result "research.skew.AggregationBenchmark.parallelConcurrent:gc.time":
  138.000 ±(99.9%) 0.001 ms [Sum]
  (min, avg, max) = (4.000, 9.200, 21.000), stdev = 6.416
  CI (99.9%): [138.000, 138.000] (assumes normal distribution)


# JMH version: 1.37
# VM version: JDK 25.0.4.1, OpenJDK 64-Bit Server VM, 25.0.4.1+1-LTS
# VM invoker: /home/test/jdk/jdk-25.0.4.1+1/bin/java
# VM options: -Xms512m -Xmx512m -Djava.util.concurrent.ForkJoinPool.common.parallelism=3
# Blackhole mode: compiler (auto-detected, use -Djmh.blackhole.autoDetect=false to disable)
# Warmup: 5 iterations, 1 s each
# Measurement: 5 iterations, 1 s each
# Timeout: 10 min per iteration
# Threads: 1 thread, will synchronize iterations
# Benchmark mode: Average time, time/op
# Benchmark: research.skew.AggregationBenchmark.parallelConcurrent
# Parameters: (cardinality = 32768, distribution = hot50, seed = 20260929, size = 1000000)

# Run progress: 11.11% complete, ETA 00:17:41
# Fork: 1 of 3
WARNING: A terminally deprecated method in sun.misc.Unsafe has been called
WARNING: sun.misc.Unsafe::objectFieldOffset has been called by org.openjdk.jmh.util.Utils (file:/home/test/Workspaces/JavaWorkspace/JavaStream_KeySkew/.deps/jmh-core-1.37.jar)
WARNING: Please consider reporting this to the maintainers of class org.openjdk.jmh.util.Utils
WARNING: sun.misc.Unsafe::objectFieldOffset will be removed in a future release
# Warmup Iteration   1: Input: n=1000000, keys=32768, observedHotFraction=0.500000, poolParallelism=3, availableProcessors=4
81.570 ms/op
# Warmup Iteration   2: 83.149 ms/op
# Warmup Iteration   3: 83.716 ms/op
# Warmup Iteration   4: 81.566 ms/op
# Warmup Iteration   5: 84.315 ms/op
Iteration   1: 81.657 ms/op
                 gc.alloc.rate:      216.061 MB/sec
                 gc.alloc.rate.norm: 18505681.846 B/op
                 gc.count:           ≈ 0 counts

Iteration   2: 82.971 ms/op
                 gc.alloc.rate:      212.655 MB/sec
                 gc.alloc.rate.norm: 18505740.923 B/op
                 gc.count:           1.000 counts
                 gc.time:            9.000 ms

Iteration   3: 84.371 ms/op
                 gc.alloc.rate:      209.108 MB/sec
                 gc.alloc.rate.norm: 18505891.333 B/op
                 gc.count:           1.000 counts
                 gc.time:            9.000 ms

Iteration   4: 82.509 ms/op
                 gc.alloc.rate:      213.834 MB/sec
                 gc.alloc.rate.norm: 18505678.769 B/op
                 gc.count:           1.000 counts
                 gc.time:            9.000 ms

Iteration   5: 81.594 ms/op
                 gc.alloc.rate:      216.235 MB/sec
                 gc.alloc.rate.norm: 18505699.077 B/op
                 gc.count:           ≈ 0 counts


# Run progress: 12.04% complete, ETA 00:17:32
# Fork: 2 of 3
WARNING: A terminally deprecated method in sun.misc.Unsafe has been called
WARNING: sun.misc.Unsafe::objectFieldOffset has been called by org.openjdk.jmh.util.Utils (file:/home/test/Workspaces/JavaWorkspace/JavaStream_KeySkew/.deps/jmh-core-1.37.jar)
WARNING: Please consider reporting this to the maintainers of class org.openjdk.jmh.util.Utils
WARNING: sun.misc.Unsafe::objectFieldOffset will be removed in a future release
# Warmup Iteration   1: Input: n=1000000, keys=32768, observedHotFraction=0.500000, poolParallelism=3, availableProcessors=4
81.671 ms/op
# Warmup Iteration   2: 80.894 ms/op
# Warmup Iteration   3: 82.218 ms/op
# Warmup Iteration   4: 82.484 ms/op
# Warmup Iteration   5: 82.041 ms/op
Iteration   1: 81.742 ms/op
                 gc.alloc.rate:      215.837 MB/sec
                 gc.alloc.rate.norm: 18505775.385 B/op
                 gc.count:           ≈ 0 counts

Iteration   2: 81.982 ms/op
                 gc.alloc.rate:      215.204 MB/sec
                 gc.alloc.rate.norm: 18505846.154 B/op
                 gc.count:           1.000 counts
                 gc.time:            9.000 ms

Iteration   3: 82.274 ms/op
                 gc.alloc.rate:      214.456 MB/sec
                 gc.alloc.rate.norm: 18505728.000 B/op
                 gc.count:           1.000 counts
                 gc.time:            11.000 ms

Iteration   4: 82.479 ms/op
                 gc.alloc.rate:      213.914 MB/sec
                 gc.alloc.rate.norm: 18505431.385 B/op
                 gc.count:           1.000 counts
                 gc.time:            10.000 ms

Iteration   5: 82.514 ms/op
                 gc.alloc.rate:      213.817 MB/sec
                 gc.alloc.rate.norm: 18505860.923 B/op
                 gc.count:           1.000 counts
                 gc.time:            12.000 ms


# Run progress: 12.96% complete, ETA 00:17:23
# Fork: 3 of 3
WARNING: A terminally deprecated method in sun.misc.Unsafe has been called
WARNING: sun.misc.Unsafe::objectFieldOffset has been called by org.openjdk.jmh.util.Utils (file:/home/test/Workspaces/JavaWorkspace/JavaStream_KeySkew/.deps/jmh-core-1.37.jar)
WARNING: Please consider reporting this to the maintainers of class org.openjdk.jmh.util.Utils
WARNING: sun.misc.Unsafe::objectFieldOffset will be removed in a future release
# Warmup Iteration   1: Input: n=1000000, keys=32768, observedHotFraction=0.500000, poolParallelism=3, availableProcessors=4
85.097 ms/op
# Warmup Iteration   2: 80.476 ms/op
# Warmup Iteration   3: 83.942 ms/op
# Warmup Iteration   4: 81.056 ms/op
# Warmup Iteration   5: 83.428 ms/op
Iteration   1: 82.462 ms/op
                 gc.alloc.rate:      213.954 MB/sec
                 gc.alloc.rate.norm: 18505662.769 B/op
                 gc.count:           ≈ 0 counts

Iteration   2: 84.176 ms/op
                 gc.alloc.rate:      209.584 MB/sec
                 gc.alloc.rate.norm: 18506040.000 B/op
                 gc.count:           1.000 counts
                 gc.time:            9.000 ms

Iteration   3: 82.110 ms/op
                 gc.alloc.rate:      214.951 MB/sec
                 gc.alloc.rate.norm: 18511875.692 B/op
                 gc.count:           1.000 counts
                 gc.time:            9.000 ms

Iteration   4: 83.149 ms/op
                 gc.alloc.rate:      212.190 MB/sec
                 gc.alloc.rate.norm: 18505584.615 B/op
                 gc.count:           1.000 counts
                 gc.time:            10.000 ms

Iteration   5: 82.625 ms/op
                 gc.alloc.rate:      213.536 MB/sec
                 gc.alloc.rate.norm: 18505772.308 B/op
                 gc.count:           ≈ 0 counts



Result "research.skew.AggregationBenchmark.parallelConcurrent":
  82.574 ±(99.9%) 0.879 ms/op [Average]
  (min, avg, max) = (81.594, 82.574, 84.371), stdev = 0.822
  CI (99.9%): [81.695, 83.453] (assumes normal distribution)

Secondary result "research.skew.AggregationBenchmark.parallelConcurrent:gc.alloc.rate":
  213.689 ±(99.9%) 2.259 MB/sec [Average]
  (min, avg, max) = (209.108, 213.689, 216.235), stdev = 2.113
  CI (99.9%): [211.430, 215.948] (assumes normal distribution)

Secondary result "research.skew.AggregationBenchmark.parallelConcurrent:gc.alloc.rate.norm":
  18506151.279 ±(99.9%) 1699.601 B/op [Average]
  (min, avg, max) = (18505431.385, 18506151.279, 18511875.692), stdev = 1589.808
  CI (99.9%): [18504451.677, 18507850.880] (assumes normal distribution)

Secondary result "research.skew.AggregationBenchmark.parallelConcurrent:gc.count":
  10.000 ±(99.9%) 0.001 counts [Sum]
  (min, avg, max) = (≈ 0, 0.667, 1.000), stdev = 0.488
  CI (99.9%): [10.000, 10.000] (assumes normal distribution)

Secondary result "research.skew.AggregationBenchmark.parallelConcurrent:gc.time":
  97.000 ±(99.9%) 0.001 ms [Sum]
  (min, avg, max) = (≈ 0, 6.467, 12.000), stdev = 4.809
  CI (99.9%): [97.000, 97.000] (assumes normal distribution)


# JMH version: 1.37
# VM version: JDK 25.0.4.1, OpenJDK 64-Bit Server VM, 25.0.4.1+1-LTS
# VM invoker: /home/test/jdk/jdk-25.0.4.1+1/bin/java
# VM options: -Xms512m -Xmx512m -Djava.util.concurrent.ForkJoinPool.common.parallelism=3
# Blackhole mode: compiler (auto-detected, use -Djmh.blackhole.autoDetect=false to disable)
# Warmup: 5 iterations, 1 s each
# Measurement: 5 iterations, 1 s each
# Timeout: 10 min per iteration
# Threads: 1 thread, will synchronize iterations
# Benchmark mode: Average time, time/op
# Benchmark: research.skew.AggregationBenchmark.parallelConcurrent
# Parameters: (cardinality = 32768, distribution = hot90, seed = 20260929, size = 1000000)

# Run progress: 13.89% complete, ETA 00:17:12
# Fork: 1 of 3
WARNING: A terminally deprecated method in sun.misc.Unsafe has been called
WARNING: sun.misc.Unsafe::objectFieldOffset has been called by org.openjdk.jmh.util.Utils (file:/home/test/Workspaces/JavaWorkspace/JavaStream_KeySkew/.deps/jmh-core-1.37.jar)
WARNING: Please consider reporting this to the maintainers of class org.openjdk.jmh.util.Utils
WARNING: sun.misc.Unsafe::objectFieldOffset will be removed in a future release
# Warmup Iteration   1: Input: n=1000000, keys=32768, observedHotFraction=0.900000, poolParallelism=3, availableProcessors=4
113.627 ms/op
# Warmup Iteration   2: 119.642 ms/op
# Warmup Iteration   3: 121.902 ms/op
# Warmup Iteration   4: 119.888 ms/op
# Warmup Iteration   5: 118.193 ms/op
Iteration   1: 115.356 ms/op
                 gc.alloc.rate:      152.949 MB/sec
                 gc.alloc.rate.norm: 18505072.889 B/op
                 gc.count:           ≈ 0 counts

Iteration   2: 120.012 ms/op
                 gc.alloc.rate:      147.016 MB/sec
                 gc.alloc.rate.norm: 18505078.222 B/op
                 gc.count:           1.000 counts
                 gc.time:            9.000 ms

Iteration   3: 113.831 ms/op
                 gc.alloc.rate:      154.999 MB/sec
                 gc.alloc.rate.norm: 18505591.111 B/op
                 gc.count:           ≈ 0 counts

Iteration   4: 118.015 ms/op
                 gc.alloc.rate:      149.300 MB/sec
                 gc.alloc.rate.norm: 18505113.778 B/op
                 gc.count:           1.000 counts
                 gc.time:            9.000 ms

Iteration   5: 119.385 ms/op
                 gc.alloc.rate:      147.785 MB/sec
                 gc.alloc.rate.norm: 18504905.778 B/op
                 gc.count:           ≈ 0 counts


# Run progress: 14.81% complete, ETA 00:17:03
# Fork: 2 of 3
WARNING: A terminally deprecated method in sun.misc.Unsafe has been called
WARNING: sun.misc.Unsafe::objectFieldOffset has been called by org.openjdk.jmh.util.Utils (file:/home/test/Workspaces/JavaWorkspace/JavaStream_KeySkew/.deps/jmh-core-1.37.jar)
WARNING: Please consider reporting this to the maintainers of class org.openjdk.jmh.util.Utils
WARNING: sun.misc.Unsafe::objectFieldOffset will be removed in a future release
# Warmup Iteration   1: Input: n=1000000, keys=32768, observedHotFraction=0.900000, poolParallelism=3, availableProcessors=4
111.697 ms/op
# Warmup Iteration   2: 115.299 ms/op
# Warmup Iteration   3: 120.235 ms/op
# Warmup Iteration   4: 115.246 ms/op
# Warmup Iteration   5: 116.740 ms/op
Iteration   1: 112.613 ms/op
                 gc.alloc.rate:      156.670 MB/sec
                 gc.alloc.rate.norm: 18505220.444 B/op
                 gc.count:           ≈ 0 counts

Iteration   2: 120.380 ms/op
                 gc.alloc.rate:      146.555 MB/sec
                 gc.alloc.rate.norm: 18505301.333 B/op
                 gc.count:           1.000 counts
                 gc.time:            9.000 ms

Iteration   3: 112.617 ms/op
                 gc.alloc.rate:      156.655 MB/sec
                 gc.alloc.rate.norm: 18505042.667 B/op
                 gc.count:           ≈ 0 counts

Iteration   4: 115.784 ms/op
                 gc.alloc.rate:      152.380 MB/sec
                 gc.alloc.rate.norm: 18505292.444 B/op
                 gc.count:           1.000 counts
                 gc.time:            8.000 ms

Iteration   5: 115.518 ms/op
                 gc.alloc.rate:      152.736 MB/sec
                 gc.alloc.rate.norm: 18505224.889 B/op
                 gc.count:           ≈ 0 counts


# Run progress: 15.74% complete, ETA 00:16:52
# Fork: 3 of 3
WARNING: A terminally deprecated method in sun.misc.Unsafe has been called
WARNING: sun.misc.Unsafe::objectFieldOffset has been called by org.openjdk.jmh.util.Utils (file:/home/test/Workspaces/JavaWorkspace/JavaStream_KeySkew/.deps/jmh-core-1.37.jar)
WARNING: Please consider reporting this to the maintainers of class org.openjdk.jmh.util.Utils
WARNING: sun.misc.Unsafe::objectFieldOffset will be removed in a future release
# Warmup Iteration   1: Input: n=1000000, keys=32768, observedHotFraction=0.900000, poolParallelism=3, availableProcessors=4
110.848 ms/op
# Warmup Iteration   2: 118.980 ms/op
# Warmup Iteration   3: 115.801 ms/op
# Warmup Iteration   4: 120.041 ms/op
# Warmup Iteration   5: 117.910 ms/op
Iteration   1: 118.795 ms/op
                 gc.alloc.rate:      148.522 MB/sec
                 gc.alloc.rate.norm: 18504960.000 B/op
                 gc.count:           ≈ 0 counts

Iteration   2: 119.036 ms/op
                 gc.alloc.rate:      148.217 MB/sec
                 gc.alloc.rate.norm: 18505126.222 B/op
                 gc.count:           1.000 counts
                 gc.time:            11.000 ms

Iteration   3: 119.356 ms/op
                 gc.alloc.rate:      147.822 MB/sec
                 gc.alloc.rate.norm: 18505401.778 B/op
                 gc.count:           ≈ 0 counts

Iteration   4: 116.191 ms/op
                 gc.alloc.rate:      151.848 MB/sec
                 gc.alloc.rate.norm: 18505088.889 B/op
                 gc.count:           1.000 counts
                 gc.time:            9.000 ms

Iteration   5: 122.079 ms/op
                 gc.alloc.rate:      144.438 MB/sec
                 gc.alloc.rate.norm: 18505441.778 B/op
                 gc.count:           ≈ 0 counts



Result "research.skew.AggregationBenchmark.parallelConcurrent":
  117.264 ±(99.9%) 3.135 ms/op [Average]
  (min, avg, max) = (112.613, 117.264, 122.079), stdev = 2.933
  CI (99.9%): [114.129, 120.400] (assumes normal distribution)

Secondary result "research.skew.AggregationBenchmark.parallelConcurrent:gc.alloc.rate":
  150.526 ±(99.9%) 4.062 MB/sec [Average]
  (min, avg, max) = (144.438, 150.526, 156.670), stdev = 3.799
  CI (99.9%): [146.465, 154.588] (assumes normal distribution)

Secondary result "research.skew.AggregationBenchmark.parallelConcurrent:gc.alloc.rate.norm":
  18505190.815 ±(99.9%) 201.194 B/op [Average]
  (min, avg, max) = (18504905.778, 18505190.815, 18505591.111), stdev = 188.197
  CI (99.9%): [18504989.620, 18505392.009] (assumes normal distribution)

Secondary result "research.skew.AggregationBenchmark.parallelConcurrent:gc.count":
  6.000 ±(99.9%) 0.001 counts [Sum]
  (min, avg, max) = (≈ 0, 0.400, 1.000), stdev = 0.507
  CI (99.9%): [6.000, 6.000] (assumes normal distribution)

Secondary result "research.skew.AggregationBenchmark.parallelConcurrent:gc.time":
  55.000 ±(99.9%) 0.001 ms [Sum]
  (min, avg, max) = (≈ 0, 3.667, 11.000), stdev = 4.685
  CI (99.9%): [55.000, 55.000] (assumes normal distribution)


# JMH version: 1.37
# VM version: JDK 25.0.4.1, OpenJDK 64-Bit Server VM, 25.0.4.1+1-LTS
# VM invoker: /home/test/jdk/jdk-25.0.4.1+1/bin/java
# VM options: -Xms512m -Xmx512m -Djava.util.concurrent.ForkJoinPool.common.parallelism=3
# Blackhole mode: compiler (auto-detected, use -Djmh.blackhole.autoDetect=false to disable)
# Warmup: 5 iterations, 1 s each
# Measurement: 5 iterations, 1 s each
# Timeout: 10 min per iteration
# Threads: 1 thread, will synchronize iterations
# Benchmark mode: Average time, time/op
# Benchmark: research.skew.AggregationBenchmark.parallelConcurrent
# Parameters: (cardinality = 65536, distribution = uniform, seed = 20260929, size = 1000000)

# Run progress: 16.67% complete, ETA 00:16:43
# Fork: 1 of 3
WARNING: A terminally deprecated method in sun.misc.Unsafe has been called
WARNING: sun.misc.Unsafe::objectFieldOffset has been called by org.openjdk.jmh.util.Utils (file:/home/test/Workspaces/JavaWorkspace/JavaStream_KeySkew/.deps/jmh-core-1.37.jar)
WARNING: Please consider reporting this to the maintainers of class org.openjdk.jmh.util.Utils
WARNING: sun.misc.Unsafe::objectFieldOffset will be removed in a future release
# Warmup Iteration   1: Input: n=1000000, keys=65536, observedHotFraction=0.000016, poolParallelism=3, availableProcessors=4
44.844 ms/op
# Warmup Iteration   2: 37.460 ms/op
# Warmup Iteration   3: 37.343 ms/op
# Warmup Iteration   4: 37.641 ms/op
# Warmup Iteration   5: 37.385 ms/op
Iteration   1: 37.646 ms/op
                 gc.alloc.rate:      532.016 MB/sec
                 gc.alloc.rate.norm: 21007149.037 B/op
                 gc.count:           2.000 counts
                 gc.time:            16.000 ms

Iteration   2: 37.818 ms/op
                 gc.alloc.rate:      529.585 MB/sec
                 gc.alloc.rate.norm: 21007427.852 B/op
                 gc.count:           2.000 counts
                 gc.time:            15.000 ms

Iteration   3: 37.408 ms/op
                 gc.alloc.rate:      535.410 MB/sec
                 gc.alloc.rate.norm: 21007238.519 B/op
                 gc.count:           2.000 counts
                 gc.time:            16.000 ms

Iteration   4: 37.080 ms/op
                 gc.alloc.rate:      540.158 MB/sec
                 gc.alloc.rate.norm: 21007035.259 B/op
                 gc.count:           1.000 counts
                 gc.time:            5.000 ms

Iteration   5: 37.147 ms/op
                 gc.alloc.rate:      539.163 MB/sec
                 gc.alloc.rate.norm: 21007094.519 B/op
                 gc.count:           2.000 counts
                 gc.time:            5.000 ms


# Run progress: 17.59% complete, ETA 00:16:31
# Fork: 2 of 3
WARNING: A terminally deprecated method in sun.misc.Unsafe has been called
WARNING: sun.misc.Unsafe::objectFieldOffset has been called by org.openjdk.jmh.util.Utils (file:/home/test/Workspaces/JavaWorkspace/JavaStream_KeySkew/.deps/jmh-core-1.37.jar)
WARNING: Please consider reporting this to the maintainers of class org.openjdk.jmh.util.Utils
WARNING: sun.misc.Unsafe::objectFieldOffset will be removed in a future release
# Warmup Iteration   1: Input: n=1000000, keys=65536, observedHotFraction=0.000016, poolParallelism=3, availableProcessors=4
44.949 ms/op
# Warmup Iteration   2: 36.191 ms/op
# Warmup Iteration   3: 36.334 ms/op
# Warmup Iteration   4: 36.642 ms/op
# Warmup Iteration   5: 36.493 ms/op
Iteration   1: 36.090 ms/op
                 gc.alloc.rate:      554.992 MB/sec
                 gc.alloc.rate.norm: 21007208.857 B/op
                 gc.count:           2.000 counts
                 gc.time:            6.000 ms

Iteration   2: 36.514 ms/op
                 gc.alloc.rate:      548.500 MB/sec
                 gc.alloc.rate.norm: 21007578.286 B/op
                 gc.count:           2.000 counts
                 gc.time:            6.000 ms

Iteration   3: 36.423 ms/op
                 gc.alloc.rate:      549.921 MB/sec
                 gc.alloc.rate.norm: 21007844.571 B/op
                 gc.count:           2.000 counts
                 gc.time:            6.000 ms

Iteration   4: 36.137 ms/op
                 gc.alloc.rate:      553.518 MB/sec
                 gc.alloc.rate.norm: 21007315.429 B/op
                 gc.count:           2.000 counts
                 gc.time:            7.000 ms

Iteration   5: 36.462 ms/op
                 gc.alloc.rate:      549.292 MB/sec
                 gc.alloc.rate.norm: 21007360.000 B/op
                 gc.count:           1.000 counts
                 gc.time:            1.000 ms


# Run progress: 18.52% complete, ETA 00:16:20
# Fork: 3 of 3
WARNING: A terminally deprecated method in sun.misc.Unsafe has been called
WARNING: sun.misc.Unsafe::objectFieldOffset has been called by org.openjdk.jmh.util.Utils (file:/home/test/Workspaces/JavaWorkspace/JavaStream_KeySkew/.deps/jmh-core-1.37.jar)
WARNING: Please consider reporting this to the maintainers of class org.openjdk.jmh.util.Utils
WARNING: sun.misc.Unsafe::objectFieldOffset will be removed in a future release
# Warmup Iteration   1: Input: n=1000000, keys=65536, observedHotFraction=0.000016, poolParallelism=3, availableProcessors=4
44.723 ms/op
# Warmup Iteration   2: 37.434 ms/op
# Warmup Iteration   3: 36.886 ms/op
# Warmup Iteration   4: 36.911 ms/op
# Warmup Iteration   5: 36.977 ms/op
Iteration   1: 36.627 ms/op
                 gc.alloc.rate:      546.849 MB/sec
                 gc.alloc.rate.norm: 21007115.143 B/op
                 gc.count:           2.000 counts
                 gc.time:            6.000 ms

Iteration   2: 37.079 ms/op
                 gc.alloc.rate:      540.179 MB/sec
                 gc.alloc.rate.norm: 21007127.111 B/op
                 gc.count:           2.000 counts
                 gc.time:            6.000 ms

Iteration   3: 37.554 ms/op
                 gc.alloc.rate:      533.341 MB/sec
                 gc.alloc.rate.norm: 21007300.741 B/op
                 gc.count:           1.000 counts
                 gc.time:            3.000 ms

Iteration   4: 36.488 ms/op
                 gc.alloc.rate:      550.168 MB/sec
                 gc.alloc.rate.norm: 21054372.857 B/op
                 gc.count:           2.000 counts
                 gc.time:            7.000 ms

Iteration   5: 37.004 ms/op
                 gc.alloc.rate:      541.282 MB/sec
                 gc.alloc.rate.norm: 21007332.000 B/op
                 gc.count:           2.000 counts
                 gc.time:            6.000 ms



Result "research.skew.AggregationBenchmark.parallelConcurrent":
  36.898 ±(99.9%) 0.591 ms/op [Average]
  (min, avg, max) = (36.090, 36.898, 37.818), stdev = 0.552
  CI (99.9%): [36.308, 37.489] (assumes normal distribution)

Secondary result "research.skew.AggregationBenchmark.parallelConcurrent:gc.alloc.rate":
  542.958 ±(99.9%) 8.683 MB/sec [Average]
  (min, avg, max) = (529.585, 542.958, 554.992), stdev = 8.122
  CI (99.9%): [534.275, 551.642] (assumes normal distribution)

Secondary result "research.skew.AggregationBenchmark.parallelConcurrent:gc.alloc.rate.norm":
  21010433.345 ±(99.9%) 12996.870 B/op [Average]
  (min, avg, max) = (21007035.259, 21010433.345, 21054372.857), stdev = 12157.280
  CI (99.9%): [20997436.475, 21023430.216] (assumes normal distribution)

Secondary result "research.skew.AggregationBenchmark.parallelConcurrent:gc.count":
  27.000 ±(99.9%) 0.001 counts [Sum]
  (min, avg, max) = (1.000, 1.800, 2.000), stdev = 0.414
  CI (99.9%): [27.000, 27.000] (assumes normal distribution)

Secondary result "research.skew.AggregationBenchmark.parallelConcurrent:gc.time":
  111.000 ±(99.9%) 0.001 ms [Sum]
  (min, avg, max) = (1.000, 7.400, 16.000), stdev = 4.548
  CI (99.9%): [111.000, 111.000] (assumes normal distribution)


# JMH version: 1.37
# VM version: JDK 25.0.4.1, OpenJDK 64-Bit Server VM, 25.0.4.1+1-LTS
# VM invoker: /home/test/jdk/jdk-25.0.4.1+1/bin/java
# VM options: -Xms512m -Xmx512m -Djava.util.concurrent.ForkJoinPool.common.parallelism=3
# Blackhole mode: compiler (auto-detected, use -Djmh.blackhole.autoDetect=false to disable)
# Warmup: 5 iterations, 1 s each
# Measurement: 5 iterations, 1 s each
# Timeout: 10 min per iteration
# Threads: 1 thread, will synchronize iterations
# Benchmark mode: Average time, time/op
# Benchmark: research.skew.AggregationBenchmark.parallelConcurrent
# Parameters: (cardinality = 65536, distribution = hot50, seed = 20260929, size = 1000000)

# Run progress: 19.44% complete, ETA 00:16:09
# Fork: 1 of 3
WARNING: A terminally deprecated method in sun.misc.Unsafe has been called
WARNING: sun.misc.Unsafe::objectFieldOffset has been called by org.openjdk.jmh.util.Utils (file:/home/test/Workspaces/JavaWorkspace/JavaStream_KeySkew/.deps/jmh-core-1.37.jar)
WARNING: Please consider reporting this to the maintainers of class org.openjdk.jmh.util.Utils
WARNING: sun.misc.Unsafe::objectFieldOffset will be removed in a future release
# Warmup Iteration   1: Input: n=1000000, keys=65536, observedHotFraction=0.500000, poolParallelism=3, availableProcessors=4
86.769 ms/op
# Warmup Iteration   2: 88.884 ms/op
# Warmup Iteration   3: 86.586 ms/op
# Warmup Iteration   4: 85.643 ms/op
# Warmup Iteration   5: 87.705 ms/op
Iteration   1: 87.515 ms/op
                 gc.alloc.rate:      228.851 MB/sec
                 gc.alloc.rate.norm: 21007628.000 B/op
                 gc.count:           1.000 counts
                 gc.time:            12.000 ms

Iteration   2: 87.009 ms/op
                 gc.alloc.rate:      229.961 MB/sec
                 gc.alloc.rate.norm: 21007546.000 B/op
                 gc.count:           1.000 counts
                 gc.time:            7.000 ms

Iteration   3: 86.152 ms/op
                 gc.alloc.rate:      232.482 MB/sec
                 gc.alloc.rate.norm: 21007726.000 B/op
                 gc.count:           1.000 counts
                 gc.time:            8.000 ms

Iteration   4: 85.349 ms/op
                 gc.alloc.rate:      234.678 MB/sec
                 gc.alloc.rate.norm: 21007900.667 B/op
                 gc.count:           ≈ 0 counts

Iteration   5: 88.466 ms/op
                 gc.alloc.rate:      226.394 MB/sec
                 gc.alloc.rate.norm: 21008281.333 B/op
                 gc.count:           1.000 counts
                 gc.time:            9.000 ms


# Run progress: 20.37% complete, ETA 00:15:58
# Fork: 2 of 3
WARNING: A terminally deprecated method in sun.misc.Unsafe has been called
WARNING: sun.misc.Unsafe::objectFieldOffset has been called by org.openjdk.jmh.util.Utils (file:/home/test/Workspaces/JavaWorkspace/JavaStream_KeySkew/.deps/jmh-core-1.37.jar)
WARNING: Please consider reporting this to the maintainers of class org.openjdk.jmh.util.Utils
WARNING: sun.misc.Unsafe::objectFieldOffset will be removed in a future release
# Warmup Iteration   1: Input: n=1000000, keys=65536, observedHotFraction=0.500000, poolParallelism=3, availableProcessors=4
87.845 ms/op
# Warmup Iteration   2: 86.378 ms/op
# Warmup Iteration   3: 85.280 ms/op
# Warmup Iteration   4: 85.781 ms/op
# Warmup Iteration   5: 86.856 ms/op
Iteration   1: 86.336 ms/op
                 gc.alloc.rate:      231.979 MB/sec
                 gc.alloc.rate.norm: 21007664.000 B/op
                 gc.count:           1.000 counts
                 gc.time:            8.000 ms

Iteration   2: 86.865 ms/op
                 gc.alloc.rate:      230.571 MB/sec
                 gc.alloc.rate.norm: 21007670.000 B/op
                 gc.count:           1.000 counts
                 gc.time:            6.000 ms

Iteration   3: 85.936 ms/op
                 gc.alloc.rate:      233.087 MB/sec
                 gc.alloc.rate.norm: 21007822.667 B/op
                 gc.count:           1.000 counts
                 gc.time:            8.000 ms

Iteration   4: 87.037 ms/op
                 gc.alloc.rate:      230.126 MB/sec
                 gc.alloc.rate.norm: 21007719.333 B/op
                 gc.count:           ≈ 0 counts

Iteration   5: 86.979 ms/op
                 gc.alloc.rate:      230.271 MB/sec
                 gc.alloc.rate.norm: 21007643.333 B/op
                 gc.count:           1.000 counts
                 gc.time:            8.000 ms


# Run progress: 21.30% complete, ETA 00:15:48
# Fork: 3 of 3
WARNING: A terminally deprecated method in sun.misc.Unsafe has been called
WARNING: sun.misc.Unsafe::objectFieldOffset has been called by org.openjdk.jmh.util.Utils (file:/home/test/Workspaces/JavaWorkspace/JavaStream_KeySkew/.deps/jmh-core-1.37.jar)
WARNING: Please consider reporting this to the maintainers of class org.openjdk.jmh.util.Utils
WARNING: sun.misc.Unsafe::objectFieldOffset will be removed in a future release
# Warmup Iteration   1: Input: n=1000000, keys=65536, observedHotFraction=0.500000, poolParallelism=3, availableProcessors=4
86.830 ms/op
# Warmup Iteration   2: 84.561 ms/op
# Warmup Iteration   3: 86.673 ms/op
# Warmup Iteration   4: 85.536 ms/op
# Warmup Iteration   5: 87.575 ms/op
Iteration   1: 86.050 ms/op
                 gc.alloc.rate:      232.767 MB/sec
                 gc.alloc.rate.norm: 21008030.000 B/op
                 gc.count:           1.000 counts
                 gc.time:            6.000 ms

Iteration   2: 87.741 ms/op
                 gc.alloc.rate:      228.272 MB/sec
                 gc.alloc.rate.norm: 21007902.667 B/op
                 gc.count:           1.000 counts
                 gc.time:            6.000 ms

Iteration   3: 86.978 ms/op
                 gc.alloc.rate:      230.294 MB/sec
                 gc.alloc.rate.norm: 21007988.000 B/op
                 gc.count:           1.000 counts
                 gc.time:            5.000 ms

Iteration   4: 86.369 ms/op
                 gc.alloc.rate:      231.907 MB/sec
                 gc.alloc.rate.norm: 21007818.000 B/op
                 gc.count:           ≈ 0 counts

Iteration   5: 86.910 ms/op
                 gc.alloc.rate:      230.460 MB/sec
                 gc.alloc.rate.norm: 21008002.667 B/op
                 gc.count:           1.000 counts
                 gc.time:            6.000 ms



Result "research.skew.AggregationBenchmark.parallelConcurrent":
  86.779 ±(99.9%) 0.837 ms/op [Average]
  (min, avg, max) = (85.349, 86.779, 88.466), stdev = 0.783
  CI (99.9%): [85.942, 87.616] (assumes normal distribution)

Secondary result "research.skew.AggregationBenchmark.parallelConcurrent:gc.alloc.rate":
  230.807 ±(99.9%) 2.232 MB/sec [Average]
  (min, avg, max) = (226.394, 230.807, 234.678), stdev = 2.088
  CI (99.9%): [228.574, 233.039] (assumes normal distribution)

Secondary result "research.skew.AggregationBenchmark.parallelConcurrent:gc.alloc.rate.norm":
  21007822.844 ±(99.9%) 210.097 B/op [Average]
  (min, avg, max) = (21007546.000, 21007822.844, 21008281.333), stdev = 196.525
  CI (99.9%): [21007612.748, 21008032.941] (assumes normal distribution)

Secondary result "research.skew.AggregationBenchmark.parallelConcurrent:gc.count":
  12.000 ±(99.9%) 0.001 counts [Sum]
  (min, avg, max) = (≈ 0, 0.800, 1.000), stdev = 0.414
  CI (99.9%): [12.000, 12.000] (assumes normal distribution)

Secondary result "research.skew.AggregationBenchmark.parallelConcurrent:gc.time":
  89.000 ±(99.9%) 0.001 ms [Sum]
  (min, avg, max) = (≈ 0, 5.933, 12.000), stdev = 3.494
  CI (99.9%): [89.000, 89.000] (assumes normal distribution)


# JMH version: 1.37
# VM version: JDK 25.0.4.1, OpenJDK 64-Bit Server VM, 25.0.4.1+1-LTS
# VM invoker: /home/test/jdk/jdk-25.0.4.1+1/bin/java
# VM options: -Xms512m -Xmx512m -Djava.util.concurrent.ForkJoinPool.common.parallelism=3
# Blackhole mode: compiler (auto-detected, use -Djmh.blackhole.autoDetect=false to disable)
# Warmup: 5 iterations, 1 s each
# Measurement: 5 iterations, 1 s each
# Timeout: 10 min per iteration
# Threads: 1 thread, will synchronize iterations
# Benchmark mode: Average time, time/op
# Benchmark: research.skew.AggregationBenchmark.parallelConcurrent
# Parameters: (cardinality = 65536, distribution = hot90, seed = 20260929, size = 1000000)

# Run progress: 22.22% complete, ETA 00:15:37
# Fork: 1 of 3
WARNING: A terminally deprecated method in sun.misc.Unsafe has been called
WARNING: sun.misc.Unsafe::objectFieldOffset has been called by org.openjdk.jmh.util.Utils (file:/home/test/Workspaces/JavaWorkspace/JavaStream_KeySkew/.deps/jmh-core-1.37.jar)
WARNING: Please consider reporting this to the maintainers of class org.openjdk.jmh.util.Utils
WARNING: sun.misc.Unsafe::objectFieldOffset will be removed in a future release
# Warmup Iteration   1: Input: n=1000000, keys=65536, observedHotFraction=0.900000, poolParallelism=3, availableProcessors=4
144.451 ms/op
# Warmup Iteration   2: 144.639 ms/op
# Warmup Iteration   3: 138.447 ms/op
# Warmup Iteration   4: 156.015 ms/op
# Warmup Iteration   5: 131.177 ms/op
Iteration   1: 145.205 ms/op
                 gc.alloc.rate:      137.915 MB/sec
                 gc.alloc.rate.norm: 21004773.714 B/op
                 gc.count:           ≈ 0 counts

Iteration   2: 148.420 ms/op
                 gc.alloc.rate:      134.929 MB/sec
                 gc.alloc.rate.norm: 21005069.714 B/op
                 gc.count:           ≈ 0 counts

Iteration   3: 151.915 ms/op
                 gc.alloc.rate:      131.829 MB/sec
                 gc.alloc.rate.norm: 21004865.143 B/op
                 gc.count:           1.000 counts
                 gc.time:            13.000 ms

Iteration   4: 145.296 ms/op
                 gc.alloc.rate:      137.831 MB/sec
                 gc.alloc.rate.norm: 21004707.429 B/op
                 gc.count:           ≈ 0 counts

Iteration   5: 138.640 ms/op
                 gc.alloc.rate:      144.453 MB/sec
                 gc.alloc.rate.norm: 21004575.000 B/op
                 gc.count:           1.000 counts
                 gc.time:            11.000 ms


# Run progress: 23.15% complete, ETA 00:15:27
# Fork: 2 of 3
WARNING: A terminally deprecated method in sun.misc.Unsafe has been called
WARNING: sun.misc.Unsafe::objectFieldOffset has been called by org.openjdk.jmh.util.Utils (file:/home/test/Workspaces/JavaWorkspace/JavaStream_KeySkew/.deps/jmh-core-1.37.jar)
WARNING: Please consider reporting this to the maintainers of class org.openjdk.jmh.util.Utils
WARNING: sun.misc.Unsafe::objectFieldOffset will be removed in a future release
# Warmup Iteration   1: Input: n=1000000, keys=65536, observedHotFraction=0.900000, poolParallelism=3, availableProcessors=4
129.170 ms/op
# Warmup Iteration   2: 134.838 ms/op
# Warmup Iteration   3: 143.425 ms/op
# Warmup Iteration   4: 153.494 ms/op
# Warmup Iteration   5: 139.937 ms/op
Iteration   1: 156.675 ms/op
                 gc.alloc.rate:      127.834 MB/sec
                 gc.alloc.rate.norm: 21005590.857 B/op
                 gc.count:           1.000 counts
                 gc.time:            10.000 ms

Iteration   2: 142.352 ms/op
                 gc.alloc.rate:      140.277 MB/sec
                 gc.alloc.rate.norm: 21004307.000 B/op
                 gc.count:           ≈ 0 counts

Iteration   3: 145.651 ms/op
                 gc.alloc.rate:      137.489 MB/sec
                 gc.alloc.rate.norm: 21004227.429 B/op
                 gc.count:           1.000 counts
                 gc.time:            11.000 ms

Iteration   4: 144.308 ms/op
                 gc.alloc.rate:      138.778 MB/sec
                 gc.alloc.rate.norm: 21004734.857 B/op
                 gc.count:           ≈ 0 counts

Iteration   5: 143.349 ms/op
                 gc.alloc.rate:      139.694 MB/sec
                 gc.alloc.rate.norm: 21005306.286 B/op
                 gc.count:           1.000 counts
                 gc.time:            12.000 ms


# Run progress: 24.07% complete, ETA 00:15:17
# Fork: 3 of 3
WARNING: A terminally deprecated method in sun.misc.Unsafe has been called
WARNING: sun.misc.Unsafe::objectFieldOffset has been called by org.openjdk.jmh.util.Utils (file:/home/test/Workspaces/JavaWorkspace/JavaStream_KeySkew/.deps/jmh-core-1.37.jar)
WARNING: Please consider reporting this to the maintainers of class org.openjdk.jmh.util.Utils
WARNING: sun.misc.Unsafe::objectFieldOffset will be removed in a future release
# Warmup Iteration   1: Input: n=1000000, keys=65536, observedHotFraction=0.900000, poolParallelism=3, availableProcessors=4
145.965 ms/op
# Warmup Iteration   2: 141.180 ms/op
# Warmup Iteration   3: 136.071 ms/op
# Warmup Iteration   4: 152.439 ms/op
# Warmup Iteration   5: 138.343 ms/op
Iteration   1: 146.680 ms/op
                 gc.alloc.rate:      136.533 MB/sec
                 gc.alloc.rate.norm: 21005424.000 B/op
                 gc.count:           1.000 counts
                 gc.time:            11.000 ms

Iteration   2: 151.625 ms/op
                 gc.alloc.rate:      132.077 MB/sec
                 gc.alloc.rate.norm: 21005485.714 B/op
                 gc.count:           ≈ 0 counts

Iteration   3: 153.110 ms/op
                 gc.alloc.rate:      130.806 MB/sec
                 gc.alloc.rate.norm: 21005488.000 B/op
                 gc.count:           1.000 counts
                 gc.time:            10.000 ms

Iteration   4: 147.556 ms/op
                 gc.alloc.rate:      135.729 MB/sec
                 gc.alloc.rate.norm: 21004942.857 B/op
                 gc.count:           ≈ 0 counts

Iteration   5: 147.924 ms/op
                 gc.alloc.rate:      135.389 MB/sec
                 gc.alloc.rate.norm: 21005130.286 B/op
                 gc.count:           1.000 counts
                 gc.time:            12.000 ms



Result "research.skew.AggregationBenchmark.parallelConcurrent":
  147.247 ±(99.9%) 4.940 ms/op [Average]
  (min, avg, max) = (138.640, 147.247, 156.675), stdev = 4.620
  CI (99.9%): [142.307, 152.187] (assumes normal distribution)

Secondary result "research.skew.AggregationBenchmark.parallelConcurrent:gc.alloc.rate":
  136.104 ±(99.9%) 4.504 MB/sec [Average]
  (min, avg, max) = (127.834, 136.104, 144.453), stdev = 4.213
  CI (99.9%): [131.600, 140.608] (assumes normal distribution)

Secondary result "research.skew.AggregationBenchmark.parallelConcurrent:gc.alloc.rate.norm":
  21004975.219 ±(99.9%) 460.324 B/op [Average]
  (min, avg, max) = (21004227.429, 21004975.219, 21005590.857), stdev = 430.588
  CI (99.9%): [21004514.895, 21005435.543] (assumes normal distribution)

Secondary result "research.skew.AggregationBenchmark.parallelConcurrent:gc.count":
  8.000 ±(99.9%) 0.001 counts [Sum]
  (min, avg, max) = (≈ 0, 0.533, 1.000), stdev = 0.516
  CI (99.9%): [8.000, 8.000] (assumes normal distribution)

Secondary result "research.skew.AggregationBenchmark.parallelConcurrent:gc.time":
  90.000 ±(99.9%) 0.001 ms [Sum]
  (min, avg, max) = (≈ 0, 6.000, 13.000), stdev = 5.855
  CI (99.9%): [90.000, 90.000] (assumes normal distribution)


# JMH version: 1.37
# VM version: JDK 25.0.4.1, OpenJDK 64-Bit Server VM, 25.0.4.1+1-LTS
# VM invoker: /home/test/jdk/jdk-25.0.4.1+1/bin/java
# VM options: -Xms512m -Xmx512m -Djava.util.concurrent.ForkJoinPool.common.parallelism=3
# Blackhole mode: compiler (auto-detected, use -Djmh.blackhole.autoDetect=false to disable)
# Warmup: 5 iterations, 1 s each
# Measurement: 5 iterations, 1 s each
# Timeout: 10 min per iteration
# Threads: 1 thread, will synchronize iterations
# Benchmark mode: Average time, time/op
# Benchmark: research.skew.AggregationBenchmark.parallelConcurrentAdder
# Parameters: (cardinality = 16384, distribution = uniform, seed = 20260929, size = 1000000)

# Run progress: 25.00% complete, ETA 00:15:07
# Fork: 1 of 3
WARNING: A terminally deprecated method in sun.misc.Unsafe has been called
WARNING: sun.misc.Unsafe::objectFieldOffset has been called by org.openjdk.jmh.util.Utils (file:/home/test/Workspaces/JavaWorkspace/JavaStream_KeySkew/.deps/jmh-core-1.37.jar)
WARNING: Please consider reporting this to the maintainers of class org.openjdk.jmh.util.Utils
WARNING: sun.misc.Unsafe::objectFieldOffset will be removed in a future release
# Warmup Iteration   1: Input: n=1000000, keys=16384, observedHotFraction=0.000062, poolParallelism=3, availableProcessors=4
22.331 ms/op
# Warmup Iteration   2: 19.961 ms/op
# Warmup Iteration   3: 20.129 ms/op
# Warmup Iteration   4: 20.015 ms/op
# Warmup Iteration   5: 20.104 ms/op
Iteration   1: 19.467 ms/op
                 gc.alloc.rate:      852.098 MB/sec
                 gc.alloc.rate.norm: 17397608.462 B/op
                 gc.count:           2.000 counts
                 gc.time:            3.000 ms

Iteration   2: 19.764 ms/op
                 gc.alloc.rate:      839.315 MB/sec
                 gc.alloc.rate.norm: 17398545.725 B/op
                 gc.count:           3.000 counts
                 gc.time:            4.000 ms

Iteration   3: 19.565 ms/op
                 gc.alloc.rate:      847.856 MB/sec
                 gc.alloc.rate.norm: 17398564.769 B/op
                 gc.count:           3.000 counts
                 gc.time:            4.000 ms

Iteration   4: 19.695 ms/op
                 gc.alloc.rate:      842.246 MB/sec
                 gc.alloc.rate.norm: 17399042.039 B/op
                 gc.count:           3.000 counts
                 gc.time:            4.000 ms

Iteration   5: 19.369 ms/op
                 gc.alloc.rate:      856.308 MB/sec
                 gc.alloc.rate.norm: 17398436.308 B/op
                 gc.count:           3.000 counts
                 gc.time:            4.000 ms


# Run progress: 25.93% complete, ETA 00:14:54
# Fork: 2 of 3
WARNING: A terminally deprecated method in sun.misc.Unsafe has been called
WARNING: sun.misc.Unsafe::objectFieldOffset has been called by org.openjdk.jmh.util.Utils (file:/home/test/Workspaces/JavaWorkspace/JavaStream_KeySkew/.deps/jmh-core-1.37.jar)
WARNING: Please consider reporting this to the maintainers of class org.openjdk.jmh.util.Utils
WARNING: sun.misc.Unsafe::objectFieldOffset will be removed in a future release
# Warmup Iteration   1: Input: n=1000000, keys=16384, observedHotFraction=0.000062, poolParallelism=3, availableProcessors=4
24.753 ms/op
# Warmup Iteration   2: 21.557 ms/op
# Warmup Iteration   3: 21.704 ms/op
# Warmup Iteration   4: 21.252 ms/op
# Warmup Iteration   5: 23.362 ms/op
Iteration   1: 21.429 ms/op
                 gc.alloc.rate:      774.046 MB/sec
                 gc.alloc.rate.norm: 17397576.681 B/op
                 gc.count:           2.000 counts
                 gc.time:            12.000 ms

Iteration   2: 21.202 ms/op
                 gc.alloc.rate:      782.681 MB/sec
                 gc.alloc.rate.norm: 17405595.667 B/op
                 gc.count:           3.000 counts
                 gc.time:            5.000 ms

Iteration   3: 21.368 ms/op
                 gc.alloc.rate:      776.299 MB/sec
                 gc.alloc.rate.norm: 17397633.362 B/op
                 gc.count:           2.000 counts
                 gc.time:            3.000 ms

Iteration   4: 21.215 ms/op
                 gc.alloc.rate:      781.811 MB/sec
                 gc.alloc.rate.norm: 17397908.167 B/op
                 gc.count:           3.000 counts
                 gc.time:            4.000 ms

Iteration   5: 20.996 ms/op
                 gc.alloc.rate:      789.921 MB/sec
                 gc.alloc.rate.norm: 17397045.667 B/op
                 gc.count:           3.000 counts
                 gc.time:            4.000 ms


# Run progress: 26.85% complete, ETA 00:14:42
# Fork: 3 of 3
WARNING: A terminally deprecated method in sun.misc.Unsafe has been called
WARNING: sun.misc.Unsafe::objectFieldOffset has been called by org.openjdk.jmh.util.Utils (file:/home/test/Workspaces/JavaWorkspace/JavaStream_KeySkew/.deps/jmh-core-1.37.jar)
WARNING: Please consider reporting this to the maintainers of class org.openjdk.jmh.util.Utils
WARNING: sun.misc.Unsafe::objectFieldOffset will be removed in a future release
# Warmup Iteration   1: Input: n=1000000, keys=16384, observedHotFraction=0.000062, poolParallelism=3, availableProcessors=4
23.934 ms/op
# Warmup Iteration   2: 20.581 ms/op
# Warmup Iteration   3: 22.464 ms/op
# Warmup Iteration   4: 20.353 ms/op
# Warmup Iteration   5: 20.630 ms/op
Iteration   1: 20.309 ms/op
                 gc.alloc.rate:      816.764 MB/sec
                 gc.alloc.rate.norm: 17397637.280 B/op
                 gc.count:           3.000 counts
                 gc.time:            12.000 ms

Iteration   2: 20.121 ms/op
                 gc.alloc.rate:      824.661 MB/sec
                 gc.alloc.rate.norm: 17404931.040 B/op
                 gc.count:           2.000 counts
                 gc.time:            4.000 ms

Iteration   3: 20.153 ms/op
                 gc.alloc.rate:      823.030 MB/sec
                 gc.alloc.rate.norm: 17397048.000 B/op
                 gc.count:           3.000 counts
                 gc.time:            4.000 ms

Iteration   4: 20.129 ms/op
                 gc.alloc.rate:      823.975 MB/sec
                 gc.alloc.rate.norm: 17396776.480 B/op
                 gc.count:           3.000 counts
                 gc.time:            5.000 ms

Iteration   5: 20.091 ms/op
                 gc.alloc.rate:      825.436 MB/sec
                 gc.alloc.rate.norm: 17397105.760 B/op
                 gc.count:           3.000 counts
                 gc.time:            4.000 ms



Result "research.skew.AggregationBenchmark.parallelConcurrentAdder":
  20.325 ±(99.9%) 0.778 ms/op [Average]
  (min, avg, max) = (19.369, 20.325, 21.429), stdev = 0.728
  CI (99.9%): [19.546, 21.103] (assumes normal distribution)

Secondary result "research.skew.AggregationBenchmark.parallelConcurrentAdder:gc.alloc.rate":
  817.097 ±(99.9%) 30.945 MB/sec [Average]
  (min, avg, max) = (774.046, 817.097, 856.308), stdev = 28.946
  CI (99.9%): [786.152, 848.042] (assumes normal distribution)

Secondary result "research.skew.AggregationBenchmark.parallelConcurrentAdder:gc.alloc.rate.norm":
  17398763.694 ±(99.9%) 2908.141 B/op [Average]
  (min, avg, max) = (17396776.480, 17398763.694, 17405595.667), stdev = 2720.277
  CI (99.9%): [17395855.553, 17401671.835] (assumes normal distribution)

Secondary result "research.skew.AggregationBenchmark.parallelConcurrentAdder:gc.count":
  41.000 ±(99.9%) 0.001 counts [Sum]
  (min, avg, max) = (2.000, 2.733, 3.000), stdev = 0.458
  CI (99.9%): [41.000, 41.000] (assumes normal distribution)

Secondary result "research.skew.AggregationBenchmark.parallelConcurrentAdder:gc.time":
  76.000 ±(99.9%) 0.001 ms [Sum]
  (min, avg, max) = (3.000, 5.067, 12.000), stdev = 2.865
  CI (99.9%): [76.000, 76.000] (assumes normal distribution)


# JMH version: 1.37
# VM version: JDK 25.0.4.1, OpenJDK 64-Bit Server VM, 25.0.4.1+1-LTS
# VM invoker: /home/test/jdk/jdk-25.0.4.1+1/bin/java
# VM options: -Xms512m -Xmx512m -Djava.util.concurrent.ForkJoinPool.common.parallelism=3
# Blackhole mode: compiler (auto-detected, use -Djmh.blackhole.autoDetect=false to disable)
# Warmup: 5 iterations, 1 s each
# Measurement: 5 iterations, 1 s each
# Timeout: 10 min per iteration
# Threads: 1 thread, will synchronize iterations
# Benchmark mode: Average time, time/op
# Benchmark: research.skew.AggregationBenchmark.parallelConcurrentAdder
# Parameters: (cardinality = 16384, distribution = hot50, seed = 20260929, size = 1000000)

# Run progress: 27.78% complete, ETA 00:14:30
# Fork: 1 of 3
WARNING: A terminally deprecated method in sun.misc.Unsafe has been called
WARNING: sun.misc.Unsafe::objectFieldOffset has been called by org.openjdk.jmh.util.Utils (file:/home/test/Workspaces/JavaWorkspace/JavaStream_KeySkew/.deps/jmh-core-1.37.jar)
WARNING: Please consider reporting this to the maintainers of class org.openjdk.jmh.util.Utils
WARNING: sun.misc.Unsafe::objectFieldOffset will be removed in a future release
# Warmup Iteration   1: Input: n=1000000, keys=16384, observedHotFraction=0.500000, poolParallelism=3, availableProcessors=4
20.177 ms/op
# Warmup Iteration   2: 17.874 ms/op
# Warmup Iteration   3: 17.894 ms/op
# Warmup Iteration   4: 17.703 ms/op
# Warmup Iteration   5: 17.592 ms/op
Iteration   1: 17.362 ms/op
                 gc.alloc.rate:      954.965 MB/sec
                 gc.alloc.rate.norm: 17389807.724 B/op
                 gc.count:           3.000 counts
                 gc.time:            4.000 ms

Iteration   2: 17.537 ms/op
                 gc.alloc.rate:      945.444 MB/sec
                 gc.alloc.rate.norm: 17389868.828 B/op
                 gc.count:           4.000 counts
                 gc.time:            7.000 ms

Iteration   3: 17.205 ms/op
                 gc.alloc.rate:      963.724 MB/sec
                 gc.alloc.rate.norm: 17389714.847 B/op
                 gc.count:           3.000 counts
                 gc.time:            4.000 ms

Iteration   4: 17.171 ms/op
                 gc.alloc.rate:      965.555 MB/sec
                 gc.alloc.rate.norm: 17389816.678 B/op
                 gc.count:           3.000 counts
                 gc.time:            5.000 ms

Iteration   5: 17.323 ms/op
                 gc.alloc.rate:      957.033 MB/sec
                 gc.alloc.rate.norm: 17390086.345 B/op
                 gc.count:           3.000 counts
                 gc.time:            4.000 ms


# Run progress: 28.70% complete, ETA 00:14:18
# Fork: 2 of 3
WARNING: A terminally deprecated method in sun.misc.Unsafe has been called
WARNING: sun.misc.Unsafe::objectFieldOffset has been called by org.openjdk.jmh.util.Utils (file:/home/test/Workspaces/JavaWorkspace/JavaStream_KeySkew/.deps/jmh-core-1.37.jar)
WARNING: Please consider reporting this to the maintainers of class org.openjdk.jmh.util.Utils
WARNING: sun.misc.Unsafe::objectFieldOffset will be removed in a future release
# Warmup Iteration   1: Input: n=1000000, keys=16384, observedHotFraction=0.500000, poolParallelism=3, availableProcessors=4
19.851 ms/op
# Warmup Iteration   2: 18.107 ms/op
# Warmup Iteration   3: 17.874 ms/op
# Warmup Iteration   4: 18.019 ms/op
# Warmup Iteration   5: 17.777 ms/op
Iteration   1: 17.445 ms/op
                 gc.alloc.rate:      950.347 MB/sec
                 gc.alloc.rate.norm: 17389949.103 B/op
                 gc.count:           3.000 counts
                 gc.time:            5.000 ms

Iteration   2: 17.605 ms/op
                 gc.alloc.rate:      941.761 MB/sec
                 gc.alloc.rate.norm: 17390001.544 B/op
                 gc.count:           3.000 counts
                 gc.time:            4.000 ms

Iteration   3: 17.347 ms/op
                 gc.alloc.rate:      955.824 MB/sec
                 gc.alloc.rate.norm: 17390317.379 B/op
                 gc.count:           4.000 counts
                 gc.time:            6.000 ms

Iteration   4: 17.412 ms/op
                 gc.alloc.rate:      952.242 MB/sec
                 gc.alloc.rate.norm: 17389799.172 B/op
                 gc.count:           3.000 counts
                 gc.time:            4.000 ms

Iteration   5: 17.340 ms/op
                 gc.alloc.rate:      956.107 MB/sec
                 gc.alloc.rate.norm: 17390138.897 B/op
                 gc.count:           3.000 counts
                 gc.time:            5.000 ms


# Run progress: 29.63% complete, ETA 00:14:06
# Fork: 3 of 3
WARNING: A terminally deprecated method in sun.misc.Unsafe has been called
WARNING: sun.misc.Unsafe::objectFieldOffset has been called by org.openjdk.jmh.util.Utils (file:/home/test/Workspaces/JavaWorkspace/JavaStream_KeySkew/.deps/jmh-core-1.37.jar)
WARNING: Please consider reporting this to the maintainers of class org.openjdk.jmh.util.Utils
WARNING: sun.misc.Unsafe::objectFieldOffset will be removed in a future release
# Warmup Iteration   1: Input: n=1000000, keys=16384, observedHotFraction=0.500000, poolParallelism=3, availableProcessors=4
22.393 ms/op
# Warmup Iteration   2: 18.036 ms/op
# Warmup Iteration   3: 18.039 ms/op
# Warmup Iteration   4: 17.975 ms/op
# Warmup Iteration   5: 17.754 ms/op
Iteration   1: 17.324 ms/op
                 gc.alloc.rate:      957.121 MB/sec
                 gc.alloc.rate.norm: 17390087.310 B/op
                 gc.count:           3.000 counts
                 gc.time:            4.000 ms

Iteration   2: 17.642 ms/op
                 gc.alloc.rate:      939.716 MB/sec
                 gc.alloc.rate.norm: 17389973.333 B/op
                 gc.count:           3.000 counts
                 gc.time:            4.000 ms

Iteration   3: 17.337 ms/op
                 gc.alloc.rate:      956.314 MB/sec
                 gc.alloc.rate.norm: 17389778.483 B/op
                 gc.count:           3.000 counts
                 gc.time:            5.000 ms

Iteration   4: 17.375 ms/op
                 gc.alloc.rate:      954.232 MB/sec
                 gc.alloc.rate.norm: 17390220.138 B/op
                 gc.count:           3.000 counts
                 gc.time:            5.000 ms

Iteration   5: 17.287 ms/op
                 gc.alloc.rate:      958.966 MB/sec
                 gc.alloc.rate.norm: 17389723.862 B/op
                 gc.count:           4.000 counts
                 gc.time:            5.000 ms



Result "research.skew.AggregationBenchmark.parallelConcurrentAdder":
  17.381 ±(99.9%) 0.141 ms/op [Average]
  (min, avg, max) = (17.171, 17.381, 17.642), stdev = 0.132
  CI (99.9%): [17.240, 17.522] (assumes normal distribution)

Secondary result "research.skew.AggregationBenchmark.parallelConcurrentAdder:gc.alloc.rate":
  953.957 ±(99.9%) 7.716 MB/sec [Average]
  (min, avg, max) = (939.716, 953.957, 965.555), stdev = 7.217
  CI (99.9%): [946.241, 961.672] (assumes normal distribution)

Secondary result "research.skew.AggregationBenchmark.parallelConcurrentAdder:gc.alloc.rate.norm":
  17389952.243 ±(99.9%) 199.472 B/op [Average]
  (min, avg, max) = (17389714.847, 17389952.243, 17390317.379), stdev = 186.586
  CI (99.9%): [17389752.771, 17390151.715] (assumes normal distribution)

Secondary result "research.skew.AggregationBenchmark.parallelConcurrentAdder:gc.count":
  48.000 ±(99.9%) 0.001 counts [Sum]
  (min, avg, max) = (3.000, 3.200, 4.000), stdev = 0.414
  CI (99.9%): [48.000, 48.000] (assumes normal distribution)

Secondary result "research.skew.AggregationBenchmark.parallelConcurrentAdder:gc.time":
  71.000 ±(99.9%) 0.001 ms [Sum]
  (min, avg, max) = (4.000, 4.733, 7.000), stdev = 0.884
  CI (99.9%): [71.000, 71.000] (assumes normal distribution)


# JMH version: 1.37
# VM version: JDK 25.0.4.1, OpenJDK 64-Bit Server VM, 25.0.4.1+1-LTS
# VM invoker: /home/test/jdk/jdk-25.0.4.1+1/bin/java
# VM options: -Xms512m -Xmx512m -Djava.util.concurrent.ForkJoinPool.common.parallelism=3
# Blackhole mode: compiler (auto-detected, use -Djmh.blackhole.autoDetect=false to disable)
# Warmup: 5 iterations, 1 s each
# Measurement: 5 iterations, 1 s each
# Timeout: 10 min per iteration
# Threads: 1 thread, will synchronize iterations
# Benchmark mode: Average time, time/op
# Benchmark: research.skew.AggregationBenchmark.parallelConcurrentAdder
# Parameters: (cardinality = 16384, distribution = hot90, seed = 20260929, size = 1000000)

# Run progress: 30.56% complete, ETA 00:13:54
# Fork: 1 of 3
WARNING: A terminally deprecated method in sun.misc.Unsafe has been called
WARNING: sun.misc.Unsafe::objectFieldOffset has been called by org.openjdk.jmh.util.Utils (file:/home/test/Workspaces/JavaWorkspace/JavaStream_KeySkew/.deps/jmh-core-1.37.jar)
WARNING: Please consider reporting this to the maintainers of class org.openjdk.jmh.util.Utils
WARNING: sun.misc.Unsafe::objectFieldOffset will be removed in a future release
# Warmup Iteration   1: Input: n=1000000, keys=16384, observedHotFraction=0.900000, poolParallelism=3, availableProcessors=4
13.568 ms/op
# Warmup Iteration   2: 11.349 ms/op
# Warmup Iteration   3: 11.082 ms/op
# Warmup Iteration   4: 10.717 ms/op
# Warmup Iteration   5: 10.629 ms/op
Iteration   1: 10.623 ms/op
                 gc.alloc.rate:      1560.569 MB/sec
                 gc.alloc.rate.norm: 17386342.821 B/op
                 gc.count:           5.000 counts
                 gc.time:            7.000 ms

Iteration   2: 10.651 ms/op
                 gc.alloc.rate:      1556.316 MB/sec
                 gc.alloc.rate.norm: 17386367.745 B/op
                 gc.count:           6.000 counts
                 gc.time:            8.000 ms

Iteration   3: 10.587 ms/op
                 gc.alloc.rate:      1565.832 MB/sec
                 gc.alloc.rate.norm: 17386360.505 B/op
                 gc.count:           5.000 counts
                 gc.time:            7.000 ms

Iteration   4: 10.651 ms/op
                 gc.alloc.rate:      1556.295 MB/sec
                 gc.alloc.rate.norm: 17386532.426 B/op
                 gc.count:           5.000 counts
                 gc.time:            5.000 ms

Iteration   5: 10.703 ms/op
                 gc.alloc.rate:      1548.795 MB/sec
                 gc.alloc.rate.norm: 17386492.766 B/op
                 gc.count:           5.000 counts
                 gc.time:            8.000 ms


# Run progress: 31.48% complete, ETA 00:13:42
# Fork: 2 of 3
WARNING: A terminally deprecated method in sun.misc.Unsafe has been called
WARNING: sun.misc.Unsafe::objectFieldOffset has been called by org.openjdk.jmh.util.Utils (file:/home/test/Workspaces/JavaWorkspace/JavaStream_KeySkew/.deps/jmh-core-1.37.jar)
WARNING: Please consider reporting this to the maintainers of class org.openjdk.jmh.util.Utils
WARNING: sun.misc.Unsafe::objectFieldOffset will be removed in a future release
# Warmup Iteration   1: Input: n=1000000, keys=16384, observedHotFraction=0.900000, poolParallelism=3, availableProcessors=4
11.447 ms/op
# Warmup Iteration   2: 9.830 ms/op
# Warmup Iteration   3: 9.438 ms/op
# Warmup Iteration   4: 9.305 ms/op
# Warmup Iteration   5: 9.195 ms/op
Iteration   1: 9.124 ms/op
                 gc.alloc.rate:      1816.827 MB/sec
                 gc.alloc.rate.norm: 17386387.782 B/op
                 gc.count:           6.000 counts
                 gc.time:            8.000 ms

Iteration   2: 9.134 ms/op
                 gc.alloc.rate:      1814.715 MB/sec
                 gc.alloc.rate.norm: 17386644.073 B/op
                 gc.count:           6.000 counts
                 gc.time:            7.000 ms

Iteration   3: 9.123 ms/op
                 gc.alloc.rate:      1817.205 MB/sec
                 gc.alloc.rate.norm: 17386604.655 B/op
                 gc.count:           6.000 counts
                 gc.time:            7.000 ms

Iteration   4: 9.238 ms/op
                 gc.alloc.rate:      1794.340 MB/sec
                 gc.alloc.rate.norm: 17386446.752 B/op
                 gc.count:           6.000 counts
                 gc.time:            7.000 ms

Iteration   5: 9.204 ms/op
                 gc.alloc.rate:      1800.864 MB/sec
                 gc.alloc.rate.norm: 17386567.193 B/op
                 gc.count:           6.000 counts
                 gc.time:            8.000 ms


# Run progress: 32.41% complete, ETA 00:13:30
# Fork: 3 of 3
WARNING: A terminally deprecated method in sun.misc.Unsafe has been called
WARNING: sun.misc.Unsafe::objectFieldOffset has been called by org.openjdk.jmh.util.Utils (file:/home/test/Workspaces/JavaWorkspace/JavaStream_KeySkew/.deps/jmh-core-1.37.jar)
WARNING: Please consider reporting this to the maintainers of class org.openjdk.jmh.util.Utils
WARNING: sun.misc.Unsafe::objectFieldOffset will be removed in a future release
# Warmup Iteration   1: Input: n=1000000, keys=16384, observedHotFraction=0.900000, poolParallelism=3, availableProcessors=4
13.012 ms/op
# Warmup Iteration   2: 11.219 ms/op
# Warmup Iteration   3: 11.228 ms/op
# Warmup Iteration   4: 10.773 ms/op
# Warmup Iteration   5: 10.677 ms/op
Iteration   1: 10.606 ms/op
                 gc.alloc.rate:      1563.054 MB/sec
                 gc.alloc.rate.norm: 17386259.705 B/op
                 gc.count:           6.000 counts
                 gc.time:            8.000 ms

Iteration   2: 10.592 ms/op
                 gc.alloc.rate:      1564.966 MB/sec
                 gc.alloc.rate.norm: 17386333.979 B/op
                 gc.count:           5.000 counts
                 gc.time:            5.000 ms

Iteration   3: 10.658 ms/op
                 gc.alloc.rate:      1555.376 MB/sec
                 gc.alloc.rate.norm: 17386203.149 B/op
                 gc.count:           5.000 counts
                 gc.time:            7.000 ms

Iteration   4: 10.576 ms/op
                 gc.alloc.rate:      1567.416 MB/sec
                 gc.alloc.rate.norm: 17386339.284 B/op
                 gc.count:           5.000 counts
                 gc.time:            6.000 ms

Iteration   5: 10.667 ms/op
                 gc.alloc.rate:      1553.885 MB/sec
                 gc.alloc.rate.norm: 17386406.723 B/op
                 gc.count:           5.000 counts
                 gc.time:            6.000 ms



Result "research.skew.AggregationBenchmark.parallelConcurrentAdder":
  10.142 ±(99.9%) 0.766 ms/op [Average]
  (min, avg, max) = (9.123, 10.142, 10.703), stdev = 0.717
  CI (99.9%): [9.376, 10.909] (assumes normal distribution)

Secondary result "research.skew.AggregationBenchmark.parallelConcurrentAdder:gc.alloc.rate":
  1642.430 ±(99.9%) 130.414 MB/sec [Average]
  (min, avg, max) = (1548.795, 1642.430, 1817.205), stdev = 121.989
  CI (99.9%): [1512.016, 1772.844] (assumes normal distribution)

Secondary result "research.skew.AggregationBenchmark.parallelConcurrentAdder:gc.alloc.rate.norm":
  17386419.304 ±(99.9%) 135.434 B/op [Average]
  (min, avg, max) = (17386203.149, 17386419.304, 17386644.073), stdev = 126.685
  CI (99.9%): [17386283.869, 17386554.738] (assumes normal distribution)

Secondary result "research.skew.AggregationBenchmark.parallelConcurrentAdder:gc.count":
  82.000 ±(99.9%) 0.001 counts [Sum]
  (min, avg, max) = (5.000, 5.467, 6.000), stdev = 0.516
  CI (99.9%): [82.000, 82.000] (assumes normal distribution)

Secondary result "research.skew.AggregationBenchmark.parallelConcurrentAdder:gc.time":
  104.000 ±(99.9%) 0.001 ms [Sum]
  (min, avg, max) = (5.000, 6.933, 8.000), stdev = 1.033
  CI (99.9%): [104.000, 104.000] (assumes normal distribution)


# JMH version: 1.37
# VM version: JDK 25.0.4.1, OpenJDK 64-Bit Server VM, 25.0.4.1+1-LTS
# VM invoker: /home/test/jdk/jdk-25.0.4.1+1/bin/java
# VM options: -Xms512m -Xmx512m -Djava.util.concurrent.ForkJoinPool.common.parallelism=3
# Blackhole mode: compiler (auto-detected, use -Djmh.blackhole.autoDetect=false to disable)
# Warmup: 5 iterations, 1 s each
# Measurement: 5 iterations, 1 s each
# Timeout: 10 min per iteration
# Threads: 1 thread, will synchronize iterations
# Benchmark mode: Average time, time/op
# Benchmark: research.skew.AggregationBenchmark.parallelConcurrentAdder
# Parameters: (cardinality = 32768, distribution = uniform, seed = 20260929, size = 1000000)

# Run progress: 33.33% complete, ETA 00:13:19
# Fork: 1 of 3
WARNING: A terminally deprecated method in sun.misc.Unsafe has been called
WARNING: sun.misc.Unsafe::objectFieldOffset has been called by org.openjdk.jmh.util.Utils (file:/home/test/Workspaces/JavaWorkspace/JavaStream_KeySkew/.deps/jmh-core-1.37.jar)
WARNING: Please consider reporting this to the maintainers of class org.openjdk.jmh.util.Utils
WARNING: sun.misc.Unsafe::objectFieldOffset will be removed in a future release
# Warmup Iteration   1: Input: n=1000000, keys=32768, observedHotFraction=0.000031, poolParallelism=3, availableProcessors=4
27.141 ms/op
# Warmup Iteration   2: 24.689 ms/op
# Warmup Iteration   3: 24.579 ms/op
# Warmup Iteration   4: 24.868 ms/op
# Warmup Iteration   5: 24.359 ms/op
Iteration   1: 24.610 ms/op
                 gc.alloc.rate:      727.270 MB/sec
                 gc.alloc.rate.norm: 18773769.951 B/op
                 gc.count:           2.000 counts
                 gc.time:            22.000 ms

Iteration   2: 24.287 ms/op
                 gc.alloc.rate:      736.929 MB/sec
                 gc.alloc.rate.norm: 18773762.476 B/op
                 gc.count:           3.000 counts
                 gc.time:            7.000 ms

Iteration   3: 24.112 ms/op
                 gc.alloc.rate:      742.345 MB/sec
                 gc.alloc.rate.norm: 18773679.429 B/op
                 gc.count:           2.000 counts
                 gc.time:            3.000 ms

Iteration   4: 24.150 ms/op
                 gc.alloc.rate:      741.731 MB/sec
                 gc.alloc.rate.norm: 18790404.000 B/op
                 gc.count:           3.000 counts
                 gc.time:            5.000 ms

Iteration   5: 24.286 ms/op
                 gc.alloc.rate:      736.975 MB/sec
                 gc.alloc.rate.norm: 18773777.143 B/op
                 gc.count:           2.000 counts
                 gc.time:            4.000 ms


# Run progress: 34.26% complete, ETA 00:13:07
# Fork: 2 of 3
WARNING: A terminally deprecated method in sun.misc.Unsafe has been called
WARNING: sun.misc.Unsafe::objectFieldOffset has been called by org.openjdk.jmh.util.Utils (file:/home/test/Workspaces/JavaWorkspace/JavaStream_KeySkew/.deps/jmh-core-1.37.jar)
WARNING: Please consider reporting this to the maintainers of class org.openjdk.jmh.util.Utils
WARNING: sun.misc.Unsafe::objectFieldOffset will be removed in a future release
# Warmup Iteration   1: Input: n=1000000, keys=32768, observedHotFraction=0.000031, poolParallelism=3, availableProcessors=4
25.902 ms/op
# Warmup Iteration   2: 23.232 ms/op
# Warmup Iteration   3: 22.999 ms/op
# Warmup Iteration   4: 23.001 ms/op
# Warmup Iteration   5: 23.040 ms/op
Iteration   1: 22.637 ms/op
                 gc.alloc.rate:      790.755 MB/sec
                 gc.alloc.rate.norm: 18775122.667 B/op
                 gc.count:           2.000 counts
                 gc.time:            14.000 ms

Iteration   2: 22.821 ms/op
                 gc.alloc.rate:      784.256 MB/sec
                 gc.alloc.rate.norm: 18773890.727 B/op
                 gc.count:           3.000 counts
                 gc.time:            4.000 ms

Iteration   3: 23.987 ms/op
                 gc.alloc.rate:      746.168 MB/sec
                 gc.alloc.rate.norm: 18774052.571 B/op
                 gc.count:           2.000 counts
                 gc.time:            3.000 ms

Iteration   4: 22.461 ms/op
                 gc.alloc.rate:      796.926 MB/sec
                 gc.alloc.rate.norm: 18774531.556 B/op
                 gc.count:           3.000 counts
                 gc.time:            4.000 ms

Iteration   5: 22.509 ms/op
                 gc.alloc.rate:      795.170 MB/sec
                 gc.alloc.rate.norm: 18774505.600 B/op
                 gc.count:           3.000 counts
                 gc.time:            4.000 ms


# Run progress: 35.19% complete, ETA 00:12:56
# Fork: 3 of 3
WARNING: A terminally deprecated method in sun.misc.Unsafe has been called
WARNING: sun.misc.Unsafe::objectFieldOffset has been called by org.openjdk.jmh.util.Utils (file:/home/test/Workspaces/JavaWorkspace/JavaStream_KeySkew/.deps/jmh-core-1.37.jar)
WARNING: Please consider reporting this to the maintainers of class org.openjdk.jmh.util.Utils
WARNING: sun.misc.Unsafe::objectFieldOffset will be removed in a future release
# Warmup Iteration   1: Input: n=1000000, keys=32768, observedHotFraction=0.000031, poolParallelism=3, availableProcessors=4
28.176 ms/op
# Warmup Iteration   2: 24.983 ms/op
# Warmup Iteration   3: 25.091 ms/op
# Warmup Iteration   4: 24.511 ms/op
# Warmup Iteration   5: 25.655 ms/op
Iteration   1: 24.232 ms/op
                 gc.alloc.rate:      738.567 MB/sec
                 gc.alloc.rate.norm: 18773572.000 B/op
                 gc.count:           2.000 counts
                 gc.time:            19.000 ms

Iteration   2: 24.257 ms/op
                 gc.alloc.rate:      737.836 MB/sec
                 gc.alloc.rate.norm: 18773534.667 B/op
                 gc.count:           3.000 counts
                 gc.time:            7.000 ms

Iteration   3: 24.073 ms/op
                 gc.alloc.rate:      743.497 MB/sec
                 gc.alloc.rate.norm: 18773334.857 B/op
                 gc.count:           2.000 counts
                 gc.time:            3.000 ms

Iteration   4: 24.323 ms/op
                 gc.alloc.rate:      735.931 MB/sec
                 gc.alloc.rate.norm: 18773575.429 B/op
                 gc.count:           3.000 counts
                 gc.time:            5.000 ms

Iteration   5: 24.042 ms/op
                 gc.alloc.rate:      744.388 MB/sec
                 gc.alloc.rate.norm: 18773741.333 B/op
                 gc.count:           2.000 counts
                 gc.time:            2.000 ms



Result "research.skew.AggregationBenchmark.parallelConcurrentAdder":
  23.786 ±(99.9%) 0.806 ms/op [Average]
  (min, avg, max) = (22.461, 23.786, 24.610), stdev = 0.754
  CI (99.9%): [22.980, 24.592] (assumes normal distribution)

Secondary result "research.skew.AggregationBenchmark.parallelConcurrentAdder:gc.alloc.rate":
  753.250 ±(99.9%) 26.292 MB/sec [Average]
  (min, avg, max) = (727.270, 753.250, 796.926), stdev = 24.593
  CI (99.9%): [726.958, 779.541] (assumes normal distribution)

Secondary result "research.skew.AggregationBenchmark.parallelConcurrentAdder:gc.alloc.rate.norm":
  18775016.960 ±(99.9%) 4578.120 B/op [Average]
  (min, avg, max) = (18773334.857, 18775016.960, 18790404.000), stdev = 4282.376
  CI (99.9%): [18770438.841, 18779595.080] (assumes normal distribution)

Secondary result "research.skew.AggregationBenchmark.parallelConcurrentAdder:gc.count":
  37.000 ±(99.9%) 0.001 counts [Sum]
  (min, avg, max) = (2.000, 2.467, 3.000), stdev = 0.516
  CI (99.9%): [37.000, 37.000] (assumes normal distribution)

Secondary result "research.skew.AggregationBenchmark.parallelConcurrentAdder:gc.time":
  106.000 ±(99.9%) 0.001 ms [Sum]
  (min, avg, max) = (2.000, 7.067, 22.000), stdev = 6.181
  CI (99.9%): [106.000, 106.000] (assumes normal distribution)


# JMH version: 1.37
# VM version: JDK 25.0.4.1, OpenJDK 64-Bit Server VM, 25.0.4.1+1-LTS
# VM invoker: /home/test/jdk/jdk-25.0.4.1+1/bin/java
# VM options: -Xms512m -Xmx512m -Djava.util.concurrent.ForkJoinPool.common.parallelism=3
# Blackhole mode: compiler (auto-detected, use -Djmh.blackhole.autoDetect=false to disable)
# Warmup: 5 iterations, 1 s each
# Measurement: 5 iterations, 1 s each
# Timeout: 10 min per iteration
# Threads: 1 thread, will synchronize iterations
# Benchmark mode: Average time, time/op
# Benchmark: research.skew.AggregationBenchmark.parallelConcurrentAdder
# Parameters: (cardinality = 32768, distribution = hot50, seed = 20260929, size = 1000000)

# Run progress: 36.11% complete, ETA 00:12:44
# Fork: 1 of 3
WARNING: A terminally deprecated method in sun.misc.Unsafe has been called
WARNING: sun.misc.Unsafe::objectFieldOffset has been called by org.openjdk.jmh.util.Utils (file:/home/test/Workspaces/JavaWorkspace/JavaStream_KeySkew/.deps/jmh-core-1.37.jar)
WARNING: Please consider reporting this to the maintainers of class org.openjdk.jmh.util.Utils
WARNING: sun.misc.Unsafe::objectFieldOffset will be removed in a future release
# Warmup Iteration   1: Input: n=1000000, keys=32768, observedHotFraction=0.500000, poolParallelism=3, availableProcessors=4
22.631 ms/op
# Warmup Iteration   2: 19.294 ms/op
# Warmup Iteration   3: 18.926 ms/op
# Warmup Iteration   4: 19.192 ms/op
# Warmup Iteration   5: 18.816 ms/op
Iteration   1: 18.383 ms/op
                 gc.alloc.rate:      973.561 MB/sec
                 gc.alloc.rate.norm: 18770110.836 B/op
                 gc.count:           3.000 counts
                 gc.time:            5.000 ms

Iteration   2: 18.724 ms/op
                 gc.alloc.rate:      955.815 MB/sec
                 gc.alloc.rate.norm: 18770053.778 B/op
                 gc.count:           4.000 counts
                 gc.time:            5.000 ms

Iteration   3: 18.631 ms/op
                 gc.alloc.rate:      960.540 MB/sec
                 gc.alloc.rate.norm: 18770174.963 B/op
                 gc.count:           3.000 counts
                 gc.time:            5.000 ms

Iteration   4: 18.246 ms/op
                 gc.alloc.rate:      980.837 MB/sec
                 gc.alloc.rate.norm: 18770256.436 B/op
                 gc.count:           3.000 counts
                 gc.time:            3.000 ms

Iteration   5: 18.249 ms/op
                 gc.alloc.rate:      980.663 MB/sec
                 gc.alloc.rate.norm: 18770045.091 B/op
                 gc.count:           3.000 counts
                 gc.time:            4.000 ms


# Run progress: 37.04% complete, ETA 00:12:33
# Fork: 2 of 3
WARNING: A terminally deprecated method in sun.misc.Unsafe has been called
WARNING: sun.misc.Unsafe::objectFieldOffset has been called by org.openjdk.jmh.util.Utils (file:/home/test/Workspaces/JavaWorkspace/JavaStream_KeySkew/.deps/jmh-core-1.37.jar)
WARNING: Please consider reporting this to the maintainers of class org.openjdk.jmh.util.Utils
WARNING: sun.misc.Unsafe::objectFieldOffset will be removed in a future release
# Warmup Iteration   1: Input: n=1000000, keys=32768, observedHotFraction=0.500000, poolParallelism=3, availableProcessors=4
24.140 ms/op
# Warmup Iteration   2: 20.845 ms/op
# Warmup Iteration   3: 21.465 ms/op
# Warmup Iteration   4: 21.261 ms/op
# Warmup Iteration   5: 21.160 ms/op
Iteration   1: 20.499 ms/op
                 gc.alloc.rate:      873.049 MB/sec
                 gc.alloc.rate.norm: 18770224.653 B/op
                 gc.count:           3.000 counts
                 gc.time:            4.000 ms

Iteration   2: 20.482 ms/op
                 gc.alloc.rate:      873.641 MB/sec
                 gc.alloc.rate.norm: 18770090.449 B/op
                 gc.count:           3.000 counts
                 gc.time:            4.000 ms

Iteration   3: 20.494 ms/op
                 gc.alloc.rate:      873.188 MB/sec
                 gc.alloc.rate.norm: 18770019.755 B/op
                 gc.count:           3.000 counts
                 gc.time:            5.000 ms

Iteration   4: 20.230 ms/op
                 gc.alloc.rate:      884.592 MB/sec
                 gc.alloc.rate.norm: 18769963.200 B/op
                 gc.count:           2.000 counts
                 gc.time:            2.000 ms

Iteration   5: 20.358 ms/op
                 gc.alloc.rate:      878.942 MB/sec
                 gc.alloc.rate.norm: 18769939.200 B/op
                 gc.count:           3.000 counts
                 gc.time:            5.000 ms


# Run progress: 37.96% complete, ETA 00:12:22
# Fork: 3 of 3
WARNING: A terminally deprecated method in sun.misc.Unsafe has been called
WARNING: sun.misc.Unsafe::objectFieldOffset has been called by org.openjdk.jmh.util.Utils (file:/home/test/Workspaces/JavaWorkspace/JavaStream_KeySkew/.deps/jmh-core-1.37.jar)
WARNING: Please consider reporting this to the maintainers of class org.openjdk.jmh.util.Utils
WARNING: sun.misc.Unsafe::objectFieldOffset will be removed in a future release
# Warmup Iteration   1: Input: n=1000000, keys=32768, observedHotFraction=0.500000, poolParallelism=3, availableProcessors=4
23.900 ms/op
# Warmup Iteration   2: 21.158 ms/op
# Warmup Iteration   3: 21.139 ms/op
# Warmup Iteration   4: 20.697 ms/op
# Warmup Iteration   5: 20.898 ms/op
Iteration   1: 20.275 ms/op
                 gc.alloc.rate:      882.682 MB/sec
                 gc.alloc.rate.norm: 18769792.960 B/op
                 gc.count:           3.000 counts
                 gc.time:            7.000 ms

Iteration   2: 20.492 ms/op
                 gc.alloc.rate:      873.300 MB/sec
                 gc.alloc.rate.norm: 18769974.560 B/op
                 gc.count:           3.000 counts
                 gc.time:            5.000 ms

Iteration   3: 20.126 ms/op
                 gc.alloc.rate:      889.202 MB/sec
                 gc.alloc.rate.norm: 18769740.640 B/op
                 gc.count:           3.000 counts
                 gc.time:            5.000 ms

Iteration   4: 20.298 ms/op
                 gc.alloc.rate:      881.675 MB/sec
                 gc.alloc.rate.norm: 18770076.160 B/op
                 gc.count:           3.000 counts
                 gc.time:            4.000 ms

Iteration   5: 20.349 ms/op
                 gc.alloc.rate:      879.413 MB/sec
                 gc.alloc.rate.norm: 18770026.560 B/op
                 gc.count:           3.000 counts
                 gc.time:            5.000 ms



Result "research.skew.AggregationBenchmark.parallelConcurrentAdder":
  19.722 ±(99.9%) 1.012 ms/op [Average]
  (min, avg, max) = (18.246, 19.722, 20.499), stdev = 0.947
  CI (99.9%): [18.710, 20.735] (assumes normal distribution)

Secondary result "research.skew.AggregationBenchmark.parallelConcurrentAdder:gc.alloc.rate":
  909.407 ±(99.9%) 48.332 MB/sec [Average]
  (min, avg, max) = (873.049, 909.407, 980.837), stdev = 45.210
  CI (99.9%): [861.074, 957.739] (assumes normal distribution)

Secondary result "research.skew.AggregationBenchmark.parallelConcurrentAdder:gc.alloc.rate.norm":
  18770032.616 ±(99.9%) 150.918 B/op [Average]
  (min, avg, max) = (18769740.640, 18770032.616, 18770256.436), stdev = 141.169
  CI (99.9%): [18769881.698, 18770183.534] (assumes normal distribution)

Secondary result "research.skew.AggregationBenchmark.parallelConcurrentAdder:gc.count":
  45.000 ±(99.9%) 0.001 counts [Sum]
  (min, avg, max) = (2.000, 3.000, 4.000), stdev = 0.378
  CI (99.9%): [45.000, 45.000] (assumes normal distribution)

Secondary result "research.skew.AggregationBenchmark.parallelConcurrentAdder:gc.time":
  68.000 ±(99.9%) 0.001 ms [Sum]
  (min, avg, max) = (2.000, 4.533, 7.000), stdev = 1.125
  CI (99.9%): [68.000, 68.000] (assumes normal distribution)


# JMH version: 1.37
# VM version: JDK 25.0.4.1, OpenJDK 64-Bit Server VM, 25.0.4.1+1-LTS
# VM invoker: /home/test/jdk/jdk-25.0.4.1+1/bin/java
# VM options: -Xms512m -Xmx512m -Djava.util.concurrent.ForkJoinPool.common.parallelism=3
# Blackhole mode: compiler (auto-detected, use -Djmh.blackhole.autoDetect=false to disable)
# Warmup: 5 iterations, 1 s each
# Measurement: 5 iterations, 1 s each
# Timeout: 10 min per iteration
# Threads: 1 thread, will synchronize iterations
# Benchmark mode: Average time, time/op
# Benchmark: research.skew.AggregationBenchmark.parallelConcurrentAdder
# Parameters: (cardinality = 32768, distribution = hot90, seed = 20260929, size = 1000000)

# Run progress: 38.89% complete, ETA 00:12:10
# Fork: 1 of 3
WARNING: A terminally deprecated method in sun.misc.Unsafe has been called
WARNING: sun.misc.Unsafe::objectFieldOffset has been called by org.openjdk.jmh.util.Utils (file:/home/test/Workspaces/JavaWorkspace/JavaStream_KeySkew/.deps/jmh-core-1.37.jar)
WARNING: Please consider reporting this to the maintainers of class org.openjdk.jmh.util.Utils
WARNING: sun.misc.Unsafe::objectFieldOffset will be removed in a future release
# Warmup Iteration   1: Input: n=1000000, keys=32768, observedHotFraction=0.900000, poolParallelism=3, availableProcessors=4
15.119 ms/op
# Warmup Iteration   2: 13.407 ms/op
# Warmup Iteration   3: 13.356 ms/op
# Warmup Iteration   4: 12.846 ms/op
# Warmup Iteration   5: 12.781 ms/op
Iteration   1: 12.655 ms/op
                 gc.alloc.rate:      1414.018 MB/sec
                 gc.alloc.rate.norm: 18768691.400 B/op
                 gc.count:           5.000 counts
                 gc.time:            7.000 ms

Iteration   2: 12.644 ms/op
                 gc.alloc.rate:      1415.298 MB/sec
                 gc.alloc.rate.norm: 18768806.600 B/op
                 gc.count:           5.000 counts
                 gc.time:            7.000 ms

Iteration   3: 12.577 ms/op
                 gc.alloc.rate:      1422.801 MB/sec
                 gc.alloc.rate.norm: 18768671.800 B/op
                 gc.count:           4.000 counts
                 gc.time:            5.000 ms

Iteration   4: 12.563 ms/op
                 gc.alloc.rate:      1424.435 MB/sec
                 gc.alloc.rate.norm: 18768661.200 B/op
                 gc.count:           5.000 counts
                 gc.time:            7.000 ms

Iteration   5: 12.679 ms/op
                 gc.alloc.rate:      1411.209 MB/sec
                 gc.alloc.rate.norm: 18768759.291 B/op
                 gc.count:           5.000 counts
                 gc.time:            6.000 ms


# Run progress: 39.81% complete, ETA 00:11:59
# Fork: 2 of 3
WARNING: A terminally deprecated method in sun.misc.Unsafe has been called
WARNING: sun.misc.Unsafe::objectFieldOffset has been called by org.openjdk.jmh.util.Utils (file:/home/test/Workspaces/JavaWorkspace/JavaStream_KeySkew/.deps/jmh-core-1.37.jar)
WARNING: Please consider reporting this to the maintainers of class org.openjdk.jmh.util.Utils
WARNING: sun.misc.Unsafe::objectFieldOffset will be removed in a future release
# Warmup Iteration   1: Input: n=1000000, keys=32768, observedHotFraction=0.900000, poolParallelism=3, availableProcessors=4
14.033 ms/op
# Warmup Iteration   2: 12.188 ms/op
# Warmup Iteration   3: 12.169 ms/op
# Warmup Iteration   4: 11.439 ms/op
# Warmup Iteration   5: 11.603 ms/op
Iteration   1: 11.371 ms/op
                 gc.alloc.rate:      1573.743 MB/sec
                 gc.alloc.rate.norm: 18768799.909 B/op
                 gc.count:           5.000 counts
                 gc.time:            7.000 ms

Iteration   2: 11.446 ms/op
                 gc.alloc.rate:      1563.321 MB/sec
                 gc.alloc.rate.norm: 18768830.909 B/op
                 gc.count:           6.000 counts
                 gc.time:            8.000 ms

Iteration   3: 11.359 ms/op
                 gc.alloc.rate:      1575.394 MB/sec
                 gc.alloc.rate.norm: 18768778.966 B/op
                 gc.count:           5.000 counts
                 gc.time:            6.000 ms

Iteration   4: 11.423 ms/op
                 gc.alloc.rate:      1566.558 MB/sec
                 gc.alloc.rate.norm: 18769087.818 B/op
                 gc.count:           5.000 counts
                 gc.time:            7.000 ms

Iteration   5: 11.433 ms/op
                 gc.alloc.rate:      1565.229 MB/sec
                 gc.alloc.rate.norm: 18768780.727 B/op
                 gc.count:           5.000 counts
                 gc.time:            6.000 ms


# Run progress: 40.74% complete, ETA 00:11:47
# Fork: 3 of 3
WARNING: A terminally deprecated method in sun.misc.Unsafe has been called
WARNING: sun.misc.Unsafe::objectFieldOffset has been called by org.openjdk.jmh.util.Utils (file:/home/test/Workspaces/JavaWorkspace/JavaStream_KeySkew/.deps/jmh-core-1.37.jar)
WARNING: Please consider reporting this to the maintainers of class org.openjdk.jmh.util.Utils
WARNING: sun.misc.Unsafe::objectFieldOffset will be removed in a future release
# Warmup Iteration   1: Input: n=1000000, keys=32768, observedHotFraction=0.900000, poolParallelism=3, availableProcessors=4
16.106 ms/op
# Warmup Iteration   2: 13.633 ms/op
# Warmup Iteration   3: 13.448 ms/op
# Warmup Iteration   4: 12.931 ms/op
# Warmup Iteration   5: 12.994 ms/op
Iteration   1: 12.801 ms/op
                 gc.alloc.rate:      1397.869 MB/sec
                 gc.alloc.rate.norm: 18768722.430 B/op
                 gc.count:           4.000 counts
                 gc.time:            7.000 ms

Iteration   2: 12.690 ms/op
                 gc.alloc.rate:      1410.023 MB/sec
                 gc.alloc.rate.norm: 18768772.658 B/op
                 gc.count:           5.000 counts
                 gc.time:            6.000 ms

Iteration   3: 12.655 ms/op
                 gc.alloc.rate:      1414.126 MB/sec
                 gc.alloc.rate.norm: 18768712.200 B/op
                 gc.count:           5.000 counts
                 gc.time:            6.000 ms

Iteration   4: 12.725 ms/op
                 gc.alloc.rate:      1406.343 MB/sec
                 gc.alloc.rate.norm: 18768731.544 B/op
                 gc.count:           4.000 counts
                 gc.time:            6.000 ms

Iteration   5: 12.765 ms/op
                 gc.alloc.rate:      1401.872 MB/sec
                 gc.alloc.rate.norm: 18768890.734 B/op
                 gc.count:           5.000 counts
                 gc.time:            6.000 ms



Result "research.skew.AggregationBenchmark.parallelConcurrentAdder":
  12.252 ±(99.9%) 0.665 ms/op [Average]
  (min, avg, max) = (11.359, 12.252, 12.801), stdev = 0.622
  CI (99.9%): [11.587, 12.918] (assumes normal distribution)

Secondary result "research.skew.AggregationBenchmark.parallelConcurrentAdder:gc.alloc.rate":
  1464.149 ±(99.9%) 82.295 MB/sec [Average]
  (min, avg, max) = (1397.869, 1464.149, 1575.394), stdev = 76.979
  CI (99.9%): [1381.854, 1546.444] (assumes normal distribution)

Secondary result "research.skew.AggregationBenchmark.parallelConcurrentAdder:gc.alloc.rate.norm":
  18768779.879 ±(99.9%) 112.532 B/op [Average]
  (min, avg, max) = (18768661.200, 18768779.879, 18769087.818), stdev = 105.263
  CI (99.9%): [18768667.347, 18768892.412] (assumes normal distribution)

Secondary result "research.skew.AggregationBenchmark.parallelConcurrentAdder:gc.count":
  73.000 ±(99.9%) 0.001 counts [Sum]
  (min, avg, max) = (4.000, 4.867, 6.000), stdev = 0.516
  CI (99.9%): [73.000, 73.000] (assumes normal distribution)

Secondary result "research.skew.AggregationBenchmark.parallelConcurrentAdder:gc.time":
  97.000 ±(99.9%) 0.001 ms [Sum]
  (min, avg, max) = (5.000, 6.467, 8.000), stdev = 0.743
  CI (99.9%): [97.000, 97.000] (assumes normal distribution)


# JMH version: 1.37
# VM version: JDK 25.0.4.1, OpenJDK 64-Bit Server VM, 25.0.4.1+1-LTS
# VM invoker: /home/test/jdk/jdk-25.0.4.1+1/bin/java
# VM options: -Xms512m -Xmx512m -Djava.util.concurrent.ForkJoinPool.common.parallelism=3
# Blackhole mode: compiler (auto-detected, use -Djmh.blackhole.autoDetect=false to disable)
# Warmup: 5 iterations, 1 s each
# Measurement: 5 iterations, 1 s each
# Timeout: 10 min per iteration
# Threads: 1 thread, will synchronize iterations
# Benchmark mode: Average time, time/op
# Benchmark: research.skew.AggregationBenchmark.parallelConcurrentAdder
# Parameters: (cardinality = 65536, distribution = uniform, seed = 20260929, size = 1000000)

# Run progress: 41.67% complete, ETA 00:11:36
# Fork: 1 of 3
WARNING: A terminally deprecated method in sun.misc.Unsafe has been called
WARNING: sun.misc.Unsafe::objectFieldOffset has been called by org.openjdk.jmh.util.Utils (file:/home/test/Workspaces/JavaWorkspace/JavaStream_KeySkew/.deps/jmh-core-1.37.jar)
WARNING: Please consider reporting this to the maintainers of class org.openjdk.jmh.util.Utils
WARNING: sun.misc.Unsafe::objectFieldOffset will be removed in a future release
# Warmup Iteration   1: Input: n=1000000, keys=65536, observedHotFraction=0.000016, poolParallelism=3, availableProcessors=4
42.404 ms/op
# Warmup Iteration   2: 34.103 ms/op
# Warmup Iteration   3: 34.019 ms/op
# Warmup Iteration   4: 34.057 ms/op
# Warmup Iteration   5: 36.777 ms/op
Iteration   1: 33.539 ms/op
                 gc.alloc.rate:      612.147 MB/sec
                 gc.alloc.rate.norm: 21533652.800 B/op
                 gc.count:           2.000 counts
                 gc.time:            9.000 ms

Iteration   2: 33.540 ms/op
                 gc.alloc.rate:      612.115 MB/sec
                 gc.alloc.rate.norm: 21534006.400 B/op
                 gc.count:           2.000 counts
                 gc.time:            8.000 ms

Iteration   3: 33.358 ms/op
                 gc.alloc.rate:      615.502 MB/sec
                 gc.alloc.rate.norm: 21533494.133 B/op
                 gc.count:           2.000 counts
                 gc.time:            7.000 ms

Iteration   4: 33.654 ms/op
                 gc.alloc.rate:      610.051 MB/sec
                 gc.alloc.rate.norm: 21533296.267 B/op
                 gc.count:           2.000 counts
                 gc.time:            5.000 ms

Iteration   5: 33.277 ms/op
                 gc.alloc.rate:      616.985 MB/sec
                 gc.alloc.rate.norm: 21533331.097 B/op
                 gc.count:           2.000 counts
                 gc.time:            6.000 ms


# Run progress: 42.59% complete, ETA 00:11:25
# Fork: 2 of 3
WARNING: A terminally deprecated method in sun.misc.Unsafe has been called
WARNING: sun.misc.Unsafe::objectFieldOffset has been called by org.openjdk.jmh.util.Utils (file:/home/test/Workspaces/JavaWorkspace/JavaStream_KeySkew/.deps/jmh-core-1.37.jar)
WARNING: Please consider reporting this to the maintainers of class org.openjdk.jmh.util.Utils
WARNING: sun.misc.Unsafe::objectFieldOffset will be removed in a future release
# Warmup Iteration   1: Input: n=1000000, keys=65536, observedHotFraction=0.000016, poolParallelism=3, availableProcessors=4
50.585 ms/op
# Warmup Iteration   2: 40.260 ms/op
# Warmup Iteration   3: 40.212 ms/op
# Warmup Iteration   4: 39.518 ms/op
# Warmup Iteration   5: 40.223 ms/op
Iteration   1: 39.285 ms/op
                 gc.alloc.rate:      522.601 MB/sec
                 gc.alloc.rate.norm: 21533282.769 B/op
                 gc.count:           2.000 counts
                 gc.time:            6.000 ms

Iteration   2: 39.907 ms/op
                 gc.alloc.rate:      514.392 MB/sec
                 gc.alloc.rate.norm: 21533294.462 B/op
                 gc.count:           2.000 counts
                 gc.time:            7.000 ms

Iteration   3: 39.421 ms/op
                 gc.alloc.rate:      520.813 MB/sec
                 gc.alloc.rate.norm: 21533088.923 B/op
                 gc.count:           2.000 counts
                 gc.time:            6.000 ms

Iteration   4: 39.494 ms/op
                 gc.alloc.rate:      519.860 MB/sec
                 gc.alloc.rate.norm: 21533168.000 B/op
                 gc.count:           1.000 counts
                 gc.time:            3.000 ms

Iteration   5: 39.376 ms/op
                 gc.alloc.rate:      521.411 MB/sec
                 gc.alloc.rate.norm: 21533464.615 B/op
                 gc.count:           2.000 counts
                 gc.time:            4.000 ms


# Run progress: 43.52% complete, ETA 00:11:14
# Fork: 3 of 3
WARNING: A terminally deprecated method in sun.misc.Unsafe has been called
WARNING: sun.misc.Unsafe::objectFieldOffset has been called by org.openjdk.jmh.util.Utils (file:/home/test/Workspaces/JavaWorkspace/JavaStream_KeySkew/.deps/jmh-core-1.37.jar)
WARNING: Please consider reporting this to the maintainers of class org.openjdk.jmh.util.Utils
WARNING: sun.misc.Unsafe::objectFieldOffset will be removed in a future release
# Warmup Iteration   1: Input: n=1000000, keys=65536, observedHotFraction=0.000016, poolParallelism=3, availableProcessors=4
40.629 ms/op
# Warmup Iteration   2: 34.321 ms/op
# Warmup Iteration   3: 33.974 ms/op
# Warmup Iteration   4: 34.055 ms/op
# Warmup Iteration   5: 33.829 ms/op
Iteration   1: 34.126 ms/op
                 gc.alloc.rate:      601.639 MB/sec
                 gc.alloc.rate.norm: 21533565.600 B/op
                 gc.count:           2.000 counts
                 gc.time:            6.000 ms

Iteration   2: 33.983 ms/op
                 gc.alloc.rate:      604.128 MB/sec
                 gc.alloc.rate.norm: 21533434.667 B/op
                 gc.count:           2.000 counts
                 gc.time:            5.000 ms

Iteration   3: 33.947 ms/op
                 gc.alloc.rate:      604.798 MB/sec
                 gc.alloc.rate.norm: 21533173.600 B/op
                 gc.count:           2.000 counts
                 gc.time:            7.000 ms

Iteration   4: 33.897 ms/op
                 gc.alloc.rate:      605.669 MB/sec
                 gc.alloc.rate.norm: 21533114.400 B/op
                 gc.count:           2.000 counts
                 gc.time:            5.000 ms

Iteration   5: 33.745 ms/op
                 gc.alloc.rate:      608.390 MB/sec
                 gc.alloc.rate.norm: 21533503.200 B/op
                 gc.count:           2.000 counts
                 gc.time:            6.000 ms



Result "research.skew.AggregationBenchmark.parallelConcurrentAdder":
  35.637 ±(99.9%) 3.033 ms/op [Average]
  (min, avg, max) = (33.277, 35.637, 39.907), stdev = 2.837
  CI (99.9%): [32.604, 38.670] (assumes normal distribution)

Secondary result "research.skew.AggregationBenchmark.parallelConcurrentAdder:gc.alloc.rate":
  579.367 ±(99.9%) 46.837 MB/sec [Average]
  (min, avg, max) = (514.392, 579.367, 616.985), stdev = 43.811
  CI (99.9%): [532.530, 626.203] (assumes normal distribution)

Secondary result "research.skew.AggregationBenchmark.parallelConcurrentAdder:gc.alloc.rate.norm":
  21533391.396 ±(99.9%) 256.612 B/op [Average]
  (min, avg, max) = (21533088.923, 21533391.396, 21534006.400), stdev = 240.035
  CI (99.9%): [21533134.783, 21533648.008] (assumes normal distribution)

Secondary result "research.skew.AggregationBenchmark.parallelConcurrentAdder:gc.count":
  29.000 ±(99.9%) 0.001 counts [Sum]
  (min, avg, max) = (1.000, 1.933, 2.000), stdev = 0.258
  CI (99.9%): [29.000, 29.000] (assumes normal distribution)

Secondary result "research.skew.AggregationBenchmark.parallelConcurrentAdder:gc.time":
  90.000 ±(99.9%) 0.001 ms [Sum]
  (min, avg, max) = (3.000, 6.000, 9.000), stdev = 1.512
  CI (99.9%): [90.000, 90.000] (assumes normal distribution)


# JMH version: 1.37
# VM version: JDK 25.0.4.1, OpenJDK 64-Bit Server VM, 25.0.4.1+1-LTS
# VM invoker: /home/test/jdk/jdk-25.0.4.1+1/bin/java
# VM options: -Xms512m -Xmx512m -Djava.util.concurrent.ForkJoinPool.common.parallelism=3
# Blackhole mode: compiler (auto-detected, use -Djmh.blackhole.autoDetect=false to disable)
# Warmup: 5 iterations, 1 s each
# Measurement: 5 iterations, 1 s each
# Timeout: 10 min per iteration
# Threads: 1 thread, will synchronize iterations
# Benchmark mode: Average time, time/op
# Benchmark: research.skew.AggregationBenchmark.parallelConcurrentAdder
# Parameters: (cardinality = 65536, distribution = hot50, seed = 20260929, size = 1000000)

# Run progress: 44.44% complete, ETA 00:11:03
# Fork: 1 of 3
WARNING: A terminally deprecated method in sun.misc.Unsafe has been called
WARNING: sun.misc.Unsafe::objectFieldOffset has been called by org.openjdk.jmh.util.Utils (file:/home/test/Workspaces/JavaWorkspace/JavaStream_KeySkew/.deps/jmh-core-1.37.jar)
WARNING: Please consider reporting this to the maintainers of class org.openjdk.jmh.util.Utils
WARNING: sun.misc.Unsafe::objectFieldOffset will be removed in a future release
# Warmup Iteration   1: Input: n=1000000, keys=65536, observedHotFraction=0.500000, poolParallelism=3, availableProcessors=4
32.927 ms/op
# Warmup Iteration   2: 26.940 ms/op
# Warmup Iteration   3: 27.002 ms/op
# Warmup Iteration   4: 26.625 ms/op
# Warmup Iteration   5: 26.737 ms/op
Iteration   1: 26.551 ms/op
                 gc.alloc.rate:      773.282 MB/sec
                 gc.alloc.rate.norm: 21533482.737 B/op
                 gc.count:           3.000 counts
                 gc.time:            25.000 ms

Iteration   2: 26.521 ms/op
                 gc.alloc.rate:      774.090 MB/sec
                 gc.alloc.rate.norm: 21533190.947 B/op
                 gc.count:           2.000 counts
                 gc.time:            5.000 ms

Iteration   3: 26.231 ms/op
                 gc.alloc.rate:      782.691 MB/sec
                 gc.alloc.rate.norm: 21533373.949 B/op
                 gc.count:           3.000 counts
                 gc.time:            9.000 ms

Iteration   4: 26.470 ms/op
                 gc.alloc.rate:      776.858 MB/sec
                 gc.alloc.rate.norm: 21567717.053 B/op
                 gc.count:           2.000 counts
                 gc.time:            5.000 ms

Iteration   5: 26.100 ms/op
                 gc.alloc.rate:      786.590 MB/sec
                 gc.alloc.rate.norm: 21533186.872 B/op
                 gc.count:           3.000 counts
                 gc.time:            9.000 ms


# Run progress: 45.37% complete, ETA 00:10:52
# Fork: 2 of 3
WARNING: A terminally deprecated method in sun.misc.Unsafe has been called
WARNING: sun.misc.Unsafe::objectFieldOffset has been called by org.openjdk.jmh.util.Utils (file:/home/test/Workspaces/JavaWorkspace/JavaStream_KeySkew/.deps/jmh-core-1.37.jar)
WARNING: Please consider reporting this to the maintainers of class org.openjdk.jmh.util.Utils
WARNING: sun.misc.Unsafe::objectFieldOffset will be removed in a future release
# Warmup Iteration   1: Input: n=1000000, keys=65536, observedHotFraction=0.500000, poolParallelism=3, availableProcessors=4
32.460 ms/op
# Warmup Iteration   2: 27.214 ms/op
# Warmup Iteration   3: 26.892 ms/op
# Warmup Iteration   4: 26.811 ms/op
# Warmup Iteration   5: 26.851 ms/op
Iteration   1: 26.626 ms/op
                 gc.alloc.rate:      771.109 MB/sec
                 gc.alloc.rate.norm: 21533644.842 B/op
                 gc.count:           2.000 counts
                 gc.time:            15.000 ms

Iteration   2: 26.784 ms/op
                 gc.alloc.rate:      767.714 MB/sec
                 gc.alloc.rate.norm: 21567900.421 B/op
                 gc.count:           3.000 counts
                 gc.time:            8.000 ms

Iteration   3: 26.466 ms/op
                 gc.alloc.rate:      775.760 MB/sec
                 gc.alloc.rate.norm: 21533314.105 B/op
                 gc.count:           3.000 counts
                 gc.time:            8.000 ms

Iteration   4: 26.489 ms/op
                 gc.alloc.rate:      775.078 MB/sec
                 gc.alloc.rate.norm: 21533486.105 B/op
                 gc.count:           2.000 counts
                 gc.time:            5.000 ms

Iteration   5: 26.384 ms/op
                 gc.alloc.rate:      778.187 MB/sec
                 gc.alloc.rate.norm: 21533436.421 B/op
                 gc.count:           3.000 counts
                 gc.time:            8.000 ms


# Run progress: 46.30% complete, ETA 00:10:41
# Fork: 3 of 3
WARNING: A terminally deprecated method in sun.misc.Unsafe has been called
WARNING: sun.misc.Unsafe::objectFieldOffset has been called by org.openjdk.jmh.util.Utils (file:/home/test/Workspaces/JavaWorkspace/JavaStream_KeySkew/.deps/jmh-core-1.37.jar)
WARNING: Please consider reporting this to the maintainers of class org.openjdk.jmh.util.Utils
WARNING: sun.misc.Unsafe::objectFieldOffset will be removed in a future release
# Warmup Iteration   1: Input: n=1000000, keys=65536, observedHotFraction=0.500000, poolParallelism=3, availableProcessors=4
34.941 ms/op
# Warmup Iteration   2: 29.001 ms/op
# Warmup Iteration   3: 29.170 ms/op
# Warmup Iteration   4: 28.725 ms/op
# Warmup Iteration   5: 28.680 ms/op
Iteration   1: 28.738 ms/op
                 gc.alloc.rate:      714.427 MB/sec
                 gc.alloc.rate.norm: 21533485.943 B/op
                 gc.count:           2.000 counts
                 gc.time:            18.000 ms

Iteration   2: 28.751 ms/op
                 gc.alloc.rate:      714.056 MB/sec
                 gc.alloc.rate.norm: 21533320.229 B/op
                 gc.count:           3.000 counts
                 gc.time:            15.000 ms

Iteration   3: 28.373 ms/op
                 gc.alloc.rate:      723.604 MB/sec
                 gc.alloc.rate.norm: 21533134.889 B/op
                 gc.count:           2.000 counts
                 gc.time:            4.000 ms

Iteration   4: 28.171 ms/op
                 gc.alloc.rate:      728.829 MB/sec
                 gc.alloc.rate.norm: 21533500.889 B/op
                 gc.count:           3.000 counts
                 gc.time:            8.000 ms

Iteration   5: 28.640 ms/op
                 gc.alloc.rate:      716.601 MB/sec
                 gc.alloc.rate.norm: 21533269.257 B/op
                 gc.count:           2.000 counts
                 gc.time:            5.000 ms



Result "research.skew.AggregationBenchmark.parallelConcurrentAdder":
  27.153 ±(99.9%) 1.103 ms/op [Average]
  (min, avg, max) = (26.100, 27.153, 28.751), stdev = 1.032
  CI (99.9%): [26.050, 28.256] (assumes normal distribution)

Secondary result "research.skew.AggregationBenchmark.parallelConcurrentAdder:gc.alloc.rate":
  757.258 ±(99.9%) 30.137 MB/sec [Average]
  (min, avg, max) = (714.056, 757.258, 786.590), stdev = 28.190
  CI (99.9%): [727.122, 787.395] (assumes normal distribution)

Secondary result "research.skew.AggregationBenchmark.parallelConcurrentAdder:gc.alloc.rate.norm":
  21537962.977 ±(99.9%) 12955.094 B/op [Average]
  (min, avg, max) = (21533134.889, 21537962.977, 21567900.421), stdev = 12118.203
  CI (99.9%): [21525007.883, 21550918.071] (assumes normal distribution)

Secondary result "research.skew.AggregationBenchmark.parallelConcurrentAdder:gc.count":
  38.000 ±(99.9%) 0.001 counts [Sum]
  (min, avg, max) = (2.000, 2.533, 3.000), stdev = 0.516
  CI (99.9%): [38.000, 38.000] (assumes normal distribution)

Secondary result "research.skew.AggregationBenchmark.parallelConcurrentAdder:gc.time":
  147.000 ±(99.9%) 0.001 ms [Sum]
  (min, avg, max) = (4.000, 9.800, 25.000), stdev = 5.931
  CI (99.9%): [147.000, 147.000] (assumes normal distribution)


# JMH version: 1.37
# VM version: JDK 25.0.4.1, OpenJDK 64-Bit Server VM, 25.0.4.1+1-LTS
# VM invoker: /home/test/jdk/jdk-25.0.4.1+1/bin/java
# VM options: -Xms512m -Xmx512m -Djava.util.concurrent.ForkJoinPool.common.parallelism=3
# Blackhole mode: compiler (auto-detected, use -Djmh.blackhole.autoDetect=false to disable)
# Warmup: 5 iterations, 1 s each
# Measurement: 5 iterations, 1 s each
# Timeout: 10 min per iteration
# Threads: 1 thread, will synchronize iterations
# Benchmark mode: Average time, time/op
# Benchmark: research.skew.AggregationBenchmark.parallelConcurrentAdder
# Parameters: (cardinality = 65536, distribution = hot90, seed = 20260929, size = 1000000)

# Run progress: 47.22% complete, ETA 00:10:30
# Fork: 1 of 3
WARNING: A terminally deprecated method in sun.misc.Unsafe has been called
WARNING: sun.misc.Unsafe::objectFieldOffset has been called by org.openjdk.jmh.util.Utils (file:/home/test/Workspaces/JavaWorkspace/JavaStream_KeySkew/.deps/jmh-core-1.37.jar)
WARNING: Please consider reporting this to the maintainers of class org.openjdk.jmh.util.Utils
WARNING: sun.misc.Unsafe::objectFieldOffset will be removed in a future release
# Warmup Iteration   1: Input: n=1000000, keys=65536, observedHotFraction=0.900000, poolParallelism=3, availableProcessors=4
79.292 ms/op
# Warmup Iteration   2: 63.482 ms/op
# Warmup Iteration   3: 77.806 ms/op
# Warmup Iteration   4: 65.416 ms/op
# Warmup Iteration   5: 91.895 ms/op
Iteration   1: 68.933 ms/op
                 gc.alloc.rate:      297.801 MB/sec
                 gc.alloc.rate.norm: 21531137.067 B/op
                 gc.count:           1.000 counts
                 gc.time:            11.000 ms

Iteration   2: 78.716 ms/op
                 gc.alloc.rate:      260.776 MB/sec
                 gc.alloc.rate.norm: 21531060.308 B/op
                 gc.count:           1.000 counts
                 gc.time:            14.000 ms

Iteration   3: 83.891 ms/op
                 gc.alloc.rate:      244.667 MB/sec
                 gc.alloc.rate.norm: 21530820.000 B/op
                 gc.count:           1.000 counts
                 gc.time:            10.000 ms

Iteration   4: 72.294 ms/op
                 gc.alloc.rate:      283.936 MB/sec
                 gc.alloc.rate.norm: 21530744.571 B/op
                 gc.count:           1.000 counts
                 gc.time:            12.000 ms

Iteration   5: 55.679 ms/op
                 gc.alloc.rate:      368.694 MB/sec
                 gc.alloc.rate.norm: 21530286.222 B/op
                 gc.count:           1.000 counts
                 gc.time:            12.000 ms


# Run progress: 48.15% complete, ETA 00:10:19
# Fork: 2 of 3
WARNING: A terminally deprecated method in sun.misc.Unsafe has been called
WARNING: sun.misc.Unsafe::objectFieldOffset has been called by org.openjdk.jmh.util.Utils (file:/home/test/Workspaces/JavaWorkspace/JavaStream_KeySkew/.deps/jmh-core-1.37.jar)
WARNING: Please consider reporting this to the maintainers of class org.openjdk.jmh.util.Utils
WARNING: sun.misc.Unsafe::objectFieldOffset will be removed in a future release
# Warmup Iteration   1: Input: n=1000000, keys=65536, observedHotFraction=0.900000, poolParallelism=3, availableProcessors=4
84.575 ms/op
# Warmup Iteration   2: 75.272 ms/op
# Warmup Iteration   3: 92.487 ms/op
# Warmup Iteration   4: 76.878 ms/op
# Warmup Iteration   5: 73.048 ms/op
Iteration   1: 61.943 ms/op
                 gc.alloc.rate:      331.405 MB/sec
                 gc.alloc.rate.norm: 21530754.353 B/op
                 gc.count:           2.000 counts
                 gc.time:            22.000 ms

Iteration   2: 69.841 ms/op
                 gc.alloc.rate:      293.920 MB/sec
                 gc.alloc.rate.norm: 21531025.000 B/op
                 gc.count:           1.000 counts
                 gc.time:            12.000 ms

Iteration   3: 92.652 ms/op
                 gc.alloc.rate:      221.562 MB/sec
                 gc.alloc.rate.norm: 21531026.909 B/op
                 gc.count:           1.000 counts
                 gc.time:            13.000 ms

Iteration   4: 65.423 ms/op
                 gc.alloc.rate:      313.770 MB/sec
                 gc.alloc.rate.norm: 21530561.500 B/op
                 gc.count:           1.000 counts
                 gc.time:            12.000 ms

Iteration   5: 108.217 ms/op
                 gc.alloc.rate:      189.683 MB/sec
                 gc.alloc.rate.norm: 21530273.600 B/op
                 gc.count:           ≈ 0 counts


# Run progress: 49.07% complete, ETA 00:10:09
# Fork: 3 of 3
WARNING: A terminally deprecated method in sun.misc.Unsafe has been called
WARNING: sun.misc.Unsafe::objectFieldOffset has been called by org.openjdk.jmh.util.Utils (file:/home/test/Workspaces/JavaWorkspace/JavaStream_KeySkew/.deps/jmh-core-1.37.jar)
WARNING: Please consider reporting this to the maintainers of class org.openjdk.jmh.util.Utils
WARNING: sun.misc.Unsafe::objectFieldOffset will be removed in a future release
# Warmup Iteration   1: Input: n=1000000, keys=65536, observedHotFraction=0.900000, poolParallelism=3, availableProcessors=4
78.634 ms/op
# Warmup Iteration   2: 63.472 ms/op
# Warmup Iteration   3: 68.285 ms/op
# Warmup Iteration   4: 73.054 ms/op
# Warmup Iteration   5: 90.330 ms/op
Iteration   1: 97.758 ms/op
                 gc.alloc.rate:      209.998 MB/sec
                 gc.alloc.rate.norm: 21530936.000 B/op
                 gc.count:           1.000 counts
                 gc.time:            11.000 ms

Iteration   2: 63.444 ms/op
                 gc.alloc.rate:      323.557 MB/sec
                 gc.alloc.rate.norm: 21531079.529 B/op
                 gc.count:           1.000 counts
                 gc.time:            13.000 ms

Iteration   3: 72.436 ms/op
                 gc.alloc.rate:      283.402 MB/sec
                 gc.alloc.rate.norm: 21530840.533 B/op
                 gc.count:           1.000 counts
                 gc.time:            11.000 ms

Iteration   4: 70.611 ms/op
                 gc.alloc.rate:      290.742 MB/sec
                 gc.alloc.rate.norm: 21530712.533 B/op
                 gc.count:           1.000 counts
                 gc.time:            11.000 ms

Iteration   5: 74.046 ms/op
                 gc.alloc.rate:      277.224 MB/sec
                 gc.alloc.rate.norm: 21530854.857 B/op
                 gc.count:           1.000 counts
                 gc.time:            13.000 ms



Result "research.skew.AggregationBenchmark.parallelConcurrentAdder":
  75.726 ±(99.9%) 15.345 ms/op [Average]
  (min, avg, max) = (55.679, 75.726, 108.217), stdev = 14.354
  CI (99.9%): [60.381, 91.071] (assumes normal distribution)

Secondary result "research.skew.AggregationBenchmark.parallelConcurrentAdder:gc.alloc.rate":
  279.409 ±(99.9%) 51.344 MB/sec [Average]
  (min, avg, max) = (189.683, 279.409, 368.694), stdev = 48.027
  CI (99.9%): [228.065, 330.753] (assumes normal distribution)

Secondary result "research.skew.AggregationBenchmark.parallelConcurrentAdder:gc.alloc.rate.norm":
  21530807.532 ±(99.9%) 285.014 B/op [Average]
  (min, avg, max) = (21530273.600, 21530807.532, 21531137.067), stdev = 266.602
  CI (99.9%): [21530522.518, 21531092.546] (assumes normal distribution)

Secondary result "research.skew.AggregationBenchmark.parallelConcurrentAdder:gc.count":
  15.000 ±(99.9%) 0.001 counts [Sum]
  (min, avg, max) = (≈ 0, 1.000, 2.000), stdev = 0.378
  CI (99.9%): [15.000, 15.000] (assumes normal distribution)

Secondary result "research.skew.AggregationBenchmark.parallelConcurrentAdder:gc.time":
  177.000 ±(99.9%) 0.001 ms [Sum]
  (min, avg, max) = (≈ 0, 11.800, 22.000), stdev = 4.296
  CI (99.9%): [177.000, 177.000] (assumes normal distribution)


# JMH version: 1.37
# VM version: JDK 25.0.4.1, OpenJDK 64-Bit Server VM, 25.0.4.1+1-LTS
# VM invoker: /home/test/jdk/jdk-25.0.4.1+1/bin/java
# VM options: -Xms512m -Xmx512m -Djava.util.concurrent.ForkJoinPool.common.parallelism=3
# Blackhole mode: compiler (auto-detected, use -Djmh.blackhole.autoDetect=false to disable)
# Warmup: 5 iterations, 1 s each
# Measurement: 5 iterations, 1 s each
# Timeout: 10 min per iteration
# Threads: 1 thread, will synchronize iterations
# Benchmark mode: Average time, time/op
# Benchmark: research.skew.AggregationBenchmark.parallelMerge
# Parameters: (cardinality = 16384, distribution = uniform, seed = 20260929, size = 1000000)

# Run progress: 50.00% complete, ETA 00:09:58
# Fork: 1 of 3
WARNING: A terminally deprecated method in sun.misc.Unsafe has been called
WARNING: sun.misc.Unsafe::objectFieldOffset has been called by org.openjdk.jmh.util.Utils (file:/home/test/Workspaces/JavaWorkspace/JavaStream_KeySkew/.deps/jmh-core-1.37.jar)
WARNING: Please consider reporting this to the maintainers of class org.openjdk.jmh.util.Utils
WARNING: sun.misc.Unsafe::objectFieldOffset will be removed in a future release
# Warmup Iteration   1: Input: n=1000000, keys=16384, observedHotFraction=0.000062, poolParallelism=3, availableProcessors=4
24.846 ms/op
# Warmup Iteration   2: 23.999 ms/op
# Warmup Iteration   3: 24.407 ms/op
# Warmup Iteration   4: 22.037 ms/op
# Warmup Iteration   5: 22.336 ms/op
Iteration   1: 22.134 ms/op
                 gc.alloc.rate:      1493.784 MB/sec
                 gc.alloc.rate.norm: 34677802.957 B/op
                 gc.count:           5.000 counts
                 gc.time:            22.000 ms

Iteration   2: 22.216 ms/op
                 gc.alloc.rate:      1488.307 MB/sec
                 gc.alloc.rate.norm: 34677800.348 B/op
                 gc.count:           5.000 counts
                 gc.time:            23.000 ms

Iteration   3: 23.371 ms/op
                 gc.alloc.rate:      1414.752 MB/sec
                 gc.alloc.rate.norm: 34677814.884 B/op
                 gc.count:           5.000 counts
                 gc.time:            24.000 ms

Iteration   4: 21.927 ms/op
                 gc.alloc.rate:      1507.874 MB/sec
                 gc.alloc.rate.norm: 34677802.435 B/op
                 gc.count:           5.000 counts
                 gc.time:            20.000 ms

Iteration   5: 21.731 ms/op
                 gc.alloc.rate:      1521.467 MB/sec
                 gc.alloc.rate.norm: 34677800.340 B/op
                 gc.count:           5.000 counts
                 gc.time:            21.000 ms


# Run progress: 50.93% complete, ETA 00:09:46
# Fork: 2 of 3
WARNING: A terminally deprecated method in sun.misc.Unsafe has been called
WARNING: sun.misc.Unsafe::objectFieldOffset has been called by org.openjdk.jmh.util.Utils (file:/home/test/Workspaces/JavaWorkspace/JavaStream_KeySkew/.deps/jmh-core-1.37.jar)
WARNING: Please consider reporting this to the maintainers of class org.openjdk.jmh.util.Utils
WARNING: sun.misc.Unsafe::objectFieldOffset will be removed in a future release
# Warmup Iteration   1: Input: n=1000000, keys=16384, observedHotFraction=0.000062, poolParallelism=3, availableProcessors=4
25.516 ms/op
# Warmup Iteration   2: 23.243 ms/op
# Warmup Iteration   3: 23.197 ms/op
# Warmup Iteration   4: 22.077 ms/op
# Warmup Iteration   5: 22.121 ms/op
Iteration   1: 22.039 ms/op
                 gc.alloc.rate:      1500.208 MB/sec
                 gc.alloc.rate.norm: 34677801.391 B/op
                 gc.count:           5.000 counts
                 gc.time:            24.000 ms

Iteration   2: 22.069 ms/op
                 gc.alloc.rate:      1498.112 MB/sec
                 gc.alloc.rate.norm: 34677800.870 B/op
                 gc.count:           5.000 counts
                 gc.time:            22.000 ms

Iteration   3: 23.471 ms/op
                 gc.alloc.rate:      1408.686 MB/sec
                 gc.alloc.rate.norm: 34677812.093 B/op
                 gc.count:           5.000 counts
                 gc.time:            24.000 ms

Iteration   4: 21.999 ms/op
                 gc.alloc.rate:      1502.937 MB/sec
                 gc.alloc.rate.norm: 34677803.478 B/op
                 gc.count:           5.000 counts
                 gc.time:            24.000 ms

Iteration   5: 21.913 ms/op
                 gc.alloc.rate:      1508.696 MB/sec
                 gc.alloc.rate.norm: 34677801.043 B/op
                 gc.count:           5.000 counts
                 gc.time:            23.000 ms


# Run progress: 51.85% complete, ETA 00:09:35
# Fork: 3 of 3
WARNING: A terminally deprecated method in sun.misc.Unsafe has been called
WARNING: sun.misc.Unsafe::objectFieldOffset has been called by org.openjdk.jmh.util.Utils (file:/home/test/Workspaces/JavaWorkspace/JavaStream_KeySkew/.deps/jmh-core-1.37.jar)
WARNING: Please consider reporting this to the maintainers of class org.openjdk.jmh.util.Utils
WARNING: sun.misc.Unsafe::objectFieldOffset will be removed in a future release
# Warmup Iteration   1: Input: n=1000000, keys=16384, observedHotFraction=0.000062, poolParallelism=3, availableProcessors=4
25.142 ms/op
# Warmup Iteration   2: 23.560 ms/op
# Warmup Iteration   3: 23.933 ms/op
# Warmup Iteration   4: 22.073 ms/op
# Warmup Iteration   5: 22.119 ms/op
Iteration   1: 22.109 ms/op
                 gc.alloc.rate:      1495.493 MB/sec
                 gc.alloc.rate.norm: 34677803.478 B/op
                 gc.count:           5.000 counts
                 gc.time:            24.000 ms

Iteration   2: 22.239 ms/op
                 gc.alloc.rate:      1486.621 MB/sec
                 gc.alloc.rate.norm: 34677804.622 B/op
                 gc.count:           5.000 counts
                 gc.time:            23.000 ms

Iteration   3: 22.473 ms/op
                 gc.alloc.rate:      1471.302 MB/sec
                 gc.alloc.rate.norm: 34677807.822 B/op
                 gc.count:           5.000 counts
                 gc.time:            24.000 ms

Iteration   4: 22.072 ms/op
                 gc.alloc.rate:      1497.959 MB/sec
                 gc.alloc.rate.norm: 34677797.217 B/op
                 gc.count:           5.000 counts
                 gc.time:            25.000 ms

Iteration   5: 22.996 ms/op
                 gc.alloc.rate:      1437.782 MB/sec
                 gc.alloc.rate.norm: 34677807.636 B/op
                 gc.count:           5.000 counts
                 gc.time:            23.000 ms



Result "research.skew.AggregationBenchmark.parallelMerge":
  22.317 ±(99.9%) 0.570 ms/op [Average]
  (min, avg, max) = (21.731, 22.317, 23.471), stdev = 0.533
  CI (99.9%): [21.748, 22.887] (assumes normal distribution)

Secondary result "research.skew.AggregationBenchmark.parallelMerge:gc.alloc.rate":
  1482.265 ±(99.9%) 36.781 MB/sec [Average]
  (min, avg, max) = (1408.686, 1482.265, 1521.467), stdev = 34.405
  CI (99.9%): [1445.484, 1519.046] (assumes normal distribution)

Secondary result "research.skew.AggregationBenchmark.parallelMerge:gc.alloc.rate.norm":
  34677804.041 ±(99.9%) 5.065 B/op [Average]
  (min, avg, max) = (34677797.217, 34677804.041, 34677814.884), stdev = 4.738
  CI (99.9%): [34677798.976, 34677809.106] (assumes normal distribution)

Secondary result "research.skew.AggregationBenchmark.parallelMerge:gc.count":
  75.000 ±(99.9%) 0.001 counts [Sum]
  (min, avg, max) = (5.000, 5.000, 5.000), stdev = 0.001
  CI (99.9%): [75.000, 75.000] (assumes normal distribution)

Secondary result "research.skew.AggregationBenchmark.parallelMerge:gc.time":
  346.000 ±(99.9%) 0.001 ms [Sum]
  (min, avg, max) = (20.000, 23.067, 25.000), stdev = 1.335
  CI (99.9%): [346.000, 346.000] (assumes normal distribution)


# JMH version: 1.37
# VM version: JDK 25.0.4.1, OpenJDK 64-Bit Server VM, 25.0.4.1+1-LTS
# VM invoker: /home/test/jdk/jdk-25.0.4.1+1/bin/java
# VM options: -Xms512m -Xmx512m -Djava.util.concurrent.ForkJoinPool.common.parallelism=3
# Blackhole mode: compiler (auto-detected, use -Djmh.blackhole.autoDetect=false to disable)
# Warmup: 5 iterations, 1 s each
# Measurement: 5 iterations, 1 s each
# Timeout: 10 min per iteration
# Threads: 1 thread, will synchronize iterations
# Benchmark mode: Average time, time/op
# Benchmark: research.skew.AggregationBenchmark.parallelMerge
# Parameters: (cardinality = 16384, distribution = hot50, seed = 20260929, size = 1000000)

# Run progress: 52.78% complete, ETA 00:09:24
# Fork: 1 of 3
WARNING: A terminally deprecated method in sun.misc.Unsafe has been called
WARNING: sun.misc.Unsafe::objectFieldOffset has been called by org.openjdk.jmh.util.Utils (file:/home/test/Workspaces/JavaWorkspace/JavaStream_KeySkew/.deps/jmh-core-1.37.jar)
WARNING: Please consider reporting this to the maintainers of class org.openjdk.jmh.util.Utils
WARNING: sun.misc.Unsafe::objectFieldOffset will be removed in a future release
# Warmup Iteration   1: Input: n=1000000, keys=16384, observedHotFraction=0.500000, poolParallelism=3, availableProcessors=4
22.674 ms/op
# Warmup Iteration   2: 21.223 ms/op
# Warmup Iteration   3: 21.349 ms/op
# Warmup Iteration   4: 19.536 ms/op
# Warmup Iteration   5: 19.388 ms/op
Iteration   1: 19.367 ms/op
                 gc.alloc.rate:      1643.391 MB/sec
                 gc.alloc.rate.norm: 33380106.615 B/op
                 gc.count:           6.000 counts
                 gc.time:            20.000 ms

Iteration   2: 20.155 ms/op
                 gc.alloc.rate:      1578.919 MB/sec
                 gc.alloc.rate.norm: 33380112.640 B/op
                 gc.count:           5.000 counts
                 gc.time:            18.000 ms

Iteration   3: 19.463 ms/op
                 gc.alloc.rate:      1635.145 MB/sec
                 gc.alloc.rate.norm: 33380104.769 B/op
                 gc.count:           5.000 counts
                 gc.time:            16.000 ms

Iteration   4: 19.841 ms/op
                 gc.alloc.rate:      1604.157 MB/sec
                 gc.alloc.rate.norm: 33380109.020 B/op
                 gc.count:           6.000 counts
                 gc.time:            20.000 ms

Iteration   5: 19.171 ms/op
                 gc.alloc.rate:      1660.102 MB/sec
                 gc.alloc.rate.norm: 33380104.151 B/op
                 gc.count:           5.000 counts
                 gc.time:            17.000 ms


# Run progress: 53.70% complete, ETA 00:09:13
# Fork: 2 of 3
WARNING: A terminally deprecated method in sun.misc.Unsafe has been called
WARNING: sun.misc.Unsafe::objectFieldOffset has been called by org.openjdk.jmh.util.Utils (file:/home/test/Workspaces/JavaWorkspace/JavaStream_KeySkew/.deps/jmh-core-1.37.jar)
WARNING: Please consider reporting this to the maintainers of class org.openjdk.jmh.util.Utils
WARNING: sun.misc.Unsafe::objectFieldOffset will be removed in a future release
# Warmup Iteration   1: Input: n=1000000, keys=16384, observedHotFraction=0.500000, poolParallelism=3, availableProcessors=4
22.112 ms/op
# Warmup Iteration   2: 21.224 ms/op
# Warmup Iteration   3: 20.808 ms/op
# Warmup Iteration   4: 19.467 ms/op
# Warmup Iteration   5: 19.444 ms/op
Iteration   1: 19.505 ms/op
                 gc.alloc.rate:      1631.640 MB/sec
                 gc.alloc.rate.norm: 33380106.000 B/op
                 gc.count:           6.000 counts
                 gc.time:            24.000 ms

Iteration   2: 20.779 ms/op
                 gc.alloc.rate:      1531.551 MB/sec
                 gc.alloc.rate.norm: 33380114.939 B/op
                 gc.count:           5.000 counts
                 gc.time:            20.000 ms

Iteration   3: 19.643 ms/op
                 gc.alloc.rate:      1620.291 MB/sec
                 gc.alloc.rate.norm: 33380110.588 B/op
                 gc.count:           6.000 counts
                 gc.time:            21.000 ms

Iteration   4: 19.348 ms/op
                 gc.alloc.rate:      1644.998 MB/sec
                 gc.alloc.rate.norm: 33380106.000 B/op
                 gc.count:           5.000 counts
                 gc.time:            19.000 ms

Iteration   5: 19.387 ms/op
                 gc.alloc.rate:      1641.431 MB/sec
                 gc.alloc.rate.norm: 33380104.769 B/op
                 gc.count:           6.000 counts
                 gc.time:            25.000 ms


# Run progress: 54.63% complete, ETA 00:09:01
# Fork: 3 of 3
WARNING: A terminally deprecated method in sun.misc.Unsafe has been called
WARNING: sun.misc.Unsafe::objectFieldOffset has been called by org.openjdk.jmh.util.Utils (file:/home/test/Workspaces/JavaWorkspace/JavaStream_KeySkew/.deps/jmh-core-1.37.jar)
WARNING: Please consider reporting this to the maintainers of class org.openjdk.jmh.util.Utils
WARNING: sun.misc.Unsafe::objectFieldOffset will be removed in a future release
# Warmup Iteration   1: Input: n=1000000, keys=16384, observedHotFraction=0.500000, poolParallelism=3, availableProcessors=4
21.944 ms/op
# Warmup Iteration   2: 21.385 ms/op
# Warmup Iteration   3: 21.161 ms/op
# Warmup Iteration   4: 19.602 ms/op
# Warmup Iteration   5: 19.438 ms/op
Iteration   1: 19.381 ms/op
                 gc.alloc.rate:      1642.210 MB/sec
                 gc.alloc.rate.norm: 33380105.538 B/op
                 gc.count:           6.000 counts
                 gc.time:            15.000 ms

Iteration   2: 19.753 ms/op
                 gc.alloc.rate:      1611.192 MB/sec
                 gc.alloc.rate.norm: 33380105.725 B/op
                 gc.count:           5.000 counts
                 gc.time:            20.000 ms

Iteration   3: 19.577 ms/op
                 gc.alloc.rate:      1625.719 MB/sec
                 gc.alloc.rate.norm: 33380108.769 B/op
                 gc.count:           6.000 counts
                 gc.time:            20.000 ms

Iteration   4: 19.792 ms/op
                 gc.alloc.rate:      1607.711 MB/sec
                 gc.alloc.rate.norm: 33380108.078 B/op
                 gc.count:           5.000 counts
                 gc.time:            17.000 ms

Iteration   5: 19.415 ms/op
                 gc.alloc.rate:      1639.174 MB/sec
                 gc.alloc.rate.norm: 33380105.231 B/op
                 gc.count:           6.000 counts
                 gc.time:            19.000 ms



Result "research.skew.AggregationBenchmark.parallelMerge":
  19.638 ±(99.9%) 0.429 ms/op [Average]
  (min, avg, max) = (19.171, 19.638, 20.779), stdev = 0.401
  CI (99.9%): [19.209, 20.067] (assumes normal distribution)

Secondary result "research.skew.AggregationBenchmark.parallelMerge:gc.alloc.rate":
  1621.175 ±(99.9%) 34.367 MB/sec [Average]
  (min, avg, max) = (1531.551, 1621.175, 1660.102), stdev = 32.147
  CI (99.9%): [1586.808, 1655.542] (assumes normal distribution)

Secondary result "research.skew.AggregationBenchmark.parallelMerge:gc.alloc.rate.norm":
  33380107.522 ±(99.9%) 3.370 B/op [Average]
  (min, avg, max) = (33380104.151, 33380107.522, 33380114.939), stdev = 3.152
  CI (99.9%): [33380104.152, 33380110.892] (assumes normal distribution)

Secondary result "research.skew.AggregationBenchmark.parallelMerge:gc.count":
  83.000 ±(99.9%) 0.001 counts [Sum]
  (min, avg, max) = (5.000, 5.533, 6.000), stdev = 0.516
  CI (99.9%): [83.000, 83.000] (assumes normal distribution)

Secondary result "research.skew.AggregationBenchmark.parallelMerge:gc.time":
  291.000 ±(99.9%) 0.001 ms [Sum]
  (min, avg, max) = (15.000, 19.400, 25.000), stdev = 2.694
  CI (99.9%): [291.000, 291.000] (assumes normal distribution)


# JMH version: 1.37
# VM version: JDK 25.0.4.1, OpenJDK 64-Bit Server VM, 25.0.4.1+1-LTS
# VM invoker: /home/test/jdk/jdk-25.0.4.1+1/bin/java
# VM options: -Xms512m -Xmx512m -Djava.util.concurrent.ForkJoinPool.common.parallelism=3
# Blackhole mode: compiler (auto-detected, use -Djmh.blackhole.autoDetect=false to disable)
# Warmup: 5 iterations, 1 s each
# Measurement: 5 iterations, 1 s each
# Timeout: 10 min per iteration
# Threads: 1 thread, will synchronize iterations
# Benchmark mode: Average time, time/op
# Benchmark: research.skew.AggregationBenchmark.parallelMerge
# Parameters: (cardinality = 16384, distribution = hot90, seed = 20260929, size = 1000000)

# Run progress: 55.56% complete, ETA 00:08:50
# Fork: 1 of 3
WARNING: A terminally deprecated method in sun.misc.Unsafe has been called
WARNING: sun.misc.Unsafe::objectFieldOffset has been called by org.openjdk.jmh.util.Utils (file:/home/test/Workspaces/JavaWorkspace/JavaStream_KeySkew/.deps/jmh-core-1.37.jar)
WARNING: Please consider reporting this to the maintainers of class org.openjdk.jmh.util.Utils
WARNING: sun.misc.Unsafe::objectFieldOffset will be removed in a future release
# Warmup Iteration   1: Input: n=1000000, keys=16384, observedHotFraction=0.900000, poolParallelism=3, availableProcessors=4
13.880 ms/op
# Warmup Iteration   2: 13.023 ms/op
# Warmup Iteration   3: 12.504 ms/op
# Warmup Iteration   4: 11.951 ms/op
# Warmup Iteration   5: 12.386 ms/op
Iteration   1: 11.798 ms/op
                 gc.alloc.rate:      1987.310 MB/sec
                 gc.alloc.rate.norm: 24592196.988 B/op
                 gc.count:           6.000 counts
                 gc.time:            7.000 ms

Iteration   2: 11.886 ms/op
                 gc.alloc.rate:      1972.530 MB/sec
                 gc.alloc.rate.norm: 24592199.247 B/op
                 gc.count:           7.000 counts
                 gc.time:            9.000 ms

Iteration   3: 11.736 ms/op
                 gc.alloc.rate:      1997.858 MB/sec
                 gc.alloc.rate.norm: 24592194.977 B/op
                 gc.count:           6.000 counts
                 gc.time:            7.000 ms

Iteration   4: 11.950 ms/op
                 gc.alloc.rate:      1962.091 MB/sec
                 gc.alloc.rate.norm: 24592199.048 B/op
                 gc.count:           7.000 counts
                 gc.time:            9.000 ms

Iteration   5: 11.937 ms/op
                 gc.alloc.rate:      1964.053 MB/sec
                 gc.alloc.rate.norm: 24592199.429 B/op
                 gc.count:           6.000 counts
                 gc.time:            7.000 ms


# Run progress: 56.48% complete, ETA 00:08:39
# Fork: 2 of 3
WARNING: A terminally deprecated method in sun.misc.Unsafe has been called
WARNING: sun.misc.Unsafe::objectFieldOffset has been called by org.openjdk.jmh.util.Utils (file:/home/test/Workspaces/JavaWorkspace/JavaStream_KeySkew/.deps/jmh-core-1.37.jar)
WARNING: Please consider reporting this to the maintainers of class org.openjdk.jmh.util.Utils
WARNING: sun.misc.Unsafe::objectFieldOffset will be removed in a future release
# Warmup Iteration   1: Input: n=1000000, keys=16384, observedHotFraction=0.900000, poolParallelism=3, availableProcessors=4
13.986 ms/op
# Warmup Iteration   2: 13.183 ms/op
# Warmup Iteration   3: 12.406 ms/op
# Warmup Iteration   4: 11.897 ms/op
# Warmup Iteration   5: 12.308 ms/op
Iteration   1: 12.198 ms/op
                 gc.alloc.rate:      1922.166 MB/sec
                 gc.alloc.rate.norm: 24592200.289 B/op
                 gc.count:           6.000 counts
                 gc.time:            8.000 ms

Iteration   2: 11.899 ms/op
                 gc.alloc.rate:      1970.350 MB/sec
                 gc.alloc.rate.norm: 24592199.341 B/op
                 gc.count:           7.000 counts
                 gc.time:            9.000 ms

Iteration   3: 11.807 ms/op
                 gc.alloc.rate:      1985.770 MB/sec
                 gc.alloc.rate.norm: 24592199.812 B/op
                 gc.count:           6.000 counts
                 gc.time:            8.000 ms

Iteration   4: 11.882 ms/op
                 gc.alloc.rate:      1973.420 MB/sec
                 gc.alloc.rate.norm: 24592198.400 B/op
                 gc.count:           7.000 counts
                 gc.time:            9.000 ms

Iteration   5: 11.878 ms/op
                 gc.alloc.rate:      1973.934 MB/sec
                 gc.alloc.rate.norm: 24592200.471 B/op
                 gc.count:           6.000 counts
                 gc.time:            8.000 ms


# Run progress: 57.41% complete, ETA 00:08:28
# Fork: 3 of 3
WARNING: A terminally deprecated method in sun.misc.Unsafe has been called
WARNING: sun.misc.Unsafe::objectFieldOffset has been called by org.openjdk.jmh.util.Utils (file:/home/test/Workspaces/JavaWorkspace/JavaStream_KeySkew/.deps/jmh-core-1.37.jar)
WARNING: Please consider reporting this to the maintainers of class org.openjdk.jmh.util.Utils
WARNING: sun.misc.Unsafe::objectFieldOffset will be removed in a future release
# Warmup Iteration   1: Input: n=1000000, keys=16384, observedHotFraction=0.900000, poolParallelism=3, availableProcessors=4
13.851 ms/op
# Warmup Iteration   2: 13.295 ms/op
# Warmup Iteration   3: 12.395 ms/op
# Warmup Iteration   4: 12.154 ms/op
# Warmup Iteration   5: 12.202 ms/op
Iteration   1: 12.594 ms/op
                 gc.alloc.rate:      1861.813 MB/sec
                 gc.alloc.rate.norm: 24592206.000 B/op
                 gc.count:           6.000 counts
                 gc.time:            8.000 ms

Iteration   2: 12.009 ms/op
                 gc.alloc.rate:      1952.488 MB/sec
                 gc.alloc.rate.norm: 24592199.619 B/op
                 gc.count:           6.000 counts
                 gc.time:            8.000 ms

Iteration   3: 11.941 ms/op
                 gc.alloc.rate:      1963.537 MB/sec
                 gc.alloc.rate.norm: 24592200.762 B/op
                 gc.count:           7.000 counts
                 gc.time:            8.000 ms

Iteration   4: 11.972 ms/op
                 gc.alloc.rate:      1958.518 MB/sec
                 gc.alloc.rate.norm: 24592200.476 B/op
                 gc.count:           6.000 counts
                 gc.time:            6.000 ms

Iteration   5: 12.077 ms/op
                 gc.alloc.rate:      1941.472 MB/sec
                 gc.alloc.rate.norm: 24592202.699 B/op
                 gc.count:           7.000 counts
                 gc.time:            8.000 ms



Result "research.skew.AggregationBenchmark.parallelMerge":
  11.971 ±(99.9%) 0.221 ms/op [Average]
  (min, avg, max) = (11.736, 11.971, 12.594), stdev = 0.206
  CI (99.9%): [11.751, 12.192] (assumes normal distribution)

Secondary result "research.skew.AggregationBenchmark.parallelMerge:gc.alloc.rate":
  1959.154 ±(99.9%) 34.968 MB/sec [Average]
  (min, avg, max) = (1861.813, 1959.154, 1997.858), stdev = 32.709
  CI (99.9%): [1924.186, 1994.122] (assumes normal distribution)

Secondary result "research.skew.AggregationBenchmark.parallelMerge:gc.alloc.rate.norm":
  24592199.837 ±(99.9%) 2.607 B/op [Average]
  (min, avg, max) = (24592194.977, 24592199.837, 24592206.000), stdev = 2.439
  CI (99.9%): [24592197.230, 24592202.444] (assumes normal distribution)

Secondary result "research.skew.AggregationBenchmark.parallelMerge:gc.count":
  96.000 ±(99.9%) 0.001 counts [Sum]
  (min, avg, max) = (6.000, 6.400, 7.000), stdev = 0.507
  CI (99.9%): [96.000, 96.000] (assumes normal distribution)

Secondary result "research.skew.AggregationBenchmark.parallelMerge:gc.time":
  119.000 ±(99.9%) 0.001 ms [Sum]
  (min, avg, max) = (6.000, 7.933, 9.000), stdev = 0.884
  CI (99.9%): [119.000, 119.000] (assumes normal distribution)


# JMH version: 1.37
# VM version: JDK 25.0.4.1, OpenJDK 64-Bit Server VM, 25.0.4.1+1-LTS
# VM invoker: /home/test/jdk/jdk-25.0.4.1+1/bin/java
# VM options: -Xms512m -Xmx512m -Djava.util.concurrent.ForkJoinPool.common.parallelism=3
# Blackhole mode: compiler (auto-detected, use -Djmh.blackhole.autoDetect=false to disable)
# Warmup: 5 iterations, 1 s each
# Measurement: 5 iterations, 1 s each
# Timeout: 10 min per iteration
# Threads: 1 thread, will synchronize iterations
# Benchmark mode: Average time, time/op
# Benchmark: research.skew.AggregationBenchmark.parallelMerge
# Parameters: (cardinality = 32768, distribution = uniform, seed = 20260929, size = 1000000)

# Run progress: 58.33% complete, ETA 00:08:16
# Fork: 1 of 3
WARNING: A terminally deprecated method in sun.misc.Unsafe has been called
WARNING: sun.misc.Unsafe::objectFieldOffset has been called by org.openjdk.jmh.util.Utils (file:/home/test/Workspaces/JavaWorkspace/JavaStream_KeySkew/.deps/jmh-core-1.37.jar)
WARNING: Please consider reporting this to the maintainers of class org.openjdk.jmh.util.Utils
WARNING: sun.misc.Unsafe::objectFieldOffset will be removed in a future release
# Warmup Iteration   1: Input: n=1000000, keys=32768, observedHotFraction=0.000031, poolParallelism=3, availableProcessors=4
44.970 ms/op
# Warmup Iteration   2: 43.513 ms/op
# Warmup Iteration   3: 42.821 ms/op
# Warmup Iteration   4: 41.894 ms/op
# Warmup Iteration   5: 40.573 ms/op
Iteration   1: 39.912 ms/op
                 gc.alloc.rate:      1212.698 MB/sec
                 gc.alloc.rate.norm: 50763267.385 B/op
                 gc.count:           4.000 counts
                 gc.time:            32.000 ms

Iteration   2: 40.212 ms/op
                 gc.alloc.rate:      1203.555 MB/sec
                 gc.alloc.rate.norm: 50763280.000 B/op
                 gc.count:           4.000 counts
                 gc.time:            33.000 ms

Iteration   3: 40.378 ms/op
                 gc.alloc.rate:      1198.698 MB/sec
                 gc.alloc.rate.norm: 50763280.000 B/op
                 gc.count:           4.000 counts
                 gc.time:            35.000 ms

Iteration   4: 40.123 ms/op
                 gc.alloc.rate:      1206.285 MB/sec
                 gc.alloc.rate.norm: 50763279.040 B/op
                 gc.count:           5.000 counts
                 gc.time:            41.000 ms

Iteration   5: 39.942 ms/op
                 gc.alloc.rate:      1211.758 MB/sec
                 gc.alloc.rate.norm: 50763268.308 B/op
                 gc.count:           4.000 counts
                 gc.time:            32.000 ms


# Run progress: 59.26% complete, ETA 00:08:05
# Fork: 2 of 3
WARNING: A terminally deprecated method in sun.misc.Unsafe has been called
WARNING: sun.misc.Unsafe::objectFieldOffset has been called by org.openjdk.jmh.util.Utils (file:/home/test/Workspaces/JavaWorkspace/JavaStream_KeySkew/.deps/jmh-core-1.37.jar)
WARNING: Please consider reporting this to the maintainers of class org.openjdk.jmh.util.Utils
WARNING: sun.misc.Unsafe::objectFieldOffset will be removed in a future release
# Warmup Iteration   1: Input: n=1000000, keys=32768, observedHotFraction=0.000031, poolParallelism=3, availableProcessors=4
44.876 ms/op
# Warmup Iteration   2: 43.933 ms/op
# Warmup Iteration   3: 42.767 ms/op
# Warmup Iteration   4: 42.038 ms/op
# Warmup Iteration   5: 40.180 ms/op
Iteration   1: 39.722 ms/op
                 gc.alloc.rate:      1218.491 MB/sec
                 gc.alloc.rate.norm: 50763264.615 B/op
                 gc.count:           4.000 counts
                 gc.time:            32.000 ms

Iteration   2: 40.079 ms/op
                 gc.alloc.rate:      1207.533 MB/sec
                 gc.alloc.rate.norm: 50763276.160 B/op
                 gc.count:           4.000 counts
                 gc.time:            34.000 ms

Iteration   3: 39.638 ms/op
                 gc.alloc.rate:      1221.033 MB/sec
                 gc.alloc.rate.norm: 50763263.692 B/op
                 gc.count:           5.000 counts
                 gc.time:            41.000 ms

Iteration   4: 40.188 ms/op
                 gc.alloc.rate:      1204.355 MB/sec
                 gc.alloc.rate.norm: 50763277.120 B/op
                 gc.count:           4.000 counts
                 gc.time:            34.000 ms

Iteration   5: 39.676 ms/op
                 gc.alloc.rate:      1219.875 MB/sec
                 gc.alloc.rate.norm: 50763263.077 B/op
                 gc.count:           4.000 counts
                 gc.time:            32.000 ms


# Run progress: 60.19% complete, ETA 00:07:54
# Fork: 3 of 3
WARNING: A terminally deprecated method in sun.misc.Unsafe has been called
WARNING: sun.misc.Unsafe::objectFieldOffset has been called by org.openjdk.jmh.util.Utils (file:/home/test/Workspaces/JavaWorkspace/JavaStream_KeySkew/.deps/jmh-core-1.37.jar)
WARNING: Please consider reporting this to the maintainers of class org.openjdk.jmh.util.Utils
WARNING: sun.misc.Unsafe::objectFieldOffset will be removed in a future release
# Warmup Iteration   1: Input: n=1000000, keys=32768, observedHotFraction=0.000031, poolParallelism=3, availableProcessors=4
45.047 ms/op
# Warmup Iteration   2: 41.392 ms/op
# Warmup Iteration   3: 42.919 ms/op
# Warmup Iteration   4: 41.417 ms/op
# Warmup Iteration   5: 39.852 ms/op
Iteration   1: 39.709 ms/op
                 gc.alloc.rate:      1218.877 MB/sec
                 gc.alloc.rate.norm: 50763263.692 B/op
                 gc.count:           5.000 counts
                 gc.time:            35.000 ms

Iteration   2: 39.893 ms/op
                 gc.alloc.rate:      1213.199 MB/sec
                 gc.alloc.rate.norm: 50763264.923 B/op
                 gc.count:           4.000 counts
                 gc.time:            34.000 ms

Iteration   3: 39.728 ms/op
                 gc.alloc.rate:      1218.254 MB/sec
                 gc.alloc.rate.norm: 50763265.538 B/op
                 gc.count:           4.000 counts
                 gc.time:            33.000 ms

Iteration   4: 39.829 ms/op
                 gc.alloc.rate:      1215.205 MB/sec
                 gc.alloc.rate.norm: 50763260.923 B/op
                 gc.count:           5.000 counts
                 gc.time:            46.000 ms

Iteration   5: 39.662 ms/op
                 gc.alloc.rate:      1220.258 MB/sec
                 gc.alloc.rate.norm: 50763263.077 B/op
                 gc.count:           4.000 counts
                 gc.time:            33.000 ms



Result "research.skew.AggregationBenchmark.parallelMerge":
  39.913 ±(99.9%) 0.250 ms/op [Average]
  (min, avg, max) = (39.638, 39.913, 40.378), stdev = 0.234
  CI (99.9%): [39.662, 40.163] (assumes normal distribution)

Secondary result "research.skew.AggregationBenchmark.parallelMerge:gc.alloc.rate":
  1212.672 ±(99.9%) 7.587 MB/sec [Average]
  (min, avg, max) = (1198.698, 1212.672, 1221.033), stdev = 7.097
  CI (99.9%): [1205.084, 1220.259] (assumes normal distribution)

Secondary result "research.skew.AggregationBenchmark.parallelMerge:gc.alloc.rate.norm":
  50763269.170 ±(99.9%) 7.571 B/op [Average]
  (min, avg, max) = (50763260.923, 50763269.170, 50763280.000), stdev = 7.082
  CI (99.9%): [50763261.599, 50763276.741] (assumes normal distribution)

Secondary result "research.skew.AggregationBenchmark.parallelMerge:gc.count":
  64.000 ±(99.9%) 0.001 counts [Sum]
  (min, avg, max) = (4.000, 4.267, 5.000), stdev = 0.458
  CI (99.9%): [64.000, 64.000] (assumes normal distribution)

Secondary result "research.skew.AggregationBenchmark.parallelMerge:gc.time":
  527.000 ±(99.9%) 0.001 ms [Sum]
  (min, avg, max) = (32.000, 35.133, 46.000), stdev = 4.172
  CI (99.9%): [527.000, 527.000] (assumes normal distribution)


# JMH version: 1.37
# VM version: JDK 25.0.4.1, OpenJDK 64-Bit Server VM, 25.0.4.1+1-LTS
# VM invoker: /home/test/jdk/jdk-25.0.4.1+1/bin/java
# VM options: -Xms512m -Xmx512m -Djava.util.concurrent.ForkJoinPool.common.parallelism=3
# Blackhole mode: compiler (auto-detected, use -Djmh.blackhole.autoDetect=false to disable)
# Warmup: 5 iterations, 1 s each
# Measurement: 5 iterations, 1 s each
# Timeout: 10 min per iteration
# Threads: 1 thread, will synchronize iterations
# Benchmark mode: Average time, time/op
# Benchmark: research.skew.AggregationBenchmark.parallelMerge
# Parameters: (cardinality = 32768, distribution = hot50, seed = 20260929, size = 1000000)

# Run progress: 61.11% complete, ETA 00:07:43
# Fork: 1 of 3
WARNING: A terminally deprecated method in sun.misc.Unsafe has been called
WARNING: sun.misc.Unsafe::objectFieldOffset has been called by org.openjdk.jmh.util.Utils (file:/home/test/Workspaces/JavaWorkspace/JavaStream_KeySkew/.deps/jmh-core-1.37.jar)
WARNING: Please consider reporting this to the maintainers of class org.openjdk.jmh.util.Utils
WARNING: sun.misc.Unsafe::objectFieldOffset will be removed in a future release
# Warmup Iteration   1: Input: n=1000000, keys=32768, observedHotFraction=0.500000, poolParallelism=3, availableProcessors=4
35.220 ms/op
# Warmup Iteration   2: 33.463 ms/op
# Warmup Iteration   3: 34.172 ms/op
# Warmup Iteration   4: 31.271 ms/op
# Warmup Iteration   5: 30.851 ms/op
Iteration   1: 30.772 ms/op
                 gc.alloc.rate:      1340.201 MB/sec
                 gc.alloc.rate.norm: 43255273.455 B/op
                 gc.count:           5.000 counts
                 gc.time:            31.000 ms

Iteration   2: 31.048 ms/op
                 gc.alloc.rate:      1328.283 MB/sec
                 gc.alloc.rate.norm: 43255273.939 B/op
                 gc.count:           4.000 counts
                 gc.time:            35.000 ms

Iteration   3: 30.590 ms/op
                 gc.alloc.rate:      1348.197 MB/sec
                 gc.alloc.rate.norm: 43255271.758 B/op
                 gc.count:           5.000 counts
                 gc.time:            27.000 ms

Iteration   4: 31.023 ms/op
                 gc.alloc.rate:      1329.422 MB/sec
                 gc.alloc.rate.norm: 43255276.121 B/op
                 gc.count:           5.000 counts
                 gc.time:            48.000 ms

Iteration   5: 30.769 ms/op
                 gc.alloc.rate:      1340.249 MB/sec
                 gc.alloc.rate.norm: 43255274.909 B/op
                 gc.count:           4.000 counts
                 gc.time:            21.000 ms


# Run progress: 62.04% complete, ETA 00:07:32
# Fork: 2 of 3
WARNING: A terminally deprecated method in sun.misc.Unsafe has been called
WARNING: sun.misc.Unsafe::objectFieldOffset has been called by org.openjdk.jmh.util.Utils (file:/home/test/Workspaces/JavaWorkspace/JavaStream_KeySkew/.deps/jmh-core-1.37.jar)
WARNING: Please consider reporting this to the maintainers of class org.openjdk.jmh.util.Utils
WARNING: sun.misc.Unsafe::objectFieldOffset will be removed in a future release
# Warmup Iteration   1: Input: n=1000000, keys=32768, observedHotFraction=0.500000, poolParallelism=3, availableProcessors=4
33.021 ms/op
# Warmup Iteration   2: 31.467 ms/op
# Warmup Iteration   3: 31.147 ms/op
# Warmup Iteration   4: 31.310 ms/op
# Warmup Iteration   5: 31.050 ms/op
Iteration   1: 30.996 ms/op
                 gc.alloc.rate:      1330.596 MB/sec
                 gc.alloc.rate.norm: 43255273.939 B/op
                 gc.count:           4.000 counts
                 gc.time:            26.000 ms

Iteration   2: 31.420 ms/op
                 gc.alloc.rate:      1312.481 MB/sec
                 gc.alloc.rate.norm: 43255277.500 B/op
                 gc.count:           5.000 counts
                 gc.time:            37.000 ms

Iteration   3: 30.999 ms/op
                 gc.alloc.rate:      1330.457 MB/sec
                 gc.alloc.rate.norm: 43255273.939 B/op
                 gc.count:           5.000 counts
                 gc.time:            46.000 ms

Iteration   4: 30.836 ms/op
                 gc.alloc.rate:      1337.493 MB/sec
                 gc.alloc.rate.norm: 43255272.485 B/op
                 gc.count:           4.000 counts
                 gc.time:            40.000 ms

Iteration   5: 31.041 ms/op
                 gc.alloc.rate:      1328.598 MB/sec
                 gc.alloc.rate.norm: 43255272.727 B/op
                 gc.count:           5.000 counts
                 gc.time:            45.000 ms


# Run progress: 62.96% complete, ETA 00:07:21
# Fork: 3 of 3
WARNING: A terminally deprecated method in sun.misc.Unsafe has been called
WARNING: sun.misc.Unsafe::objectFieldOffset has been called by org.openjdk.jmh.util.Utils (file:/home/test/Workspaces/JavaWorkspace/JavaStream_KeySkew/.deps/jmh-core-1.37.jar)
WARNING: Please consider reporting this to the maintainers of class org.openjdk.jmh.util.Utils
WARNING: sun.misc.Unsafe::objectFieldOffset will be removed in a future release
# Warmup Iteration   1: Input: n=1000000, keys=32768, observedHotFraction=0.500000, poolParallelism=3, availableProcessors=4
34.908 ms/op
# Warmup Iteration   2: 33.724 ms/op
# Warmup Iteration   3: 33.552 ms/op
# Warmup Iteration   4: 31.715 ms/op
# Warmup Iteration   5: 30.984 ms/op
Iteration   1: 30.919 ms/op
                 gc.alloc.rate:      1333.884 MB/sec
                 gc.alloc.rate.norm: 43255272.485 B/op
                 gc.count:           5.000 counts
                 gc.time:            47.000 ms

Iteration   2: 31.231 ms/op
                 gc.alloc.rate:      1320.375 MB/sec
                 gc.alloc.rate.norm: 43255268.121 B/op
                 gc.count:           4.000 counts
                 gc.time:            38.000 ms

Iteration   3: 30.911 ms/op
                 gc.alloc.rate:      1334.208 MB/sec
                 gc.alloc.rate.norm: 43255270.303 B/op
                 gc.count:           5.000 counts
                 gc.time:            32.000 ms

Iteration   4: 31.135 ms/op
                 gc.alloc.rate:      1324.543 MB/sec
                 gc.alloc.rate.norm: 43255271.273 B/op
                 gc.count:           5.000 counts
                 gc.time:            47.000 ms

Iteration   5: 30.973 ms/op
                 gc.alloc.rate:      1331.528 MB/sec
                 gc.alloc.rate.norm: 43255273.455 B/op
                 gc.count:           4.000 counts
                 gc.time:            21.000 ms



Result "research.skew.AggregationBenchmark.parallelMerge":
  30.977 ±(99.9%) 0.214 ms/op [Average]
  (min, avg, max) = (30.590, 30.977, 31.420), stdev = 0.200
  CI (99.9%): [30.764, 31.191] (assumes normal distribution)

Secondary result "research.skew.AggregationBenchmark.parallelMerge:gc.alloc.rate":
  1331.368 ±(99.9%) 9.208 MB/sec [Average]
  (min, avg, max) = (1312.481, 1331.368, 1348.197), stdev = 8.613
  CI (99.9%): [1322.160, 1340.576] (assumes normal distribution)

Secondary result "research.skew.AggregationBenchmark.parallelMerge:gc.alloc.rate.norm":
  43255273.094 ±(99.9%) 2.437 B/op [Average]
  (min, avg, max) = (43255268.121, 43255273.094, 43255277.500), stdev = 2.280
  CI (99.9%): [43255270.657, 43255275.531] (assumes normal distribution)

Secondary result "research.skew.AggregationBenchmark.parallelMerge:gc.count":
  69.000 ±(99.9%) 0.001 counts [Sum]
  (min, avg, max) = (4.000, 4.600, 5.000), stdev = 0.507
  CI (99.9%): [69.000, 69.000] (assumes normal distribution)

Secondary result "research.skew.AggregationBenchmark.parallelMerge:gc.time":
  541.000 ±(99.9%) 0.001 ms [Sum]
  (min, avg, max) = (21.000, 36.067, 48.000), stdev = 9.490
  CI (99.9%): [541.000, 541.000] (assumes normal distribution)


# JMH version: 1.37
# VM version: JDK 25.0.4.1, OpenJDK 64-Bit Server VM, 25.0.4.1+1-LTS
# VM invoker: /home/test/jdk/jdk-25.0.4.1+1/bin/java
# VM options: -Xms512m -Xmx512m -Djava.util.concurrent.ForkJoinPool.common.parallelism=3
# Blackhole mode: compiler (auto-detected, use -Djmh.blackhole.autoDetect=false to disable)
# Warmup: 5 iterations, 1 s each
# Measurement: 5 iterations, 1 s each
# Timeout: 10 min per iteration
# Threads: 1 thread, will synchronize iterations
# Benchmark mode: Average time, time/op
# Benchmark: research.skew.AggregationBenchmark.parallelMerge
# Parameters: (cardinality = 32768, distribution = hot90, seed = 20260929, size = 1000000)

# Run progress: 63.89% complete, ETA 00:07:10
# Fork: 1 of 3
WARNING: A terminally deprecated method in sun.misc.Unsafe has been called
WARNING: sun.misc.Unsafe::objectFieldOffset has been called by org.openjdk.jmh.util.Utils (file:/home/test/Workspaces/JavaWorkspace/JavaStream_KeySkew/.deps/jmh-core-1.37.jar)
WARNING: Please consider reporting this to the maintainers of class org.openjdk.jmh.util.Utils
WARNING: sun.misc.Unsafe::objectFieldOffset will be removed in a future release
# Warmup Iteration   1: Input: n=1000000, keys=32768, observedHotFraction=0.900000, poolParallelism=3, availableProcessors=4
17.483 ms/op
# Warmup Iteration   2: 16.751 ms/op
# Warmup Iteration   3: 16.284 ms/op
# Warmup Iteration   4: 15.332 ms/op
# Warmup Iteration   5: 15.385 ms/op
Iteration   1: 16.073 ms/op
                 gc.alloc.rate:      1600.654 MB/sec
                 gc.alloc.rate.norm: 26983519.111 B/op
                 gc.count:           5.000 counts
                 gc.time:            16.000 ms

Iteration   2: 15.337 ms/op
                 gc.alloc.rate:      1677.342 MB/sec
                 gc.alloc.rate.norm: 26983514.061 B/op
                 gc.count:           5.000 counts
                 gc.time:            13.000 ms

Iteration   3: 15.174 ms/op
                 gc.alloc.rate:      1695.476 MB/sec
                 gc.alloc.rate.norm: 26983514.424 B/op
                 gc.count:           6.000 counts
                 gc.time:            16.000 ms

Iteration   4: 15.161 ms/op
                 gc.alloc.rate:      1696.966 MB/sec
                 gc.alloc.rate.norm: 26983514.788 B/op
                 gc.count:           6.000 counts
                 gc.time:            16.000 ms

Iteration   5: 15.277 ms/op
                 gc.alloc.rate:      1683.989 MB/sec
                 gc.alloc.rate.norm: 26983516.970 B/op
                 gc.count:           5.000 counts
                 gc.time:            13.000 ms


# Run progress: 64.81% complete, ETA 00:06:59
# Fork: 2 of 3
WARNING: A terminally deprecated method in sun.misc.Unsafe has been called
WARNING: sun.misc.Unsafe::objectFieldOffset has been called by org.openjdk.jmh.util.Utils (file:/home/test/Workspaces/JavaWorkspace/JavaStream_KeySkew/.deps/jmh-core-1.37.jar)
WARNING: Please consider reporting this to the maintainers of class org.openjdk.jmh.util.Utils
WARNING: sun.misc.Unsafe::objectFieldOffset will be removed in a future release
# Warmup Iteration   1: Input: n=1000000, keys=32768, observedHotFraction=0.900000, poolParallelism=3, availableProcessors=4
17.126 ms/op
# Warmup Iteration   2: 16.847 ms/op
# Warmup Iteration   3: 16.470 ms/op
# Warmup Iteration   4: 15.202 ms/op
# Warmup Iteration   5: 15.252 ms/op
Iteration   1: 16.029 ms/op
                 gc.alloc.rate:      1604.955 MB/sec
                 gc.alloc.rate.norm: 26983517.206 B/op
                 gc.count:           5.000 counts
                 gc.time:            16.000 ms

Iteration   2: 15.206 ms/op
                 gc.alloc.rate:      1691.654 MB/sec
                 gc.alloc.rate.norm: 26983511.515 B/op
                 gc.count:           5.000 counts
                 gc.time:            14.000 ms

Iteration   3: 15.118 ms/op
                 gc.alloc.rate:      1701.761 MB/sec
                 gc.alloc.rate.norm: 26983509.015 B/op
                 gc.count:           6.000 counts
                 gc.time:            16.000 ms

Iteration   4: 15.084 ms/op
                 gc.alloc.rate:      1705.549 MB/sec
                 gc.alloc.rate.norm: 26983510.090 B/op
                 gc.count:           6.000 counts
                 gc.time:            16.000 ms

Iteration   5: 15.078 ms/op
                 gc.alloc.rate:      1706.194 MB/sec
                 gc.alloc.rate.norm: 26983514.149 B/op
                 gc.count:           6.000 counts
                 gc.time:            16.000 ms


# Run progress: 65.74% complete, ETA 00:06:48
# Fork: 3 of 3
WARNING: A terminally deprecated method in sun.misc.Unsafe has been called
WARNING: sun.misc.Unsafe::objectFieldOffset has been called by org.openjdk.jmh.util.Utils (file:/home/test/Workspaces/JavaWorkspace/JavaStream_KeySkew/.deps/jmh-core-1.37.jar)
WARNING: Please consider reporting this to the maintainers of class org.openjdk.jmh.util.Utils
WARNING: sun.misc.Unsafe::objectFieldOffset will be removed in a future release
# Warmup Iteration   1: Input: n=1000000, keys=32768, observedHotFraction=0.900000, poolParallelism=3, availableProcessors=4
17.702 ms/op
# Warmup Iteration   2: 16.456 ms/op
# Warmup Iteration   3: 16.150 ms/op
# Warmup Iteration   4: 15.140 ms/op
# Warmup Iteration   5: 15.229 ms/op
Iteration   1: 15.349 ms/op
                 gc.alloc.rate:      1675.972 MB/sec
                 gc.alloc.rate.norm: 26983510.788 B/op
                 gc.count:           5.000 counts
                 gc.time:            20.000 ms

Iteration   2: 16.020 ms/op
                 gc.alloc.rate:      1605.800 MB/sec
                 gc.alloc.rate.norm: 26983520.635 B/op
                 gc.count:           6.000 counts
                 gc.time:            18.000 ms

Iteration   3: 15.159 ms/op
                 gc.alloc.rate:      1697.109 MB/sec
                 gc.alloc.rate.norm: 26983516.242 B/op
                 gc.count:           5.000 counts
                 gc.time:            13.000 ms

Iteration   4: 15.105 ms/op
                 gc.alloc.rate:      1703.239 MB/sec
                 gc.alloc.rate.norm: 26983515.104 B/op
                 gc.count:           6.000 counts
                 gc.time:            19.000 ms

Iteration   5: 15.146 ms/op
                 gc.alloc.rate:      1698.609 MB/sec
                 gc.alloc.rate.norm: 26983512.358 B/op
                 gc.count:           6.000 counts
                 gc.time:            13.000 ms



Result "research.skew.AggregationBenchmark.parallelMerge":
  15.355 ±(99.9%) 0.390 ms/op [Average]
  (min, avg, max) = (15.078, 15.355, 16.073), stdev = 0.365
  CI (99.9%): [14.965, 15.744] (assumes normal distribution)

Secondary result "research.skew.AggregationBenchmark.parallelMerge:gc.alloc.rate":
  1676.351 ±(99.9%) 41.333 MB/sec [Average]
  (min, avg, max) = (1600.654, 1676.351, 1706.194), stdev = 38.663
  CI (99.9%): [1635.018, 1717.684] (assumes normal distribution)

Secondary result "research.skew.AggregationBenchmark.parallelMerge:gc.alloc.rate.norm":
  26983514.430 ±(99.9%) 3.533 B/op [Average]
  (min, avg, max) = (26983509.015, 26983514.430, 26983520.635), stdev = 3.304
  CI (99.9%): [26983510.898, 26983517.963] (assumes normal distribution)

Secondary result "research.skew.AggregationBenchmark.parallelMerge:gc.count":
  83.000 ±(99.9%) 0.001 counts [Sum]
  (min, avg, max) = (5.000, 5.533, 6.000), stdev = 0.516
  CI (99.9%): [83.000, 83.000] (assumes normal distribution)

Secondary result "research.skew.AggregationBenchmark.parallelMerge:gc.time":
  235.000 ±(99.9%) 0.001 ms [Sum]
  (min, avg, max) = (13.000, 15.667, 20.000), stdev = 2.193
  CI (99.9%): [235.000, 235.000] (assumes normal distribution)


# JMH version: 1.37
# VM version: JDK 25.0.4.1, OpenJDK 64-Bit Server VM, 25.0.4.1+1-LTS
# VM invoker: /home/test/jdk/jdk-25.0.4.1+1/bin/java
# VM options: -Xms512m -Xmx512m -Djava.util.concurrent.ForkJoinPool.common.parallelism=3
# Blackhole mode: compiler (auto-detected, use -Djmh.blackhole.autoDetect=false to disable)
# Warmup: 5 iterations, 1 s each
# Measurement: 5 iterations, 1 s each
# Timeout: 10 min per iteration
# Threads: 1 thread, will synchronize iterations
# Benchmark mode: Average time, time/op
# Benchmark: research.skew.AggregationBenchmark.parallelMerge
# Parameters: (cardinality = 65536, distribution = uniform, seed = 20260929, size = 1000000)

# Run progress: 66.67% complete, ETA 00:06:37
# Fork: 1 of 3
WARNING: A terminally deprecated method in sun.misc.Unsafe has been called
WARNING: sun.misc.Unsafe::objectFieldOffset has been called by org.openjdk.jmh.util.Utils (file:/home/test/Workspaces/JavaWorkspace/JavaStream_KeySkew/.deps/jmh-core-1.37.jar)
WARNING: Please consider reporting this to the maintainers of class org.openjdk.jmh.util.Utils
WARNING: sun.misc.Unsafe::objectFieldOffset will be removed in a future release
# Warmup Iteration   1: Input: n=1000000, keys=65536, observedHotFraction=0.000016, poolParallelism=3, availableProcessors=4
99.022 ms/op
# Warmup Iteration   2: 93.049 ms/op
# Warmup Iteration   3: 92.571 ms/op
# Warmup Iteration   4: 91.840 ms/op
# Warmup Iteration   5: 92.131 ms/op
Iteration   1: 94.371 ms/op
                 gc.alloc.rate:      712.249 MB/sec
                 gc.alloc.rate.norm: 70498410.182 B/op
                 gc.count:           11.000 counts
                 gc.time:            291.000 ms

Iteration   2: 91.951 ms/op
                 gc.alloc.rate:      729.047 MB/sec
                 gc.alloc.rate.norm: 70498353.333 B/op
                 gc.count:           13.000 counts
                 gc.time:            297.000 ms

Iteration   3: 90.883 ms/op
                 gc.alloc.rate:      739.600 MB/sec
                 gc.alloc.rate.norm: 70498357.333 B/op
                 gc.count:           11.000 counts
                 gc.time:            298.000 ms

Iteration   4: 91.423 ms/op
                 gc.alloc.rate:      735.200 MB/sec
                 gc.alloc.rate.norm: 70498360.000 B/op
                 gc.count:           11.000 counts
                 gc.time:            300.000 ms

Iteration   5: 91.408 ms/op
                 gc.alloc.rate:      735.321 MB/sec
                 gc.alloc.rate.norm: 70498360.000 B/op
                 gc.count:           12.000 counts
                 gc.time:            305.000 ms


# Run progress: 67.59% complete, ETA 00:06:26
# Fork: 2 of 3
WARNING: A terminally deprecated method in sun.misc.Unsafe has been called
WARNING: sun.misc.Unsafe::objectFieldOffset has been called by org.openjdk.jmh.util.Utils (file:/home/test/Workspaces/JavaWorkspace/JavaStream_KeySkew/.deps/jmh-core-1.37.jar)
WARNING: Please consider reporting this to the maintainers of class org.openjdk.jmh.util.Utils
WARNING: sun.misc.Unsafe::objectFieldOffset will be removed in a future release
# Warmup Iteration   1: Input: n=1000000, keys=65536, observedHotFraction=0.000016, poolParallelism=3, availableProcessors=4
103.994 ms/op
# Warmup Iteration   2: 93.808 ms/op
# Warmup Iteration   3: 97.158 ms/op
# Warmup Iteration   4: 94.522 ms/op
# Warmup Iteration   5: 90.972 ms/op
Iteration   1: 92.956 ms/op
                 gc.alloc.rate:      723.060 MB/sec
                 gc.alloc.rate.norm: 70498354.000 B/op
                 gc.count:           12.000 counts
                 gc.time:            297.000 ms

Iteration   2: 97.759 ms/op
                 gc.alloc.rate:      687.521 MB/sec
                 gc.alloc.rate.norm: 70498410.182 B/op
                 gc.count:           14.000 counts
                 gc.time:            286.000 ms

Iteration   3: 94.599 ms/op
                 gc.alloc.rate:      710.529 MB/sec
                 gc.alloc.rate.norm: 70498408.000 B/op
                 gc.count:           12.000 counts
                 gc.time:            275.000 ms

Iteration   4: 97.712 ms/op
                 gc.alloc.rate:      687.875 MB/sec
                 gc.alloc.rate.norm: 70498412.364 B/op
                 gc.count:           12.000 counts
                 gc.time:            285.000 ms

Iteration   5: 94.709 ms/op
                 gc.alloc.rate:      709.623 MB/sec
                 gc.alloc.rate.norm: 70498413.091 B/op
                 gc.count:           12.000 counts
                 gc.time:            285.000 ms


# Run progress: 68.52% complete, ETA 00:06:15
# Fork: 3 of 3
WARNING: A terminally deprecated method in sun.misc.Unsafe has been called
WARNING: sun.misc.Unsafe::objectFieldOffset has been called by org.openjdk.jmh.util.Utils (file:/home/test/Workspaces/JavaWorkspace/JavaStream_KeySkew/.deps/jmh-core-1.37.jar)
WARNING: Please consider reporting this to the maintainers of class org.openjdk.jmh.util.Utils
WARNING: sun.misc.Unsafe::objectFieldOffset will be removed in a future release
# Warmup Iteration   1: Input: n=1000000, keys=65536, observedHotFraction=0.000016, poolParallelism=3, availableProcessors=4
104.820 ms/op
# Warmup Iteration   2: 91.433 ms/op
# Warmup Iteration   3: 93.917 ms/op
# Warmup Iteration   4: 93.680 ms/op
# Warmup Iteration   5: 92.084 ms/op
Iteration   1: 90.248 ms/op
                 gc.alloc.rate:      744.748 MB/sec
                 gc.alloc.rate.norm: 70498357.333 B/op
                 gc.count:           14.000 counts
                 gc.time:            289.000 ms

Iteration   2: 92.861 ms/op
                 gc.alloc.rate:      723.749 MB/sec
                 gc.alloc.rate.norm: 70498412.364 B/op
                 gc.count:           11.000 counts
                 gc.time:            292.000 ms

Iteration   3: 92.069 ms/op
                 gc.alloc.rate:      730.068 MB/sec
                 gc.alloc.rate.norm: 70498405.818 B/op
                 gc.count:           10.000 counts
                 gc.time:            273.000 ms

Iteration   4: 92.330 ms/op
                 gc.alloc.rate:      728.012 MB/sec
                 gc.alloc.rate.norm: 70498358.000 B/op
                 gc.count:           12.000 counts
                 gc.time:            308.000 ms

Iteration   5: 90.795 ms/op
                 gc.alloc.rate:      740.268 MB/sec
                 gc.alloc.rate.norm: 70498360.000 B/op
                 gc.count:           12.000 counts
                 gc.time:            303.000 ms



Result "research.skew.AggregationBenchmark.parallelMerge":
  93.072 ±(99.9%) 2.499 ms/op [Average]
  (min, avg, max) = (90.248, 93.072, 97.759), stdev = 2.338
  CI (99.9%): [90.573, 95.571] (assumes normal distribution)

Secondary result "research.skew.AggregationBenchmark.parallelMerge:gc.alloc.rate":
  722.458 ±(99.9%) 18.948 MB/sec [Average]
  (min, avg, max) = (687.521, 722.458, 744.748), stdev = 17.724
  CI (99.9%): [703.510, 741.406] (assumes normal distribution)

Secondary result "research.skew.AggregationBenchmark.parallelMerge:gc.alloc.rate.norm":
  70498382.133 ±(99.9%) 29.267 B/op [Average]
  (min, avg, max) = (70498353.333, 70498382.133, 70498413.091), stdev = 27.377
  CI (99.9%): [70498352.866, 70498411.401] (assumes normal distribution)

Secondary result "research.skew.AggregationBenchmark.parallelMerge:gc.count":
  179.000 ±(99.9%) 0.001 counts [Sum]
  (min, avg, max) = (10.000, 11.933, 14.000), stdev = 1.100
  CI (99.9%): [179.000, 179.000] (assumes normal distribution)

Secondary result "research.skew.AggregationBenchmark.parallelMerge:gc.time":
  4384.000 ±(99.9%) 0.001 ms [Sum]
  (min, avg, max) = (273.000, 292.267, 308.000), stdev = 10.313
  CI (99.9%): [4384.000, 4384.000] (assumes normal distribution)


# JMH version: 1.37
# VM version: JDK 25.0.4.1, OpenJDK 64-Bit Server VM, 25.0.4.1+1-LTS
# VM invoker: /home/test/jdk/jdk-25.0.4.1+1/bin/java
# VM options: -Xms512m -Xmx512m -Djava.util.concurrent.ForkJoinPool.common.parallelism=3
# Blackhole mode: compiler (auto-detected, use -Djmh.blackhole.autoDetect=false to disable)
# Warmup: 5 iterations, 1 s each
# Measurement: 5 iterations, 1 s each
# Timeout: 10 min per iteration
# Threads: 1 thread, will synchronize iterations
# Benchmark mode: Average time, time/op
# Benchmark: research.skew.AggregationBenchmark.parallelMerge
# Parameters: (cardinality = 65536, distribution = hot50, seed = 20260929, size = 1000000)

# Run progress: 69.44% complete, ETA 00:06:04
# Fork: 1 of 3
WARNING: A terminally deprecated method in sun.misc.Unsafe has been called
WARNING: sun.misc.Unsafe::objectFieldOffset has been called by org.openjdk.jmh.util.Utils (file:/home/test/Workspaces/JavaWorkspace/JavaStream_KeySkew/.deps/jmh-core-1.37.jar)
WARNING: Please consider reporting this to the maintainers of class org.openjdk.jmh.util.Utils
WARNING: sun.misc.Unsafe::objectFieldOffset will be removed in a future release
# Warmup Iteration   1: Input: n=1000000, keys=65536, observedHotFraction=0.500000, poolParallelism=3, availableProcessors=4
70.340 ms/op
# Warmup Iteration   2: 66.278 ms/op
# Warmup Iteration   3: 68.934 ms/op
# Warmup Iteration   4: 67.906 ms/op
# Warmup Iteration   5: 68.803 ms/op
Iteration   1: 67.608 ms/op
                 gc.alloc.rate:      790.508 MB/sec
                 gc.alloc.rate.norm: 56055788.267 B/op
                 gc.count:           10.000 counts
                 gc.time:            211.000 ms

Iteration   2: 67.929 ms/op
                 gc.alloc.rate:      786.670 MB/sec
                 gc.alloc.rate.norm: 56055789.867 B/op
                 gc.count:           10.000 counts
                 gc.time:            198.000 ms

Iteration   3: 70.561 ms/op
                 gc.alloc.rate:      757.420 MB/sec
                 gc.alloc.rate.norm: 56055790.400 B/op
                 gc.count:           13.000 counts
                 gc.time:            253.000 ms

Iteration   4: 67.492 ms/op
                 gc.alloc.rate:      791.907 MB/sec
                 gc.alloc.rate.norm: 56055788.267 B/op
                 gc.count:           12.000 counts
                 gc.time:            218.000 ms

Iteration   5: 66.855 ms/op
                 gc.alloc.rate:      799.365 MB/sec
                 gc.alloc.rate.norm: 56055796.800 B/op
                 gc.count:           11.000 counts
                 gc.time:            223.000 ms


# Run progress: 70.37% complete, ETA 00:05:53
# Fork: 2 of 3
WARNING: A terminally deprecated method in sun.misc.Unsafe has been called
WARNING: sun.misc.Unsafe::objectFieldOffset has been called by org.openjdk.jmh.util.Utils (file:/home/test/Workspaces/JavaWorkspace/JavaStream_KeySkew/.deps/jmh-core-1.37.jar)
WARNING: Please consider reporting this to the maintainers of class org.openjdk.jmh.util.Utils
WARNING: sun.misc.Unsafe::objectFieldOffset will be removed in a future release
# Warmup Iteration   1: Input: n=1000000, keys=65536, observedHotFraction=0.500000, poolParallelism=3, availableProcessors=4
68.475 ms/op
# Warmup Iteration   2: 65.371 ms/op
# Warmup Iteration   3: 65.150 ms/op
# Warmup Iteration   4: 70.000 ms/op
# Warmup Iteration   5: 67.015 ms/op
Iteration   1: 66.800 ms/op
                 gc.alloc.rate:      800.053 MB/sec
                 gc.alloc.rate.norm: 56055789.867 B/op
                 gc.count:           11.000 counts
                 gc.time:            223.000 ms

Iteration   2: 67.678 ms/op
                 gc.alloc.rate:      789.631 MB/sec
                 gc.alloc.rate.norm: 56055788.267 B/op
                 gc.count:           11.000 counts
                 gc.time:            223.000 ms

Iteration   3: 67.952 ms/op
                 gc.alloc.rate:      786.523 MB/sec
                 gc.alloc.rate.norm: 56055766.000 B/op
                 gc.count:           13.000 counts
                 gc.time:            271.000 ms

Iteration   4: 66.766 ms/op
                 gc.alloc.rate:      800.481 MB/sec
                 gc.alloc.rate.norm: 56055795.200 B/op
                 gc.count:           12.000 counts
                 gc.time:            199.000 ms

Iteration   5: 65.061 ms/op
                 gc.alloc.rate:      821.426 MB/sec
                 gc.alloc.rate.norm: 56055763.000 B/op
                 gc.count:           11.000 counts
                 gc.time:            214.000 ms


# Run progress: 71.30% complete, ETA 00:05:42
# Fork: 3 of 3
WARNING: A terminally deprecated method in sun.misc.Unsafe has been called
WARNING: sun.misc.Unsafe::objectFieldOffset has been called by org.openjdk.jmh.util.Utils (file:/home/test/Workspaces/JavaWorkspace/JavaStream_KeySkew/.deps/jmh-core-1.37.jar)
WARNING: Please consider reporting this to the maintainers of class org.openjdk.jmh.util.Utils
WARNING: sun.misc.Unsafe::objectFieldOffset will be removed in a future release
# Warmup Iteration   1: Input: n=1000000, keys=65536, observedHotFraction=0.500000, poolParallelism=3, availableProcessors=4
68.531 ms/op
# Warmup Iteration   2: 67.978 ms/op
# Warmup Iteration   3: 69.679 ms/op
# Warmup Iteration   4: 66.833 ms/op
# Warmup Iteration   5: 64.875 ms/op
Iteration   1: 73.472 ms/op
                 gc.alloc.rate:      727.391 MB/sec
                 gc.alloc.rate.norm: 56055830.286 B/op
                 gc.count:           13.000 counts
                 gc.time:            241.000 ms

Iteration   2: 68.211 ms/op
                 gc.alloc.rate:      783.344 MB/sec
                 gc.alloc.rate.norm: 56055793.067 B/op
                 gc.count:           12.000 counts
                 gc.time:            232.000 ms

Iteration   3: 67.860 ms/op
                 gc.alloc.rate:      787.564 MB/sec
                 gc.alloc.rate.norm: 56055791.467 B/op
                 gc.count:           11.000 counts
                 gc.time:            219.000 ms

Iteration   4: 68.961 ms/op
                 gc.alloc.rate:      775.016 MB/sec
                 gc.alloc.rate.norm: 56055761.500 B/op
                 gc.count:           12.000 counts
                 gc.time:            260.000 ms

Iteration   5: 69.115 ms/op
                 gc.alloc.rate:      773.269 MB/sec
                 gc.alloc.rate.norm: 56055793.600 B/op
                 gc.count:           13.000 counts
                 gc.time:            212.000 ms



Result "research.skew.AggregationBenchmark.parallelMerge":
  68.155 ±(99.9%) 2.057 ms/op [Average]
  (min, avg, max) = (65.061, 68.155, 73.472), stdev = 1.924
  CI (99.9%): [66.098, 70.211] (assumes normal distribution)

Secondary result "research.skew.AggregationBenchmark.parallelMerge:gc.alloc.rate":
  784.705 ±(99.9%) 22.909 MB/sec [Average]
  (min, avg, max) = (727.391, 784.705, 821.426), stdev = 21.429
  CI (99.9%): [761.796, 807.613] (assumes normal distribution)

Secondary result "research.skew.AggregationBenchmark.parallelMerge:gc.alloc.rate.norm":
  56055788.390 ±(99.9%) 17.632 B/op [Average]
  (min, avg, max) = (56055761.500, 56055788.390, 56055830.286), stdev = 16.493
  CI (99.9%): [56055770.758, 56055806.022] (assumes normal distribution)

Secondary result "research.skew.AggregationBenchmark.parallelMerge:gc.count":
  175.000 ±(99.9%) 0.001 counts [Sum]
  (min, avg, max) = (10.000, 11.667, 13.000), stdev = 1.047
  CI (99.9%): [175.000, 175.000] (assumes normal distribution)

Secondary result "research.skew.AggregationBenchmark.parallelMerge:gc.time":
  3397.000 ±(99.9%) 0.001 ms [Sum]
  (min, avg, max) = (198.000, 226.467, 271.000), stdev = 21.357
  CI (99.9%): [3397.000, 3397.000] (assumes normal distribution)


# JMH version: 1.37
# VM version: JDK 25.0.4.1, OpenJDK 64-Bit Server VM, 25.0.4.1+1-LTS
# VM invoker: /home/test/jdk/jdk-25.0.4.1+1/bin/java
# VM options: -Xms512m -Xmx512m -Djava.util.concurrent.ForkJoinPool.common.parallelism=3
# Blackhole mode: compiler (auto-detected, use -Djmh.blackhole.autoDetect=false to disable)
# Warmup: 5 iterations, 1 s each
# Measurement: 5 iterations, 1 s each
# Timeout: 10 min per iteration
# Threads: 1 thread, will synchronize iterations
# Benchmark mode: Average time, time/op
# Benchmark: research.skew.AggregationBenchmark.parallelMerge
# Parameters: (cardinality = 65536, distribution = hot90, seed = 20260929, size = 1000000)

# Run progress: 72.22% complete, ETA 00:05:31
# Fork: 1 of 3
WARNING: A terminally deprecated method in sun.misc.Unsafe has been called
WARNING: sun.misc.Unsafe::objectFieldOffset has been called by org.openjdk.jmh.util.Utils (file:/home/test/Workspaces/JavaWorkspace/JavaStream_KeySkew/.deps/jmh-core-1.37.jar)
WARNING: Please consider reporting this to the maintainers of class org.openjdk.jmh.util.Utils
WARNING: sun.misc.Unsafe::objectFieldOffset will be removed in a future release
# Warmup Iteration   1: Input: n=1000000, keys=65536, observedHotFraction=0.900000, poolParallelism=3, availableProcessors=4
23.984 ms/op
# Warmup Iteration   2: 21.893 ms/op
# Warmup Iteration   3: 21.587 ms/op
# Warmup Iteration   4: 21.824 ms/op
# Warmup Iteration   5: 21.814 ms/op
Iteration   1: 23.557 ms/op
                 gc.alloc.rate:      1201.227 MB/sec
                 gc.alloc.rate.norm: 29679056.558 B/op
                 gc.count:           15.000 counts
                 gc.time:            161.000 ms

Iteration   2: 22.779 ms/op
                 gc.alloc.rate:      1242.197 MB/sec
                 gc.alloc.rate.norm: 29679051.818 B/op
                 gc.count:           13.000 counts
                 gc.time:            131.000 ms

Iteration   3: 22.751 ms/op
                 gc.alloc.rate:      1243.754 MB/sec
                 gc.alloc.rate.norm: 29679051.818 B/op
                 gc.count:           11.000 counts
                 gc.time:            111.000 ms

Iteration   4: 22.327 ms/op
                 gc.alloc.rate:      1267.375 MB/sec
                 gc.alloc.rate.norm: 29679051.022 B/op
                 gc.count:           10.000 counts
                 gc.time:            113.000 ms

Iteration   5: 22.587 ms/op
                 gc.alloc.rate:      1252.692 MB/sec
                 gc.alloc.rate.norm: 29679046.933 B/op
                 gc.count:           11.000 counts
                 gc.time:            139.000 ms


# Run progress: 73.15% complete, ETA 00:05:20
# Fork: 2 of 3
WARNING: A terminally deprecated method in sun.misc.Unsafe has been called
WARNING: sun.misc.Unsafe::objectFieldOffset has been called by org.openjdk.jmh.util.Utils (file:/home/test/Workspaces/JavaWorkspace/JavaStream_KeySkew/.deps/jmh-core-1.37.jar)
WARNING: Please consider reporting this to the maintainers of class org.openjdk.jmh.util.Utils
WARNING: sun.misc.Unsafe::objectFieldOffset will be removed in a future release
# Warmup Iteration   1: Input: n=1000000, keys=65536, observedHotFraction=0.900000, poolParallelism=3, availableProcessors=4
23.106 ms/op
# Warmup Iteration   2: 21.919 ms/op
# Warmup Iteration   3: 21.434 ms/op
# Warmup Iteration   4: 22.384 ms/op
# Warmup Iteration   5: 21.349 ms/op
Iteration   1: 23.284 ms/op
                 gc.alloc.rate:      1215.285 MB/sec
                 gc.alloc.rate.norm: 29679054.326 B/op
                 gc.count:           12.000 counts
                 gc.time:            162.000 ms

Iteration   2: 22.494 ms/op
                 gc.alloc.rate:      1257.907 MB/sec
                 gc.alloc.rate.norm: 29679047.822 B/op
                 gc.count:           12.000 counts
                 gc.time:            125.000 ms

Iteration   3: 22.594 ms/op
                 gc.alloc.rate:      1252.399 MB/sec
                 gc.alloc.rate.norm: 29679049.422 B/op
                 gc.count:           10.000 counts
                 gc.time:            115.000 ms

Iteration   4: 22.857 ms/op
                 gc.alloc.rate:      1237.974 MB/sec
                 gc.alloc.rate.norm: 29679050.133 B/op
                 gc.count:           11.000 counts
                 gc.time:            137.000 ms

Iteration   5: 22.007 ms/op
                 gc.alloc.rate:      1285.790 MB/sec
                 gc.alloc.rate.norm: 29679044.174 B/op
                 gc.count:           10.000 counts
                 gc.time:            119.000 ms


# Run progress: 74.07% complete, ETA 00:05:09
# Fork: 3 of 3
WARNING: A terminally deprecated method in sun.misc.Unsafe has been called
WARNING: sun.misc.Unsafe::objectFieldOffset has been called by org.openjdk.jmh.util.Utils (file:/home/test/Workspaces/JavaWorkspace/JavaStream_KeySkew/.deps/jmh-core-1.37.jar)
WARNING: Please consider reporting this to the maintainers of class org.openjdk.jmh.util.Utils
WARNING: sun.misc.Unsafe::objectFieldOffset will be removed in a future release
# Warmup Iteration   1: Input: n=1000000, keys=65536, observedHotFraction=0.900000, poolParallelism=3, availableProcessors=4
23.695 ms/op
# Warmup Iteration   2: 21.872 ms/op
# Warmup Iteration   3: 21.838 ms/op
# Warmup Iteration   4: 21.876 ms/op
# Warmup Iteration   5: 21.456 ms/op
Iteration   1: 23.296 ms/op
                 gc.alloc.rate:      1214.617 MB/sec
                 gc.alloc.rate.norm: 29679056.558 B/op
                 gc.count:           12.000 counts
                 gc.time:            163.000 ms

Iteration   2: 22.109 ms/op
                 gc.alloc.rate:      1278.339 MB/sec
                 gc.alloc.rate.norm: 29679045.565 B/op
                 gc.count:           12.000 counts
                 gc.time:            110.000 ms

Iteration   3: 23.285 ms/op
                 gc.alloc.rate:      1215.267 MB/sec
                 gc.alloc.rate.norm: 29679056.000 B/op
                 gc.count:           10.000 counts
                 gc.time:            118.000 ms

Iteration   4: 22.374 ms/op
                 gc.alloc.rate:      1264.733 MB/sec
                 gc.alloc.rate.norm: 29679049.956 B/op
                 gc.count:           11.000 counts
                 gc.time:            133.000 ms

Iteration   5: 21.904 ms/op
                 gc.alloc.rate:      1291.884 MB/sec
                 gc.alloc.rate.norm: 29679045.565 B/op
                 gc.count:           10.000 counts
                 gc.time:            115.000 ms



Result "research.skew.AggregationBenchmark.parallelMerge":
  22.680 ±(99.9%) 0.540 ms/op [Average]
  (min, avg, max) = (21.904, 22.680, 23.557), stdev = 0.506
  CI (99.9%): [22.140, 23.221] (assumes normal distribution)

Secondary result "research.skew.AggregationBenchmark.parallelMerge:gc.alloc.rate":
  1248.096 ±(99.9%) 29.507 MB/sec [Average]
  (min, avg, max) = (1201.227, 1248.096, 1291.884), stdev = 27.601
  CI (99.9%): [1218.589, 1277.603] (assumes normal distribution)

Secondary result "research.skew.AggregationBenchmark.parallelMerge:gc.alloc.rate.norm":
  29679050.511 ±(99.9%) 4.354 B/op [Average]
  (min, avg, max) = (29679044.174, 29679050.511, 29679056.558), stdev = 4.073
  CI (99.9%): [29679046.157, 29679054.866] (assumes normal distribution)

Secondary result "research.skew.AggregationBenchmark.parallelMerge:gc.count":
  170.000 ±(99.9%) 0.001 counts [Sum]
  (min, avg, max) = (10.000, 11.333, 15.000), stdev = 1.397
  CI (99.9%): [170.000, 170.000] (assumes normal distribution)

Secondary result "research.skew.AggregationBenchmark.parallelMerge:gc.time":
  1952.000 ±(99.9%) 0.001 ms [Sum]
  (min, avg, max) = (110.000, 130.133, 163.000), stdev = 18.905
  CI (99.9%): [1952.000, 1952.000] (assumes normal distribution)


# JMH version: 1.37
# VM version: JDK 25.0.4.1, OpenJDK 64-Bit Server VM, 25.0.4.1+1-LTS
# VM invoker: /home/test/jdk/jdk-25.0.4.1+1/bin/java
# VM options: -Xms512m -Xmx512m -Djava.util.concurrent.ForkJoinPool.common.parallelism=3
# Blackhole mode: compiler (auto-detected, use -Djmh.blackhole.autoDetect=false to disable)
# Warmup: 5 iterations, 1 s each
# Measurement: 5 iterations, 1 s each
# Timeout: 10 min per iteration
# Threads: 1 thread, will synchronize iterations
# Benchmark mode: Average time, time/op
# Benchmark: research.skew.AggregationBenchmark.sequential
# Parameters: (cardinality = 16384, distribution = uniform, seed = 20260929, size = 1000000)

# Run progress: 75.00% complete, ETA 00:04:58
# Fork: 1 of 3
WARNING: A terminally deprecated method in sun.misc.Unsafe has been called
WARNING: sun.misc.Unsafe::objectFieldOffset has been called by org.openjdk.jmh.util.Utils (file:/home/test/Workspaces/JavaWorkspace/JavaStream_KeySkew/.deps/jmh-core-1.37.jar)
WARNING: Please consider reporting this to the maintainers of class org.openjdk.jmh.util.Utils
WARNING: sun.misc.Unsafe::objectFieldOffset will be removed in a future release
# Warmup Iteration   1: Input: n=1000000, keys=16384, observedHotFraction=0.000062, poolParallelism=3, availableProcessors=4
33.472 ms/op
# Warmup Iteration   2: 29.266 ms/op
# Warmup Iteration   3: 28.944 ms/op
# Warmup Iteration   4: 28.717 ms/op
# Warmup Iteration   5: 29.353 ms/op
Iteration   1: 29.189 ms/op
                 gc.alloc.rate:      561.169 MB/sec
                 gc.alloc.rate.norm: 17180336.686 B/op
                 gc.count:           2.000 counts
                 gc.time:            17.000 ms

Iteration   2: 29.921 ms/op
                 gc.alloc.rate:      547.429 MB/sec
                 gc.alloc.rate.norm: 17180342.588 B/op
                 gc.count:           2.000 counts
                 gc.time:            19.000 ms

Iteration   3: 29.467 ms/op
                 gc.alloc.rate:      555.860 MB/sec
                 gc.alloc.rate.norm: 17180342.588 B/op
                 gc.count:           2.000 counts
                 gc.time:            10.000 ms

Iteration   4: 28.837 ms/op
                 gc.alloc.rate:      568.049 MB/sec
                 gc.alloc.rate.norm: 17180336.686 B/op
                 gc.count:           2.000 counts
                 gc.time:            3.000 ms

Iteration   5: 28.672 ms/op
                 gc.alloc.rate:      571.243 MB/sec
                 gc.alloc.rate.norm: 17180337.600 B/op
                 gc.count:           2.000 counts
                 gc.time:            3.000 ms


# Run progress: 75.93% complete, ETA 00:04:47
# Fork: 2 of 3
WARNING: A terminally deprecated method in sun.misc.Unsafe has been called
WARNING: sun.misc.Unsafe::objectFieldOffset has been called by org.openjdk.jmh.util.Utils (file:/home/test/Workspaces/JavaWorkspace/JavaStream_KeySkew/.deps/jmh-core-1.37.jar)
WARNING: Please consider reporting this to the maintainers of class org.openjdk.jmh.util.Utils
WARNING: sun.misc.Unsafe::objectFieldOffset will be removed in a future release
# Warmup Iteration   1: Input: n=1000000, keys=16384, observedHotFraction=0.000062, poolParallelism=3, availableProcessors=4
35.382 ms/op
# Warmup Iteration   2: 30.204 ms/op
# Warmup Iteration   3: 30.435 ms/op
# Warmup Iteration   4: 30.577 ms/op
# Warmup Iteration   5: 30.507 ms/op
Iteration   1: 30.212 ms/op
                 gc.alloc.rate:      542.189 MB/sec
                 gc.alloc.rate.norm: 17180342.588 B/op
                 gc.count:           2.000 counts
                 gc.time:            18.000 ms

Iteration   2: 30.312 ms/op
                 gc.alloc.rate:      540.381 MB/sec
                 gc.alloc.rate.norm: 17180342.588 B/op
                 gc.count:           2.000 counts
                 gc.time:            18.000 ms

Iteration   3: 30.085 ms/op
                 gc.alloc.rate:      544.461 MB/sec
                 gc.alloc.rate.norm: 17180342.588 B/op
                 gc.count:           1.000 counts
                 gc.time:            9.000 ms

Iteration   4: 29.984 ms/op
                 gc.alloc.rate:      546.307 MB/sec
                 gc.alloc.rate.norm: 17180342.588 B/op
                 gc.count:           2.000 counts
                 gc.time:            3.000 ms

Iteration   5: 29.961 ms/op
                 gc.alloc.rate:      546.680 MB/sec
                 gc.alloc.rate.norm: 17180343.529 B/op
                 gc.count:           2.000 counts
                 gc.time:            3.000 ms


# Run progress: 76.85% complete, ETA 00:04:36
# Fork: 3 of 3
WARNING: A terminally deprecated method in sun.misc.Unsafe has been called
WARNING: sun.misc.Unsafe::objectFieldOffset has been called by org.openjdk.jmh.util.Utils (file:/home/test/Workspaces/JavaWorkspace/JavaStream_KeySkew/.deps/jmh-core-1.37.jar)
WARNING: Please consider reporting this to the maintainers of class org.openjdk.jmh.util.Utils
WARNING: sun.misc.Unsafe::objectFieldOffset will be removed in a future release
# Warmup Iteration   1: Input: n=1000000, keys=16384, observedHotFraction=0.000062, poolParallelism=3, availableProcessors=4
34.633 ms/op
# Warmup Iteration   2: 30.281 ms/op
# Warmup Iteration   3: 29.941 ms/op
# Warmup Iteration   4: 30.014 ms/op
# Warmup Iteration   5: 30.049 ms/op
Iteration   1: 29.983 ms/op
                 gc.alloc.rate:      546.333 MB/sec
                 gc.alloc.rate.norm: 17180342.588 B/op
                 gc.count:           2.000 counts
                 gc.time:            18.000 ms

Iteration   2: 30.478 ms/op
                 gc.alloc.rate:      537.414 MB/sec
                 gc.alloc.rate.norm: 17180348.848 B/op
                 gc.count:           2.000 counts
                 gc.time:            20.000 ms

Iteration   3: 30.319 ms/op
                 gc.alloc.rate:      540.257 MB/sec
                 gc.alloc.rate.norm: 17180348.848 B/op
                 gc.count:           1.000 counts
                 gc.time:            9.000 ms

Iteration   4: 30.077 ms/op
                 gc.alloc.rate:      544.610 MB/sec
                 gc.alloc.rate.norm: 17180342.588 B/op
                 gc.count:           2.000 counts
                 gc.time:            3.000 ms

Iteration   5: 29.757 ms/op
                 gc.alloc.rate:      550.392 MB/sec
                 gc.alloc.rate.norm: 17180343.529 B/op
                 gc.count:           2.000 counts
                 gc.time:            2.000 ms



Result "research.skew.AggregationBenchmark.sequential":
  29.817 ±(99.9%) 0.579 ms/op [Average]
  (min, avg, max) = (28.672, 29.817, 30.478), stdev = 0.542
  CI (99.9%): [29.238, 30.396] (assumes normal distribution)

Secondary result "research.skew.AggregationBenchmark.sequential:gc.alloc.rate":
  549.518 ±(99.9%) 10.858 MB/sec [Average]
  (min, avg, max) = (537.414, 549.518, 571.243), stdev = 10.156
  CI (99.9%): [538.660, 560.376] (assumes normal distribution)

Secondary result "research.skew.AggregationBenchmark.sequential:gc.alloc.rate.norm":
  17180342.429 ±(99.9%) 3.773 B/op [Average]
  (min, avg, max) = (17180336.686, 17180342.429, 17180348.848), stdev = 3.529
  CI (99.9%): [17180338.656, 17180346.201] (assumes normal distribution)

Secondary result "research.skew.AggregationBenchmark.sequential:gc.count":
  28.000 ±(99.9%) 0.001 counts [Sum]
  (min, avg, max) = (1.000, 1.867, 2.000), stdev = 0.352
  CI (99.9%): [28.000, 28.000] (assumes normal distribution)

Secondary result "research.skew.AggregationBenchmark.sequential:gc.time":
  155.000 ±(99.9%) 0.001 ms [Sum]
  (min, avg, max) = (2.000, 10.333, 20.000), stdev = 7.228
  CI (99.9%): [155.000, 155.000] (assumes normal distribution)


# JMH version: 1.37
# VM version: JDK 25.0.4.1, OpenJDK 64-Bit Server VM, 25.0.4.1+1-LTS
# VM invoker: /home/test/jdk/jdk-25.0.4.1+1/bin/java
# VM options: -Xms512m -Xmx512m -Djava.util.concurrent.ForkJoinPool.common.parallelism=3
# Blackhole mode: compiler (auto-detected, use -Djmh.blackhole.autoDetect=false to disable)
# Warmup: 5 iterations, 1 s each
# Measurement: 5 iterations, 1 s each
# Timeout: 10 min per iteration
# Threads: 1 thread, will synchronize iterations
# Benchmark mode: Average time, time/op
# Benchmark: research.skew.AggregationBenchmark.sequential
# Parameters: (cardinality = 16384, distribution = hot50, seed = 20260929, size = 1000000)

# Run progress: 77.78% complete, ETA 00:04:25
# Fork: 1 of 3
WARNING: A terminally deprecated method in sun.misc.Unsafe has been called
WARNING: sun.misc.Unsafe::objectFieldOffset has been called by org.openjdk.jmh.util.Utils (file:/home/test/Workspaces/JavaWorkspace/JavaStream_KeySkew/.deps/jmh-core-1.37.jar)
WARNING: Please consider reporting this to the maintainers of class org.openjdk.jmh.util.Utils
WARNING: sun.misc.Unsafe::objectFieldOffset will be removed in a future release
# Warmup Iteration   1: Input: n=1000000, keys=16384, observedHotFraction=0.500000, poolParallelism=3, availableProcessors=4
28.849 ms/op
# Warmup Iteration   2: 24.326 ms/op
# Warmup Iteration   3: 24.503 ms/op
# Warmup Iteration   4: 24.466 ms/op
# Warmup Iteration   5: 24.277 ms/op
Iteration   1: 24.624 ms/op
                 gc.alloc.rate:      665.207 MB/sec
                 gc.alloc.rate.norm: 17180331.317 B/op
                 gc.count:           2.000 counts
                 gc.time:            18.000 ms

Iteration   2: 24.235 ms/op
                 gc.alloc.rate:      675.830 MB/sec
                 gc.alloc.rate.norm: 17180328.000 B/op
                 gc.count:           3.000 counts
                 gc.time:            11.000 ms

Iteration   3: 24.351 ms/op
                 gc.alloc.rate:      672.646 MB/sec
                 gc.alloc.rate.norm: 17180327.238 B/op
                 gc.count:           2.000 counts
                 gc.time:            3.000 ms

Iteration   4: 23.927 ms/op
                 gc.alloc.rate:      684.588 MB/sec
                 gc.alloc.rate.norm: 17180327.238 B/op
                 gc.count:           2.000 counts
                 gc.time:            4.000 ms

Iteration   5: 23.936 ms/op
                 gc.alloc.rate:      684.243 MB/sec
                 gc.alloc.rate.norm: 17180328.000 B/op
                 gc.count:           2.000 counts
                 gc.time:            2.000 ms


# Run progress: 78.70% complete, ETA 00:04:13
# Fork: 2 of 3
WARNING: A terminally deprecated method in sun.misc.Unsafe has been called
WARNING: sun.misc.Unsafe::objectFieldOffset has been called by org.openjdk.jmh.util.Utils (file:/home/test/Workspaces/JavaWorkspace/JavaStream_KeySkew/.deps/jmh-core-1.37.jar)
WARNING: Please consider reporting this to the maintainers of class org.openjdk.jmh.util.Utils
WARNING: sun.misc.Unsafe::objectFieldOffset will be removed in a future release
# Warmup Iteration   1: Input: n=1000000, keys=16384, observedHotFraction=0.500000, poolParallelism=3, availableProcessors=4
29.841 ms/op
# Warmup Iteration   2: 25.856 ms/op
# Warmup Iteration   3: 25.655 ms/op
# Warmup Iteration   4: 25.841 ms/op
# Warmup Iteration   5: 25.674 ms/op
Iteration   1: 25.959 ms/op
                 gc.alloc.rate:      631.026 MB/sec
                 gc.alloc.rate.norm: 17180340.103 B/op
                 gc.count:           3.000 counts
                 gc.time:            26.000 ms

Iteration   2: 25.795 ms/op
                 gc.alloc.rate:      634.957 MB/sec
                 gc.alloc.rate.norm: 17180340.103 B/op
                 gc.count:           2.000 counts
                 gc.time:            11.000 ms

Iteration   3: 25.544 ms/op
                 gc.alloc.rate:      641.267 MB/sec
                 gc.alloc.rate.norm: 17180335.600 B/op
                 gc.count:           2.000 counts
                 gc.time:            3.000 ms

Iteration   4: 25.123 ms/op
                 gc.alloc.rate:      652.018 MB/sec
                 gc.alloc.rate.norm: 17180335.600 B/op
                 gc.count:           2.000 counts
                 gc.time:            3.000 ms

Iteration   5: 25.885 ms/op
                 gc.alloc.rate:      632.729 MB/sec
                 gc.alloc.rate.norm: 17180340.923 B/op
                 gc.count:           2.000 counts
                 gc.time:            3.000 ms


# Run progress: 79.63% complete, ETA 00:04:02
# Fork: 3 of 3
WARNING: A terminally deprecated method in sun.misc.Unsafe has been called
WARNING: sun.misc.Unsafe::objectFieldOffset has been called by org.openjdk.jmh.util.Utils (file:/home/test/Workspaces/JavaWorkspace/JavaStream_KeySkew/.deps/jmh-core-1.37.jar)
WARNING: Please consider reporting this to the maintainers of class org.openjdk.jmh.util.Utils
WARNING: sun.misc.Unsafe::objectFieldOffset will be removed in a future release
# Warmup Iteration   1: Input: n=1000000, keys=16384, observedHotFraction=0.500000, poolParallelism=3, availableProcessors=4
28.781 ms/op
# Warmup Iteration   2: 25.059 ms/op
# Warmup Iteration   3: 25.115 ms/op
# Warmup Iteration   4: 25.307 ms/op
# Warmup Iteration   5: 25.189 ms/op
Iteration   1: 25.314 ms/op
                 gc.alloc.rate:      647.097 MB/sec
                 gc.alloc.rate.norm: 17180335.600 B/op
                 gc.count:           2.000 counts
                 gc.time:            15.000 ms

Iteration   2: 25.164 ms/op
                 gc.alloc.rate:      650.832 MB/sec
                 gc.alloc.rate.norm: 17180335.600 B/op
                 gc.count:           2.000 counts
                 gc.time:            10.000 ms

Iteration   3: 24.911 ms/op
                 gc.alloc.rate:      657.542 MB/sec
                 gc.alloc.rate.norm: 17180331.317 B/op
                 gc.count:           2.000 counts
                 gc.time:            3.000 ms

Iteration   4: 25.034 ms/op
                 gc.alloc.rate:      654.343 MB/sec
                 gc.alloc.rate.norm: 17180335.600 B/op
                 gc.count:           2.000 counts
                 gc.time:            4.000 ms

Iteration   5: 24.709 ms/op
                 gc.alloc.rate:      662.901 MB/sec
                 gc.alloc.rate.norm: 17180332.098 B/op
                 gc.count:           3.000 counts
                 gc.time:            4.000 ms



Result "research.skew.AggregationBenchmark.sequential":
  24.967 ±(99.9%) 0.716 ms/op [Average]
  (min, avg, max) = (23.927, 24.967, 25.959), stdev = 0.670
  CI (99.9%): [24.251, 25.683] (assumes normal distribution)

Secondary result "research.skew.AggregationBenchmark.sequential:gc.alloc.rate":
  656.482 ±(99.9%) 18.880 MB/sec [Average]
  (min, avg, max) = (631.026, 656.482, 684.588), stdev = 17.660
  CI (99.9%): [637.602, 675.361] (assumes normal distribution)

Secondary result "research.skew.AggregationBenchmark.sequential:gc.alloc.rate.norm":
  17180333.622 ±(99.9%) 5.067 B/op [Average]
  (min, avg, max) = (17180327.238, 17180333.622, 17180340.923), stdev = 4.740
  CI (99.9%): [17180328.555, 17180338.690] (assumes normal distribution)

Secondary result "research.skew.AggregationBenchmark.sequential:gc.count":
  33.000 ±(99.9%) 0.001 counts [Sum]
  (min, avg, max) = (2.000, 2.200, 3.000), stdev = 0.414
  CI (99.9%): [33.000, 33.000] (assumes normal distribution)

Secondary result "research.skew.AggregationBenchmark.sequential:gc.time":
  120.000 ±(99.9%) 0.001 ms [Sum]
  (min, avg, max) = (2.000, 8.000, 26.000), stdev = 7.091
  CI (99.9%): [120.000, 120.000] (assumes normal distribution)


# JMH version: 1.37
# VM version: JDK 25.0.4.1, OpenJDK 64-Bit Server VM, 25.0.4.1+1-LTS
# VM invoker: /home/test/jdk/jdk-25.0.4.1+1/bin/java
# VM options: -Xms512m -Xmx512m -Djava.util.concurrent.ForkJoinPool.common.parallelism=3
# Blackhole mode: compiler (auto-detected, use -Djmh.blackhole.autoDetect=false to disable)
# Warmup: 5 iterations, 1 s each
# Measurement: 5 iterations, 1 s each
# Timeout: 10 min per iteration
# Threads: 1 thread, will synchronize iterations
# Benchmark mode: Average time, time/op
# Benchmark: research.skew.AggregationBenchmark.sequential
# Parameters: (cardinality = 16384, distribution = hot90, seed = 20260929, size = 1000000)

# Run progress: 80.56% complete, ETA 00:03:51
# Fork: 1 of 3
WARNING: A terminally deprecated method in sun.misc.Unsafe has been called
WARNING: sun.misc.Unsafe::objectFieldOffset has been called by org.openjdk.jmh.util.Utils (file:/home/test/Workspaces/JavaWorkspace/JavaStream_KeySkew/.deps/jmh-core-1.37.jar)
WARNING: Please consider reporting this to the maintainers of class org.openjdk.jmh.util.Utils
WARNING: sun.misc.Unsafe::objectFieldOffset will be removed in a future release
# Warmup Iteration   1: Input: n=1000000, keys=16384, observedHotFraction=0.900000, poolParallelism=3, availableProcessors=4
22.279 ms/op
# Warmup Iteration   2: 19.096 ms/op
# Warmup Iteration   3: 19.186 ms/op
# Warmup Iteration   4: 19.156 ms/op
# Warmup Iteration   5: 19.335 ms/op
Iteration   1: 18.971 ms/op
                 gc.alloc.rate:      863.447 MB/sec
                 gc.alloc.rate.norm: 17180292.528 B/op
                 gc.count:           3.000 counts
                 gc.time:            5.000 ms

Iteration   2: 18.936 ms/op
                 gc.alloc.rate:      864.978 MB/sec
                 gc.alloc.rate.norm: 17180292.528 B/op
                 gc.count:           3.000 counts
                 gc.time:            4.000 ms

Iteration   3: 18.878 ms/op
                 gc.alloc.rate:      867.698 MB/sec
                 gc.alloc.rate.norm: 17180292.528 B/op
                 gc.count:           2.000 counts
                 gc.time:            3.000 ms

Iteration   4: 18.781 ms/op
                 gc.alloc.rate:      872.152 MB/sec
                 gc.alloc.rate.norm: 17180290.074 B/op
                 gc.count:           3.000 counts
                 gc.time:            4.000 ms

Iteration   5: 18.752 ms/op
                 gc.alloc.rate:      873.535 MB/sec
                 gc.alloc.rate.norm: 17180290.667 B/op
                 gc.count:           3.000 counts
                 gc.time:            4.000 ms


# Run progress: 81.48% complete, ETA 00:03:40
# Fork: 2 of 3
WARNING: A terminally deprecated method in sun.misc.Unsafe has been called
WARNING: sun.misc.Unsafe::objectFieldOffset has been called by org.openjdk.jmh.util.Utils (file:/home/test/Workspaces/JavaWorkspace/JavaStream_KeySkew/.deps/jmh-core-1.37.jar)
WARNING: Please consider reporting this to the maintainers of class org.openjdk.jmh.util.Utils
WARNING: sun.misc.Unsafe::objectFieldOffset will be removed in a future release
# Warmup Iteration   1: Input: n=1000000, keys=16384, observedHotFraction=0.900000, poolParallelism=3, availableProcessors=4
22.064 ms/op
# Warmup Iteration   2: 18.975 ms/op
# Warmup Iteration   3: 18.850 ms/op
# Warmup Iteration   4: 19.148 ms/op
# Warmup Iteration   5: 18.943 ms/op
Iteration   1: 18.762 ms/op
                 gc.alloc.rate:      873.076 MB/sec
                 gc.alloc.rate.norm: 17180290.074 B/op
                 gc.count:           3.000 counts
                 gc.time:            4.000 ms

Iteration   2: 18.765 ms/op
                 gc.alloc.rate:      872.860 MB/sec
                 gc.alloc.rate.norm: 17180290.074 B/op
                 gc.count:           3.000 counts
                 gc.time:            4.000 ms

Iteration   3: 18.681 ms/op
                 gc.alloc.rate:      876.866 MB/sec
                 gc.alloc.rate.norm: 17180290.074 B/op
                 gc.count:           3.000 counts
                 gc.time:            4.000 ms

Iteration   4: 18.786 ms/op
                 gc.alloc.rate:      871.957 MB/sec
                 gc.alloc.rate.norm: 17180290.074 B/op
                 gc.count:           3.000 counts
                 gc.time:            5.000 ms

Iteration   5: 18.624 ms/op
                 gc.alloc.rate:      879.443 MB/sec
                 gc.alloc.rate.norm: 17180290.074 B/op
                 gc.count:           3.000 counts
                 gc.time:            5.000 ms


# Run progress: 82.41% complete, ETA 00:03:29
# Fork: 3 of 3
WARNING: A terminally deprecated method in sun.misc.Unsafe has been called
WARNING: sun.misc.Unsafe::objectFieldOffset has been called by org.openjdk.jmh.util.Utils (file:/home/test/Workspaces/JavaWorkspace/JavaStream_KeySkew/.deps/jmh-core-1.37.jar)
WARNING: Please consider reporting this to the maintainers of class org.openjdk.jmh.util.Utils
WARNING: sun.misc.Unsafe::objectFieldOffset will be removed in a future release
# Warmup Iteration   1: Input: n=1000000, keys=16384, observedHotFraction=0.900000, poolParallelism=3, availableProcessors=4
22.285 ms/op
# Warmup Iteration   2: 18.769 ms/op
# Warmup Iteration   3: 18.950 ms/op
# Warmup Iteration   4: 19.003 ms/op
# Warmup Iteration   5: 19.095 ms/op
Iteration   1: 18.555 ms/op
                 gc.alloc.rate:      882.812 MB/sec
                 gc.alloc.rate.norm: 17180290.074 B/op
                 gc.count:           3.000 counts
                 gc.time:            5.000 ms

Iteration   2: 18.606 ms/op
                 gc.alloc.rate:      880.333 MB/sec
                 gc.alloc.rate.norm: 17180290.074 B/op
                 gc.count:           3.000 counts
                 gc.time:            4.000 ms

Iteration   3: 18.579 ms/op
                 gc.alloc.rate:      881.691 MB/sec
                 gc.alloc.rate.norm: 17180290.074 B/op
                 gc.count:           3.000 counts
                 gc.time:            4.000 ms

Iteration   4: 18.565 ms/op
                 gc.alloc.rate:      882.322 MB/sec
                 gc.alloc.rate.norm: 17180290.074 B/op
                 gc.count:           3.000 counts
                 gc.time:            4.000 ms

Iteration   5: 18.564 ms/op
                 gc.alloc.rate:      882.287 MB/sec
                 gc.alloc.rate.norm: 17180290.667 B/op
                 gc.count:           3.000 counts
                 gc.time:            3.000 ms



Result "research.skew.AggregationBenchmark.sequential":
  18.720 ±(99.9%) 0.147 ms/op [Average]
  (min, avg, max) = (18.555, 18.720, 18.971), stdev = 0.138
  CI (99.9%): [18.573, 18.868] (assumes normal distribution)

Secondary result "research.skew.AggregationBenchmark.sequential:gc.alloc.rate":
  875.030 ±(99.9%) 6.876 MB/sec [Average]
  (min, avg, max) = (863.447, 875.030, 882.812), stdev = 6.432
  CI (99.9%): [868.154, 881.907] (assumes normal distribution)

Secondary result "research.skew.AggregationBenchmark.sequential:gc.alloc.rate.norm":
  17180290.644 ±(99.9%) 1.065 B/op [Average]
  (min, avg, max) = (17180290.074, 17180290.644, 17180292.528), stdev = 0.996
  CI (99.9%): [17180289.579, 17180291.709] (assumes normal distribution)

Secondary result "research.skew.AggregationBenchmark.sequential:gc.count":
  44.000 ±(99.9%) 0.001 counts [Sum]
  (min, avg, max) = (2.000, 2.933, 3.000), stdev = 0.258
  CI (99.9%): [44.000, 44.000] (assumes normal distribution)

Secondary result "research.skew.AggregationBenchmark.sequential:gc.time":
  62.000 ±(99.9%) 0.001 ms [Sum]
  (min, avg, max) = (3.000, 4.133, 5.000), stdev = 0.640
  CI (99.9%): [62.000, 62.000] (assumes normal distribution)


# JMH version: 1.37
# VM version: JDK 25.0.4.1, OpenJDK 64-Bit Server VM, 25.0.4.1+1-LTS
# VM invoker: /home/test/jdk/jdk-25.0.4.1+1/bin/java
# VM options: -Xms512m -Xmx512m -Djava.util.concurrent.ForkJoinPool.common.parallelism=3
# Blackhole mode: compiler (auto-detected, use -Djmh.blackhole.autoDetect=false to disable)
# Warmup: 5 iterations, 1 s each
# Measurement: 5 iterations, 1 s each
# Timeout: 10 min per iteration
# Threads: 1 thread, will synchronize iterations
# Benchmark mode: Average time, time/op
# Benchmark: research.skew.AggregationBenchmark.sequential
# Parameters: (cardinality = 32768, distribution = uniform, seed = 20260929, size = 1000000)

# Run progress: 83.33% complete, ETA 00:03:18
# Fork: 1 of 3
WARNING: A terminally deprecated method in sun.misc.Unsafe has been called
WARNING: sun.misc.Unsafe::objectFieldOffset has been called by org.openjdk.jmh.util.Utils (file:/home/test/Workspaces/JavaWorkspace/JavaStream_KeySkew/.deps/jmh-core-1.37.jar)
WARNING: Please consider reporting this to the maintainers of class org.openjdk.jmh.util.Utils
WARNING: sun.misc.Unsafe::objectFieldOffset will be removed in a future release
# Warmup Iteration   1: Input: n=1000000, keys=32768, observedHotFraction=0.000031, poolParallelism=3, availableProcessors=4
39.468 ms/op
# Warmup Iteration   2: 35.475 ms/op
# Warmup Iteration   3: 34.842 ms/op
# Warmup Iteration   4: 34.544 ms/op
# Warmup Iteration   5: 34.496 ms/op
Iteration   1: 34.878 ms/op
                 gc.alloc.rate:      501.844 MB/sec
                 gc.alloc.rate.norm: 18360042.207 B/op
                 gc.count:           2.000 counts
                 gc.time:            22.000 ms

Iteration   2: 35.205 ms/op
                 gc.alloc.rate:      497.189 MB/sec
                 gc.alloc.rate.norm: 18360042.207 B/op
                 gc.count:           2.000 counts
                 gc.time:            21.000 ms

Iteration   3: 33.982 ms/op
                 gc.alloc.rate:      515.120 MB/sec
                 gc.alloc.rate.norm: 18360034.133 B/op
                 gc.count:           1.000 counts
                 gc.time:            9.000 ms

Iteration   4: 34.678 ms/op
                 gc.alloc.rate:      504.811 MB/sec
                 gc.alloc.rate.norm: 18360042.207 B/op
                 gc.count:           2.000 counts
                 gc.time:            14.000 ms

Iteration   5: 33.612 ms/op
                 gc.alloc.rate:      520.700 MB/sec
                 gc.alloc.rate.norm: 18360035.200 B/op
                 gc.count:           2.000 counts
                 gc.time:            4.000 ms


# Run progress: 84.26% complete, ETA 00:03:07
# Fork: 2 of 3
WARNING: A terminally deprecated method in sun.misc.Unsafe has been called
WARNING: sun.misc.Unsafe::objectFieldOffset has been called by org.openjdk.jmh.util.Utils (file:/home/test/Workspaces/JavaWorkspace/JavaStream_KeySkew/.deps/jmh-core-1.37.jar)
WARNING: Please consider reporting this to the maintainers of class org.openjdk.jmh.util.Utils
WARNING: sun.misc.Unsafe::objectFieldOffset will be removed in a future release
# Warmup Iteration   1: Input: n=1000000, keys=32768, observedHotFraction=0.000031, poolParallelism=3, availableProcessors=4
39.939 ms/op
# Warmup Iteration   2: 37.227 ms/op
# Warmup Iteration   3: 36.052 ms/op
# Warmup Iteration   4: 35.481 ms/op
# Warmup Iteration   5: 35.952 ms/op
Iteration   1: 36.065 ms/op
                 gc.alloc.rate:      485.371 MB/sec
                 gc.alloc.rate.norm: 18360050.857 B/op
                 gc.count:           2.000 counts
                 gc.time:            22.000 ms

Iteration   2: 36.014 ms/op
                 gc.alloc.rate:      486.040 MB/sec
                 gc.alloc.rate.norm: 18360050.857 B/op
                 gc.count:           1.000 counts
                 gc.time:            11.000 ms

Iteration   3: 36.469 ms/op
                 gc.alloc.rate:      479.992 MB/sec
                 gc.alloc.rate.norm: 18360050.857 B/op
                 gc.count:           2.000 counts
                 gc.time:            22.000 ms

Iteration   4: 35.439 ms/op
                 gc.alloc.rate:      493.934 MB/sec
                 gc.alloc.rate.norm: 18360042.207 B/op
                 gc.count:           1.000 counts
                 gc.time:            9.000 ms

Iteration   5: 35.549 ms/op
                 gc.alloc.rate:      492.359 MB/sec
                 gc.alloc.rate.norm: 18360043.310 B/op
                 gc.count:           2.000 counts
                 gc.time:            4.000 ms


# Run progress: 85.19% complete, ETA 00:02:56
# Fork: 3 of 3
WARNING: A terminally deprecated method in sun.misc.Unsafe has been called
WARNING: sun.misc.Unsafe::objectFieldOffset has been called by org.openjdk.jmh.util.Utils (file:/home/test/Workspaces/JavaWorkspace/JavaStream_KeySkew/.deps/jmh-core-1.37.jar)
WARNING: Please consider reporting this to the maintainers of class org.openjdk.jmh.util.Utils
WARNING: sun.misc.Unsafe::objectFieldOffset will be removed in a future release
# Warmup Iteration   1: Input: n=1000000, keys=32768, observedHotFraction=0.000031, poolParallelism=3, availableProcessors=4
39.195 ms/op
# Warmup Iteration   2: 35.118 ms/op
# Warmup Iteration   3: 34.845 ms/op
# Warmup Iteration   4: 35.064 ms/op
# Warmup Iteration   5: 34.284 ms/op
Iteration   1: 34.771 ms/op
                 gc.alloc.rate:      503.431 MB/sec
                 gc.alloc.rate.norm: 18360042.207 B/op
                 gc.count:           2.000 counts
                 gc.time:            18.000 ms

Iteration   2: 35.299 ms/op
                 gc.alloc.rate:      495.865 MB/sec
                 gc.alloc.rate.norm: 18360042.207 B/op
                 gc.count:           2.000 counts
                 gc.time:            22.000 ms

Iteration   3: 34.513 ms/op
                 gc.alloc.rate:      507.208 MB/sec
                 gc.alloc.rate.norm: 18360042.207 B/op
                 gc.count:           1.000 counts
                 gc.time:            11.000 ms

Iteration   4: 34.568 ms/op
                 gc.alloc.rate:      506.420 MB/sec
                 gc.alloc.rate.norm: 18360042.207 B/op
                 gc.count:           2.000 counts
                 gc.time:            11.000 ms

Iteration   5: 34.746 ms/op
                 gc.alloc.rate:      503.724 MB/sec
                 gc.alloc.rate.norm: 18360043.310 B/op
                 gc.count:           2.000 counts
                 gc.time:            4.000 ms



Result "research.skew.AggregationBenchmark.sequential":
  35.053 ±(99.9%) 0.834 ms/op [Average]
  (min, avg, max) = (33.612, 35.053, 36.469), stdev = 0.780
  CI (99.9%): [34.218, 35.887] (assumes normal distribution)

Secondary result "research.skew.AggregationBenchmark.sequential:gc.alloc.rate":
  499.601 ±(99.9%) 11.882 MB/sec [Average]
  (min, avg, max) = (479.992, 499.601, 520.700), stdev = 11.115
  CI (99.9%): [487.718, 511.483] (assumes normal distribution)

Secondary result "research.skew.AggregationBenchmark.sequential:gc.alloc.rate.norm":
  18360043.079 ±(99.9%) 5.189 B/op [Average]
  (min, avg, max) = (18360034.133, 18360043.079, 18360050.857), stdev = 4.854
  CI (99.9%): [18360037.890, 18360048.267] (assumes normal distribution)

Secondary result "research.skew.AggregationBenchmark.sequential:gc.count":
  26.000 ±(99.9%) 0.001 counts [Sum]
  (min, avg, max) = (1.000, 1.733, 2.000), stdev = 0.458
  CI (99.9%): [26.000, 26.000] (assumes normal distribution)

Secondary result "research.skew.AggregationBenchmark.sequential:gc.time":
  204.000 ±(99.9%) 0.001 ms [Sum]
  (min, avg, max) = (4.000, 13.600, 22.000), stdev = 7.049
  CI (99.9%): [204.000, 204.000] (assumes normal distribution)


# JMH version: 1.37
# VM version: JDK 25.0.4.1, OpenJDK 64-Bit Server VM, 25.0.4.1+1-LTS
# VM invoker: /home/test/jdk/jdk-25.0.4.1+1/bin/java
# VM options: -Xms512m -Xmx512m -Djava.util.concurrent.ForkJoinPool.common.parallelism=3
# Blackhole mode: compiler (auto-detected, use -Djmh.blackhole.autoDetect=false to disable)
# Warmup: 5 iterations, 1 s each
# Measurement: 5 iterations, 1 s each
# Timeout: 10 min per iteration
# Threads: 1 thread, will synchronize iterations
# Benchmark mode: Average time, time/op
# Benchmark: research.skew.AggregationBenchmark.sequential
# Parameters: (cardinality = 32768, distribution = hot50, seed = 20260929, size = 1000000)

# Run progress: 86.11% complete, ETA 00:02:45
# Fork: 1 of 3
WARNING: A terminally deprecated method in sun.misc.Unsafe has been called
WARNING: sun.misc.Unsafe::objectFieldOffset has been called by org.openjdk.jmh.util.Utils (file:/home/test/Workspaces/JavaWorkspace/JavaStream_KeySkew/.deps/jmh-core-1.37.jar)
WARNING: Please consider reporting this to the maintainers of class org.openjdk.jmh.util.Utils
WARNING: sun.misc.Unsafe::objectFieldOffset will be removed in a future release
# Warmup Iteration   1: Input: n=1000000, keys=32768, observedHotFraction=0.500000, poolParallelism=3, availableProcessors=4
37.863 ms/op
# Warmup Iteration   2: 32.663 ms/op
# Warmup Iteration   3: 32.714 ms/op
# Warmup Iteration   4: 32.560 ms/op
# Warmup Iteration   5: 32.983 ms/op
Iteration   1: 32.414 ms/op
                 gc.alloc.rate:      540.044 MB/sec
                 gc.alloc.rate.norm: 18360043.500 B/op
                 gc.count:           2.000 counts
                 gc.time:            20.000 ms

Iteration   2: 32.267 ms/op
                 gc.alloc.rate:      542.459 MB/sec
                 gc.alloc.rate.norm: 18360050.581 B/op
                 gc.count:           1.000 counts
                 gc.time:            9.000 ms

Iteration   3: 33.147 ms/op
                 gc.alloc.rate:      528.071 MB/sec
                 gc.alloc.rate.norm: 18360050.581 B/op
                 gc.count:           2.000 counts
                 gc.time:            21.000 ms

Iteration   4: 32.241 ms/op
                 gc.alloc.rate:      542.931 MB/sec
                 gc.alloc.rate.norm: 18360043.500 B/op
                 gc.count:           2.000 counts
                 gc.time:            4.000 ms

Iteration   5: 32.393 ms/op
                 gc.alloc.rate:      540.370 MB/sec
                 gc.alloc.rate.norm: 18360051.613 B/op
                 gc.count:           2.000 counts
                 gc.time:            4.000 ms


# Run progress: 87.04% complete, ETA 00:02:34
# Fork: 2 of 3
WARNING: A terminally deprecated method in sun.misc.Unsafe has been called
WARNING: sun.misc.Unsafe::objectFieldOffset has been called by org.openjdk.jmh.util.Utils (file:/home/test/Workspaces/JavaWorkspace/JavaStream_KeySkew/.deps/jmh-core-1.37.jar)
WARNING: Please consider reporting this to the maintainers of class org.openjdk.jmh.util.Utils
WARNING: sun.misc.Unsafe::objectFieldOffset will be removed in a future release
# Warmup Iteration   1: Input: n=1000000, keys=32768, observedHotFraction=0.500000, poolParallelism=3, availableProcessors=4
37.150 ms/op
# Warmup Iteration   2: 31.829 ms/op
# Warmup Iteration   3: 31.599 ms/op
# Warmup Iteration   4: 31.513 ms/op
# Warmup Iteration   5: 31.714 ms/op
Iteration   1: 31.836 ms/op
                 gc.alloc.rate:      549.854 MB/sec
                 gc.alloc.rate.norm: 18360043.500 B/op
                 gc.count:           2.000 counts
                 gc.time:            22.000 ms

Iteration   2: 32.214 ms/op
                 gc.alloc.rate:      543.349 MB/sec
                 gc.alloc.rate.norm: 18360043.500 B/op
                 gc.count:           2.000 counts
                 gc.time:            22.000 ms

Iteration   3: 31.469 ms/op
                 gc.alloc.rate:      556.250 MB/sec
                 gc.alloc.rate.norm: 18360043.500 B/op
                 gc.count:           2.000 counts
                 gc.time:            11.000 ms

Iteration   4: 32.018 ms/op
                 gc.alloc.rate:      546.694 MB/sec
                 gc.alloc.rate.norm: 18360043.500 B/op
                 gc.count:           1.000 counts
                 gc.time:            2.000 ms

Iteration   5: 31.363 ms/op
                 gc.alloc.rate:      558.131 MB/sec
                 gc.alloc.rate.norm: 18360043.500 B/op
                 gc.count:           2.000 counts
                 gc.time:            4.000 ms


# Run progress: 87.96% complete, ETA 00:02:23
# Fork: 3 of 3
WARNING: A terminally deprecated method in sun.misc.Unsafe has been called
WARNING: sun.misc.Unsafe::objectFieldOffset has been called by org.openjdk.jmh.util.Utils (file:/home/test/Workspaces/JavaWorkspace/JavaStream_KeySkew/.deps/jmh-core-1.37.jar)
WARNING: Please consider reporting this to the maintainers of class org.openjdk.jmh.util.Utils
WARNING: sun.misc.Unsafe::objectFieldOffset will be removed in a future release
# Warmup Iteration   1: Input: n=1000000, keys=32768, observedHotFraction=0.500000, poolParallelism=3, availableProcessors=4
37.916 ms/op
# Warmup Iteration   2: 32.482 ms/op
# Warmup Iteration   3: 32.153 ms/op
# Warmup Iteration   4: 32.049 ms/op
# Warmup Iteration   5: 32.767 ms/op
Iteration   1: 32.629 ms/op
                 gc.alloc.rate:      536.500 MB/sec
                 gc.alloc.rate.norm: 18360050.581 B/op
                 gc.count:           2.000 counts
                 gc.time:            20.000 ms

Iteration   2: 32.428 ms/op
                 gc.alloc.rate:      539.807 MB/sec
                 gc.alloc.rate.norm: 18360050.581 B/op
                 gc.count:           2.000 counts
                 gc.time:            20.000 ms

Iteration   3: 31.962 ms/op
                 gc.alloc.rate:      547.693 MB/sec
                 gc.alloc.rate.norm: 18360043.500 B/op
                 gc.count:           1.000 counts
                 gc.time:            10.000 ms

Iteration   4: 32.022 ms/op
                 gc.alloc.rate:      546.633 MB/sec
                 gc.alloc.rate.norm: 18360043.500 B/op
                 gc.count:           2.000 counts
                 gc.time:            4.000 ms

Iteration   5: 32.050 ms/op
                 gc.alloc.rate:      546.166 MB/sec
                 gc.alloc.rate.norm: 18360043.500 B/op
                 gc.count:           2.000 counts
                 gc.time:            4.000 ms



Result "research.skew.AggregationBenchmark.sequential":
  32.163 ±(99.9%) 0.471 ms/op [Average]
  (min, avg, max) = (31.363, 32.163, 33.147), stdev = 0.440
  CI (99.9%): [31.693, 32.634] (assumes normal distribution)

Secondary result "research.skew.AggregationBenchmark.sequential:gc.alloc.rate":
  544.330 ±(99.9%) 7.955 MB/sec [Average]
  (min, avg, max) = (528.071, 544.330, 558.131), stdev = 7.441
  CI (99.9%): [536.375, 552.286] (assumes normal distribution)

Secondary result "research.skew.AggregationBenchmark.sequential:gc.alloc.rate.norm":
  18360045.929 ±(99.9%) 3.810 B/op [Average]
  (min, avg, max) = (18360043.500, 18360045.929, 18360051.613), stdev = 3.564
  CI (99.9%): [18360042.119, 18360049.739] (assumes normal distribution)

Secondary result "research.skew.AggregationBenchmark.sequential:gc.count":
  27.000 ±(99.9%) 0.001 counts [Sum]
  (min, avg, max) = (1.000, 1.800, 2.000), stdev = 0.414
  CI (99.9%): [27.000, 27.000] (assumes normal distribution)

Secondary result "research.skew.AggregationBenchmark.sequential:gc.time":
  177.000 ±(99.9%) 0.001 ms [Sum]
  (min, avg, max) = (2.000, 11.800, 22.000), stdev = 8.046
  CI (99.9%): [177.000, 177.000] (assumes normal distribution)


# JMH version: 1.37
# VM version: JDK 25.0.4.1, OpenJDK 64-Bit Server VM, 25.0.4.1+1-LTS
# VM invoker: /home/test/jdk/jdk-25.0.4.1+1/bin/java
# VM options: -Xms512m -Xmx512m -Djava.util.concurrent.ForkJoinPool.common.parallelism=3
# Blackhole mode: compiler (auto-detected, use -Djmh.blackhole.autoDetect=false to disable)
# Warmup: 5 iterations, 1 s each
# Measurement: 5 iterations, 1 s each
# Timeout: 10 min per iteration
# Threads: 1 thread, will synchronize iterations
# Benchmark mode: Average time, time/op
# Benchmark: research.skew.AggregationBenchmark.sequential
# Parameters: (cardinality = 32768, distribution = hot90, seed = 20260929, size = 1000000)

# Run progress: 88.89% complete, ETA 00:02:12
# Fork: 1 of 3
WARNING: A terminally deprecated method in sun.misc.Unsafe has been called
WARNING: sun.misc.Unsafe::objectFieldOffset has been called by org.openjdk.jmh.util.Utils (file:/home/test/Workspaces/JavaWorkspace/JavaStream_KeySkew/.deps/jmh-core-1.37.jar)
WARNING: Please consider reporting this to the maintainers of class org.openjdk.jmh.util.Utils
WARNING: sun.misc.Unsafe::objectFieldOffset will be removed in a future release
# Warmup Iteration   1: Input: n=1000000, keys=32768, observedHotFraction=0.900000, poolParallelism=3, availableProcessors=4
26.172 ms/op
# Warmup Iteration   2: 22.903 ms/op
# Warmup Iteration   3: 22.843 ms/op
# Warmup Iteration   4: 23.066 ms/op
# Warmup Iteration   5: 22.922 ms/op
Iteration   1: 22.888 ms/op
                 gc.alloc.rate:      764.812 MB/sec
                 gc.alloc.rate.norm: 18359983.636 B/op
                 gc.count:           3.000 counts
                 gc.time:            21.000 ms

Iteration   2: 22.544 ms/op
                 gc.alloc.rate:      776.397 MB/sec
                 gc.alloc.rate.norm: 18359980.089 B/op
                 gc.count:           2.000 counts
                 gc.time:            4.000 ms

Iteration   3: 22.550 ms/op
                 gc.alloc.rate:      776.259 MB/sec
                 gc.alloc.rate.norm: 18359980.089 B/op
                 gc.count:           3.000 counts
                 gc.time:            5.000 ms

Iteration   4: 22.271 ms/op
                 gc.alloc.rate:      786.001 MB/sec
                 gc.alloc.rate.norm: 18359980.089 B/op
                 gc.count:           3.000 counts
                 gc.time:            6.000 ms

Iteration   5: 22.264 ms/op
                 gc.alloc.rate:      786.257 MB/sec
                 gc.alloc.rate.norm: 18359980.089 B/op
                 gc.count:           2.000 counts
                 gc.time:            3.000 ms


# Run progress: 89.81% complete, ETA 00:02:01
# Fork: 2 of 3
WARNING: A terminally deprecated method in sun.misc.Unsafe has been called
WARNING: sun.misc.Unsafe::objectFieldOffset has been called by org.openjdk.jmh.util.Utils (file:/home/test/Workspaces/JavaWorkspace/JavaStream_KeySkew/.deps/jmh-core-1.37.jar)
WARNING: Please consider reporting this to the maintainers of class org.openjdk.jmh.util.Utils
WARNING: sun.misc.Unsafe::objectFieldOffset will be removed in a future release
# Warmup Iteration   1: Input: n=1000000, keys=32768, observedHotFraction=0.900000, poolParallelism=3, availableProcessors=4
26.351 ms/op
# Warmup Iteration   2: 23.070 ms/op
# Warmup Iteration   3: 22.879 ms/op
# Warmup Iteration   4: 22.906 ms/op
# Warmup Iteration   5: 22.735 ms/op
Iteration   1: 22.686 ms/op
                 gc.alloc.rate:      771.628 MB/sec
                 gc.alloc.rate.norm: 18359980.089 B/op
                 gc.count:           3.000 counts
                 gc.time:            22.000 ms

Iteration   2: 22.407 ms/op
                 gc.alloc.rate:      781.146 MB/sec
                 gc.alloc.rate.norm: 18359980.089 B/op
                 gc.count:           2.000 counts
                 gc.time:            3.000 ms

Iteration   3: 22.336 ms/op
                 gc.alloc.rate:      783.737 MB/sec
                 gc.alloc.rate.norm: 18359980.089 B/op
                 gc.count:           3.000 counts
                 gc.time:            5.000 ms

Iteration   4: 22.395 ms/op
                 gc.alloc.rate:      781.670 MB/sec
                 gc.alloc.rate.norm: 18359980.089 B/op
                 gc.count:           3.000 counts
                 gc.time:            5.000 ms

Iteration   5: 22.215 ms/op
                 gc.alloc.rate:      787.976 MB/sec
                 gc.alloc.rate.norm: 18359977.391 B/op
                 gc.count:           2.000 counts
                 gc.time:            3.000 ms


# Run progress: 90.74% complete, ETA 00:01:50
# Fork: 3 of 3
WARNING: A terminally deprecated method in sun.misc.Unsafe has been called
WARNING: sun.misc.Unsafe::objectFieldOffset has been called by org.openjdk.jmh.util.Utils (file:/home/test/Workspaces/JavaWorkspace/JavaStream_KeySkew/.deps/jmh-core-1.37.jar)
WARNING: Please consider reporting this to the maintainers of class org.openjdk.jmh.util.Utils
WARNING: sun.misc.Unsafe::objectFieldOffset will be removed in a future release
# Warmup Iteration   1: Input: n=1000000, keys=32768, observedHotFraction=0.900000, poolParallelism=3, availableProcessors=4
26.131 ms/op
# Warmup Iteration   2: 22.707 ms/op
# Warmup Iteration   3: 22.574 ms/op
# Warmup Iteration   4: 22.692 ms/op
# Warmup Iteration   5: 22.788 ms/op
Iteration   1: 22.363 ms/op
                 gc.alloc.rate:      782.677 MB/sec
                 gc.alloc.rate.norm: 18359980.089 B/op
                 gc.count:           2.000 counts
                 gc.time:            10.000 ms

Iteration   2: 22.345 ms/op
                 gc.alloc.rate:      783.338 MB/sec
                 gc.alloc.rate.norm: 18359980.089 B/op
                 gc.count:           3.000 counts
                 gc.time:            6.000 ms

Iteration   3: 22.212 ms/op
                 gc.alloc.rate:      788.077 MB/sec
                 gc.alloc.rate.norm: 18359976.696 B/op
                 gc.count:           2.000 counts
                 gc.time:            3.000 ms

Iteration   4: 22.178 ms/op
                 gc.alloc.rate:      789.323 MB/sec
                 gc.alloc.rate.norm: 18359976.696 B/op
                 gc.count:           3.000 counts
                 gc.time:            5.000 ms

Iteration   5: 22.117 ms/op
                 gc.alloc.rate:      791.476 MB/sec
                 gc.alloc.rate.norm: 18359977.391 B/op
                 gc.count:           3.000 counts
                 gc.time:            5.000 ms



Result "research.skew.AggregationBenchmark.sequential":
  22.385 ±(99.9%) 0.222 ms/op [Average]
  (min, avg, max) = (22.117, 22.385, 22.888), stdev = 0.207
  CI (99.9%): [22.163, 22.606] (assumes normal distribution)

Secondary result "research.skew.AggregationBenchmark.sequential:gc.alloc.rate":
  782.052 ±(99.9%) 7.686 MB/sec [Average]
  (min, avg, max) = (764.812, 782.052, 791.476), stdev = 7.189
  CI (99.9%): [774.366, 789.737] (assumes normal distribution)

Secondary result "research.skew.AggregationBenchmark.sequential:gc.alloc.rate.norm":
  18359979.513 ±(99.9%) 1.921 B/op [Average]
  (min, avg, max) = (18359976.696, 18359979.513, 18359983.636), stdev = 1.797
  CI (99.9%): [18359977.592, 18359981.434] (assumes normal distribution)

Secondary result "research.skew.AggregationBenchmark.sequential:gc.count":
  39.000 ±(99.9%) 0.001 counts [Sum]
  (min, avg, max) = (2.000, 2.600, 3.000), stdev = 0.507
  CI (99.9%): [39.000, 39.000] (assumes normal distribution)

Secondary result "research.skew.AggregationBenchmark.sequential:gc.time":
  106.000 ±(99.9%) 0.001 ms [Sum]
  (min, avg, max) = (3.000, 7.067, 22.000), stdev = 6.123
  CI (99.9%): [106.000, 106.000] (assumes normal distribution)


# JMH version: 1.37
# VM version: JDK 25.0.4.1, OpenJDK 64-Bit Server VM, 25.0.4.1+1-LTS
# VM invoker: /home/test/jdk/jdk-25.0.4.1+1/bin/java
# VM options: -Xms512m -Xmx512m -Djava.util.concurrent.ForkJoinPool.common.parallelism=3
# Blackhole mode: compiler (auto-detected, use -Djmh.blackhole.autoDetect=false to disable)
# Warmup: 5 iterations, 1 s each
# Measurement: 5 iterations, 1 s each
# Timeout: 10 min per iteration
# Threads: 1 thread, will synchronize iterations
# Benchmark mode: Average time, time/op
# Benchmark: research.skew.AggregationBenchmark.sequential
# Parameters: (cardinality = 65536, distribution = uniform, seed = 20260929, size = 1000000)

# Run progress: 91.67% complete, ETA 00:01:39
# Fork: 1 of 3
WARNING: A terminally deprecated method in sun.misc.Unsafe has been called
WARNING: sun.misc.Unsafe::objectFieldOffset has been called by org.openjdk.jmh.util.Utils (file:/home/test/Workspaces/JavaWorkspace/JavaStream_KeySkew/.deps/jmh-core-1.37.jar)
WARNING: Please consider reporting this to the maintainers of class org.openjdk.jmh.util.Utils
WARNING: sun.misc.Unsafe::objectFieldOffset will be removed in a future release
# Warmup Iteration   1: Input: n=1000000, keys=65536, observedHotFraction=0.000016, poolParallelism=3, availableProcessors=4
70.873 ms/op
# Warmup Iteration   2: 68.879 ms/op
# Warmup Iteration   3: 63.449 ms/op
# Warmup Iteration   4: 60.588 ms/op
# Warmup Iteration   5: 61.937 ms/op
Iteration   1: 61.449 ms/op
                 gc.alloc.rate:      321.489 MB/sec
                 gc.alloc.rate.norm: 20719525.176 B/op
                 gc.count:           1.000 counts
                 gc.time:            28.000 ms

Iteration   2: 62.607 ms/op
                 gc.alloc.rate:      315.516 MB/sec
                 gc.alloc.rate.norm: 20719551.000 B/op
                 gc.count:           2.000 counts
                 gc.time:            73.000 ms

Iteration   3: 61.580 ms/op
                 gc.alloc.rate:      320.791 MB/sec
                 gc.alloc.rate.norm: 20719525.176 B/op
                 gc.count:           2.000 counts
                 gc.time:            66.000 ms

Iteration   4: 61.363 ms/op
                 gc.alloc.rate:      321.935 MB/sec
                 gc.alloc.rate.norm: 20719525.176 B/op
                 gc.count:           4.000 counts
                 gc.time:            38.000 ms

Iteration   5: 60.845 ms/op
                 gc.alloc.rate:      324.661 MB/sec
                 gc.alloc.rate.norm: 20719525.176 B/op
                 gc.count:           1.000 counts
                 gc.time:            39.000 ms


# Run progress: 92.59% complete, ETA 00:01:28
# Fork: 2 of 3
WARNING: A terminally deprecated method in sun.misc.Unsafe has been called
WARNING: sun.misc.Unsafe::objectFieldOffset has been called by org.openjdk.jmh.util.Utils (file:/home/test/Workspaces/JavaWorkspace/JavaStream_KeySkew/.deps/jmh-core-1.37.jar)
WARNING: Please consider reporting this to the maintainers of class org.openjdk.jmh.util.Utils
WARNING: sun.misc.Unsafe::objectFieldOffset will be removed in a future release
# Warmup Iteration   1: Input: n=1000000, keys=65536, observedHotFraction=0.000016, poolParallelism=3, availableProcessors=4
64.675 ms/op
# Warmup Iteration   2: 69.150 ms/op
# Warmup Iteration   3: 63.056 ms/op
# Warmup Iteration   4: 61.728 ms/op
# Warmup Iteration   5: 61.018 ms/op
Iteration   1: 59.852 ms/op
                 gc.alloc.rate:      330.069 MB/sec
                 gc.alloc.rate.norm: 20719525.176 B/op
                 gc.count:           1.000 counts
                 gc.time:            38.000 ms

Iteration   2: 61.031 ms/op
                 gc.alloc.rate:      323.659 MB/sec
                 gc.alloc.rate.norm: 20719525.176 B/op
                 gc.count:           1.000 counts
                 gc.time:            46.000 ms

Iteration   3: 61.246 ms/op
                 gc.alloc.rate:      322.553 MB/sec
                 gc.alloc.rate.norm: 20719525.176 B/op
                 gc.count:           2.000 counts
                 gc.time:            71.000 ms

Iteration   4: 61.975 ms/op
                 gc.alloc.rate:      318.742 MB/sec
                 gc.alloc.rate.norm: 20719525.176 B/op
                 gc.count:           5.000 counts
                 gc.time:            57.000 ms

Iteration   5: 59.324 ms/op
                 gc.alloc.rate:      332.997 MB/sec
                 gc.alloc.rate.norm: 20719525.176 B/op
                 gc.count:           1.000 counts
                 gc.time:            36.000 ms


# Run progress: 93.52% complete, ETA 00:01:17
# Fork: 3 of 3
WARNING: A terminally deprecated method in sun.misc.Unsafe has been called
WARNING: sun.misc.Unsafe::objectFieldOffset has been called by org.openjdk.jmh.util.Utils (file:/home/test/Workspaces/JavaWorkspace/JavaStream_KeySkew/.deps/jmh-core-1.37.jar)
WARNING: Please consider reporting this to the maintainers of class org.openjdk.jmh.util.Utils
WARNING: sun.misc.Unsafe::objectFieldOffset will be removed in a future release
# Warmup Iteration   1: Input: n=1000000, keys=65536, observedHotFraction=0.000016, poolParallelism=3, availableProcessors=4
72.505 ms/op
# Warmup Iteration   2: 68.896 ms/op
# Warmup Iteration   3: 60.666 ms/op
# Warmup Iteration   4: 61.192 ms/op
# Warmup Iteration   5: 60.239 ms/op
Iteration   1: 61.549 ms/op
                 gc.alloc.rate:      320.944 MB/sec
                 gc.alloc.rate.norm: 20719525.176 B/op
                 gc.count:           1.000 counts
                 gc.time:            37.000 ms

Iteration   2: 59.803 ms/op
                 gc.alloc.rate:      330.291 MB/sec
                 gc.alloc.rate.norm: 20719525.176 B/op
                 gc.count:           1.000 counts
                 gc.time:            42.000 ms

Iteration   3: 59.922 ms/op
                 gc.alloc.rate:      329.688 MB/sec
                 gc.alloc.rate.norm: 20719525.176 B/op
                 gc.count:           1.000 counts
                 gc.time:            39.000 ms

Iteration   4: 60.977 ms/op
                 gc.alloc.rate:      323.971 MB/sec
                 gc.alloc.rate.norm: 20719525.176 B/op
                 gc.count:           5.000 counts
                 gc.time:            81.000 ms

Iteration   5: 59.063 ms/op
                 gc.alloc.rate:      334.460 MB/sec
                 gc.alloc.rate.norm: 20719525.176 B/op
                 gc.count:           1.000 counts
                 gc.time:            20.000 ms



Result "research.skew.AggregationBenchmark.sequential":
  60.839 ±(99.9%) 1.094 ms/op [Average]
  (min, avg, max) = (59.063, 60.839, 62.607), stdev = 1.024
  CI (99.9%): [59.745, 61.933] (assumes normal distribution)

Secondary result "research.skew.AggregationBenchmark.sequential:gc.alloc.rate":
  324.784 ±(99.9%) 5.872 MB/sec [Average]
  (min, avg, max) = (315.516, 324.784, 334.460), stdev = 5.493
  CI (99.9%): [318.913, 330.656] (assumes normal distribution)

Secondary result "research.skew.AggregationBenchmark.sequential:gc.alloc.rate.norm":
  20719526.898 ±(99.9%) 7.128 B/op [Average]
  (min, avg, max) = (20719525.176, 20719526.898, 20719551.000), stdev = 6.668
  CI (99.9%): [20719519.770, 20719534.026] (assumes normal distribution)

Secondary result "research.skew.AggregationBenchmark.sequential:gc.count":
  29.000 ±(99.9%) 0.001 counts [Sum]
  (min, avg, max) = (1.000, 1.933, 5.000), stdev = 1.486
  CI (99.9%): [29.000, 29.000] (assumes normal distribution)

Secondary result "research.skew.AggregationBenchmark.sequential:gc.time":
  711.000 ±(99.9%) 0.001 ms [Sum]
  (min, avg, max) = (20.000, 47.400, 81.000), stdev = 17.916
  CI (99.9%): [711.000, 711.000] (assumes normal distribution)


# JMH version: 1.37
# VM version: JDK 25.0.4.1, OpenJDK 64-Bit Server VM, 25.0.4.1+1-LTS
# VM invoker: /home/test/jdk/jdk-25.0.4.1+1/bin/java
# VM options: -Xms512m -Xmx512m -Djava.util.concurrent.ForkJoinPool.common.parallelism=3
# Blackhole mode: compiler (auto-detected, use -Djmh.blackhole.autoDetect=false to disable)
# Warmup: 5 iterations, 1 s each
# Measurement: 5 iterations, 1 s each
# Timeout: 10 min per iteration
# Threads: 1 thread, will synchronize iterations
# Benchmark mode: Average time, time/op
# Benchmark: research.skew.AggregationBenchmark.sequential
# Parameters: (cardinality = 65536, distribution = hot50, seed = 20260929, size = 1000000)

# Run progress: 94.44% complete, ETA 00:01:06
# Fork: 1 of 3
WARNING: A terminally deprecated method in sun.misc.Unsafe has been called
WARNING: sun.misc.Unsafe::objectFieldOffset has been called by org.openjdk.jmh.util.Utils (file:/home/test/Workspaces/JavaWorkspace/JavaStream_KeySkew/.deps/jmh-core-1.37.jar)
WARNING: Please consider reporting this to the maintainers of class org.openjdk.jmh.util.Utils
WARNING: sun.misc.Unsafe::objectFieldOffset will be removed in a future release
# Warmup Iteration   1: Input: n=1000000, keys=65536, observedHotFraction=0.500000, poolParallelism=3, availableProcessors=4
57.608 ms/op
# Warmup Iteration   2: 59.811 ms/op
# Warmup Iteration   3: 56.555 ms/op
# Warmup Iteration   4: 53.526 ms/op
# Warmup Iteration   5: 55.066 ms/op
Iteration   1: 55.723 ms/op
                 gc.alloc.rate:      354.520 MB/sec
                 gc.alloc.rate.norm: 20719526.222 B/op
                 gc.count:           2.000 counts
                 gc.time:            73.000 ms

Iteration   2: 55.433 ms/op
                 gc.alloc.rate:      356.356 MB/sec
                 gc.alloc.rate.norm: 20719507.368 B/op
                 gc.count:           2.000 counts
                 gc.time:            74.000 ms

Iteration   3: 54.318 ms/op
                 gc.alloc.rate:      363.678 MB/sec
                 gc.alloc.rate.norm: 20719505.684 B/op
                 gc.count:           4.000 counts
                 gc.time:            49.000 ms

Iteration   4: 55.302 ms/op
                 gc.alloc.rate:      357.224 MB/sec
                 gc.alloc.rate.norm: 20719505.684 B/op
                 gc.count:           2.000 counts
                 gc.time:            54.000 ms

Iteration   5: 54.445 ms/op
                 gc.alloc.rate:      362.849 MB/sec
                 gc.alloc.rate.norm: 20719505.684 B/op
                 gc.count:           1.000 counts
                 gc.time:            48.000 ms


# Run progress: 95.37% complete, ETA 00:00:55
# Fork: 2 of 3
WARNING: A terminally deprecated method in sun.misc.Unsafe has been called
WARNING: sun.misc.Unsafe::objectFieldOffset has been called by org.openjdk.jmh.util.Utils (file:/home/test/Workspaces/JavaWorkspace/JavaStream_KeySkew/.deps/jmh-core-1.37.jar)
WARNING: Please consider reporting this to the maintainers of class org.openjdk.jmh.util.Utils
WARNING: sun.misc.Unsafe::objectFieldOffset will be removed in a future release
# Warmup Iteration   1: Input: n=1000000, keys=65536, observedHotFraction=0.500000, poolParallelism=3, availableProcessors=4
55.722 ms/op
# Warmup Iteration   2: 56.596 ms/op
# Warmup Iteration   3: 54.957 ms/op
# Warmup Iteration   4: 53.259 ms/op
# Warmup Iteration   5: 50.632 ms/op
Iteration   1: 53.544 ms/op
                 gc.alloc.rate:      368.928 MB/sec
                 gc.alloc.rate.norm: 20719505.684 B/op
                 gc.count:           2.000 counts
                 gc.time:            80.000 ms

Iteration   2: 53.247 ms/op
                 gc.alloc.rate:      370.979 MB/sec
                 gc.alloc.rate.norm: 20719487.200 B/op
                 gc.count:           2.000 counts
                 gc.time:            73.000 ms

Iteration   3: 52.304 ms/op
                 gc.alloc.rate:      377.679 MB/sec
                 gc.alloc.rate.norm: 20719487.200 B/op
                 gc.count:           5.000 counts
                 gc.time:            58.000 ms

Iteration   4: 51.761 ms/op
                 gc.alloc.rate:      381.643 MB/sec
                 gc.alloc.rate.norm: 20719487.200 B/op
                 gc.count:           1.000 counts
                 gc.time:            36.000 ms

Iteration   5: 53.494 ms/op
                 gc.alloc.rate:      369.297 MB/sec
                 gc.alloc.rate.norm: 20719505.684 B/op
                 gc.count:           2.000 counts
                 gc.time:            80.000 ms


# Run progress: 96.30% complete, ETA 00:00:44
# Fork: 3 of 3
WARNING: A terminally deprecated method in sun.misc.Unsafe has been called
WARNING: sun.misc.Unsafe::objectFieldOffset has been called by org.openjdk.jmh.util.Utils (file:/home/test/Workspaces/JavaWorkspace/JavaStream_KeySkew/.deps/jmh-core-1.37.jar)
WARNING: Please consider reporting this to the maintainers of class org.openjdk.jmh.util.Utils
WARNING: sun.misc.Unsafe::objectFieldOffset will be removed in a future release
# Warmup Iteration   1: Input: n=1000000, keys=65536, observedHotFraction=0.500000, poolParallelism=3, availableProcessors=4
58.601 ms/op
# Warmup Iteration   2: 61.143 ms/op
# Warmup Iteration   3: 58.191 ms/op
# Warmup Iteration   4: 55.995 ms/op
# Warmup Iteration   5: 56.880 ms/op
Iteration   1: 56.923 ms/op
                 gc.alloc.rate:      347.053 MB/sec
                 gc.alloc.rate.norm: 20719526.222 B/op
                 gc.count:           1.000 counts
                 gc.time:            39.000 ms

Iteration   2: 58.279 ms/op
                 gc.alloc.rate:      338.947 MB/sec
                 gc.alloc.rate.norm: 20719526.222 B/op
                 gc.count:           2.000 counts
                 gc.time:            84.000 ms

Iteration   3: 55.414 ms/op
                 gc.alloc.rate:      356.495 MB/sec
                 gc.alloc.rate.norm: 20719505.684 B/op
                 gc.count:           1.000 counts
                 gc.time:            34.000 ms

Iteration   4: 56.515 ms/op
                 gc.alloc.rate:      349.548 MB/sec
                 gc.alloc.rate.norm: 20719526.222 B/op
                 gc.count:           5.000 counts
                 gc.time:            67.000 ms

Iteration   5: 55.439 ms/op
                 gc.alloc.rate:      356.327 MB/sec
                 gc.alloc.rate.norm: 20719505.684 B/op
                 gc.count:           1.000 counts
                 gc.time:            39.000 ms



Result "research.skew.AggregationBenchmark.sequential":
  54.809 ±(99.9%) 1.881 ms/op [Average]
  (min, avg, max) = (51.761, 54.809, 58.279), stdev = 1.760
  CI (99.9%): [52.928, 56.691] (assumes normal distribution)

Secondary result "research.skew.AggregationBenchmark.sequential:gc.alloc.rate":
  360.768 ±(99.9%) 12.380 MB/sec [Average]
  (min, avg, max) = (338.947, 360.768, 381.643), stdev = 11.580
  CI (99.9%): [348.388, 373.148] (assumes normal distribution)

Secondary result "research.skew.AggregationBenchmark.sequential:gc.alloc.rate.norm":
  20719507.576 ±(99.9%) 14.740 B/op [Average]
  (min, avg, max) = (20719487.200, 20719507.576, 20719526.222), stdev = 13.788
  CI (99.9%): [20719492.837, 20719522.316] (assumes normal distribution)

Secondary result "research.skew.AggregationBenchmark.sequential:gc.count":
  33.000 ±(99.9%) 0.001 counts [Sum]
  (min, avg, max) = (1.000, 2.200, 5.000), stdev = 1.373
  CI (99.9%): [33.000, 33.000] (assumes normal distribution)

Secondary result "research.skew.AggregationBenchmark.sequential:gc.time":
  888.000 ±(99.9%) 0.001 ms [Sum]
  (min, avg, max) = (34.000, 59.200, 84.000), stdev = 17.705
  CI (99.9%): [888.000, 888.000] (assumes normal distribution)


# JMH version: 1.37
# VM version: JDK 25.0.4.1, OpenJDK 64-Bit Server VM, 25.0.4.1+1-LTS
# VM invoker: /home/test/jdk/jdk-25.0.4.1+1/bin/java
# VM options: -Xms512m -Xmx512m -Djava.util.concurrent.ForkJoinPool.common.parallelism=3
# Blackhole mode: compiler (auto-detected, use -Djmh.blackhole.autoDetect=false to disable)
# Warmup: 5 iterations, 1 s each
# Measurement: 5 iterations, 1 s each
# Timeout: 10 min per iteration
# Threads: 1 thread, will synchronize iterations
# Benchmark mode: Average time, time/op
# Benchmark: research.skew.AggregationBenchmark.sequential
# Parameters: (cardinality = 65536, distribution = hot90, seed = 20260929, size = 1000000)

# Run progress: 97.22% complete, ETA 00:00:33
# Fork: 1 of 3
WARNING: A terminally deprecated method in sun.misc.Unsafe has been called
WARNING: sun.misc.Unsafe::objectFieldOffset has been called by org.openjdk.jmh.util.Utils (file:/home/test/Workspaces/JavaWorkspace/JavaStream_KeySkew/.deps/jmh-core-1.37.jar)
WARNING: Please consider reporting this to the maintainers of class org.openjdk.jmh.util.Utils
WARNING: sun.misc.Unsafe::objectFieldOffset will be removed in a future release
# Warmup Iteration   1: Input: n=1000000, keys=65536, observedHotFraction=0.900000, poolParallelism=3, availableProcessors=4
37.397 ms/op
# Warmup Iteration   2: 29.621 ms/op
# Warmup Iteration   3: 30.085 ms/op
# Warmup Iteration   4: 28.954 ms/op
# Warmup Iteration   5: 29.931 ms/op
Iteration   1: 30.065 ms/op
                 gc.alloc.rate:      657.072 MB/sec
                 gc.alloc.rate.norm: 20719342.588 B/op
                 gc.count:           3.000 counts
                 gc.time:            127.000 ms

Iteration   2: 28.775 ms/op
                 gc.alloc.rate:      686.462 MB/sec
                 gc.alloc.rate.norm: 20719336.686 B/op
                 gc.count:           5.000 counts
                 gc.time:            82.000 ms

Iteration   3: 31.306 ms/op
                 gc.alloc.rate:      631.023 MB/sec
                 gc.alloc.rate.norm: 20719349.818 B/op
                 gc.count:           7.000 counts
                 gc.time:            155.000 ms

Iteration   4: 29.153 ms/op
                 gc.alloc.rate:      677.623 MB/sec
                 gc.alloc.rate.norm: 20719336.686 B/op
                 gc.count:           7.000 counts
                 gc.time:            96.000 ms

Iteration   5: 29.968 ms/op
                 gc.alloc.rate:      659.145 MB/sec
                 gc.alloc.rate.norm: 20719337.600 B/op
                 gc.count:           6.000 counts
                 gc.time:            120.000 ms


# Run progress: 98.15% complete, ETA 00:00:22
# Fork: 2 of 3
WARNING: A terminally deprecated method in sun.misc.Unsafe has been called
WARNING: sun.misc.Unsafe::objectFieldOffset has been called by org.openjdk.jmh.util.Utils (file:/home/test/Workspaces/JavaWorkspace/JavaStream_KeySkew/.deps/jmh-core-1.37.jar)
WARNING: Please consider reporting this to the maintainers of class org.openjdk.jmh.util.Utils
WARNING: sun.misc.Unsafe::objectFieldOffset will be removed in a future release
# Warmup Iteration   1: Input: n=1000000, keys=65536, observedHotFraction=0.900000, poolParallelism=3, availableProcessors=4
37.071 ms/op
# Warmup Iteration   2: 29.927 ms/op
# Warmup Iteration   3: 30.407 ms/op
# Warmup Iteration   4: 28.972 ms/op
# Warmup Iteration   5: 30.441 ms/op
Iteration   1: 30.653 ms/op
                 gc.alloc.rate:      644.506 MB/sec
                 gc.alloc.rate.norm: 20719348.848 B/op
                 gc.count:           3.000 counts
                 gc.time:            125.000 ms

Iteration   2: 29.015 ms/op
                 gc.alloc.rate:      680.761 MB/sec
                 gc.alloc.rate.norm: 20719336.686 B/op
                 gc.count:           5.000 counts
                 gc.time:            79.000 ms

Iteration   3: 29.432 ms/op
                 gc.alloc.rate:      671.188 MB/sec
                 gc.alloc.rate.norm: 20719343.529 B/op
                 gc.count:           5.000 counts
                 gc.time:            89.000 ms

Iteration   4: 31.431 ms/op
                 gc.alloc.rate:      628.503 MB/sec
                 gc.alloc.rate.norm: 20719355.500 B/op
                 gc.count:           9.000 counts
                 gc.time:            152.000 ms

Iteration   5: 29.228 ms/op
                 gc.alloc.rate:      675.870 MB/sec
                 gc.alloc.rate.norm: 20719336.686 B/op
                 gc.count:           5.000 counts
                 gc.time:            91.000 ms


# Run progress: 99.07% complete, ETA 00:00:11
# Fork: 3 of 3
WARNING: A terminally deprecated method in sun.misc.Unsafe has been called
WARNING: sun.misc.Unsafe::objectFieldOffset has been called by org.openjdk.jmh.util.Utils (file:/home/test/Workspaces/JavaWorkspace/JavaStream_KeySkew/.deps/jmh-core-1.37.jar)
WARNING: Please consider reporting this to the maintainers of class org.openjdk.jmh.util.Utils
WARNING: sun.misc.Unsafe::objectFieldOffset will be removed in a future release
# Warmup Iteration   1: Input: n=1000000, keys=65536, observedHotFraction=0.900000, poolParallelism=3, availableProcessors=4
35.795 ms/op
# Warmup Iteration   2: 29.861 ms/op
# Warmup Iteration   3: 29.964 ms/op
# Warmup Iteration   4: 30.465 ms/op
# Warmup Iteration   5: 28.906 ms/op
Iteration   1: 30.530 ms/op
                 gc.alloc.rate:      647.034 MB/sec
                 gc.alloc.rate.norm: 20719348.848 B/op
                 gc.count:           3.000 counts
                 gc.time:            131.000 ms

Iteration   2: 30.632 ms/op
                 gc.alloc.rate:      644.863 MB/sec
                 gc.alloc.rate.norm: 20719342.588 B/op
                 gc.count:           7.000 counts
                 gc.time:            137.000 ms

Iteration   3: 29.685 ms/op
                 gc.alloc.rate:      665.463 MB/sec
                 gc.alloc.rate.norm: 20719342.588 B/op
                 gc.count:           7.000 counts
                 gc.time:            99.000 ms

Iteration   4: 29.023 ms/op
                 gc.alloc.rate:      680.671 MB/sec
                 gc.alloc.rate.norm: 20719336.686 B/op
                 gc.count:           5.000 counts
                 gc.time:            87.000 ms

Iteration   5: 30.101 ms/op
                 gc.alloc.rate:      656.274 MB/sec
                 gc.alloc.rate.norm: 20719343.529 B/op
                 gc.count:           6.000 counts
                 gc.time:            123.000 ms



Result "research.skew.AggregationBenchmark.sequential":
  29.933 ±(99.9%) 0.902 ms/op [Average]
  (min, avg, max) = (28.775, 29.933, 31.431), stdev = 0.844
  CI (99.9%): [29.031, 30.835] (assumes normal distribution)

Secondary result "research.skew.AggregationBenchmark.sequential:gc.alloc.rate":
  660.431 ±(99.9%) 19.724 MB/sec [Average]
  (min, avg, max) = (628.503, 660.431, 686.462), stdev = 18.450
  CI (99.9%): [640.707, 680.154] (assumes normal distribution)

Secondary result "research.skew.AggregationBenchmark.sequential:gc.alloc.rate.norm":
  20719342.591 ±(99.9%) 6.377 B/op [Average]
  (min, avg, max) = (20719336.686, 20719342.591, 20719355.500), stdev = 5.965
  CI (99.9%): [20719336.214, 20719348.969] (assumes normal distribution)

Secondary result "research.skew.AggregationBenchmark.sequential:gc.count":
  83.000 ±(99.9%) 0.001 counts [Sum]
  (min, avg, max) = (3.000, 5.533, 9.000), stdev = 1.727
  CI (99.9%): [83.000, 83.000] (assumes normal distribution)

Secondary result "research.skew.AggregationBenchmark.sequential:gc.time":
  1693.000 ±(99.9%) 0.001 ms [Sum]
  (min, avg, max) = (79.000, 112.867, 155.000), stdev = 25.371
  CI (99.9%): [1693.000, 1693.000] (assumes normal distribution)


# Run complete. Total time: 00:19:51

REMEMBER: The numbers below are just data. To gain reusable insights, you need to follow up on
why the numbers are the way they are. Use profilers (see -prof, -lprof), design factorial
experiments, perform baseline and negative tests that provide experimental control, make sure
the benchmarking environment is safe on JVM/OS/HW level, ask for reviews from the domain experts.
Do not assume the numbers tell you what you want them to tell.

NOTE: Current JVM experimentally supports Compiler Blackholes, and they are in use. Please exercise
extra caution when trusting the results, look into the generated code to check the benchmark still
works, and factor in a small probability of new VM bugs. Additionally, while comparisons between
different JVMs are already problematic, the performance difference caused by different Blackhole
modes can be very significant. Please make sure you use the consistent Blackhole mode for comparisons.

Benchmark                                                        (cardinality)  (distribution)    (seed)   (size)  Mode  Cnt         Score       Error   Units
AggregationBenchmark.parallelConcurrent                                  16384         uniform  20260929  1000000  avgt   15        22.509 ±     1.110   ms/op
AggregationBenchmark.parallelConcurrent:gc.alloc.rate                    16384         uniform  20260929  1000000  avgt   15       732.348 ±    36.700  MB/sec
AggregationBenchmark.parallelConcurrent:gc.alloc.rate.norm               16384         uniform  20260929  1000000  avgt   15  17256006.925 ±  3430.001    B/op
AggregationBenchmark.parallelConcurrent:gc.count                         16384         uniform  20260929  1000000  avgt   15        36.000              counts
AggregationBenchmark.parallelConcurrent:gc.time                          16384         uniform  20260929  1000000  avgt   15        92.000                  ms
AggregationBenchmark.parallelConcurrent                                  16384           hot50  20260929  1000000  avgt   15        81.664 ±     0.709   ms/op
AggregationBenchmark.parallelConcurrent:gc.alloc.rate                    16384           hot50  20260929  1000000  avgt   15       201.437 ±     1.729  MB/sec
AggregationBenchmark.parallelConcurrent:gc.alloc.rate.norm               16384           hot50  20260929  1000000  avgt   15  17254717.867 ±   130.916    B/op
AggregationBenchmark.parallelConcurrent:gc.count                         16384           hot50  20260929  1000000  avgt   15         9.000              counts
AggregationBenchmark.parallelConcurrent:gc.time                          16384           hot50  20260929  1000000  avgt   15        75.000                  ms
AggregationBenchmark.parallelConcurrent                                  16384           hot90  20260929  1000000  avgt   15       116.543 ±     2.126   ms/op
AggregationBenchmark.parallelConcurrent:gc.alloc.rate                    16384           hot90  20260929  1000000  avgt   15       141.205 ±     2.649  MB/sec
AggregationBenchmark.parallelConcurrent:gc.alloc.rate.norm               16384           hot90  20260929  1000000  avgt   15  17256667.733 ± 10026.060    B/op
AggregationBenchmark.parallelConcurrent:gc.count                         16384           hot90  20260929  1000000  avgt   15         6.000              counts
AggregationBenchmark.parallelConcurrent:gc.time                          16384           hot90  20260929  1000000  avgt   15        47.000                  ms
AggregationBenchmark.parallelConcurrent                                  32768         uniform  20260929  1000000  avgt   15        26.090 ±     0.426   ms/op
AggregationBenchmark.parallelConcurrent:gc.alloc.rate                    32768         uniform  20260929  1000000  avgt   15       676.385 ±    11.011  MB/sec
AggregationBenchmark.parallelConcurrent:gc.alloc.rate.norm               32768         uniform  20260929  1000000  avgt   15  18506955.750 ±   212.440    B/op
AggregationBenchmark.parallelConcurrent:gc.count                         32768         uniform  20260929  1000000  avgt   15        34.000              counts
AggregationBenchmark.parallelConcurrent:gc.time                          32768         uniform  20260929  1000000  avgt   15       138.000                  ms
AggregationBenchmark.parallelConcurrent                                  32768           hot50  20260929  1000000  avgt   15        82.574 ±     0.879   ms/op
AggregationBenchmark.parallelConcurrent:gc.alloc.rate                    32768           hot50  20260929  1000000  avgt   15       213.689 ±     2.259  MB/sec
AggregationBenchmark.parallelConcurrent:gc.alloc.rate.norm               32768           hot50  20260929  1000000  avgt   15  18506151.279 ±  1699.601    B/op
AggregationBenchmark.parallelConcurrent:gc.count                         32768           hot50  20260929  1000000  avgt   15        10.000              counts
AggregationBenchmark.parallelConcurrent:gc.time                          32768           hot50  20260929  1000000  avgt   15        97.000                  ms
AggregationBenchmark.parallelConcurrent                                  32768           hot90  20260929  1000000  avgt   15       117.264 ±     3.135   ms/op
AggregationBenchmark.parallelConcurrent:gc.alloc.rate                    32768           hot90  20260929  1000000  avgt   15       150.526 ±     4.062  MB/sec
AggregationBenchmark.parallelConcurrent:gc.alloc.rate.norm               32768           hot90  20260929  1000000  avgt   15  18505190.815 ±   201.194    B/op
AggregationBenchmark.parallelConcurrent:gc.count                         32768           hot90  20260929  1000000  avgt   15         6.000              counts
AggregationBenchmark.parallelConcurrent:gc.time                          32768           hot90  20260929  1000000  avgt   15        55.000                  ms
AggregationBenchmark.parallelConcurrent                                  65536         uniform  20260929  1000000  avgt   15        36.898 ±     0.591   ms/op
AggregationBenchmark.parallelConcurrent:gc.alloc.rate                    65536         uniform  20260929  1000000  avgt   15       542.958 ±     8.683  MB/sec
AggregationBenchmark.parallelConcurrent:gc.alloc.rate.norm               65536         uniform  20260929  1000000  avgt   15  21010433.345 ± 12996.870    B/op
AggregationBenchmark.parallelConcurrent:gc.count                         65536         uniform  20260929  1000000  avgt   15        27.000              counts
AggregationBenchmark.parallelConcurrent:gc.time                          65536         uniform  20260929  1000000  avgt   15       111.000                  ms
AggregationBenchmark.parallelConcurrent                                  65536           hot50  20260929  1000000  avgt   15        86.779 ±     0.837   ms/op
AggregationBenchmark.parallelConcurrent:gc.alloc.rate                    65536           hot50  20260929  1000000  avgt   15       230.807 ±     2.232  MB/sec
AggregationBenchmark.parallelConcurrent:gc.alloc.rate.norm               65536           hot50  20260929  1000000  avgt   15  21007822.844 ±   210.097    B/op
AggregationBenchmark.parallelConcurrent:gc.count                         65536           hot50  20260929  1000000  avgt   15        12.000              counts
AggregationBenchmark.parallelConcurrent:gc.time                          65536           hot50  20260929  1000000  avgt   15        89.000                  ms
AggregationBenchmark.parallelConcurrent                                  65536           hot90  20260929  1000000  avgt   15       147.247 ±     4.940   ms/op
AggregationBenchmark.parallelConcurrent:gc.alloc.rate                    65536           hot90  20260929  1000000  avgt   15       136.104 ±     4.504  MB/sec
AggregationBenchmark.parallelConcurrent:gc.alloc.rate.norm               65536           hot90  20260929  1000000  avgt   15  21004975.219 ±   460.324    B/op
AggregationBenchmark.parallelConcurrent:gc.count                         65536           hot90  20260929  1000000  avgt   15         8.000              counts
AggregationBenchmark.parallelConcurrent:gc.time                          65536           hot90  20260929  1000000  avgt   15        90.000                  ms
AggregationBenchmark.parallelConcurrentAdder                             16384         uniform  20260929  1000000  avgt   15        20.325 ±     0.778   ms/op
AggregationBenchmark.parallelConcurrentAdder:gc.alloc.rate               16384         uniform  20260929  1000000  avgt   15       817.097 ±    30.945  MB/sec
AggregationBenchmark.parallelConcurrentAdder:gc.alloc.rate.norm          16384         uniform  20260929  1000000  avgt   15  17398763.694 ±  2908.141    B/op
AggregationBenchmark.parallelConcurrentAdder:gc.count                    16384         uniform  20260929  1000000  avgt   15        41.000              counts
AggregationBenchmark.parallelConcurrentAdder:gc.time                     16384         uniform  20260929  1000000  avgt   15        76.000                  ms
AggregationBenchmark.parallelConcurrentAdder                             16384           hot50  20260929  1000000  avgt   15        17.381 ±     0.141   ms/op
AggregationBenchmark.parallelConcurrentAdder:gc.alloc.rate               16384           hot50  20260929  1000000  avgt   15       953.957 ±     7.716  MB/sec
AggregationBenchmark.parallelConcurrentAdder:gc.alloc.rate.norm          16384           hot50  20260929  1000000  avgt   15  17389952.243 ±   199.472    B/op
AggregationBenchmark.parallelConcurrentAdder:gc.count                    16384           hot50  20260929  1000000  avgt   15        48.000              counts
AggregationBenchmark.parallelConcurrentAdder:gc.time                     16384           hot50  20260929  1000000  avgt   15        71.000                  ms
AggregationBenchmark.parallelConcurrentAdder                             16384           hot90  20260929  1000000  avgt   15        10.142 ±     0.766   ms/op
AggregationBenchmark.parallelConcurrentAdder:gc.alloc.rate               16384           hot90  20260929  1000000  avgt   15      1642.430 ±   130.414  MB/sec
AggregationBenchmark.parallelConcurrentAdder:gc.alloc.rate.norm          16384           hot90  20260929  1000000  avgt   15  17386419.304 ±   135.434    B/op
AggregationBenchmark.parallelConcurrentAdder:gc.count                    16384           hot90  20260929  1000000  avgt   15        82.000              counts
AggregationBenchmark.parallelConcurrentAdder:gc.time                     16384           hot90  20260929  1000000  avgt   15       104.000                  ms
AggregationBenchmark.parallelConcurrentAdder                             32768         uniform  20260929  1000000  avgt   15        23.786 ±     0.806   ms/op
AggregationBenchmark.parallelConcurrentAdder:gc.alloc.rate               32768         uniform  20260929  1000000  avgt   15       753.250 ±    26.292  MB/sec
AggregationBenchmark.parallelConcurrentAdder:gc.alloc.rate.norm          32768         uniform  20260929  1000000  avgt   15  18775016.960 ±  4578.120    B/op
AggregationBenchmark.parallelConcurrentAdder:gc.count                    32768         uniform  20260929  1000000  avgt   15        37.000              counts
AggregationBenchmark.parallelConcurrentAdder:gc.time                     32768         uniform  20260929  1000000  avgt   15       106.000                  ms
AggregationBenchmark.parallelConcurrentAdder                             32768           hot50  20260929  1000000  avgt   15        19.722 ±     1.012   ms/op
AggregationBenchmark.parallelConcurrentAdder:gc.alloc.rate               32768           hot50  20260929  1000000  avgt   15       909.407 ±    48.332  MB/sec
AggregationBenchmark.parallelConcurrentAdder:gc.alloc.rate.norm          32768           hot50  20260929  1000000  avgt   15  18770032.616 ±   150.918    B/op
AggregationBenchmark.parallelConcurrentAdder:gc.count                    32768           hot50  20260929  1000000  avgt   15        45.000              counts
AggregationBenchmark.parallelConcurrentAdder:gc.time                     32768           hot50  20260929  1000000  avgt   15        68.000                  ms
AggregationBenchmark.parallelConcurrentAdder                             32768           hot90  20260929  1000000  avgt   15        12.252 ±     0.665   ms/op
AggregationBenchmark.parallelConcurrentAdder:gc.alloc.rate               32768           hot90  20260929  1000000  avgt   15      1464.149 ±    82.295  MB/sec
AggregationBenchmark.parallelConcurrentAdder:gc.alloc.rate.norm          32768           hot90  20260929  1000000  avgt   15  18768779.879 ±   112.532    B/op
AggregationBenchmark.parallelConcurrentAdder:gc.count                    32768           hot90  20260929  1000000  avgt   15        73.000              counts
AggregationBenchmark.parallelConcurrentAdder:gc.time                     32768           hot90  20260929  1000000  avgt   15        97.000                  ms
AggregationBenchmark.parallelConcurrentAdder                             65536         uniform  20260929  1000000  avgt   15        35.637 ±     3.033   ms/op
AggregationBenchmark.parallelConcurrentAdder:gc.alloc.rate               65536         uniform  20260929  1000000  avgt   15       579.367 ±    46.837  MB/sec
AggregationBenchmark.parallelConcurrentAdder:gc.alloc.rate.norm          65536         uniform  20260929  1000000  avgt   15  21533391.396 ±   256.612    B/op
AggregationBenchmark.parallelConcurrentAdder:gc.count                    65536         uniform  20260929  1000000  avgt   15        29.000              counts
AggregationBenchmark.parallelConcurrentAdder:gc.time                     65536         uniform  20260929  1000000  avgt   15        90.000                  ms
AggregationBenchmark.parallelConcurrentAdder                             65536           hot50  20260929  1000000  avgt   15        27.153 ±     1.103   ms/op
AggregationBenchmark.parallelConcurrentAdder:gc.alloc.rate               65536           hot50  20260929  1000000  avgt   15       757.258 ±    30.137  MB/sec
AggregationBenchmark.parallelConcurrentAdder:gc.alloc.rate.norm          65536           hot50  20260929  1000000  avgt   15  21537962.977 ± 12955.094    B/op
AggregationBenchmark.parallelConcurrentAdder:gc.count                    65536           hot50  20260929  1000000  avgt   15        38.000              counts
AggregationBenchmark.parallelConcurrentAdder:gc.time                     65536           hot50  20260929  1000000  avgt   15       147.000                  ms
AggregationBenchmark.parallelConcurrentAdder                             65536           hot90  20260929  1000000  avgt   15        75.726 ±    15.345   ms/op
AggregationBenchmark.parallelConcurrentAdder:gc.alloc.rate               65536           hot90  20260929  1000000  avgt   15       279.409 ±    51.344  MB/sec
AggregationBenchmark.parallelConcurrentAdder:gc.alloc.rate.norm          65536           hot90  20260929  1000000  avgt   15  21530807.532 ±   285.014    B/op
AggregationBenchmark.parallelConcurrentAdder:gc.count                    65536           hot90  20260929  1000000  avgt   15        15.000              counts
AggregationBenchmark.parallelConcurrentAdder:gc.time                     65536           hot90  20260929  1000000  avgt   15       177.000                  ms
AggregationBenchmark.parallelMerge                                       16384         uniform  20260929  1000000  avgt   15        22.317 ±     0.570   ms/op
AggregationBenchmark.parallelMerge:gc.alloc.rate                         16384         uniform  20260929  1000000  avgt   15      1482.265 ±    36.781  MB/sec
AggregationBenchmark.parallelMerge:gc.alloc.rate.norm                    16384         uniform  20260929  1000000  avgt   15  34677804.041 ±     5.065    B/op
AggregationBenchmark.parallelMerge:gc.count                              16384         uniform  20260929  1000000  avgt   15        75.000              counts
AggregationBenchmark.parallelMerge:gc.time                               16384         uniform  20260929  1000000  avgt   15       346.000                  ms
AggregationBenchmark.parallelMerge                                       16384           hot50  20260929  1000000  avgt   15        19.638 ±     0.429   ms/op
AggregationBenchmark.parallelMerge:gc.alloc.rate                         16384           hot50  20260929  1000000  avgt   15      1621.175 ±    34.367  MB/sec
AggregationBenchmark.parallelMerge:gc.alloc.rate.norm                    16384           hot50  20260929  1000000  avgt   15  33380107.522 ±     3.370    B/op
AggregationBenchmark.parallelMerge:gc.count                              16384           hot50  20260929  1000000  avgt   15        83.000              counts
AggregationBenchmark.parallelMerge:gc.time                               16384           hot50  20260929  1000000  avgt   15       291.000                  ms
AggregationBenchmark.parallelMerge                                       16384           hot90  20260929  1000000  avgt   15        11.971 ±     0.221   ms/op
AggregationBenchmark.parallelMerge:gc.alloc.rate                         16384           hot90  20260929  1000000  avgt   15      1959.154 ±    34.968  MB/sec
AggregationBenchmark.parallelMerge:gc.alloc.rate.norm                    16384           hot90  20260929  1000000  avgt   15  24592199.837 ±     2.607    B/op
AggregationBenchmark.parallelMerge:gc.count                              16384           hot90  20260929  1000000  avgt   15        96.000              counts
AggregationBenchmark.parallelMerge:gc.time                               16384           hot90  20260929  1000000  avgt   15       119.000                  ms
AggregationBenchmark.parallelMerge                                       32768         uniform  20260929  1000000  avgt   15        39.913 ±     0.250   ms/op
AggregationBenchmark.parallelMerge:gc.alloc.rate                         32768         uniform  20260929  1000000  avgt   15      1212.672 ±     7.587  MB/sec
AggregationBenchmark.parallelMerge:gc.alloc.rate.norm                    32768         uniform  20260929  1000000  avgt   15  50763269.170 ±     7.571    B/op
AggregationBenchmark.parallelMerge:gc.count                              32768         uniform  20260929  1000000  avgt   15        64.000              counts
AggregationBenchmark.parallelMerge:gc.time                               32768         uniform  20260929  1000000  avgt   15       527.000                  ms
AggregationBenchmark.parallelMerge                                       32768           hot50  20260929  1000000  avgt   15        30.977 ±     0.214   ms/op
AggregationBenchmark.parallelMerge:gc.alloc.rate                         32768           hot50  20260929  1000000  avgt   15      1331.368 ±     9.208  MB/sec
AggregationBenchmark.parallelMerge:gc.alloc.rate.norm                    32768           hot50  20260929  1000000  avgt   15  43255273.094 ±     2.437    B/op
AggregationBenchmark.parallelMerge:gc.count                              32768           hot50  20260929  1000000  avgt   15        69.000              counts
AggregationBenchmark.parallelMerge:gc.time                               32768           hot50  20260929  1000000  avgt   15       541.000                  ms
AggregationBenchmark.parallelMerge                                       32768           hot90  20260929  1000000  avgt   15        15.355 ±     0.390   ms/op
AggregationBenchmark.parallelMerge:gc.alloc.rate                         32768           hot90  20260929  1000000  avgt   15      1676.351 ±    41.333  MB/sec
AggregationBenchmark.parallelMerge:gc.alloc.rate.norm                    32768           hot90  20260929  1000000  avgt   15  26983514.430 ±     3.533    B/op
AggregationBenchmark.parallelMerge:gc.count                              32768           hot90  20260929  1000000  avgt   15        83.000              counts
AggregationBenchmark.parallelMerge:gc.time                               32768           hot90  20260929  1000000  avgt   15       235.000                  ms
AggregationBenchmark.parallelMerge                                       65536         uniform  20260929  1000000  avgt   15        93.072 ±     2.499   ms/op
AggregationBenchmark.parallelMerge:gc.alloc.rate                         65536         uniform  20260929  1000000  avgt   15       722.458 ±    18.948  MB/sec
AggregationBenchmark.parallelMerge:gc.alloc.rate.norm                    65536         uniform  20260929  1000000  avgt   15  70498382.133 ±    29.267    B/op
AggregationBenchmark.parallelMerge:gc.count                              65536         uniform  20260929  1000000  avgt   15       179.000              counts
AggregationBenchmark.parallelMerge:gc.time                               65536         uniform  20260929  1000000  avgt   15      4384.000                  ms
AggregationBenchmark.parallelMerge                                       65536           hot50  20260929  1000000  avgt   15        68.155 ±     2.057   ms/op
AggregationBenchmark.parallelMerge:gc.alloc.rate                         65536           hot50  20260929  1000000  avgt   15       784.705 ±    22.909  MB/sec
AggregationBenchmark.parallelMerge:gc.alloc.rate.norm                    65536           hot50  20260929  1000000  avgt   15  56055788.390 ±    17.632    B/op
AggregationBenchmark.parallelMerge:gc.count                              65536           hot50  20260929  1000000  avgt   15       175.000              counts
AggregationBenchmark.parallelMerge:gc.time                               65536           hot50  20260929  1000000  avgt   15      3397.000                  ms
AggregationBenchmark.parallelMerge                                       65536           hot90  20260929  1000000  avgt   15        22.680 ±     0.540   ms/op
AggregationBenchmark.parallelMerge:gc.alloc.rate                         65536           hot90  20260929  1000000  avgt   15      1248.096 ±    29.507  MB/sec
AggregationBenchmark.parallelMerge:gc.alloc.rate.norm                    65536           hot90  20260929  1000000  avgt   15  29679050.511 ±     4.354    B/op
AggregationBenchmark.parallelMerge:gc.count                              65536           hot90  20260929  1000000  avgt   15       170.000              counts
AggregationBenchmark.parallelMerge:gc.time                               65536           hot90  20260929  1000000  avgt   15      1952.000                  ms
AggregationBenchmark.sequential                                          16384         uniform  20260929  1000000  avgt   15        29.817 ±     0.579   ms/op
AggregationBenchmark.sequential:gc.alloc.rate                            16384         uniform  20260929  1000000  avgt   15       549.518 ±    10.858  MB/sec
AggregationBenchmark.sequential:gc.alloc.rate.norm                       16384         uniform  20260929  1000000  avgt   15  17180342.429 ±     3.773    B/op
AggregationBenchmark.sequential:gc.count                                 16384         uniform  20260929  1000000  avgt   15        28.000              counts
AggregationBenchmark.sequential:gc.time                                  16384         uniform  20260929  1000000  avgt   15       155.000                  ms
AggregationBenchmark.sequential                                          16384           hot50  20260929  1000000  avgt   15        24.967 ±     0.716   ms/op
AggregationBenchmark.sequential:gc.alloc.rate                            16384           hot50  20260929  1000000  avgt   15       656.482 ±    18.880  MB/sec
AggregationBenchmark.sequential:gc.alloc.rate.norm                       16384           hot50  20260929  1000000  avgt   15  17180333.622 ±     5.067    B/op
AggregationBenchmark.sequential:gc.count                                 16384           hot50  20260929  1000000  avgt   15        33.000              counts
AggregationBenchmark.sequential:gc.time                                  16384           hot50  20260929  1000000  avgt   15       120.000                  ms
AggregationBenchmark.sequential                                          16384           hot90  20260929  1000000  avgt   15        18.720 ±     0.147   ms/op
AggregationBenchmark.sequential:gc.alloc.rate                            16384           hot90  20260929  1000000  avgt   15       875.030 ±     6.876  MB/sec
AggregationBenchmark.sequential:gc.alloc.rate.norm                       16384           hot90  20260929  1000000  avgt   15  17180290.644 ±     1.065    B/op
AggregationBenchmark.sequential:gc.count                                 16384           hot90  20260929  1000000  avgt   15        44.000              counts
AggregationBenchmark.sequential:gc.time                                  16384           hot90  20260929  1000000  avgt   15        62.000                  ms
AggregationBenchmark.sequential                                          32768         uniform  20260929  1000000  avgt   15        35.053 ±     0.834   ms/op
AggregationBenchmark.sequential:gc.alloc.rate                            32768         uniform  20260929  1000000  avgt   15       499.601 ±    11.882  MB/sec
AggregationBenchmark.sequential:gc.alloc.rate.norm                       32768         uniform  20260929  1000000  avgt   15  18360043.079 ±     5.189    B/op
AggregationBenchmark.sequential:gc.count                                 32768         uniform  20260929  1000000  avgt   15        26.000              counts
AggregationBenchmark.sequential:gc.time                                  32768         uniform  20260929  1000000  avgt   15       204.000                  ms
AggregationBenchmark.sequential                                          32768           hot50  20260929  1000000  avgt   15        32.163 ±     0.471   ms/op
AggregationBenchmark.sequential:gc.alloc.rate                            32768           hot50  20260929  1000000  avgt   15       544.330 ±     7.955  MB/sec
AggregationBenchmark.sequential:gc.alloc.rate.norm                       32768           hot50  20260929  1000000  avgt   15  18360045.929 ±     3.810    B/op
AggregationBenchmark.sequential:gc.count                                 32768           hot50  20260929  1000000  avgt   15        27.000              counts
AggregationBenchmark.sequential:gc.time                                  32768           hot50  20260929  1000000  avgt   15       177.000                  ms
AggregationBenchmark.sequential                                          32768           hot90  20260929  1000000  avgt   15        22.385 ±     0.222   ms/op
AggregationBenchmark.sequential:gc.alloc.rate                            32768           hot90  20260929  1000000  avgt   15       782.052 ±     7.686  MB/sec
AggregationBenchmark.sequential:gc.alloc.rate.norm                       32768           hot90  20260929  1000000  avgt   15  18359979.513 ±     1.921    B/op
AggregationBenchmark.sequential:gc.count                                 32768           hot90  20260929  1000000  avgt   15        39.000              counts
AggregationBenchmark.sequential:gc.time                                  32768           hot90  20260929  1000000  avgt   15       106.000                  ms
AggregationBenchmark.sequential                                          65536         uniform  20260929  1000000  avgt   15        60.839 ±     1.094   ms/op
AggregationBenchmark.sequential:gc.alloc.rate                            65536         uniform  20260929  1000000  avgt   15       324.784 ±     5.872  MB/sec
AggregationBenchmark.sequential:gc.alloc.rate.norm                       65536         uniform  20260929  1000000  avgt   15  20719526.898 ±     7.128    B/op
AggregationBenchmark.sequential:gc.count                                 65536         uniform  20260929  1000000  avgt   15        29.000              counts
AggregationBenchmark.sequential:gc.time                                  65536         uniform  20260929  1000000  avgt   15       711.000                  ms
AggregationBenchmark.sequential                                          65536           hot50  20260929  1000000  avgt   15        54.809 ±     1.881   ms/op
AggregationBenchmark.sequential:gc.alloc.rate                            65536           hot50  20260929  1000000  avgt   15       360.768 ±    12.380  MB/sec
AggregationBenchmark.sequential:gc.alloc.rate.norm                       65536           hot50  20260929  1000000  avgt   15  20719507.576 ±    14.740    B/op
AggregationBenchmark.sequential:gc.count                                 65536           hot50  20260929  1000000  avgt   15        33.000              counts
AggregationBenchmark.sequential:gc.time                                  65536           hot50  20260929  1000000  avgt   15       888.000                  ms
AggregationBenchmark.sequential                                          65536           hot90  20260929  1000000  avgt   15        29.933 ±     0.902   ms/op
AggregationBenchmark.sequential:gc.alloc.rate                            65536           hot90  20260929  1000000  avgt   15       660.431 ±    19.724  MB/sec
AggregationBenchmark.sequential:gc.alloc.rate.norm                       65536           hot90  20260929  1000000  avgt   15  20719342.591 ±     6.377    B/op
AggregationBenchmark.sequential:gc.count                                 65536           hot90  20260929  1000000  avgt   15        83.000              counts
AggregationBenchmark.sequential:gc.time                                  65536           hot90  20260929  1000000  avgt   15      1693.000                  ms

Benchmark result is saved to results-envB/full-20260929T233543Z.bW5ppY/jmh.json
