WARNING: A terminally deprecated method in sun.misc.Unsafe has been called
WARNING: sun.misc.Unsafe::objectFieldOffset has been called by org.openjdk.jmh.util.Utils (file:/home/test/Workspaces/JavaWorkspace/JavaStream_KeySkew/.deps/jmh-core-1.37.jar)
WARNING: Please consider reporting this to the maintainers of class org.openjdk.jmh.util.Utils
WARNING: sun.misc.Unsafe::objectFieldOffset will be removed in a future release
# JMH version: 1.37
# VM version: JDK 25.0.4.1, OpenJDK 64-Bit Server VM, 25.0.4.1+1-LTS
# VM invoker: /home/test/jdk/jdk-25.0.4.1+1/bin/java
# VM options: -Xms512m -Xmx512m -Djava.util.concurrent.ForkJoinPool.common.parallelism=3
# Blackhole mode: compiler (auto-detected, use -Djmh.blackhole.autoDetect=false to disable)
# Warmup: 5 iterations, 1 s each
# Measurement: 5 iterations, 1 s each
# Timeout: 10 min per iteration
# Threads: 1 thread, will synchronize iterations
# Benchmark mode: Average time, time/op
# Benchmark: research.skew.AggregationBenchmark.parallelConcurrent
# Parameters: (cardinality = 256, distribution = uniform, seed = 20260929, size = 10000)

# Run progress: 0.00% complete, ETA 00:18:00
# Fork: 1 of 3
WARNING: A terminally deprecated method in sun.misc.Unsafe has been called
WARNING: sun.misc.Unsafe::objectFieldOffset has been called by org.openjdk.jmh.util.Utils (file:/home/test/Workspaces/JavaWorkspace/JavaStream_KeySkew/.deps/jmh-core-1.37.jar)
WARNING: Please consider reporting this to the maintainers of class org.openjdk.jmh.util.Utils
WARNING: sun.misc.Unsafe::objectFieldOffset will be removed in a future release
# Warmup Iteration   1: Input: n=10000, keys=256, observedHotFraction=0.004000, poolParallelism=3, availableProcessors=4
0.295 ms/op
# Warmup Iteration   2: 0.262 ms/op
# Warmup Iteration   3: 0.258 ms/op
# Warmup Iteration   4: 0.257 ms/op
# Warmup Iteration   5: 0.258 ms/op
Iteration   1: 0.257 ms/op
                 gc.alloc.rate:      675.354 MB/sec
                 gc.alloc.rate.norm: 182036.731 B/op
                 gc.count:           2.000 counts
                 gc.time:            4.000 ms

Iteration   2: 0.257 ms/op
                 gc.alloc.rate:      676.720 MB/sec
                 gc.alloc.rate.norm: 182082.909 B/op
                 gc.count:           2.000 counts
                 gc.time:            5.000 ms

Iteration   3: 0.257 ms/op
                 gc.alloc.rate:      676.735 MB/sec
                 gc.alloc.rate.norm: 182091.805 B/op
                 gc.count:           2.000 counts
                 gc.time:            2.000 ms

Iteration   4: 0.257 ms/op
                 gc.alloc.rate:      676.294 MB/sec
                 gc.alloc.rate.norm: 182042.516 B/op
                 gc.count:           3.000 counts
                 gc.time:            3.000 ms

Iteration   5: 0.256 ms/op
                 gc.alloc.rate:      678.993 MB/sec
                 gc.alloc.rate.norm: 182023.524 B/op
                 gc.count:           2.000 counts
                 gc.time:            2.000 ms


# Run progress: 0.93% complete, ETA 00:18:33
# Fork: 2 of 3
WARNING: A terminally deprecated method in sun.misc.Unsafe has been called
WARNING: sun.misc.Unsafe::objectFieldOffset has been called by org.openjdk.jmh.util.Utils (file:/home/test/Workspaces/JavaWorkspace/JavaStream_KeySkew/.deps/jmh-core-1.37.jar)
WARNING: Please consider reporting this to the maintainers of class org.openjdk.jmh.util.Utils
WARNING: sun.misc.Unsafe::objectFieldOffset will be removed in a future release
# Warmup Iteration   1: Input: n=10000, keys=256, observedHotFraction=0.004000, poolParallelism=3, availableProcessors=4
0.299 ms/op
# Warmup Iteration   2: 0.266 ms/op
# Warmup Iteration   3: 0.261 ms/op
# Warmup Iteration   4: 0.260 ms/op
# Warmup Iteration   5: 0.260 ms/op
Iteration   1: 0.260 ms/op
                 gc.alloc.rate:      666.654 MB/sec
                 gc.alloc.rate.norm: 182049.370 B/op
                 gc.count:           2.000 counts
                 gc.time:            5.000 ms

Iteration   2: 0.262 ms/op
                 gc.alloc.rate:      663.198 MB/sec
                 gc.alloc.rate.norm: 182038.985 B/op
                 gc.count:           2.000 counts
                 gc.time:            4.000 ms

Iteration   3: 0.260 ms/op
                 gc.alloc.rate:      668.596 MB/sec
                 gc.alloc.rate.norm: 182007.477 B/op
                 gc.count:           2.000 counts
                 gc.time:            2.000 ms

Iteration   4: 0.259 ms/op
                 gc.alloc.rate:      669.045 MB/sec
                 gc.alloc.rate.norm: 182013.490 B/op
                 gc.count:           2.000 counts
                 gc.time:            2.000 ms

Iteration   5: 0.260 ms/op
                 gc.alloc.rate:      667.673 MB/sec
                 gc.alloc.rate.norm: 182024.773 B/op
                 gc.count:           3.000 counts
                 gc.time:            3.000 ms


# Run progress: 1.85% complete, ETA 00:18:21
# Fork: 3 of 3
WARNING: A terminally deprecated method in sun.misc.Unsafe has been called
WARNING: sun.misc.Unsafe::objectFieldOffset has been called by org.openjdk.jmh.util.Utils (file:/home/test/Workspaces/JavaWorkspace/JavaStream_KeySkew/.deps/jmh-core-1.37.jar)
WARNING: Please consider reporting this to the maintainers of class org.openjdk.jmh.util.Utils
WARNING: sun.misc.Unsafe::objectFieldOffset will be removed in a future release
# Warmup Iteration   1: Input: n=10000, keys=256, observedHotFraction=0.004000, poolParallelism=3, availableProcessors=4
0.299 ms/op
# Warmup Iteration   2: 0.278 ms/op
# Warmup Iteration   3: 0.289 ms/op
# Warmup Iteration   4: 0.290 ms/op
# Warmup Iteration   5: 0.291 ms/op
Iteration   1: 0.290 ms/op
                 gc.alloc.rate:      598.717 MB/sec
                 gc.alloc.rate.norm: 182041.393 B/op
                 gc.count:           2.000 counts
                 gc.time:            4.000 ms

Iteration   2: 0.291 ms/op
                 gc.alloc.rate:      597.108 MB/sec
                 gc.alloc.rate.norm: 182026.272 B/op
                 gc.count:           2.000 counts
                 gc.time:            5.000 ms

Iteration   3: 0.290 ms/op
                 gc.alloc.rate:      599.317 MB/sec
                 gc.alloc.rate.norm: 182031.798 B/op
                 gc.count:           2.000 counts
                 gc.time:            3.000 ms

Iteration   4: 0.289 ms/op
                 gc.alloc.rate:      600.022 MB/sec
                 gc.alloc.rate.norm: 182038.422 B/op
                 gc.count:           2.000 counts
                 gc.time:            2.000 ms

Iteration   5: 0.289 ms/op
                 gc.alloc.rate:      600.715 MB/sec
                 gc.alloc.rate.norm: 182033.227 B/op
                 gc.count:           2.000 counts
                 gc.time:            2.000 ms



Result "research.skew.AggregationBenchmark.parallelConcurrent":
  0.269 ±(99.9%) 0.016 ms/op [Average]
  (min, avg, max) = (0.256, 0.269, 0.291), stdev = 0.015
  CI (99.9%): [0.252, 0.285] (assumes normal distribution)

Secondary result "research.skew.AggregationBenchmark.parallelConcurrent:gc.alloc.rate":
  647.676 ±(99.9%) 38.246 MB/sec [Average]
  (min, avg, max) = (597.108, 647.676, 678.993), stdev = 35.775
  CI (99.9%): [609.430, 685.922] (assumes normal distribution)

Secondary result "research.skew.AggregationBenchmark.parallelConcurrent:gc.alloc.rate.norm":
  182038.846 ±(99.9%) 24.212 B/op [Average]
  (min, avg, max) = (182007.477, 182038.846, 182091.805), stdev = 22.648
  CI (99.9%): [182014.634, 182063.058] (assumes normal distribution)

Secondary result "research.skew.AggregationBenchmark.parallelConcurrent:gc.count":
  32.000 ±(99.9%) 0.001 counts [Sum]
  (min, avg, max) = (2.000, 2.133, 3.000), stdev = 0.352
  CI (99.9%): [32.000, 32.000] (assumes normal distribution)

Secondary result "research.skew.AggregationBenchmark.parallelConcurrent:gc.time":
  48.000 ±(99.9%) 0.001 ms [Sum]
  (min, avg, max) = (2.000, 3.200, 5.000), stdev = 1.207
  CI (99.9%): [48.000, 48.000] (assumes normal distribution)


# JMH version: 1.37
# VM version: JDK 25.0.4.1, OpenJDK 64-Bit Server VM, 25.0.4.1+1-LTS
# VM invoker: /home/test/jdk/jdk-25.0.4.1+1/bin/java
# VM options: -Xms512m -Xmx512m -Djava.util.concurrent.ForkJoinPool.common.parallelism=3
# Blackhole mode: compiler (auto-detected, use -Djmh.blackhole.autoDetect=false to disable)
# Warmup: 5 iterations, 1 s each
# Measurement: 5 iterations, 1 s each
# Timeout: 10 min per iteration
# Threads: 1 thread, will synchronize iterations
# Benchmark mode: Average time, time/op
# Benchmark: research.skew.AggregationBenchmark.parallelConcurrent
# Parameters: (cardinality = 256, distribution = uniform, seed = 20260929, size = 100000)

# Run progress: 2.78% complete, ETA 00:18:10
# Fork: 1 of 3
WARNING: A terminally deprecated method in sun.misc.Unsafe has been called
WARNING: sun.misc.Unsafe::objectFieldOffset has been called by org.openjdk.jmh.util.Utils (file:/home/test/Workspaces/JavaWorkspace/JavaStream_KeySkew/.deps/jmh-core-1.37.jar)
WARNING: Please consider reporting this to the maintainers of class org.openjdk.jmh.util.Utils
WARNING: sun.misc.Unsafe::objectFieldOffset will be removed in a future release
# Warmup Iteration   1: Input: n=100000, keys=256, observedHotFraction=0.003910, poolParallelism=3, availableProcessors=4
2.664 ms/op
# Warmup Iteration   2: 2.489 ms/op
# Warmup Iteration   3: 2.626 ms/op
# Warmup Iteration   4: 2.632 ms/op
# Warmup Iteration   5: 2.620 ms/op
Iteration   1: 2.646 ms/op
                 gc.alloc.rate:      586.562 MB/sec
                 gc.alloc.rate.norm: 1628785.778 B/op
                 gc.count:           2.000 counts
                 gc.time:            6.000 ms

Iteration   2: 2.626 ms/op
                 gc.alloc.rate:      591.453 MB/sec
                 gc.alloc.rate.norm: 1629033.005 B/op
                 gc.count:           2.000 counts
                 gc.time:            5.000 ms

Iteration   3: 2.614 ms/op
                 gc.alloc.rate:      594.147 MB/sec
                 gc.alloc.rate.norm: 1629237.667 B/op
                 gc.count:           2.000 counts
                 gc.time:            4.000 ms

Iteration   4: 2.626 ms/op
                 gc.alloc.rate:      591.431 MB/sec
                 gc.alloc.rate.norm: 1628934.992 B/op
                 gc.count:           2.000 counts
                 gc.time:            2.000 ms

Iteration   5: 2.644 ms/op
                 gc.alloc.rate:      587.286 MB/sec
                 gc.alloc.rate.norm: 1628687.726 B/op
                 gc.count:           2.000 counts
                 gc.time:            2.000 ms


# Run progress: 3.70% complete, ETA 00:18:03
# Fork: 2 of 3
WARNING: A terminally deprecated method in sun.misc.Unsafe has been called
WARNING: sun.misc.Unsafe::objectFieldOffset has been called by org.openjdk.jmh.util.Utils (file:/home/test/Workspaces/JavaWorkspace/JavaStream_KeySkew/.deps/jmh-core-1.37.jar)
WARNING: Please consider reporting this to the maintainers of class org.openjdk.jmh.util.Utils
WARNING: sun.misc.Unsafe::objectFieldOffset will be removed in a future release
# Warmup Iteration   1: Input: n=100000, keys=256, observedHotFraction=0.003910, poolParallelism=3, availableProcessors=4
2.515 ms/op
# Warmup Iteration   2: 2.523 ms/op
# Warmup Iteration   3: 2.571 ms/op
# Warmup Iteration   4: 2.558 ms/op
# Warmup Iteration   5: 2.564 ms/op
Iteration   1: 2.597 ms/op
                 gc.alloc.rate:      597.986 MB/sec
                 gc.alloc.rate.norm: 1628960.021 B/op
                 gc.count:           2.000 counts
                 gc.time:            6.000 ms

Iteration   2: 2.581 ms/op
                 gc.alloc.rate:      601.739 MB/sec
                 gc.alloc.rate.norm: 1628877.608 B/op
                 gc.count:           2.000 counts
                 gc.time:            6.000 ms

Iteration   3: 2.558 ms/op
                 gc.alloc.rate:      607.220 MB/sec
                 gc.alloc.rate.norm: 1629008.737 B/op
                 gc.count:           2.000 counts
                 gc.time:            4.000 ms

Iteration   4: 2.586 ms/op
                 gc.alloc.rate:      600.605 MB/sec
                 gc.alloc.rate.norm: 1628985.526 B/op
                 gc.count:           2.000 counts
                 gc.time:            2.000 ms

Iteration   5: 2.571 ms/op
                 gc.alloc.rate:      603.991 MB/sec
                 gc.alloc.rate.norm: 1628971.815 B/op
                 gc.count:           2.000 counts
                 gc.time:            2.000 ms


# Run progress: 4.63% complete, ETA 00:17:53
# Fork: 3 of 3
WARNING: A terminally deprecated method in sun.misc.Unsafe has been called
WARNING: sun.misc.Unsafe::objectFieldOffset has been called by org.openjdk.jmh.util.Utils (file:/home/test/Workspaces/JavaWorkspace/JavaStream_KeySkew/.deps/jmh-core-1.37.jar)
WARNING: Please consider reporting this to the maintainers of class org.openjdk.jmh.util.Utils
WARNING: sun.misc.Unsafe::objectFieldOffset will be removed in a future release
# Warmup Iteration   1: Input: n=100000, keys=256, observedHotFraction=0.003910, poolParallelism=3, availableProcessors=4
2.548 ms/op
# Warmup Iteration   2: 2.478 ms/op
# Warmup Iteration   3: 2.622 ms/op
# Warmup Iteration   4: 2.566 ms/op
# Warmup Iteration   5: 2.585 ms/op
Iteration   1: 2.568 ms/op
                 gc.alloc.rate:      604.830 MB/sec
                 gc.alloc.rate.norm: 1629438.872 B/op
                 gc.count:           2.000 counts
                 gc.time:            5.000 ms

Iteration   2: 2.601 ms/op
                 gc.alloc.rate:      597.118 MB/sec
                 gc.alloc.rate.norm: 1628730.805 B/op
                 gc.count:           2.000 counts
                 gc.time:            6.000 ms

Iteration   3: 2.596 ms/op
                 gc.alloc.rate:      598.175 MB/sec
                 gc.alloc.rate.norm: 1628718.570 B/op
                 gc.count:           2.000 counts
                 gc.time:            4.000 ms

Iteration   4: 2.595 ms/op
                 gc.alloc.rate:      598.351 MB/sec
                 gc.alloc.rate.norm: 1628708.415 B/op
                 gc.count:           2.000 counts
                 gc.time:            3.000 ms

Iteration   5: 2.575 ms/op
                 gc.alloc.rate:      602.965 MB/sec
                 gc.alloc.rate.norm: 1628772.767 B/op
                 gc.count:           2.000 counts
                 gc.time:            1.000 ms



Result "research.skew.AggregationBenchmark.parallelConcurrent":
  2.599 ±(99.9%) 0.029 ms/op [Average]
  (min, avg, max) = (2.558, 2.599, 2.646), stdev = 0.027
  CI (99.9%): [2.570, 2.628] (assumes normal distribution)

Secondary result "research.skew.AggregationBenchmark.parallelConcurrent:gc.alloc.rate":
  597.591 ±(99.9%) 6.749 MB/sec [Average]
  (min, avg, max) = (586.562, 597.591, 607.220), stdev = 6.313
  CI (99.9%): [590.842, 604.339] (assumes normal distribution)

Secondary result "research.skew.AggregationBenchmark.parallelConcurrent:gc.alloc.rate.norm":
  1628923.487 ±(99.9%) 224.245 B/op [Average]
  (min, avg, max) = (1628687.726, 1628923.487, 1629438.872), stdev = 209.759
  CI (99.9%): [1628699.241, 1629147.732] (assumes normal distribution)

Secondary result "research.skew.AggregationBenchmark.parallelConcurrent:gc.count":
  30.000 ±(99.9%) 0.001 counts [Sum]
  (min, avg, max) = (2.000, 2.000, 2.000), stdev = 0.001
  CI (99.9%): [30.000, 30.000] (assumes normal distribution)

Secondary result "research.skew.AggregationBenchmark.parallelConcurrent:gc.time":
  58.000 ±(99.9%) 0.001 ms [Sum]
  (min, avg, max) = (1.000, 3.867, 6.000), stdev = 1.767
  CI (99.9%): [58.000, 58.000] (assumes normal distribution)


# JMH version: 1.37
# VM version: JDK 25.0.4.1, OpenJDK 64-Bit Server VM, 25.0.4.1+1-LTS
# VM invoker: /home/test/jdk/jdk-25.0.4.1+1/bin/java
# VM options: -Xms512m -Xmx512m -Djava.util.concurrent.ForkJoinPool.common.parallelism=3
# Blackhole mode: compiler (auto-detected, use -Djmh.blackhole.autoDetect=false to disable)
# Warmup: 5 iterations, 1 s each
# Measurement: 5 iterations, 1 s each
# Timeout: 10 min per iteration
# Threads: 1 thread, will synchronize iterations
# Benchmark mode: Average time, time/op
# Benchmark: research.skew.AggregationBenchmark.parallelConcurrent
# Parameters: (cardinality = 256, distribution = uniform, seed = 20260929, size = 1000000)

# Run progress: 5.56% complete, ETA 00:17:44
# Fork: 1 of 3
WARNING: A terminally deprecated method in sun.misc.Unsafe has been called
WARNING: sun.misc.Unsafe::objectFieldOffset has been called by org.openjdk.jmh.util.Utils (file:/home/test/Workspaces/JavaWorkspace/JavaStream_KeySkew/.deps/jmh-core-1.37.jar)
WARNING: Please consider reporting this to the maintainers of class org.openjdk.jmh.util.Utils
WARNING: sun.misc.Unsafe::objectFieldOffset will be removed in a future release
# Warmup Iteration   1: Input: n=1000000, keys=256, observedHotFraction=0.003907, poolParallelism=3, availableProcessors=4
22.854 ms/op
# Warmup Iteration   2: 21.209 ms/op
# Warmup Iteration   3: 21.261 ms/op
# Warmup Iteration   4: 21.891 ms/op
# Warmup Iteration   5: 20.931 ms/op
Iteration   1: 20.954 ms/op
                 gc.alloc.rate:      729.602 MB/sec
                 gc.alloc.rate.norm: 16034265.000 B/op
                 gc.count:           2.000 counts
                 gc.time:            15.000 ms

Iteration   2: 21.014 ms/op
                 gc.alloc.rate:      727.489 MB/sec
                 gc.alloc.rate.norm: 16033908.333 B/op
                 gc.count:           3.000 counts
                 gc.time:            3.000 ms

Iteration   3: 20.751 ms/op
                 gc.alloc.rate:      736.724 MB/sec
                 gc.alloc.rate.norm: 16034081.796 B/op
                 gc.count:           2.000 counts
                 gc.time:            2.000 ms

Iteration   4: 21.876 ms/op
                 gc.alloc.rate:      698.771 MB/sec
                 gc.alloc.rate.norm: 16032766.468 B/op
                 gc.count:           3.000 counts
                 gc.time:            3.000 ms

Iteration   5: 20.718 ms/op
                 gc.alloc.rate:      737.879 MB/sec
                 gc.alloc.rate.norm: 16034153.633 B/op
                 gc.count:           2.000 counts
                 gc.time:            2.000 ms


# Run progress: 6.48% complete, ETA 00:17:38
# Fork: 2 of 3
WARNING: A terminally deprecated method in sun.misc.Unsafe has been called
WARNING: sun.misc.Unsafe::objectFieldOffset has been called by org.openjdk.jmh.util.Utils (file:/home/test/Workspaces/JavaWorkspace/JavaStream_KeySkew/.deps/jmh-core-1.37.jar)
WARNING: Please consider reporting this to the maintainers of class org.openjdk.jmh.util.Utils
WARNING: sun.misc.Unsafe::objectFieldOffset will be removed in a future release
# Warmup Iteration   1: Input: n=1000000, keys=256, observedHotFraction=0.003907, poolParallelism=3, availableProcessors=4
22.550 ms/op
# Warmup Iteration   2: 22.560 ms/op
# Warmup Iteration   3: 22.685 ms/op
# Warmup Iteration   4: 22.137 ms/op
# Warmup Iteration   5: 23.102 ms/op
Iteration   1: 20.994 ms/op
                 gc.alloc.rate:      728.216 MB/sec
                 gc.alloc.rate.norm: 16034172.833 B/op
                 gc.count:           2.000 counts
                 gc.time:            15.000 ms

Iteration   2: 22.797 ms/op
                 gc.alloc.rate:      670.537 MB/sec
                 gc.alloc.rate.norm: 16032399.818 B/op
                 gc.count:           2.000 counts
                 gc.time:            2.000 ms

Iteration   3: 22.330 ms/op
                 gc.alloc.rate:      684.553 MB/sec
                 gc.alloc.rate.norm: 16032628.622 B/op
                 gc.count:           2.000 counts
                 gc.time:            1.000 ms

Iteration   4: 21.452 ms/op
                 gc.alloc.rate:      712.472 MB/sec
                 gc.alloc.rate.norm: 16033397.277 B/op
                 gc.count:           3.000 counts
                 gc.time:            3.000 ms

Iteration   5: 22.537 ms/op
                 gc.alloc.rate:      678.258 MB/sec
                 gc.alloc.rate.norm: 16032406.756 B/op
                 gc.count:           2.000 counts
                 gc.time:            2.000 ms


# Run progress: 7.41% complete, ETA 00:17:30
# Fork: 3 of 3
WARNING: A terminally deprecated method in sun.misc.Unsafe has been called
WARNING: sun.misc.Unsafe::objectFieldOffset has been called by org.openjdk.jmh.util.Utils (file:/home/test/Workspaces/JavaWorkspace/JavaStream_KeySkew/.deps/jmh-core-1.37.jar)
WARNING: Please consider reporting this to the maintainers of class org.openjdk.jmh.util.Utils
WARNING: sun.misc.Unsafe::objectFieldOffset will be removed in a future release
# Warmup Iteration   1: Input: n=1000000, keys=256, observedHotFraction=0.003907, poolParallelism=3, availableProcessors=4
23.291 ms/op
# Warmup Iteration   2: 21.421 ms/op
# Warmup Iteration   3: 20.875 ms/op
# Warmup Iteration   4: 21.531 ms/op
# Warmup Iteration   5: 20.873 ms/op
Iteration   1: 21.273 ms/op
                 gc.alloc.rate:      718.587 MB/sec
                 gc.alloc.rate.norm: 16034054.667 B/op
                 gc.count:           2.000 counts
                 gc.time:            15.000 ms

Iteration   2: 21.971 ms/op
                 gc.alloc.rate:      695.715 MB/sec
                 gc.alloc.rate.norm: 16032898.261 B/op
                 gc.count:           3.000 counts
                 gc.time:            3.000 ms

Iteration   3: 20.924 ms/op
                 gc.alloc.rate:      730.627 MB/sec
                 gc.alloc.rate.norm: 16034111.500 B/op
                 gc.count:           2.000 counts
                 gc.time:            2.000 ms

Iteration   4: 20.886 ms/op
                 gc.alloc.rate:      731.970 MB/sec
                 gc.alloc.rate.norm: 16034107.429 B/op
                 gc.count:           3.000 counts
                 gc.time:            2.000 ms

Iteration   5: 21.555 ms/op
                 gc.alloc.rate:      709.170 MB/sec
                 gc.alloc.rate.norm: 16033374.979 B/op
                 gc.count:           2.000 counts
                 gc.time:            3.000 ms



Result "research.skew.AggregationBenchmark.parallelConcurrent":
  21.469 ±(99.9%) 0.730 ms/op [Average]
  (min, avg, max) = (20.718, 21.469, 22.797), stdev = 0.683
  CI (99.9%): [20.739, 22.199] (assumes normal distribution)

Secondary result "research.skew.AggregationBenchmark.parallelConcurrent:gc.alloc.rate":
  712.704 ±(99.9%) 23.793 MB/sec [Average]
  (min, avg, max) = (670.537, 712.704, 737.879), stdev = 22.256
  CI (99.9%): [688.911, 736.498] (assumes normal distribution)

Secondary result "research.skew.AggregationBenchmark.parallelConcurrent:gc.alloc.rate.norm":
  16033515.158 ±(99.9%) 761.788 B/op [Average]
  (min, avg, max) = (16032399.818, 16033515.158, 16034265.000), stdev = 712.577
  CI (99.9%): [16032753.370, 16034276.946] (assumes normal distribution)

Secondary result "research.skew.AggregationBenchmark.parallelConcurrent:gc.count":
  35.000 ±(99.9%) 0.001 counts [Sum]
  (min, avg, max) = (2.000, 2.333, 3.000), stdev = 0.488
  CI (99.9%): [35.000, 35.000] (assumes normal distribution)

Secondary result "research.skew.AggregationBenchmark.parallelConcurrent:gc.time":
  73.000 ±(99.9%) 0.001 ms [Sum]
  (min, avg, max) = (1.000, 4.867, 15.000), stdev = 5.276
  CI (99.9%): [73.000, 73.000] (assumes normal distribution)


# JMH version: 1.37
# VM version: JDK 25.0.4.1, OpenJDK 64-Bit Server VM, 25.0.4.1+1-LTS
# VM invoker: /home/test/jdk/jdk-25.0.4.1+1/bin/java
# VM options: -Xms512m -Xmx512m -Djava.util.concurrent.ForkJoinPool.common.parallelism=3
# Blackhole mode: compiler (auto-detected, use -Djmh.blackhole.autoDetect=false to disable)
# Warmup: 5 iterations, 1 s each
# Measurement: 5 iterations, 1 s each
# Timeout: 10 min per iteration
# Threads: 1 thread, will synchronize iterations
# Benchmark mode: Average time, time/op
# Benchmark: research.skew.AggregationBenchmark.parallelConcurrent
# Parameters: (cardinality = 256, distribution = hot50, seed = 20260929, size = 10000)

# Run progress: 8.33% complete, ETA 00:17:21
# Fork: 1 of 3
WARNING: A terminally deprecated method in sun.misc.Unsafe has been called
WARNING: sun.misc.Unsafe::objectFieldOffset has been called by org.openjdk.jmh.util.Utils (file:/home/test/Workspaces/JavaWorkspace/JavaStream_KeySkew/.deps/jmh-core-1.37.jar)
WARNING: Please consider reporting this to the maintainers of class org.openjdk.jmh.util.Utils
WARNING: sun.misc.Unsafe::objectFieldOffset will be removed in a future release
# Warmup Iteration   1: Input: n=10000, keys=256, observedHotFraction=0.500000, poolParallelism=3, availableProcessors=4
0.843 ms/op
# Warmup Iteration   2: 0.834 ms/op
# Warmup Iteration   3: 0.833 ms/op
# Warmup Iteration   4: 0.831 ms/op
# Warmup Iteration   5: 0.825 ms/op
Iteration   1: 0.832 ms/op
                 gc.alloc.rate:      209.576 MB/sec
                 gc.alloc.rate.norm: 182855.215 B/op
                 gc.count:           1.000 counts
                 gc.time:            2.000 ms

Iteration   2: 0.828 ms/op
                 gc.alloc.rate:      210.718 MB/sec
                 gc.alloc.rate.norm: 182949.611 B/op
                 gc.count:           1.000 counts
                 gc.time:            1.000 ms

Iteration   3: 0.829 ms/op
                 gc.alloc.rate:      210.412 MB/sec
                 gc.alloc.rate.norm: 183050.196 B/op
                 gc.count:           ≈ 0 counts

Iteration   4: 0.831 ms/op
                 gc.alloc.rate:      209.981 MB/sec
                 gc.alloc.rate.norm: 183013.229 B/op
                 gc.count:           1.000 counts
                 gc.time:            2.000 ms

Iteration   5: 0.830 ms/op
                 gc.alloc.rate:      209.973 MB/sec
                 gc.alloc.rate.norm: 182916.299 B/op
                 gc.count:           1.000 counts
                 gc.time:            2.000 ms


# Run progress: 9.26% complete, ETA 00:17:09
# Fork: 2 of 3
WARNING: A terminally deprecated method in sun.misc.Unsafe has been called
WARNING: sun.misc.Unsafe::objectFieldOffset has been called by org.openjdk.jmh.util.Utils (file:/home/test/Workspaces/JavaWorkspace/JavaStream_KeySkew/.deps/jmh-core-1.37.jar)
WARNING: Please consider reporting this to the maintainers of class org.openjdk.jmh.util.Utils
WARNING: sun.misc.Unsafe::objectFieldOffset will be removed in a future release
# Warmup Iteration   1: Input: n=10000, keys=256, observedHotFraction=0.500000, poolParallelism=3, availableProcessors=4
0.847 ms/op
# Warmup Iteration   2: 0.836 ms/op
# Warmup Iteration   3: 0.835 ms/op
# Warmup Iteration   4: 0.836 ms/op
# Warmup Iteration   5: 0.831 ms/op
Iteration   1: 0.834 ms/op
                 gc.alloc.rate:      209.175 MB/sec
                 gc.alloc.rate.norm: 183047.267 B/op
                 gc.count:           1.000 counts
                 gc.time:            2.000 ms

Iteration   2: 0.837 ms/op
                 gc.alloc.rate:      208.453 MB/sec
                 gc.alloc.rate.norm: 183086.159 B/op
                 gc.count:           1.000 counts
                 gc.time:            2.000 ms

Iteration   3: 0.833 ms/op
                 gc.alloc.rate:      209.503 MB/sec
                 gc.alloc.rate.norm: 183044.183 B/op
                 gc.count:           ≈ 0 counts

Iteration   4: 0.835 ms/op
                 gc.alloc.rate:      209.072 MB/sec
                 gc.alloc.rate.norm: 183147.846 B/op
                 gc.count:           1.000 counts
                 gc.time:            2.000 ms

Iteration   5: 0.834 ms/op
                 gc.alloc.rate:      209.286 MB/sec
                 gc.alloc.rate.norm: 183100.280 B/op
                 gc.count:           1.000 counts
                 gc.time:            2.000 ms


# Run progress: 10.19% complete, ETA 00:16:58
# Fork: 3 of 3
WARNING: A terminally deprecated method in sun.misc.Unsafe has been called
WARNING: sun.misc.Unsafe::objectFieldOffset has been called by org.openjdk.jmh.util.Utils (file:/home/test/Workspaces/JavaWorkspace/JavaStream_KeySkew/.deps/jmh-core-1.37.jar)
WARNING: Please consider reporting this to the maintainers of class org.openjdk.jmh.util.Utils
WARNING: sun.misc.Unsafe::objectFieldOffset will be removed in a future release
# Warmup Iteration   1: Input: n=10000, keys=256, observedHotFraction=0.500000, poolParallelism=3, availableProcessors=4
0.839 ms/op
# Warmup Iteration   2: 0.831 ms/op
# Warmup Iteration   3: 0.831 ms/op
# Warmup Iteration   4: 0.831 ms/op
# Warmup Iteration   5: 0.826 ms/op
Iteration   1: 0.830 ms/op
                 gc.alloc.rate:      210.336 MB/sec
                 gc.alloc.rate.norm: 183038.873 B/op
                 gc.count:           1.000 counts
                 gc.time:            3.000 ms

Iteration   2: 0.830 ms/op
                 gc.alloc.rate:      210.268 MB/sec
                 gc.alloc.rate.norm: 183119.376 B/op
                 gc.count:           1.000 counts
                 gc.time:            2.000 ms

Iteration   3: 0.831 ms/op
                 gc.alloc.rate:      209.782 MB/sec
                 gc.alloc.rate.norm: 182948.910 B/op
                 gc.count:           1.000 counts
                 gc.time:            2.000 ms

Iteration   4: 0.827 ms/op
                 gc.alloc.rate:      211.081 MB/sec
                 gc.alloc.rate.norm: 183036.446 B/op
                 gc.count:           ≈ 0 counts

Iteration   5: 0.833 ms/op
                 gc.alloc.rate:      209.719 MB/sec
                 gc.alloc.rate.norm: 183141.058 B/op
                 gc.count:           1.000 counts
                 gc.time:            2.000 ms



Result "research.skew.AggregationBenchmark.parallelConcurrent":
  0.832 ±(99.9%) 0.003 ms/op [Average]
  (min, avg, max) = (0.827, 0.832, 0.837), stdev = 0.003
  CI (99.9%): [0.829, 0.835] (assumes normal distribution)

Secondary result "research.skew.AggregationBenchmark.parallelConcurrent:gc.alloc.rate":
  209.822 ±(99.9%) 0.732 MB/sec [Average]
  (min, avg, max) = (208.453, 209.822, 211.081), stdev = 0.685
  CI (99.9%): [209.090, 210.555] (assumes normal distribution)

Secondary result "research.skew.AggregationBenchmark.parallelConcurrent:gc.alloc.rate.norm":
  183032.997 ±(99.9%) 90.349 B/op [Average]
  (min, avg, max) = (182855.215, 183032.997, 183147.846), stdev = 84.512
  CI (99.9%): [182942.648, 183123.345] (assumes normal distribution)

Secondary result "research.skew.AggregationBenchmark.parallelConcurrent:gc.count":
  12.000 ±(99.9%) 0.001 counts [Sum]
  (min, avg, max) = (≈ 0, 0.800, 1.000), stdev = 0.414
  CI (99.9%): [12.000, 12.000] (assumes normal distribution)

Secondary result "research.skew.AggregationBenchmark.parallelConcurrent:gc.time":
  24.000 ±(99.9%) 0.001 ms [Sum]
  (min, avg, max) = (≈ 0, 1.600, 3.000), stdev = 0.910
  CI (99.9%): [24.000, 24.000] (assumes normal distribution)


# JMH version: 1.37
# VM version: JDK 25.0.4.1, OpenJDK 64-Bit Server VM, 25.0.4.1+1-LTS
# VM invoker: /home/test/jdk/jdk-25.0.4.1+1/bin/java
# VM options: -Xms512m -Xmx512m -Djava.util.concurrent.ForkJoinPool.common.parallelism=3
# Blackhole mode: compiler (auto-detected, use -Djmh.blackhole.autoDetect=false to disable)
# Warmup: 5 iterations, 1 s each
# Measurement: 5 iterations, 1 s each
# Timeout: 10 min per iteration
# Threads: 1 thread, will synchronize iterations
# Benchmark mode: Average time, time/op
# Benchmark: research.skew.AggregationBenchmark.parallelConcurrent
# Parameters: (cardinality = 256, distribution = hot50, seed = 20260929, size = 100000)

# Run progress: 11.11% complete, ETA 00:16:46
# Fork: 1 of 3
WARNING: A terminally deprecated method in sun.misc.Unsafe has been called
WARNING: sun.misc.Unsafe::objectFieldOffset has been called by org.openjdk.jmh.util.Utils (file:/home/test/Workspaces/JavaWorkspace/JavaStream_KeySkew/.deps/jmh-core-1.37.jar)
WARNING: Please consider reporting this to the maintainers of class org.openjdk.jmh.util.Utils
WARNING: sun.misc.Unsafe::objectFieldOffset will be removed in a future release
# Warmup Iteration   1: Input: n=100000, keys=256, observedHotFraction=0.500000, poolParallelism=3, availableProcessors=4
8.186 ms/op
# Warmup Iteration   2: 8.170 ms/op
# Warmup Iteration   3: 8.108 ms/op
# Warmup Iteration   4: 8.203 ms/op
# Warmup Iteration   5: 8.239 ms/op
Iteration   1: 8.251 ms/op
                 gc.alloc.rate:      188.225 MB/sec
                 gc.alloc.rate.norm: 1629119.541 B/op
                 gc.count:           1.000 counts
                 gc.time:            3.000 ms

Iteration   2: 8.283 ms/op
                 gc.alloc.rate:      187.543 MB/sec
                 gc.alloc.rate.norm: 1629236.364 B/op
                 gc.count:           ≈ 0 counts

Iteration   3: 8.294 ms/op
                 gc.alloc.rate:      187.265 MB/sec
                 gc.alloc.rate.norm: 1629096.992 B/op
                 gc.count:           1.000 counts
                 gc.time:            3.000 ms

Iteration   4: 8.246 ms/op
                 gc.alloc.rate:      188.347 MB/sec
                 gc.alloc.rate.norm: 1629280.984 B/op
                 gc.count:           1.000 counts
                 gc.time:            3.000 ms

Iteration   5: 8.183 ms/op
                 gc.alloc.rate:      189.813 MB/sec
                 gc.alloc.rate.norm: 1629177.821 B/op
                 gc.count:           ≈ 0 counts


# Run progress: 12.04% complete, ETA 00:16:36
# Fork: 2 of 3
WARNING: A terminally deprecated method in sun.misc.Unsafe has been called
WARNING: sun.misc.Unsafe::objectFieldOffset has been called by org.openjdk.jmh.util.Utils (file:/home/test/Workspaces/JavaWorkspace/JavaStream_KeySkew/.deps/jmh-core-1.37.jar)
WARNING: Please consider reporting this to the maintainers of class org.openjdk.jmh.util.Utils
WARNING: sun.misc.Unsafe::objectFieldOffset will be removed in a future release
# Warmup Iteration   1: Input: n=100000, keys=256, observedHotFraction=0.500000, poolParallelism=3, availableProcessors=4
8.062 ms/op
# Warmup Iteration   2: 8.092 ms/op
# Warmup Iteration   3: 8.113 ms/op
# Warmup Iteration   4: 8.142 ms/op
# Warmup Iteration   5: 8.240 ms/op
Iteration   1: 8.282 ms/op
                 gc.alloc.rate:      187.545 MB/sec
                 gc.alloc.rate.norm: 1629296.661 B/op
                 gc.count:           1.000 counts
                 gc.time:            3.000 ms

Iteration   2: 8.155 ms/op
                 gc.alloc.rate:      190.470 MB/sec
                 gc.alloc.rate.norm: 1629561.236 B/op
                 gc.count:           1.000 counts
                 gc.time:            3.000 ms

Iteration   3: 8.163 ms/op
                 gc.alloc.rate:      190.280 MB/sec
                 gc.alloc.rate.norm: 1629086.894 B/op
                 gc.count:           ≈ 0 counts

Iteration   4: 7.949 ms/op
                 gc.alloc.rate:      195.491 MB/sec
                 gc.alloc.rate.norm: 1629798.603 B/op
                 gc.count:           1.000 counts
                 gc.time:            3.000 ms

Iteration   5: 7.871 ms/op
                 gc.alloc.rate:      197.472 MB/sec
                 gc.alloc.rate.norm: 1630113.250 B/op
                 gc.count:           ≈ 0 counts


# Run progress: 12.96% complete, ETA 00:16:25
# Fork: 3 of 3
WARNING: A terminally deprecated method in sun.misc.Unsafe has been called
WARNING: sun.misc.Unsafe::objectFieldOffset has been called by org.openjdk.jmh.util.Utils (file:/home/test/Workspaces/JavaWorkspace/JavaStream_KeySkew/.deps/jmh-core-1.37.jar)
WARNING: Please consider reporting this to the maintainers of class org.openjdk.jmh.util.Utils
WARNING: sun.misc.Unsafe::objectFieldOffset will be removed in a future release
# Warmup Iteration   1: Input: n=100000, keys=256, observedHotFraction=0.500000, poolParallelism=3, availableProcessors=4
8.231 ms/op
# Warmup Iteration   2: 8.165 ms/op
# Warmup Iteration   3: 8.143 ms/op
# Warmup Iteration   4: 8.185 ms/op
# Warmup Iteration   5: 8.244 ms/op
Iteration   1: 8.257 ms/op
                 gc.alloc.rate:      188.174 MB/sec
                 gc.alloc.rate.norm: 1629574.426 B/op
                 gc.count:           1.000 counts
                 gc.time:            3.000 ms

Iteration   2: 8.196 ms/op
                 gc.alloc.rate:      189.464 MB/sec
                 gc.alloc.rate.norm: 1629217.301 B/op
                 gc.count:           ≈ 0 counts

Iteration   3: 8.078 ms/op
                 gc.alloc.rate:      192.343 MB/sec
                 gc.alloc.rate.norm: 1629712.903 B/op
                 gc.count:           1.000 counts
                 gc.time:            2.000 ms

Iteration   4: 8.261 ms/op
                 gc.alloc.rate:      187.970 MB/sec
                 gc.alloc.rate.norm: 1628912.328 B/op
                 gc.count:           1.000 counts
                 gc.time:            3.000 ms

Iteration   5: 8.196 ms/op
                 gc.alloc.rate:      189.490 MB/sec
                 gc.alloc.rate.norm: 1629065.886 B/op
                 gc.count:           ≈ 0 counts



Result "research.skew.AggregationBenchmark.parallelConcurrent":
  8.178 ±(99.9%) 0.133 ms/op [Average]
  (min, avg, max) = (7.871, 8.178, 8.294), stdev = 0.124
  CI (99.9%): [8.045, 8.311] (assumes normal distribution)

Secondary result "research.skew.AggregationBenchmark.parallelConcurrent:gc.alloc.rate":
  189.993 ±(99.9%) 3.197 MB/sec [Average]
  (min, avg, max) = (187.265, 189.993, 197.472), stdev = 2.991
  CI (99.9%): [186.795, 193.190] (assumes normal distribution)

Secondary result "research.skew.AggregationBenchmark.parallelConcurrent:gc.alloc.rate.norm":
  1629350.079 ±(99.9%) 354.208 B/op [Average]
  (min, avg, max) = (1628912.328, 1629350.079, 1630113.250), stdev = 331.327
  CI (99.9%): [1628995.871, 1629704.288] (assumes normal distribution)

Secondary result "research.skew.AggregationBenchmark.parallelConcurrent:gc.count":
  9.000 ±(99.9%) 0.001 counts [Sum]
  (min, avg, max) = (≈ 0, 0.600, 1.000), stdev = 0.507
  CI (99.9%): [9.000, 9.000] (assumes normal distribution)

Secondary result "research.skew.AggregationBenchmark.parallelConcurrent:gc.time":
  26.000 ±(99.9%) 0.001 ms [Sum]
  (min, avg, max) = (≈ 0, 1.733, 3.000), stdev = 1.486
  CI (99.9%): [26.000, 26.000] (assumes normal distribution)


# JMH version: 1.37
# VM version: JDK 25.0.4.1, OpenJDK 64-Bit Server VM, 25.0.4.1+1-LTS
# VM invoker: /home/test/jdk/jdk-25.0.4.1+1/bin/java
# VM options: -Xms512m -Xmx512m -Djava.util.concurrent.ForkJoinPool.common.parallelism=3
# Blackhole mode: compiler (auto-detected, use -Djmh.blackhole.autoDetect=false to disable)
# Warmup: 5 iterations, 1 s each
# Measurement: 5 iterations, 1 s each
# Timeout: 10 min per iteration
# Threads: 1 thread, will synchronize iterations
# Benchmark mode: Average time, time/op
# Benchmark: research.skew.AggregationBenchmark.parallelConcurrent
# Parameters: (cardinality = 256, distribution = hot50, seed = 20260929, size = 1000000)

# Run progress: 13.89% complete, ETA 00:16:15
# Fork: 1 of 3
WARNING: A terminally deprecated method in sun.misc.Unsafe has been called
WARNING: sun.misc.Unsafe::objectFieldOffset has been called by org.openjdk.jmh.util.Utils (file:/home/test/Workspaces/JavaWorkspace/JavaStream_KeySkew/.deps/jmh-core-1.37.jar)
WARNING: Please consider reporting this to the maintainers of class org.openjdk.jmh.util.Utils
WARNING: sun.misc.Unsafe::objectFieldOffset will be removed in a future release
# Warmup Iteration   1: Input: n=1000000, keys=256, observedHotFraction=0.500000, poolParallelism=3, availableProcessors=4
80.633 ms/op
# Warmup Iteration   2: 79.833 ms/op
# Warmup Iteration   3: 80.320 ms/op
# Warmup Iteration   4: 82.173 ms/op
# Warmup Iteration   5: 81.638 ms/op
Iteration   1: 83.359 ms/op
                 gc.alloc.rate:      183.354 MB/sec
                 gc.alloc.rate.norm: 16031397.333 B/op
                 gc.count:           1.000 counts
                 gc.time:            10.000 ms

Iteration   2: 82.203 ms/op
                 gc.alloc.rate:      185.956 MB/sec
                 gc.alloc.rate.norm: 16031715.692 B/op
                 gc.count:           1.000 counts
                 gc.time:            8.000 ms

Iteration   3: 79.974 ms/op
                 gc.alloc.rate:      191.141 MB/sec
                 gc.alloc.rate.norm: 16032370.462 B/op
                 gc.count:           ≈ 0 counts

Iteration   4: 81.235 ms/op
                 gc.alloc.rate:      188.163 MB/sec
                 gc.alloc.rate.norm: 16031105.231 B/op
                 gc.count:           1.000 counts
                 gc.time:            7.000 ms

Iteration   5: 82.087 ms/op
                 gc.alloc.rate:      186.207 MB/sec
                 gc.alloc.rate.norm: 16031036.923 B/op
                 gc.count:           1.000 counts
                 gc.time:            8.000 ms


# Run progress: 14.81% complete, ETA 00:16:08
# Fork: 2 of 3
WARNING: A terminally deprecated method in sun.misc.Unsafe has been called
WARNING: sun.misc.Unsafe::objectFieldOffset has been called by org.openjdk.jmh.util.Utils (file:/home/test/Workspaces/JavaWorkspace/JavaStream_KeySkew/.deps/jmh-core-1.37.jar)
WARNING: Please consider reporting this to the maintainers of class org.openjdk.jmh.util.Utils
WARNING: sun.misc.Unsafe::objectFieldOffset will be removed in a future release
# Warmup Iteration   1: Input: n=1000000, keys=256, observedHotFraction=0.500000, poolParallelism=3, availableProcessors=4
80.597 ms/op
# Warmup Iteration   2: 78.767 ms/op
# Warmup Iteration   3: 80.509 ms/op
# Warmup Iteration   4: 81.599 ms/op
# Warmup Iteration   5: 81.074 ms/op
Iteration   1: 81.682 ms/op
                 gc.alloc.rate:      187.144 MB/sec
                 gc.alloc.rate.norm: 16032812.308 B/op
                 gc.count:           1.000 counts
                 gc.time:            7.000 ms

Iteration   2: 81.506 ms/op
                 gc.alloc.rate:      187.538 MB/sec
                 gc.alloc.rate.norm: 16031692.923 B/op
                 gc.count:           1.000 counts
                 gc.time:            9.000 ms

Iteration   3: 80.822 ms/op
                 gc.alloc.rate:      189.115 MB/sec
                 gc.alloc.rate.norm: 16033557.538 B/op
                 gc.count:           ≈ 0 counts

Iteration   4: 82.827 ms/op
                 gc.alloc.rate:      184.480 MB/sec
                 gc.alloc.rate.norm: 16029535.385 B/op
                 gc.count:           1.000 counts
                 gc.time:            10.000 ms

Iteration   5: 82.244 ms/op
                 gc.alloc.rate:      185.847 MB/sec
                 gc.alloc.rate.norm: 16031044.308 B/op
                 gc.count:           1.000 counts
                 gc.time:            8.000 ms


# Run progress: 15.74% complete, ETA 00:16:01
# Fork: 3 of 3
WARNING: A terminally deprecated method in sun.misc.Unsafe has been called
WARNING: sun.misc.Unsafe::objectFieldOffset has been called by org.openjdk.jmh.util.Utils (file:/home/test/Workspaces/JavaWorkspace/JavaStream_KeySkew/.deps/jmh-core-1.37.jar)
WARNING: Please consider reporting this to the maintainers of class org.openjdk.jmh.util.Utils
WARNING: sun.misc.Unsafe::objectFieldOffset will be removed in a future release
# Warmup Iteration   1: Input: n=1000000, keys=256, observedHotFraction=0.500000, poolParallelism=3, availableProcessors=4
83.275 ms/op
# Warmup Iteration   2: 80.253 ms/op
# Warmup Iteration   3: 79.961 ms/op
# Warmup Iteration   4: 81.545 ms/op
# Warmup Iteration   5: 81.898 ms/op
Iteration   1: 82.246 ms/op
                 gc.alloc.rate:      185.844 MB/sec
                 gc.alloc.rate.norm: 16031424.000 B/op
                 gc.count:           1.000 counts
                 gc.time:            7.000 ms

Iteration   2: 82.628 ms/op
                 gc.alloc.rate:      184.971 MB/sec
                 gc.alloc.rate.norm: 16030441.846 B/op
                 gc.count:           1.000 counts
                 gc.time:            8.000 ms

Iteration   3: 82.517 ms/op
                 gc.alloc.rate:      185.243 MB/sec
                 gc.alloc.rate.norm: 16031931.692 B/op
                 gc.count:           ≈ 0 counts

Iteration   4: 82.653 ms/op
                 gc.alloc.rate:      184.940 MB/sec
                 gc.alloc.rate.norm: 16032964.308 B/op
                 gc.count:           1.000 counts
                 gc.time:            9.000 ms

Iteration   5: 83.275 ms/op
                 gc.alloc.rate:      183.530 MB/sec
                 gc.alloc.rate.norm: 16029990.154 B/op
                 gc.count:           1.000 counts
                 gc.time:            7.000 ms



Result "research.skew.AggregationBenchmark.parallelConcurrent":
  82.084 ±(99.9%) 0.979 ms/op [Average]
  (min, avg, max) = (79.974, 82.084, 83.359), stdev = 0.915
  CI (99.9%): [81.105, 83.062] (assumes normal distribution)

Secondary result "research.skew.AggregationBenchmark.parallelConcurrent:gc.alloc.rate":
  186.231 ±(99.9%) 2.249 MB/sec [Average]
  (min, avg, max) = (183.354, 186.231, 191.141), stdev = 2.103
  CI (99.9%): [183.983, 188.480] (assumes normal distribution)

Secondary result "research.skew.AggregationBenchmark.parallelConcurrent:gc.alloc.rate.norm":
  16031534.674 ±(99.9%) 1176.760 B/op [Average]
  (min, avg, max) = (16029535.385, 16031534.674, 16033557.538), stdev = 1100.743
  CI (99.9%): [16030357.913, 16032711.434] (assumes normal distribution)

Secondary result "research.skew.AggregationBenchmark.parallelConcurrent:gc.count":
  12.000 ±(99.9%) 0.001 counts [Sum]
  (min, avg, max) = (≈ 0, 0.800, 1.000), stdev = 0.414
  CI (99.9%): [12.000, 12.000] (assumes normal distribution)

Secondary result "research.skew.AggregationBenchmark.parallelConcurrent:gc.time":
  98.000 ±(99.9%) 0.001 ms [Sum]
  (min, avg, max) = (≈ 0, 6.533, 10.000), stdev = 3.523
  CI (99.9%): [98.000, 98.000] (assumes normal distribution)


# JMH version: 1.37
# VM version: JDK 25.0.4.1, OpenJDK 64-Bit Server VM, 25.0.4.1+1-LTS
# VM invoker: /home/test/jdk/jdk-25.0.4.1+1/bin/java
# VM options: -Xms512m -Xmx512m -Djava.util.concurrent.ForkJoinPool.common.parallelism=3
# Blackhole mode: compiler (auto-detected, use -Djmh.blackhole.autoDetect=false to disable)
# Warmup: 5 iterations, 1 s each
# Measurement: 5 iterations, 1 s each
# Timeout: 10 min per iteration
# Threads: 1 thread, will synchronize iterations
# Benchmark mode: Average time, time/op
# Benchmark: research.skew.AggregationBenchmark.parallelConcurrent
# Parameters: (cardinality = 256, distribution = hot90, seed = 20260929, size = 10000)

# Run progress: 16.67% complete, ETA 00:15:54
# Fork: 1 of 3
WARNING: A terminally deprecated method in sun.misc.Unsafe has been called
WARNING: sun.misc.Unsafe::objectFieldOffset has been called by org.openjdk.jmh.util.Utils (file:/home/test/Workspaces/JavaWorkspace/JavaStream_KeySkew/.deps/jmh-core-1.37.jar)
WARNING: Please consider reporting this to the maintainers of class org.openjdk.jmh.util.Utils
WARNING: sun.misc.Unsafe::objectFieldOffset will be removed in a future release
# Warmup Iteration   1: Input: n=10000, keys=256, observedHotFraction=0.900000, poolParallelism=3, availableProcessors=4
1.126 ms/op
# Warmup Iteration   2: 1.119 ms/op
# Warmup Iteration   3: 1.145 ms/op
# Warmup Iteration   4: 1.136 ms/op
# Warmup Iteration   5: 1.142 ms/op
Iteration   1: 1.120 ms/op
                 gc.alloc.rate:      159.347 MB/sec
                 gc.alloc.rate.norm: 187201.801 B/op
                 gc.count:           ≈ 0 counts

Iteration   2: 1.134 ms/op
                 gc.alloc.rate:      157.438 MB/sec
                 gc.alloc.rate.norm: 187239.076 B/op
                 gc.count:           1.000 counts
                 gc.time:            2.000 ms

Iteration   3: 1.147 ms/op
                 gc.alloc.rate:      155.505 MB/sec
                 gc.alloc.rate.norm: 187077.450 B/op
                 gc.count:           ≈ 0 counts

Iteration   4: 1.133 ms/op
                 gc.alloc.rate:      157.455 MB/sec
                 gc.alloc.rate.norm: 187089.846 B/op
                 gc.count:           1.000 counts
                 gc.time:            3.000 ms

Iteration   5: 1.148 ms/op
                 gc.alloc.rate:      155.462 MB/sec
                 gc.alloc.rate.norm: 187199.853 B/op
                 gc.count:           ≈ 0 counts


# Run progress: 17.59% complete, ETA 00:15:42
# Fork: 2 of 3
WARNING: A terminally deprecated method in sun.misc.Unsafe has been called
WARNING: sun.misc.Unsafe::objectFieldOffset has been called by org.openjdk.jmh.util.Utils (file:/home/test/Workspaces/JavaWorkspace/JavaStream_KeySkew/.deps/jmh-core-1.37.jar)
WARNING: Please consider reporting this to the maintainers of class org.openjdk.jmh.util.Utils
WARNING: sun.misc.Unsafe::objectFieldOffset will be removed in a future release
# Warmup Iteration   1: Input: n=10000, keys=256, observedHotFraction=0.900000, poolParallelism=3, availableProcessors=4
1.215 ms/op
# Warmup Iteration   2: 1.272 ms/op
# Warmup Iteration   3: 1.278 ms/op
# Warmup Iteration   4: 1.270 ms/op
# Warmup Iteration   5: 1.267 ms/op
Iteration   1: 1.259 ms/op
                 gc.alloc.rate:      141.709 MB/sec
                 gc.alloc.rate.norm: 187210.526 B/op
                 gc.count:           1.000 counts
                 gc.time:            2.000 ms

Iteration   2: 1.241 ms/op
                 gc.alloc.rate:      143.973 MB/sec
                 gc.alloc.rate.norm: 187406.720 B/op
                 gc.count:           ≈ 0 counts

Iteration   3: 1.273 ms/op
                 gc.alloc.rate:      139.957 MB/sec
                 gc.alloc.rate.norm: 187189.486 B/op
                 gc.count:           1.000 counts
                 gc.time:            2.000 ms

Iteration   4: 1.275 ms/op
                 gc.alloc.rate:      139.961 MB/sec
                 gc.alloc.rate.norm: 187207.450 B/op
                 gc.count:           ≈ 0 counts

Iteration   5: 1.289 ms/op
                 gc.alloc.rate:      138.364 MB/sec
                 gc.alloc.rate.norm: 187111.640 B/op
                 gc.count:           1.000 counts
                 gc.time:            2.000 ms


# Run progress: 18.52% complete, ETA 00:15:31
# Fork: 3 of 3
WARNING: A terminally deprecated method in sun.misc.Unsafe has been called
WARNING: sun.misc.Unsafe::objectFieldOffset has been called by org.openjdk.jmh.util.Utils (file:/home/test/Workspaces/JavaWorkspace/JavaStream_KeySkew/.deps/jmh-core-1.37.jar)
WARNING: Please consider reporting this to the maintainers of class org.openjdk.jmh.util.Utils
WARNING: sun.misc.Unsafe::objectFieldOffset will be removed in a future release
# Warmup Iteration   1: Input: n=10000, keys=256, observedHotFraction=0.900000, poolParallelism=3, availableProcessors=4
1.155 ms/op
# Warmup Iteration   2: 1.152 ms/op
# Warmup Iteration   3: 1.154 ms/op
# Warmup Iteration   4: 1.152 ms/op
# Warmup Iteration   5: 1.132 ms/op
Iteration   1: 1.142 ms/op
                 gc.alloc.rate:      156.336 MB/sec
                 gc.alloc.rate.norm: 187217.616 B/op
                 gc.count:           1.000 counts
                 gc.time:            2.000 ms

Iteration   2: 1.168 ms/op
                 gc.alloc.rate:      152.792 MB/sec
                 gc.alloc.rate.norm: 187215.160 B/op
                 gc.count:           1.000 counts
                 gc.time:            1.000 ms

Iteration   3: 1.148 ms/op
                 gc.alloc.rate:      155.406 MB/sec
                 gc.alloc.rate.norm: 187117.220 B/op
                 gc.count:           ≈ 0 counts

Iteration   4: 1.168 ms/op
                 gc.alloc.rate:      152.857 MB/sec
                 gc.alloc.rate.norm: 187201.932 B/op
                 gc.count:           1.000 counts
                 gc.time:            2.000 ms

Iteration   5: 1.159 ms/op
                 gc.alloc.rate:      153.940 MB/sec
                 gc.alloc.rate.norm: 187148.750 B/op
                 gc.count:           ≈ 0 counts



Result "research.skew.AggregationBenchmark.parallelConcurrent":
  1.187 ±(99.9%) 0.065 ms/op [Average]
  (min, avg, max) = (1.120, 1.187, 1.289), stdev = 0.061
  CI (99.9%): [1.122, 1.252] (assumes normal distribution)

Secondary result "research.skew.AggregationBenchmark.parallelConcurrent:gc.alloc.rate":
  150.700 ±(99.9%) 8.051 MB/sec [Average]
  (min, avg, max) = (138.364, 150.700, 159.347), stdev = 7.531
  CI (99.9%): [142.649, 158.751] (assumes normal distribution)

Secondary result "research.skew.AggregationBenchmark.parallelConcurrent:gc.alloc.rate.norm":
  187188.968 ±(99.9%) 84.612 B/op [Average]
  (min, avg, max) = (187077.450, 187188.968, 187406.720), stdev = 79.146
  CI (99.9%): [187104.356, 187273.580] (assumes normal distribution)

Secondary result "research.skew.AggregationBenchmark.parallelConcurrent:gc.count":
  8.000 ±(99.9%) 0.001 counts [Sum]
  (min, avg, max) = (≈ 0, 0.533, 1.000), stdev = 0.516
  CI (99.9%): [8.000, 8.000] (assumes normal distribution)

Secondary result "research.skew.AggregationBenchmark.parallelConcurrent:gc.time":
  16.000 ±(99.9%) 0.001 ms [Sum]
  (min, avg, max) = (≈ 0, 1.067, 3.000), stdev = 1.100
  CI (99.9%): [16.000, 16.000] (assumes normal distribution)


# JMH version: 1.37
# VM version: JDK 25.0.4.1, OpenJDK 64-Bit Server VM, 25.0.4.1+1-LTS
# VM invoker: /home/test/jdk/jdk-25.0.4.1+1/bin/java
# VM options: -Xms512m -Xmx512m -Djava.util.concurrent.ForkJoinPool.common.parallelism=3
# Blackhole mode: compiler (auto-detected, use -Djmh.blackhole.autoDetect=false to disable)
# Warmup: 5 iterations, 1 s each
# Measurement: 5 iterations, 1 s each
# Timeout: 10 min per iteration
# Threads: 1 thread, will synchronize iterations
# Benchmark mode: Average time, time/op
# Benchmark: research.skew.AggregationBenchmark.parallelConcurrent
# Parameters: (cardinality = 256, distribution = hot90, seed = 20260929, size = 100000)

# Run progress: 19.44% complete, ETA 00:15:19
# Fork: 1 of 3
WARNING: A terminally deprecated method in sun.misc.Unsafe has been called
WARNING: sun.misc.Unsafe::objectFieldOffset has been called by org.openjdk.jmh.util.Utils (file:/home/test/Workspaces/JavaWorkspace/JavaStream_KeySkew/.deps/jmh-core-1.37.jar)
WARNING: Please consider reporting this to the maintainers of class org.openjdk.jmh.util.Utils
WARNING: sun.misc.Unsafe::objectFieldOffset will be removed in a future release
# Warmup Iteration   1: Input: n=100000, keys=256, observedHotFraction=0.900000, poolParallelism=3, availableProcessors=4
9.676 ms/op
# Warmup Iteration   2: 10.352 ms/op
# Warmup Iteration   3: 9.835 ms/op
# Warmup Iteration   4: 10.213 ms/op
# Warmup Iteration   5: 10.593 ms/op
Iteration   1: 10.645 ms/op
                 gc.alloc.rate:      145.760 MB/sec
                 gc.alloc.rate.norm: 1627358.383 B/op
                 gc.count:           ≈ 0 counts

Iteration   2: 10.731 ms/op
                 gc.alloc.rate:      144.604 MB/sec
                 gc.alloc.rate.norm: 1627390.809 B/op
                 gc.count:           1.000 counts
                 gc.time:            2.000 ms

Iteration   3: 10.687 ms/op
                 gc.alloc.rate:      145.168 MB/sec
                 gc.alloc.rate.norm: 1627179.149 B/op
                 gc.count:           ≈ 0 counts

Iteration   4: 10.669 ms/op
                 gc.alloc.rate:      145.391 MB/sec
                 gc.alloc.rate.norm: 1626902.468 B/op
                 gc.count:           1.000 counts
                 gc.time:            3.000 ms

Iteration   5: 10.598 ms/op
                 gc.alloc.rate:      146.373 MB/sec
                 gc.alloc.rate.norm: 1627050.021 B/op
                 gc.count:           ≈ 0 counts


# Run progress: 20.37% complete, ETA 00:15:08
# Fork: 2 of 3
WARNING: A terminally deprecated method in sun.misc.Unsafe has been called
WARNING: sun.misc.Unsafe::objectFieldOffset has been called by org.openjdk.jmh.util.Utils (file:/home/test/Workspaces/JavaWorkspace/JavaStream_KeySkew/.deps/jmh-core-1.37.jar)
WARNING: Please consider reporting this to the maintainers of class org.openjdk.jmh.util.Utils
WARNING: sun.misc.Unsafe::objectFieldOffset will be removed in a future release
# Warmup Iteration   1: Input: n=100000, keys=256, observedHotFraction=0.900000, poolParallelism=3, availableProcessors=4
9.934 ms/op
# Warmup Iteration   2: 10.306 ms/op
# Warmup Iteration   3: 10.090 ms/op
# Warmup Iteration   4: 9.571 ms/op
# Warmup Iteration   5: 10.403 ms/op
Iteration   1: 10.736 ms/op
                 gc.alloc.rate:      144.481 MB/sec
                 gc.alloc.rate.norm: 1627020.085 B/op
                 gc.count:           ≈ 0 counts

Iteration   2: 10.635 ms/op
                 gc.alloc.rate:      145.850 MB/sec
                 gc.alloc.rate.norm: 1626955.958 B/op
                 gc.count:           1.000 counts
                 gc.time:            2.000 ms

Iteration   3: 10.654 ms/op
                 gc.alloc.rate:      145.640 MB/sec
                 gc.alloc.rate.norm: 1627453.106 B/op
                 gc.count:           ≈ 0 counts

Iteration   4: 10.451 ms/op
                 gc.alloc.rate:      148.522 MB/sec
                 gc.alloc.rate.norm: 1627970.083 B/op
                 gc.count:           1.000 counts
                 gc.time:            3.000 ms

Iteration   5: 10.611 ms/op
                 gc.alloc.rate:      146.230 MB/sec
                 gc.alloc.rate.norm: 1627512.168 B/op
                 gc.count:           ≈ 0 counts


# Run progress: 21.30% complete, ETA 00:14:58
# Fork: 3 of 3
WARNING: A terminally deprecated method in sun.misc.Unsafe has been called
WARNING: sun.misc.Unsafe::objectFieldOffset has been called by org.openjdk.jmh.util.Utils (file:/home/test/Workspaces/JavaWorkspace/JavaStream_KeySkew/.deps/jmh-core-1.37.jar)
WARNING: Please consider reporting this to the maintainers of class org.openjdk.jmh.util.Utils
WARNING: sun.misc.Unsafe::objectFieldOffset will be removed in a future release
# Warmup Iteration   1: Input: n=100000, keys=256, observedHotFraction=0.900000, poolParallelism=3, availableProcessors=4
11.184 ms/op
# Warmup Iteration   2: 11.358 ms/op
# Warmup Iteration   3: 11.453 ms/op
# Warmup Iteration   4: 11.169 ms/op
# Warmup Iteration   5: 11.926 ms/op
Iteration   1: 11.943 ms/op
                 gc.alloc.rate:      129.876 MB/sec
                 gc.alloc.rate.norm: 1626961.524 B/op
                 gc.count:           1.000 counts
                 gc.time:            3.000 ms

Iteration   2: 12.095 ms/op
                 gc.alloc.rate:      128.203 MB/sec
                 gc.alloc.rate.norm: 1626808.386 B/op
                 gc.count:           ≈ 0 counts

Iteration   3: 11.961 ms/op
                 gc.alloc.rate:      129.735 MB/sec
                 gc.alloc.rate.norm: 1627439.429 B/op
                 gc.count:           1.000 counts
                 gc.time:            2.000 ms

Iteration   4: 11.852 ms/op
                 gc.alloc.rate:      130.921 MB/sec
                 gc.alloc.rate.norm: 1627425.129 B/op
                 gc.count:           ≈ 0 counts

Iteration   5: 12.030 ms/op
                 gc.alloc.rate:      128.975 MB/sec
                 gc.alloc.rate.norm: 1627353.810 B/op
                 gc.count:           ≈ 0 counts



Result "research.skew.AggregationBenchmark.parallelConcurrent":
  11.087 ±(99.9%) 0.702 ms/op [Average]
  (min, avg, max) = (10.451, 11.087, 12.095), stdev = 0.656
  CI (99.9%): [10.385, 11.788] (assumes normal distribution)

Secondary result "research.skew.AggregationBenchmark.parallelConcurrent:gc.alloc.rate":
  140.382 ±(99.9%) 8.558 MB/sec [Average]
  (min, avg, max) = (128.203, 140.382, 148.522), stdev = 8.005
  CI (99.9%): [131.824, 148.940] (assumes normal distribution)

Secondary result "research.skew.AggregationBenchmark.parallelConcurrent:gc.alloc.rate.norm":
  1627252.034 ±(99.9%) 328.353 B/op [Average]
  (min, avg, max) = (1626808.386, 1627252.034, 1627970.083), stdev = 307.141
  CI (99.9%): [1626923.681, 1627580.386] (assumes normal distribution)

Secondary result "research.skew.AggregationBenchmark.parallelConcurrent:gc.count":
  6.000 ±(99.9%) 0.001 counts [Sum]
  (min, avg, max) = (≈ 0, 0.400, 1.000), stdev = 0.507
  CI (99.9%): [6.000, 6.000] (assumes normal distribution)

Secondary result "research.skew.AggregationBenchmark.parallelConcurrent:gc.time":
  15.000 ±(99.9%) 0.001 ms [Sum]
  (min, avg, max) = (≈ 0, 1.000, 3.000), stdev = 1.309
  CI (99.9%): [15.000, 15.000] (assumes normal distribution)


# JMH version: 1.37
# VM version: JDK 25.0.4.1, OpenJDK 64-Bit Server VM, 25.0.4.1+1-LTS
# VM invoker: /home/test/jdk/jdk-25.0.4.1+1/bin/java
# VM options: -Xms512m -Xmx512m -Djava.util.concurrent.ForkJoinPool.common.parallelism=3
# Blackhole mode: compiler (auto-detected, use -Djmh.blackhole.autoDetect=false to disable)
# Warmup: 5 iterations, 1 s each
# Measurement: 5 iterations, 1 s each
# Timeout: 10 min per iteration
# Threads: 1 thread, will synchronize iterations
# Benchmark mode: Average time, time/op
# Benchmark: research.skew.AggregationBenchmark.parallelConcurrent
# Parameters: (cardinality = 256, distribution = hot90, seed = 20260929, size = 1000000)

# Run progress: 22.22% complete, ETA 00:14:47
# Fork: 1 of 3
WARNING: A terminally deprecated method in sun.misc.Unsafe has been called
WARNING: sun.misc.Unsafe::objectFieldOffset has been called by org.openjdk.jmh.util.Utils (file:/home/test/Workspaces/JavaWorkspace/JavaStream_KeySkew/.deps/jmh-core-1.37.jar)
WARNING: Please consider reporting this to the maintainers of class org.openjdk.jmh.util.Utils
WARNING: sun.misc.Unsafe::objectFieldOffset will be removed in a future release
# Warmup Iteration   1: Input: n=1000000, keys=256, observedHotFraction=0.900000, poolParallelism=3, availableProcessors=4
106.088 ms/op
# Warmup Iteration   2: 101.531 ms/op
# Warmup Iteration   3: 107.358 ms/op
# Warmup Iteration   4: 105.106 ms/op
# Warmup Iteration   5: 101.493 ms/op
Iteration   1: 106.485 ms/op
                 gc.alloc.rate:      143.561 MB/sec
                 gc.alloc.rate.norm: 16033628.800 B/op
                 gc.count:           ≈ 0 counts

Iteration   2: 109.292 ms/op
                 gc.alloc.rate:      139.880 MB/sec
                 gc.alloc.rate.norm: 16034777.600 B/op
                 gc.count:           1.000 counts
                 gc.time:            7.000 ms

Iteration   3: 101.953 ms/op
                 gc.alloc.rate:      149.958 MB/sec
                 gc.alloc.rate.norm: 16034891.200 B/op
                 gc.count:           ≈ 0 counts

Iteration   4: 106.708 ms/op
                 gc.alloc.rate:      143.275 MB/sec
                 gc.alloc.rate.norm: 16035289.600 B/op
                 gc.count:           1.000 counts
                 gc.time:            7.000 ms

Iteration   5: 104.584 ms/op
                 gc.alloc.rate:      146.176 MB/sec
                 gc.alloc.rate.norm: 16035165.600 B/op
                 gc.count:           ≈ 0 counts


# Run progress: 23.15% complete, ETA 00:14:38
# Fork: 2 of 3
WARNING: A terminally deprecated method in sun.misc.Unsafe has been called
WARNING: sun.misc.Unsafe::objectFieldOffset has been called by org.openjdk.jmh.util.Utils (file:/home/test/Workspaces/JavaWorkspace/JavaStream_KeySkew/.deps/jmh-core-1.37.jar)
WARNING: Please consider reporting this to the maintainers of class org.openjdk.jmh.util.Utils
WARNING: sun.misc.Unsafe::objectFieldOffset will be removed in a future release
# Warmup Iteration   1: Input: n=1000000, keys=256, observedHotFraction=0.900000, poolParallelism=3, availableProcessors=4
105.356 ms/op
# Warmup Iteration   2: 100.563 ms/op
# Warmup Iteration   3: 106.204 ms/op
# Warmup Iteration   4: 109.570 ms/op
# Warmup Iteration   5: 103.339 ms/op
Iteration   1: 109.103 ms/op
                 gc.alloc.rate:      140.125 MB/sec
                 gc.alloc.rate.norm: 16034016.000 B/op
                 gc.count:           ≈ 0 counts

Iteration   2: 104.947 ms/op
                 gc.alloc.rate:      145.675 MB/sec
                 gc.alloc.rate.norm: 16034770.400 B/op
                 gc.count:           1.000 counts
                 gc.time:            10.000 ms

Iteration   3: 111.600 ms/op
                 gc.alloc.rate:      136.995 MB/sec
                 gc.alloc.rate.norm: 16034891.556 B/op
                 gc.count:           ≈ 0 counts

Iteration   4: 106.542 ms/op
                 gc.alloc.rate:      143.504 MB/sec
                 gc.alloc.rate.norm: 16035272.000 B/op
                 gc.count:           1.000 counts
                 gc.time:            7.000 ms

Iteration   5: 106.312 ms/op
                 gc.alloc.rate:      143.806 MB/sec
                 gc.alloc.rate.norm: 16034780.000 B/op
                 gc.count:           ≈ 0 counts


# Run progress: 24.07% complete, ETA 00:14:29
# Fork: 3 of 3
WARNING: A terminally deprecated method in sun.misc.Unsafe has been called
WARNING: sun.misc.Unsafe::objectFieldOffset has been called by org.openjdk.jmh.util.Utils (file:/home/test/Workspaces/JavaWorkspace/JavaStream_KeySkew/.deps/jmh-core-1.37.jar)
WARNING: Please consider reporting this to the maintainers of class org.openjdk.jmh.util.Utils
WARNING: sun.misc.Unsafe::objectFieldOffset will be removed in a future release
# Warmup Iteration   1: Input: n=1000000, keys=256, observedHotFraction=0.900000, poolParallelism=3, availableProcessors=4
109.503 ms/op
# Warmup Iteration   2: 100.598 ms/op
# Warmup Iteration   3: 104.852 ms/op
# Warmup Iteration   4: 103.515 ms/op
# Warmup Iteration   5: 110.030 ms/op
Iteration   1: 105.913 ms/op
                 gc.alloc.rate:      144.345 MB/sec
                 gc.alloc.rate.norm: 16034726.400 B/op
                 gc.count:           ≈ 0 counts

Iteration   2: 105.804 ms/op
                 gc.alloc.rate:      144.501 MB/sec
                 gc.alloc.rate.norm: 16035075.200 B/op
                 gc.count:           1.000 counts
                 gc.time:            7.000 ms

Iteration   3: 111.531 ms/op
                 gc.alloc.rate:      137.065 MB/sec
                 gc.alloc.rate.norm: 16033580.800 B/op
                 gc.count:           ≈ 0 counts

Iteration   4: 108.673 ms/op
                 gc.alloc.rate:      140.673 MB/sec
                 gc.alloc.rate.norm: 16033771.200 B/op
                 gc.count:           1.000 counts
                 gc.time:            10.000 ms

Iteration   5: 106.746 ms/op
                 gc.alloc.rate:      143.221 MB/sec
                 gc.alloc.rate.norm: 16035024.000 B/op
                 gc.count:           ≈ 0 counts



Result "research.skew.AggregationBenchmark.parallelConcurrent":
  107.080 ±(99.9%) 2.760 ms/op [Average]
  (min, avg, max) = (101.953, 107.080, 111.600), stdev = 2.582
  CI (99.9%): [104.320, 109.839] (assumes normal distribution)

Secondary result "research.skew.AggregationBenchmark.parallelConcurrent:gc.alloc.rate":
  142.851 ±(99.9%) 3.675 MB/sec [Average]
  (min, avg, max) = (136.995, 142.851, 149.958), stdev = 3.437
  CI (99.9%): [139.176, 146.526] (assumes normal distribution)

Secondary result "research.skew.AggregationBenchmark.parallelConcurrent:gc.alloc.rate.norm":
  16034644.024 ±(99.9%) 633.257 B/op [Average]
  (min, avg, max) = (16033580.800, 16034644.024, 16035289.600), stdev = 592.349
  CI (99.9%): [16034010.767, 16035277.280] (assumes normal distribution)

Secondary result "research.skew.AggregationBenchmark.parallelConcurrent:gc.count":
  6.000 ±(99.9%) 0.001 counts [Sum]
  (min, avg, max) = (≈ 0, 0.400, 1.000), stdev = 0.507
  CI (99.9%): [6.000, 6.000] (assumes normal distribution)

Secondary result "research.skew.AggregationBenchmark.parallelConcurrent:gc.time":
  48.000 ±(99.9%) 0.001 ms [Sum]
  (min, avg, max) = (≈ 0, 3.200, 10.000), stdev = 4.161
  CI (99.9%): [48.000, 48.000] (assumes normal distribution)


# JMH version: 1.37
# VM version: JDK 25.0.4.1, OpenJDK 64-Bit Server VM, 25.0.4.1+1-LTS
# VM invoker: /home/test/jdk/jdk-25.0.4.1+1/bin/java
# VM options: -Xms512m -Xmx512m -Djava.util.concurrent.ForkJoinPool.common.parallelism=3
# Blackhole mode: compiler (auto-detected, use -Djmh.blackhole.autoDetect=false to disable)
# Warmup: 5 iterations, 1 s each
# Measurement: 5 iterations, 1 s each
# Timeout: 10 min per iteration
# Threads: 1 thread, will synchronize iterations
# Benchmark mode: Average time, time/op
# Benchmark: research.skew.AggregationBenchmark.parallelConcurrentAdder
# Parameters: (cardinality = 256, distribution = uniform, seed = 20260929, size = 10000)

# Run progress: 25.00% complete, ETA 00:14:21
# Fork: 1 of 3
WARNING: A terminally deprecated method in sun.misc.Unsafe has been called
WARNING: sun.misc.Unsafe::objectFieldOffset has been called by org.openjdk.jmh.util.Utils (file:/home/test/Workspaces/JavaWorkspace/JavaStream_KeySkew/.deps/jmh-core-1.37.jar)
WARNING: Please consider reporting this to the maintainers of class org.openjdk.jmh.util.Utils
WARNING: sun.misc.Unsafe::objectFieldOffset will be removed in a future release
# Warmup Iteration   1: Input: n=10000, keys=256, observedHotFraction=0.004000, poolParallelism=3, availableProcessors=4
0.290 ms/op
# Warmup Iteration   2: 0.260 ms/op
# Warmup Iteration   3: 0.250 ms/op
# Warmup Iteration   4: 0.250 ms/op
# Warmup Iteration   5: 0.249 ms/op
Iteration   1: 0.250 ms/op
                 gc.alloc.rate:      734.376 MB/sec
                 gc.alloc.rate.norm: 192803.393 B/op
                 gc.count:           2.000 counts
                 gc.time:            4.000 ms

Iteration   2: 0.249 ms/op
                 gc.alloc.rate:      739.345 MB/sec
                 gc.alloc.rate.norm: 192943.861 B/op
                 gc.count:           3.000 counts
                 gc.time:            5.000 ms

Iteration   3: 0.248 ms/op
                 gc.alloc.rate:      742.296 MB/sec
                 gc.alloc.rate.norm: 192910.940 B/op
                 gc.count:           2.000 counts
                 gc.time:            1.000 ms

Iteration   4: 0.249 ms/op
                 gc.alloc.rate:      739.399 MB/sec
                 gc.alloc.rate.norm: 192791.620 B/op
                 gc.count:           2.000 counts
                 gc.time:            2.000 ms

Iteration   5: 0.249 ms/op
                 gc.alloc.rate:      738.941 MB/sec
                 gc.alloc.rate.norm: 192857.409 B/op
                 gc.count:           3.000 counts
                 gc.time:            3.000 ms


# Run progress: 25.93% complete, ETA 00:14:09
# Fork: 2 of 3
WARNING: A terminally deprecated method in sun.misc.Unsafe has been called
WARNING: sun.misc.Unsafe::objectFieldOffset has been called by org.openjdk.jmh.util.Utils (file:/home/test/Workspaces/JavaWorkspace/JavaStream_KeySkew/.deps/jmh-core-1.37.jar)
WARNING: Please consider reporting this to the maintainers of class org.openjdk.jmh.util.Utils
WARNING: sun.misc.Unsafe::objectFieldOffset will be removed in a future release
# Warmup Iteration   1: Input: n=10000, keys=256, observedHotFraction=0.004000, poolParallelism=3, availableProcessors=4
0.290 ms/op
# Warmup Iteration   2: 0.257 ms/op
# Warmup Iteration   3: 0.248 ms/op
# Warmup Iteration   4: 0.248 ms/op
# Warmup Iteration   5: 0.248 ms/op
Iteration   1: 0.249 ms/op
                 gc.alloc.rate:      738.773 MB/sec
                 gc.alloc.rate.norm: 192861.508 B/op
                 gc.count:           2.000 counts
                 gc.time:            4.000 ms

Iteration   2: 0.248 ms/op
                 gc.alloc.rate:      742.951 MB/sec
                 gc.alloc.rate.norm: 192913.623 B/op
                 gc.count:           3.000 counts
                 gc.time:            5.000 ms

Iteration   3: 0.247 ms/op
                 gc.alloc.rate:      744.722 MB/sec
                 gc.alloc.rate.norm: 192807.961 B/op
                 gc.count:           2.000 counts
                 gc.time:            2.000 ms

Iteration   4: 0.247 ms/op
                 gc.alloc.rate:      744.943 MB/sec
                 gc.alloc.rate.norm: 192797.094 B/op
                 gc.count:           3.000 counts
                 gc.time:            2.000 ms

Iteration   5: 0.245 ms/op
                 gc.alloc.rate:      751.252 MB/sec
                 gc.alloc.rate.norm: 193076.330 B/op
                 gc.count:           2.000 counts
                 gc.time:            1.000 ms


# Run progress: 26.85% complete, ETA 00:13:58
# Fork: 3 of 3
WARNING: A terminally deprecated method in sun.misc.Unsafe has been called
WARNING: sun.misc.Unsafe::objectFieldOffset has been called by org.openjdk.jmh.util.Utils (file:/home/test/Workspaces/JavaWorkspace/JavaStream_KeySkew/.deps/jmh-core-1.37.jar)
WARNING: Please consider reporting this to the maintainers of class org.openjdk.jmh.util.Utils
WARNING: sun.misc.Unsafe::objectFieldOffset will be removed in a future release
# Warmup Iteration   1: Input: n=10000, keys=256, observedHotFraction=0.004000, poolParallelism=3, availableProcessors=4
0.287 ms/op
# Warmup Iteration   2: 0.257 ms/op
# Warmup Iteration   3: 0.247 ms/op
# Warmup Iteration   4: 0.246 ms/op
# Warmup Iteration   5: 0.247 ms/op
Iteration   1: 0.247 ms/op
                 gc.alloc.rate:      744.807 MB/sec
                 gc.alloc.rate.norm: 192985.975 B/op
                 gc.count:           2.000 counts
                 gc.time:            4.000 ms

Iteration   2: 0.245 ms/op
                 gc.alloc.rate:      749.935 MB/sec
                 gc.alloc.rate.norm: 193052.398 B/op
                 gc.count:           3.000 counts
                 gc.time:            4.000 ms

Iteration   3: 0.246 ms/op
                 gc.alloc.rate:      746.887 MB/sec
                 gc.alloc.rate.norm: 193004.581 B/op
                 gc.count:           2.000 counts
                 gc.time:            1.000 ms

Iteration   4: 0.245 ms/op
                 gc.alloc.rate:      749.990 MB/sec
                 gc.alloc.rate.norm: 192946.491 B/op
                 gc.count:           3.000 counts
                 gc.time:            3.000 ms

Iteration   5: 0.245 ms/op
                 gc.alloc.rate:      751.054 MB/sec
                 gc.alloc.rate.norm: 193039.281 B/op
                 gc.count:           2.000 counts
                 gc.time:            1.000 ms



Result "research.skew.AggregationBenchmark.parallelConcurrentAdder":
  0.247 ±(99.9%) 0.002 ms/op [Average]
  (min, avg, max) = (0.245, 0.247, 0.250), stdev = 0.002
  CI (99.9%): [0.245, 0.249] (assumes normal distribution)

Secondary result "research.skew.AggregationBenchmark.parallelConcurrentAdder:gc.alloc.rate":
  743.978 ±(99.9%) 5.542 MB/sec [Average]
  (min, avg, max) = (734.376, 743.978, 751.252), stdev = 5.184
  CI (99.9%): [738.436, 749.520] (assumes normal distribution)

Secondary result "research.skew.AggregationBenchmark.parallelConcurrentAdder:gc.alloc.rate.norm":
  192919.498 ±(99.9%) 104.656 B/op [Average]
  (min, avg, max) = (192791.620, 192919.498, 193076.330), stdev = 97.895
  CI (99.9%): [192814.841, 193024.154] (assumes normal distribution)

Secondary result "research.skew.AggregationBenchmark.parallelConcurrentAdder:gc.count":
  36.000 ±(99.9%) 0.001 counts [Sum]
  (min, avg, max) = (2.000, 2.400, 3.000), stdev = 0.507
  CI (99.9%): [36.000, 36.000] (assumes normal distribution)

Secondary result "research.skew.AggregationBenchmark.parallelConcurrentAdder:gc.time":
  42.000 ±(99.9%) 0.001 ms [Sum]
  (min, avg, max) = (1.000, 2.800, 5.000), stdev = 1.474
  CI (99.9%): [42.000, 42.000] (assumes normal distribution)


# JMH version: 1.37
# VM version: JDK 25.0.4.1, OpenJDK 64-Bit Server VM, 25.0.4.1+1-LTS
# VM invoker: /home/test/jdk/jdk-25.0.4.1+1/bin/java
# VM options: -Xms512m -Xmx512m -Djava.util.concurrent.ForkJoinPool.common.parallelism=3
# Blackhole mode: compiler (auto-detected, use -Djmh.blackhole.autoDetect=false to disable)
# Warmup: 5 iterations, 1 s each
# Measurement: 5 iterations, 1 s each
# Timeout: 10 min per iteration
# Threads: 1 thread, will synchronize iterations
# Benchmark mode: Average time, time/op
# Benchmark: research.skew.AggregationBenchmark.parallelConcurrentAdder
# Parameters: (cardinality = 256, distribution = uniform, seed = 20260929, size = 100000)

# Run progress: 27.78% complete, ETA 00:13:47
# Fork: 1 of 3
WARNING: A terminally deprecated method in sun.misc.Unsafe has been called
WARNING: sun.misc.Unsafe::objectFieldOffset has been called by org.openjdk.jmh.util.Utils (file:/home/test/Workspaces/JavaWorkspace/JavaStream_KeySkew/.deps/jmh-core-1.37.jar)
WARNING: Please consider reporting this to the maintainers of class org.openjdk.jmh.util.Utils
WARNING: sun.misc.Unsafe::objectFieldOffset will be removed in a future release
# Warmup Iteration   1: Input: n=100000, keys=256, observedHotFraction=0.003910, poolParallelism=3, availableProcessors=4
2.150 ms/op
# Warmup Iteration   2: 2.037 ms/op
# Warmup Iteration   3: 2.229 ms/op
# Warmup Iteration   4: 2.229 ms/op
# Warmup Iteration   5: 2.312 ms/op
Iteration   1: 2.294 ms/op
                 gc.alloc.rate:      705.274 MB/sec
                 gc.alloc.rate.norm: 1697342.991 B/op
                 gc.count:           3.000 counts
                 gc.time:            9.000 ms

Iteration   2: 2.265 ms/op
                 gc.alloc.rate:      714.461 MB/sec
                 gc.alloc.rate.norm: 1697790.896 B/op
                 gc.count:           2.000 counts
                 gc.time:            1.000 ms

Iteration   3: 2.312 ms/op
                 gc.alloc.rate:      699.120 MB/sec
                 gc.alloc.rate.norm: 1695166.688 B/op
                 gc.count:           2.000 counts
                 gc.time:            2.000 ms

Iteration   4: 2.280 ms/op
                 gc.alloc.rate:      709.802 MB/sec
                 gc.alloc.rate.norm: 1697068.855 B/op
                 gc.count:           3.000 counts
                 gc.time:            2.000 ms

Iteration   5: 2.281 ms/op
                 gc.alloc.rate:      709.560 MB/sec
                 gc.alloc.rate.norm: 1697306.715 B/op
                 gc.count:           2.000 counts
                 gc.time:            1.000 ms


# Run progress: 28.70% complete, ETA 00:13:36
# Fork: 2 of 3
WARNING: A terminally deprecated method in sun.misc.Unsafe has been called
WARNING: sun.misc.Unsafe::objectFieldOffset has been called by org.openjdk.jmh.util.Utils (file:/home/test/Workspaces/JavaWorkspace/JavaStream_KeySkew/.deps/jmh-core-1.37.jar)
WARNING: Please consider reporting this to the maintainers of class org.openjdk.jmh.util.Utils
WARNING: sun.misc.Unsafe::objectFieldOffset will be removed in a future release
# Warmup Iteration   1: Input: n=100000, keys=256, observedHotFraction=0.003910, poolParallelism=3, availableProcessors=4
2.104 ms/op
# Warmup Iteration   2: 2.096 ms/op
# Warmup Iteration   3: 2.203 ms/op
# Warmup Iteration   4: 2.245 ms/op
# Warmup Iteration   5: 2.256 ms/op
Iteration   1: 2.295 ms/op
                 gc.alloc.rate:      703.793 MB/sec
                 gc.alloc.rate.norm: 1693963.725 B/op
                 gc.count:           3.000 counts
                 gc.time:            8.000 ms

Iteration   2: 2.286 ms/op
                 gc.alloc.rate:      705.864 MB/sec
                 gc.alloc.rate.norm: 1692238.922 B/op
                 gc.count:           2.000 counts
                 gc.time:            2.000 ms

Iteration   3: 2.284 ms/op
                 gc.alloc.rate:      706.960 MB/sec
                 gc.alloc.rate.norm: 1693757.991 B/op
                 gc.count:           2.000 counts
                 gc.time:            1.000 ms

Iteration   4: 2.305 ms/op
                 gc.alloc.rate:      699.521 MB/sec
                 gc.alloc.rate.norm: 1691513.637 B/op
                 gc.count:           3.000 counts
                 gc.time:            2.000 ms

Iteration   5: 2.290 ms/op
                 gc.alloc.rate:      704.335 MB/sec
                 gc.alloc.rate.norm: 1691552.220 B/op
                 gc.count:           2.000 counts
                 gc.time:            2.000 ms


# Run progress: 29.63% complete, ETA 00:13:25
# Fork: 3 of 3
WARNING: A terminally deprecated method in sun.misc.Unsafe has been called
WARNING: sun.misc.Unsafe::objectFieldOffset has been called by org.openjdk.jmh.util.Utils (file:/home/test/Workspaces/JavaWorkspace/JavaStream_KeySkew/.deps/jmh-core-1.37.jar)
WARNING: Please consider reporting this to the maintainers of class org.openjdk.jmh.util.Utils
WARNING: sun.misc.Unsafe::objectFieldOffset will be removed in a future release
# Warmup Iteration   1: Input: n=100000, keys=256, observedHotFraction=0.003910, poolParallelism=3, availableProcessors=4
2.218 ms/op
# Warmup Iteration   2: 1.970 ms/op
# Warmup Iteration   3: 2.076 ms/op
# Warmup Iteration   4: 2.111 ms/op
# Warmup Iteration   5: 2.144 ms/op
Iteration   1: 2.149 ms/op
                 gc.alloc.rate:      751.671 MB/sec
                 gc.alloc.rate.norm: 1694232.891 B/op
                 gc.count:           2.000 counts
                 gc.time:            5.000 ms

Iteration   2: 2.139 ms/op
                 gc.alloc.rate:      755.067 MB/sec
                 gc.alloc.rate.norm: 1694057.932 B/op
                 gc.count:           3.000 counts
                 gc.time:            3.000 ms

Iteration   3: 2.112 ms/op
                 gc.alloc.rate:      766.186 MB/sec
                 gc.alloc.rate.norm: 1697510.987 B/op
                 gc.count:           2.000 counts
                 gc.time:            1.000 ms

Iteration   4: 2.132 ms/op
                 gc.alloc.rate:      757.433 MB/sec
                 gc.alloc.rate.norm: 1694045.554 B/op
                 gc.count:           3.000 counts
                 gc.time:            2.000 ms

Iteration   5: 2.144 ms/op
                 gc.alloc.rate:      753.384 MB/sec
                 gc.alloc.rate.norm: 1694143.058 B/op
                 gc.count:           2.000 counts
                 gc.time:            2.000 ms



Result "research.skew.AggregationBenchmark.parallelConcurrentAdder":
  2.238 ±(99.9%) 0.081 ms/op [Average]
  (min, avg, max) = (2.112, 2.238, 2.312), stdev = 0.076
  CI (99.9%): [2.156, 2.319] (assumes normal distribution)

Secondary result "research.skew.AggregationBenchmark.parallelConcurrentAdder:gc.alloc.rate":
  722.829 ±(99.9%) 27.038 MB/sec [Average]
  (min, avg, max) = (699.120, 722.829, 766.186), stdev = 25.292
  CI (99.9%): [695.791, 749.867] (assumes normal distribution)

Secondary result "research.skew.AggregationBenchmark.parallelConcurrentAdder:gc.alloc.rate.norm":
  1694779.537 ±(99.9%) 2319.196 B/op [Average]
  (min, avg, max) = (1691513.637, 1694779.537, 1697790.896), stdev = 2169.377
  CI (99.9%): [1692460.341, 1697098.733] (assumes normal distribution)

Secondary result "research.skew.AggregationBenchmark.parallelConcurrentAdder:gc.count":
  36.000 ±(99.9%) 0.001 counts [Sum]
  (min, avg, max) = (2.000, 2.400, 3.000), stdev = 0.507
  CI (99.9%): [36.000, 36.000] (assumes normal distribution)

Secondary result "research.skew.AggregationBenchmark.parallelConcurrentAdder:gc.time":
  43.000 ±(99.9%) 0.001 ms [Sum]
  (min, avg, max) = (1.000, 2.867, 9.000), stdev = 2.503
  CI (99.9%): [43.000, 43.000] (assumes normal distribution)


# JMH version: 1.37
# VM version: JDK 25.0.4.1, OpenJDK 64-Bit Server VM, 25.0.4.1+1-LTS
# VM invoker: /home/test/jdk/jdk-25.0.4.1+1/bin/java
# VM options: -Xms512m -Xmx512m -Djava.util.concurrent.ForkJoinPool.common.parallelism=3
# Blackhole mode: compiler (auto-detected, use -Djmh.blackhole.autoDetect=false to disable)
# Warmup: 5 iterations, 1 s each
# Measurement: 5 iterations, 1 s each
# Timeout: 10 min per iteration
# Threads: 1 thread, will synchronize iterations
# Benchmark mode: Average time, time/op
# Benchmark: research.skew.AggregationBenchmark.parallelConcurrentAdder
# Parameters: (cardinality = 256, distribution = uniform, seed = 20260929, size = 1000000)

# Run progress: 30.56% complete, ETA 00:13:14
# Fork: 1 of 3
WARNING: A terminally deprecated method in sun.misc.Unsafe has been called
WARNING: sun.misc.Unsafe::objectFieldOffset has been called by org.openjdk.jmh.util.Utils (file:/home/test/Workspaces/JavaWorkspace/JavaStream_KeySkew/.deps/jmh-core-1.37.jar)
WARNING: Please consider reporting this to the maintainers of class org.openjdk.jmh.util.Utils
WARNING: sun.misc.Unsafe::objectFieldOffset will be removed in a future release
# Warmup Iteration   1: Input: n=1000000, keys=256, observedHotFraction=0.003907, poolParallelism=3, availableProcessors=4
18.003 ms/op
# Warmup Iteration   2: 16.601 ms/op
# Warmup Iteration   3: 16.054 ms/op
# Warmup Iteration   4: 16.295 ms/op
# Warmup Iteration   5: 15.370 ms/op
Iteration   1: 15.741 ms/op
                 gc.alloc.rate:      980.287 MB/sec
                 gc.alloc.rate.norm: 16184701.375 B/op
                 gc.count:           3.000 counts
                 gc.time:            3.000 ms

Iteration   2: 15.412 ms/op
                 gc.alloc.rate:      1001.072 MB/sec
                 gc.alloc.rate.norm: 16185605.046 B/op
                 gc.count:           3.000 counts
                 gc.time:            2.000 ms

Iteration   3: 16.557 ms/op
                 gc.alloc.rate:      931.874 MB/sec
                 gc.alloc.rate.norm: 16183059.803 B/op
                 gc.count:           4.000 counts
                 gc.time:            4.000 ms

Iteration   4: 15.545 ms/op
                 gc.alloc.rate:      992.728 MB/sec
                 gc.alloc.rate.norm: 16185159.877 B/op
                 gc.count:           3.000 counts
                 gc.time:            2.000 ms

Iteration   5: 15.969 ms/op
                 gc.alloc.rate:      966.267 MB/sec
                 gc.alloc.rate.norm: 16184285.333 B/op
                 gc.count:           3.000 counts
                 gc.time:            3.000 ms


# Run progress: 31.48% complete, ETA 00:13:04
# Fork: 2 of 3
WARNING: A terminally deprecated method in sun.misc.Unsafe has been called
WARNING: sun.misc.Unsafe::objectFieldOffset has been called by org.openjdk.jmh.util.Utils (file:/home/test/Workspaces/JavaWorkspace/JavaStream_KeySkew/.deps/jmh-core-1.37.jar)
WARNING: Please consider reporting this to the maintainers of class org.openjdk.jmh.util.Utils
WARNING: sun.misc.Unsafe::objectFieldOffset will be removed in a future release
# Warmup Iteration   1: Input: n=1000000, keys=256, observedHotFraction=0.003907, poolParallelism=3, availableProcessors=4
15.043 ms/op
# Warmup Iteration   2: 13.967 ms/op
# Warmup Iteration   3: 14.304 ms/op
# Warmup Iteration   4: 14.162 ms/op
# Warmup Iteration   5: 13.606 ms/op
Iteration   1: 13.259 ms/op
                 gc.alloc.rate:      1163.788 MB/sec
                 gc.alloc.rate.norm: 16184428.632 B/op
                 gc.count:           4.000 counts
                 gc.time:            4.000 ms

Iteration   2: 14.865 ms/op
                 gc.alloc.rate:      1037.736 MB/sec
                 gc.alloc.rate.norm: 16180141.294 B/op
                 gc.count:           3.000 counts
                 gc.time:            2.000 ms

Iteration   3: 15.282 ms/op
                 gc.alloc.rate:      1009.406 MB/sec
                 gc.alloc.rate.norm: 16178851.030 B/op
                 gc.count:           4.000 counts
                 gc.time:            3.000 ms

Iteration   4: 13.317 ms/op
                 gc.alloc.rate:      1158.719 MB/sec
                 gc.alloc.rate.norm: 16184181.158 B/op
                 gc.count:           4.000 counts
                 gc.time:            3.000 ms

Iteration   5: 13.480 ms/op
                 gc.alloc.rate:      1144.699 MB/sec
                 gc.alloc.rate.norm: 16184420.373 B/op
                 gc.count:           3.000 counts
                 gc.time:            2.000 ms


# Run progress: 32.41% complete, ETA 00:12:53
# Fork: 3 of 3
WARNING: A terminally deprecated method in sun.misc.Unsafe has been called
WARNING: sun.misc.Unsafe::objectFieldOffset has been called by org.openjdk.jmh.util.Utils (file:/home/test/Workspaces/JavaWorkspace/JavaStream_KeySkew/.deps/jmh-core-1.37.jar)
WARNING: Please consider reporting this to the maintainers of class org.openjdk.jmh.util.Utils
WARNING: sun.misc.Unsafe::objectFieldOffset will be removed in a future release
# Warmup Iteration   1: Input: n=1000000, keys=256, observedHotFraction=0.003907, poolParallelism=3, availableProcessors=4
16.292 ms/op
# Warmup Iteration   2: 16.177 ms/op
# Warmup Iteration   3: 15.086 ms/op
# Warmup Iteration   4: 15.441 ms/op
# Warmup Iteration   5: 15.694 ms/op
Iteration   1: 15.430 ms/op
                 gc.alloc.rate:      1000.102 MB/sec
                 gc.alloc.rate.norm: 16184853.046 B/op
                 gc.count:           3.000 counts
                 gc.time:            3.000 ms

Iteration   2: 15.218 ms/op
                 gc.alloc.rate:      1013.864 MB/sec
                 gc.alloc.rate.norm: 16185249.333 B/op
                 gc.count:           3.000 counts
                 gc.time:            3.000 ms

Iteration   3: 15.000 ms/op
                 gc.alloc.rate:      1028.746 MB/sec
                 gc.alloc.rate.norm: 16185421.134 B/op
                 gc.count:           4.000 counts
                 gc.time:            4.000 ms

Iteration   4: 16.170 ms/op
                 gc.alloc.rate:      954.185 MB/sec
                 gc.alloc.rate.norm: 16183557.587 B/op
                 gc.count:           3.000 counts
                 gc.time:            3.000 ms

Iteration   5: 15.131 ms/op
                 gc.alloc.rate:      1019.799 MB/sec
                 gc.alloc.rate.norm: 16185377.433 B/op
                 gc.count:           3.000 counts
                 gc.time:            3.000 ms



Result "research.skew.AggregationBenchmark.parallelConcurrentAdder":
  15.092 ±(99.9%) 1.075 ms/op [Average]
  (min, avg, max) = (13.259, 15.092, 16.557), stdev = 1.005
  CI (99.9%): [14.017, 16.166] (assumes normal distribution)

Secondary result "research.skew.AggregationBenchmark.parallelConcurrentAdder:gc.alloc.rate":
  1026.885 ±(99.9%) 77.386 MB/sec [Average]
  (min, avg, max) = (931.874, 1026.885, 1163.788), stdev = 72.387
  CI (99.9%): [949.499, 1104.271] (assumes normal distribution)

Secondary result "research.skew.AggregationBenchmark.parallelConcurrentAdder:gc.alloc.rate.norm":
  16183952.830 ±(99.9%) 2090.658 B/op [Average]
  (min, avg, max) = (16178851.030, 16183952.830, 16185605.046), stdev = 1955.603
  CI (99.9%): [16181862.172, 16186043.489] (assumes normal distribution)

Secondary result "research.skew.AggregationBenchmark.parallelConcurrentAdder:gc.count":
  50.000 ±(99.9%) 0.001 counts [Sum]
  (min, avg, max) = (3.000, 3.333, 4.000), stdev = 0.488
  CI (99.9%): [50.000, 50.000] (assumes normal distribution)

Secondary result "research.skew.AggregationBenchmark.parallelConcurrentAdder:gc.time":
  44.000 ±(99.9%) 0.001 ms [Sum]
  (min, avg, max) = (2.000, 2.933, 4.000), stdev = 0.704
  CI (99.9%): [44.000, 44.000] (assumes normal distribution)


# JMH version: 1.37
# VM version: JDK 25.0.4.1, OpenJDK 64-Bit Server VM, 25.0.4.1+1-LTS
# VM invoker: /home/test/jdk/jdk-25.0.4.1+1/bin/java
# VM options: -Xms512m -Xmx512m -Djava.util.concurrent.ForkJoinPool.common.parallelism=3
# Blackhole mode: compiler (auto-detected, use -Djmh.blackhole.autoDetect=false to disable)
# Warmup: 5 iterations, 1 s each
# Measurement: 5 iterations, 1 s each
# Timeout: 10 min per iteration
# Threads: 1 thread, will synchronize iterations
# Benchmark mode: Average time, time/op
# Benchmark: research.skew.AggregationBenchmark.parallelConcurrentAdder
# Parameters: (cardinality = 256, distribution = hot50, seed = 20260929, size = 10000)

# Run progress: 33.33% complete, ETA 00:12:43
# Fork: 1 of 3
WARNING: A terminally deprecated method in sun.misc.Unsafe has been called
WARNING: sun.misc.Unsafe::objectFieldOffset has been called by org.openjdk.jmh.util.Utils (file:/home/test/Workspaces/JavaWorkspace/JavaStream_KeySkew/.deps/jmh-core-1.37.jar)
WARNING: Please consider reporting this to the maintainers of class org.openjdk.jmh.util.Utils
WARNING: sun.misc.Unsafe::objectFieldOffset will be removed in a future release
# Warmup Iteration   1: Input: n=10000, keys=256, observedHotFraction=0.500000, poolParallelism=3, availableProcessors=4
0.237 ms/op
# Warmup Iteration   2: 0.200 ms/op
# Warmup Iteration   3: 0.193 ms/op
# Warmup Iteration   4: 0.192 ms/op
# Warmup Iteration   5: 0.192 ms/op
Iteration   1: 0.191 ms/op
                 gc.alloc.rate:      939.496 MB/sec
                 gc.alloc.rate.norm: 188153.434 B/op
                 gc.count:           3.000 counts
                 gc.time:            2.000 ms

Iteration   2: 0.191 ms/op
                 gc.alloc.rate:      940.474 MB/sec
                 gc.alloc.rate.norm: 188177.182 B/op
                 gc.count:           3.000 counts
                 gc.time:            2.000 ms

Iteration   3: 0.190 ms/op
                 gc.alloc.rate:      944.712 MB/sec
                 gc.alloc.rate.norm: 188173.010 B/op
                 gc.count:           3.000 counts
                 gc.time:            3.000 ms

Iteration   4: 0.190 ms/op
                 gc.alloc.rate:      942.891 MB/sec
                 gc.alloc.rate.norm: 188133.612 B/op
                 gc.count:           3.000 counts
                 gc.time:            2.000 ms

Iteration   5: 0.191 ms/op
                 gc.alloc.rate:      940.201 MB/sec
                 gc.alloc.rate.norm: 188153.007 B/op
                 gc.count:           3.000 counts
                 gc.time:            2.000 ms


# Run progress: 34.26% complete, ETA 00:12:32
# Fork: 2 of 3
WARNING: A terminally deprecated method in sun.misc.Unsafe has been called
WARNING: sun.misc.Unsafe::objectFieldOffset has been called by org.openjdk.jmh.util.Utils (file:/home/test/Workspaces/JavaWorkspace/JavaStream_KeySkew/.deps/jmh-core-1.37.jar)
WARNING: Please consider reporting this to the maintainers of class org.openjdk.jmh.util.Utils
WARNING: sun.misc.Unsafe::objectFieldOffset will be removed in a future release
# Warmup Iteration   1: Input: n=10000, keys=256, observedHotFraction=0.500000, poolParallelism=3, availableProcessors=4
0.234 ms/op
# Warmup Iteration   2: 0.204 ms/op
# Warmup Iteration   3: 0.196 ms/op
# Warmup Iteration   4: 0.196 ms/op
# Warmup Iteration   5: 0.197 ms/op
Iteration   1: 0.195 ms/op
                 gc.alloc.rate:      917.541 MB/sec
                 gc.alloc.rate.norm: 188128.267 B/op
                 gc.count:           3.000 counts
                 gc.time:            4.000 ms

Iteration   2: 0.199 ms/op
                 gc.alloc.rate:      898.689 MB/sec
                 gc.alloc.rate.norm: 188022.797 B/op
                 gc.count:           3.000 counts
                 gc.time:            3.000 ms

Iteration   3: 0.195 ms/op
                 gc.alloc.rate:      921.731 MB/sec
                 gc.alloc.rate.norm: 188103.178 B/op
                 gc.count:           3.000 counts
                 gc.time:            2.000 ms

Iteration   4: 0.195 ms/op
                 gc.alloc.rate:      919.889 MB/sec
                 gc.alloc.rate.norm: 188108.448 B/op
                 gc.count:           3.000 counts
                 gc.time:            2.000 ms

Iteration   5: 0.194 ms/op
                 gc.alloc.rate:      924.295 MB/sec
                 gc.alloc.rate.norm: 188096.327 B/op
                 gc.count:           3.000 counts
                 gc.time:            2.000 ms


# Run progress: 35.19% complete, ETA 00:12:21
# Fork: 3 of 3
WARNING: A terminally deprecated method in sun.misc.Unsafe has been called
WARNING: sun.misc.Unsafe::objectFieldOffset has been called by org.openjdk.jmh.util.Utils (file:/home/test/Workspaces/JavaWorkspace/JavaStream_KeySkew/.deps/jmh-core-1.37.jar)
WARNING: Please consider reporting this to the maintainers of class org.openjdk.jmh.util.Utils
WARNING: sun.misc.Unsafe::objectFieldOffset will be removed in a future release
# Warmup Iteration   1: Input: n=10000, keys=256, observedHotFraction=0.500000, poolParallelism=3, availableProcessors=4
0.230 ms/op
# Warmup Iteration   2: 0.197 ms/op
# Warmup Iteration   3: 0.191 ms/op
# Warmup Iteration   4: 0.191 ms/op
# Warmup Iteration   5: 0.191 ms/op
Iteration   1: 0.190 ms/op
                 gc.alloc.rate:      942.324 MB/sec
                 gc.alloc.rate.norm: 188209.528 B/op
                 gc.count:           3.000 counts
                 gc.time:            3.000 ms

Iteration   2: 0.190 ms/op
                 gc.alloc.rate:      946.549 MB/sec
                 gc.alloc.rate.norm: 188237.386 B/op
                 gc.count:           3.000 counts
                 gc.time:            3.000 ms

Iteration   3: 0.190 ms/op
                 gc.alloc.rate:      947.121 MB/sec
                 gc.alloc.rate.norm: 188262.008 B/op
                 gc.count:           3.000 counts
                 gc.time:            2.000 ms

Iteration   4: 0.189 ms/op
                 gc.alloc.rate:      948.517 MB/sec
                 gc.alloc.rate.norm: 188220.652 B/op
                 gc.count:           3.000 counts
                 gc.time:            3.000 ms

Iteration   5: 0.190 ms/op
                 gc.alloc.rate:      944.397 MB/sec
                 gc.alloc.rate.norm: 188202.366 B/op
                 gc.count:           3.000 counts
                 gc.time:            2.000 ms



Result "research.skew.AggregationBenchmark.parallelConcurrentAdder":
  0.192 ±(99.9%) 0.003 ms/op [Average]
  (min, avg, max) = (0.189, 0.192, 0.199), stdev = 0.003
  CI (99.9%): [0.189, 0.195] (assumes normal distribution)

Secondary result "research.skew.AggregationBenchmark.parallelConcurrentAdder:gc.alloc.rate":
  934.589 ±(99.9%) 15.593 MB/sec [Average]
  (min, avg, max) = (898.689, 934.589, 948.517), stdev = 14.586
  CI (99.9%): [918.995, 950.182] (assumes normal distribution)

Secondary result "research.skew.AggregationBenchmark.parallelConcurrentAdder:gc.alloc.rate.norm":
  188158.747 ±(99.9%) 67.203 B/op [Average]
  (min, avg, max) = (188022.797, 188158.747, 188262.008), stdev = 62.862
  CI (99.9%): [188091.544, 188225.950] (assumes normal distribution)

Secondary result "research.skew.AggregationBenchmark.parallelConcurrentAdder:gc.count":
  45.000 ±(99.9%) 0.001 counts [Sum]
  (min, avg, max) = (3.000, 3.000, 3.000), stdev = 0.001
  CI (99.9%): [45.000, 45.000] (assumes normal distribution)

Secondary result "research.skew.AggregationBenchmark.parallelConcurrentAdder:gc.time":
  37.000 ±(99.9%) 0.001 ms [Sum]
  (min, avg, max) = (2.000, 2.467, 4.000), stdev = 0.640
  CI (99.9%): [37.000, 37.000] (assumes normal distribution)


# JMH version: 1.37
# VM version: JDK 25.0.4.1, OpenJDK 64-Bit Server VM, 25.0.4.1+1-LTS
# VM invoker: /home/test/jdk/jdk-25.0.4.1+1/bin/java
# VM options: -Xms512m -Xmx512m -Djava.util.concurrent.ForkJoinPool.common.parallelism=3
# Blackhole mode: compiler (auto-detected, use -Djmh.blackhole.autoDetect=false to disable)
# Warmup: 5 iterations, 1 s each
# Measurement: 5 iterations, 1 s each
# Timeout: 10 min per iteration
# Threads: 1 thread, will synchronize iterations
# Benchmark mode: Average time, time/op
# Benchmark: research.skew.AggregationBenchmark.parallelConcurrentAdder
# Parameters: (cardinality = 256, distribution = hot50, seed = 20260929, size = 100000)

# Run progress: 36.11% complete, ETA 00:12:10
# Fork: 1 of 3
WARNING: A terminally deprecated method in sun.misc.Unsafe has been called
WARNING: sun.misc.Unsafe::objectFieldOffset has been called by org.openjdk.jmh.util.Utils (file:/home/test/Workspaces/JavaWorkspace/JavaStream_KeySkew/.deps/jmh-core-1.37.jar)
WARNING: Please consider reporting this to the maintainers of class org.openjdk.jmh.util.Utils
WARNING: sun.misc.Unsafe::objectFieldOffset will be removed in a future release
# Warmup Iteration   1: Input: n=100000, keys=256, observedHotFraction=0.500000, poolParallelism=3, availableProcessors=4
1.771 ms/op
# Warmup Iteration   2: 1.703 ms/op
# Warmup Iteration   3: 1.747 ms/op
# Warmup Iteration   4: 1.738 ms/op
# Warmup Iteration   5: 1.725 ms/op
Iteration   1: 1.716 ms/op
                 gc.alloc.rate:      922.225 MB/sec
                 gc.alloc.rate.norm: 1659868.151 B/op
                 gc.count:           3.000 counts
                 gc.time:            2.000 ms

Iteration   2: 1.723 ms/op
                 gc.alloc.rate:      918.057 MB/sec
                 gc.alloc.rate.norm: 1659374.417 B/op
                 gc.count:           3.000 counts
                 gc.time:            3.000 ms

Iteration   3: 1.717 ms/op
                 gc.alloc.rate:      921.473 MB/sec
                 gc.alloc.rate.norm: 1659053.918 B/op
                 gc.count:           3.000 counts
                 gc.time:            2.000 ms

Iteration   4: 1.719 ms/op
                 gc.alloc.rate:      920.075 MB/sec
                 gc.alloc.rate.norm: 1659280.851 B/op
                 gc.count:           3.000 counts
                 gc.time:            2.000 ms

Iteration   5: 1.715 ms/op
                 gc.alloc.rate:      922.234 MB/sec
                 gc.alloc.rate.norm: 1659200.616 B/op
                 gc.count:           3.000 counts
                 gc.time:            2.000 ms


# Run progress: 37.04% complete, ETA 00:11:59
# Fork: 2 of 3
WARNING: A terminally deprecated method in sun.misc.Unsafe has been called
WARNING: sun.misc.Unsafe::objectFieldOffset has been called by org.openjdk.jmh.util.Utils (file:/home/test/Workspaces/JavaWorkspace/JavaStream_KeySkew/.deps/jmh-core-1.37.jar)
WARNING: Please consider reporting this to the maintainers of class org.openjdk.jmh.util.Utils
WARNING: sun.misc.Unsafe::objectFieldOffset will be removed in a future release
# Warmup Iteration   1: Input: n=100000, keys=256, observedHotFraction=0.500000, poolParallelism=3, availableProcessors=4
1.779 ms/op
# Warmup Iteration   2: 1.729 ms/op
# Warmup Iteration   3: 1.722 ms/op
# Warmup Iteration   4: 1.717 ms/op
# Warmup Iteration   5: 1.701 ms/op
Iteration   1: 1.692 ms/op
                 gc.alloc.rate:      935.057 MB/sec
                 gc.alloc.rate.norm: 1659169.054 B/op
                 gc.count:           3.000 counts
                 gc.time:            3.000 ms

Iteration   2: 1.693 ms/op
                 gc.alloc.rate:      934.434 MB/sec
                 gc.alloc.rate.norm: 1659076.392 B/op
                 gc.count:           3.000 counts
                 gc.time:            2.000 ms

Iteration   3: 1.695 ms/op
                 gc.alloc.rate:      933.057 MB/sec
                 gc.alloc.rate.norm: 1658916.529 B/op
                 gc.count:           3.000 counts
                 gc.time:            2.000 ms

Iteration   4: 1.697 ms/op
                 gc.alloc.rate:      932.439 MB/sec
                 gc.alloc.rate.norm: 1659925.032 B/op
                 gc.count:           4.000 counts
                 gc.time:            3.000 ms

Iteration   5: 1.697 ms/op
                 gc.alloc.rate:      932.235 MB/sec
                 gc.alloc.rate.norm: 1659645.288 B/op
                 gc.count:           3.000 counts
                 gc.time:            3.000 ms


# Run progress: 37.96% complete, ETA 00:11:48
# Fork: 3 of 3
WARNING: A terminally deprecated method in sun.misc.Unsafe has been called
WARNING: sun.misc.Unsafe::objectFieldOffset has been called by org.openjdk.jmh.util.Utils (file:/home/test/Workspaces/JavaWorkspace/JavaStream_KeySkew/.deps/jmh-core-1.37.jar)
WARNING: Please consider reporting this to the maintainers of class org.openjdk.jmh.util.Utils
WARNING: sun.misc.Unsafe::objectFieldOffset will be removed in a future release
# Warmup Iteration   1: Input: n=100000, keys=256, observedHotFraction=0.500000, poolParallelism=3, availableProcessors=4
1.746 ms/op
# Warmup Iteration   2: 1.598 ms/op
# Warmup Iteration   3: 1.603 ms/op
# Warmup Iteration   4: 1.607 ms/op
# Warmup Iteration   5: 1.605 ms/op
Iteration   1: 1.587 ms/op
                 gc.alloc.rate:      998.464 MB/sec
                 gc.alloc.rate.norm: 1662012.354 B/op
                 gc.count:           4.000 counts
                 gc.time:            4.000 ms

Iteration   2: 1.598 ms/op
                 gc.alloc.rate:      991.250 MB/sec
                 gc.alloc.rate.norm: 1661715.049 B/op
                 gc.count:           3.000 counts
                 gc.time:            2.000 ms

Iteration   3: 1.587 ms/op
                 gc.alloc.rate:      998.661 MB/sec
                 gc.alloc.rate.norm: 1661993.797 B/op
                 gc.count:           3.000 counts
                 gc.time:            2.000 ms

Iteration   4: 1.591 ms/op
                 gc.alloc.rate:      996.569 MB/sec
                 gc.alloc.rate.norm: 1662804.406 B/op
                 gc.count:           3.000 counts
                 gc.time:            2.000 ms

Iteration   5: 1.591 ms/op
                 gc.alloc.rate:      995.823 MB/sec
                 gc.alloc.rate.norm: 1661545.575 B/op
                 gc.count:           4.000 counts
                 gc.time:            3.000 ms



Result "research.skew.AggregationBenchmark.parallelConcurrentAdder":
  1.668 ±(99.9%) 0.061 ms/op [Average]
  (min, avg, max) = (1.587, 1.668, 1.723), stdev = 0.057
  CI (99.9%): [1.606, 1.729] (assumes normal distribution)

Secondary result "research.skew.AggregationBenchmark.parallelConcurrentAdder:gc.alloc.rate":
  950.137 ±(99.9%) 36.517 MB/sec [Average]
  (min, avg, max) = (918.057, 950.137, 998.661), stdev = 34.158
  CI (99.9%): [913.620, 986.654] (assumes normal distribution)

Secondary result "research.skew.AggregationBenchmark.parallelConcurrentAdder:gc.alloc.rate.norm":
  1660238.762 ±(99.9%) 1447.706 B/op [Average]
  (min, avg, max) = (1658916.529, 1660238.762, 1662804.406), stdev = 1354.185
  CI (99.9%): [1658791.056, 1661686.468] (assumes normal distribution)

Secondary result "research.skew.AggregationBenchmark.parallelConcurrentAdder:gc.count":
  48.000 ±(99.9%) 0.001 counts [Sum]
  (min, avg, max) = (3.000, 3.200, 4.000), stdev = 0.414
  CI (99.9%): [48.000, 48.000] (assumes normal distribution)

Secondary result "research.skew.AggregationBenchmark.parallelConcurrentAdder:gc.time":
  37.000 ±(99.9%) 0.001 ms [Sum]
  (min, avg, max) = (2.000, 2.467, 4.000), stdev = 0.640
  CI (99.9%): [37.000, 37.000] (assumes normal distribution)


# JMH version: 1.37
# VM version: JDK 25.0.4.1, OpenJDK 64-Bit Server VM, 25.0.4.1+1-LTS
# VM invoker: /home/test/jdk/jdk-25.0.4.1+1/bin/java
# VM options: -Xms512m -Xmx512m -Djava.util.concurrent.ForkJoinPool.common.parallelism=3
# Blackhole mode: compiler (auto-detected, use -Djmh.blackhole.autoDetect=false to disable)
# Warmup: 5 iterations, 1 s each
# Measurement: 5 iterations, 1 s each
# Timeout: 10 min per iteration
# Threads: 1 thread, will synchronize iterations
# Benchmark mode: Average time, time/op
# Benchmark: research.skew.AggregationBenchmark.parallelConcurrentAdder
# Parameters: (cardinality = 256, distribution = hot50, seed = 20260929, size = 1000000)

# Run progress: 38.89% complete, ETA 00:11:37
# Fork: 1 of 3
WARNING: A terminally deprecated method in sun.misc.Unsafe has been called
WARNING: sun.misc.Unsafe::objectFieldOffset has been called by org.openjdk.jmh.util.Utils (file:/home/test/Workspaces/JavaWorkspace/JavaStream_KeySkew/.deps/jmh-core-1.37.jar)
WARNING: Please consider reporting this to the maintainers of class org.openjdk.jmh.util.Utils
WARNING: sun.misc.Unsafe::objectFieldOffset will be removed in a future release
# Warmup Iteration   1: Input: n=1000000, keys=256, observedHotFraction=0.500000, poolParallelism=3, availableProcessors=4
14.384 ms/op
# Warmup Iteration   2: 12.567 ms/op
# Warmup Iteration   3: 13.551 ms/op
# Warmup Iteration   4: 12.881 ms/op
# Warmup Iteration   5: 13.822 ms/op
Iteration   1: 13.913 ms/op
                 gc.alloc.rate:      1107.349 MB/sec
                 gc.alloc.rate.norm: 16158264.110 B/op
                 gc.count:           4.000 counts
                 gc.time:            4.000 ms

Iteration   2: 13.787 ms/op
                 gc.alloc.rate:      1117.490 MB/sec
                 gc.alloc.rate.norm: 16160571.836 B/op
                 gc.count:           4.000 counts
                 gc.time:            4.000 ms

Iteration   3: 13.799 ms/op
                 gc.alloc.rate:      1116.506 MB/sec
                 gc.alloc.rate.norm: 16159262.904 B/op
                 gc.count:           3.000 counts
                 gc.time:            2.000 ms

Iteration   4: 14.100 ms/op
                 gc.alloc.rate:      1092.495 MB/sec
                 gc.alloc.rate.norm: 16156164.667 B/op
                 gc.count:           4.000 counts
                 gc.time:            3.000 ms

Iteration   5: 13.689 ms/op
                 gc.alloc.rate:      1125.543 MB/sec
                 gc.alloc.rate.norm: 16161088.757 B/op
                 gc.count:           4.000 counts
                 gc.time:            4.000 ms


# Run progress: 39.81% complete, ETA 00:11:27
# Fork: 2 of 3
WARNING: A terminally deprecated method in sun.misc.Unsafe has been called
WARNING: sun.misc.Unsafe::objectFieldOffset has been called by org.openjdk.jmh.util.Utils (file:/home/test/Workspaces/JavaWorkspace/JavaStream_KeySkew/.deps/jmh-core-1.37.jar)
WARNING: Please consider reporting this to the maintainers of class org.openjdk.jmh.util.Utils
WARNING: sun.misc.Unsafe::objectFieldOffset will be removed in a future release
# Warmup Iteration   1: Input: n=1000000, keys=256, observedHotFraction=0.500000, poolParallelism=3, availableProcessors=4
15.790 ms/op
# Warmup Iteration   2: 14.871 ms/op
# Warmup Iteration   3: 14.972 ms/op
# Warmup Iteration   4: 15.198 ms/op
# Warmup Iteration   5: 14.798 ms/op
Iteration   1: 15.168 ms/op
                 gc.alloc.rate:      1016.075 MB/sec
                 gc.alloc.rate.norm: 16164749.091 B/op
                 gc.count:           3.000 counts
                 gc.time:            2.000 ms

Iteration   2: 15.403 ms/op
                 gc.alloc.rate:      1000.231 MB/sec
                 gc.alloc.rate.norm: 16161012.062 B/op
                 gc.count:           4.000 counts
                 gc.time:            5.000 ms

Iteration   3: 14.205 ms/op
                 gc.alloc.rate:      1085.700 MB/sec
                 gc.alloc.rate.norm: 16174490.028 B/op
                 gc.count:           3.000 counts
                 gc.time:            2.000 ms

Iteration   4: 15.223 ms/op
                 gc.alloc.rate:      1012.213 MB/sec
                 gc.alloc.rate.norm: 16161733.939 B/op
                 gc.count:           4.000 counts
                 gc.time:            4.000 ms

Iteration   5: 15.155 ms/op
                 gc.alloc.rate:      1016.494 MB/sec
                 gc.alloc.rate.norm: 16163520.970 B/op
                 gc.count:           3.000 counts
                 gc.time:            3.000 ms


# Run progress: 40.74% complete, ETA 00:11:17
# Fork: 3 of 3
WARNING: A terminally deprecated method in sun.misc.Unsafe has been called
WARNING: sun.misc.Unsafe::objectFieldOffset has been called by org.openjdk.jmh.util.Utils (file:/home/test/Workspaces/JavaWorkspace/JavaStream_KeySkew/.deps/jmh-core-1.37.jar)
WARNING: Please consider reporting this to the maintainers of class org.openjdk.jmh.util.Utils
WARNING: sun.misc.Unsafe::objectFieldOffset will be removed in a future release
# Warmup Iteration   1: Input: n=1000000, keys=256, observedHotFraction=0.500000, poolParallelism=3, availableProcessors=4
13.850 ms/op
# Warmup Iteration   2: 13.455 ms/op
# Warmup Iteration   3: 12.685 ms/op
# Warmup Iteration   4: 13.745 ms/op
# Warmup Iteration   5: 13.086 ms/op
Iteration   1: 12.933 ms/op
                 gc.alloc.rate:      1191.859 MB/sec
                 gc.alloc.rate.norm: 16167502.872 B/op
                 gc.count:           4.000 counts
                 gc.time:            3.000 ms

Iteration   2: 13.174 ms/op
                 gc.alloc.rate:      1169.866 MB/sec
                 gc.alloc.rate.norm: 16165122.947 B/op
                 gc.count:           4.000 counts
                 gc.time:            3.000 ms

Iteration   3: 12.652 ms/op
                 gc.alloc.rate:      1218.732 MB/sec
                 gc.alloc.rate.norm: 16170948.200 B/op
                 gc.count:           4.000 counts
                 gc.time:            3.000 ms

Iteration   4: 13.667 ms/op
                 gc.alloc.rate:      1127.216 MB/sec
                 gc.alloc.rate.norm: 16157917.081 B/op
                 gc.count:           4.000 counts
                 gc.time:            4.000 ms

Iteration   5: 14.253 ms/op
                 gc.alloc.rate:      1080.504 MB/sec
                 gc.alloc.rate.norm: 16152642.817 B/op
                 gc.count:           4.000 counts
                 gc.time:            3.000 ms



Result "research.skew.AggregationBenchmark.parallelConcurrentAdder":
  14.075 ±(99.9%) 0.910 ms/op [Average]
  (min, avg, max) = (12.652, 14.075, 15.403), stdev = 0.851
  CI (99.9%): [13.165, 14.984] (assumes normal distribution)

Secondary result "research.skew.AggregationBenchmark.parallelConcurrentAdder:gc.alloc.rate":
  1098.552 ±(99.9%) 70.988 MB/sec [Average]
  (min, avg, max) = (1000.231, 1098.552, 1218.732), stdev = 66.402
  CI (99.9%): [1027.564, 1169.539] (assumes normal distribution)

Secondary result "research.skew.AggregationBenchmark.parallelConcurrentAdder:gc.alloc.rate.norm":
  16162332.819 ±(99.9%) 6047.240 B/op [Average]
  (min, avg, max) = (16152642.817, 16162332.819, 16174490.028), stdev = 5656.592
  CI (99.9%): [16156285.579, 16168380.058] (assumes normal distribution)

Secondary result "research.skew.AggregationBenchmark.parallelConcurrentAdder:gc.count":
  56.000 ±(99.9%) 0.001 counts [Sum]
  (min, avg, max) = (3.000, 3.733, 4.000), stdev = 0.458
  CI (99.9%): [56.000, 56.000] (assumes normal distribution)

Secondary result "research.skew.AggregationBenchmark.parallelConcurrentAdder:gc.time":
  49.000 ±(99.9%) 0.001 ms [Sum]
  (min, avg, max) = (2.000, 3.267, 5.000), stdev = 0.884
  CI (99.9%): [49.000, 49.000] (assumes normal distribution)


# JMH version: 1.37
# VM version: JDK 25.0.4.1, OpenJDK 64-Bit Server VM, 25.0.4.1+1-LTS
# VM invoker: /home/test/jdk/jdk-25.0.4.1+1/bin/java
# VM options: -Xms512m -Xmx512m -Djava.util.concurrent.ForkJoinPool.common.parallelism=3
# Blackhole mode: compiler (auto-detected, use -Djmh.blackhole.autoDetect=false to disable)
# Warmup: 5 iterations, 1 s each
# Measurement: 5 iterations, 1 s each
# Timeout: 10 min per iteration
# Threads: 1 thread, will synchronize iterations
# Benchmark mode: Average time, time/op
# Benchmark: research.skew.AggregationBenchmark.parallelConcurrentAdder
# Parameters: (cardinality = 256, distribution = hot90, seed = 20260929, size = 10000)

# Run progress: 41.67% complete, ETA 00:11:06
# Fork: 1 of 3
WARNING: A terminally deprecated method in sun.misc.Unsafe has been called
WARNING: sun.misc.Unsafe::objectFieldOffset has been called by org.openjdk.jmh.util.Utils (file:/home/test/Workspaces/JavaWorkspace/JavaStream_KeySkew/.deps/jmh-core-1.37.jar)
WARNING: Please consider reporting this to the maintainers of class org.openjdk.jmh.util.Utils
WARNING: sun.misc.Unsafe::objectFieldOffset will be removed in a future release
# Warmup Iteration   1: Input: n=10000, keys=256, observedHotFraction=0.900000, poolParallelism=3, availableProcessors=4
0.746 ms/op
# Warmup Iteration   2: 0.843 ms/op
# Warmup Iteration   3: 0.962 ms/op
# Warmup Iteration   4: 0.990 ms/op
# Warmup Iteration   5: 0.880 ms/op
Iteration   1: 0.984 ms/op
                 gc.alloc.rate:      180.097 MB/sec
                 gc.alloc.rate.norm: 185797.053 B/op
                 gc.count:           1.000 counts
                 gc.time:            2.000 ms

Iteration   2: 1.005 ms/op
                 gc.alloc.rate:      176.319 MB/sec
                 gc.alloc.rate.norm: 185783.526 B/op
                 gc.count:           ≈ 0 counts

Iteration   3: 0.991 ms/op
                 gc.alloc.rate:      178.938 MB/sec
                 gc.alloc.rate.norm: 186066.458 B/op
                 gc.count:           1.000 counts
                 gc.time:            2.000 ms

Iteration   4: 0.994 ms/op
                 gc.alloc.rate:      178.273 MB/sec
                 gc.alloc.rate.norm: 185870.753 B/op
                 gc.count:           1.000 counts
                 gc.time:            2.000 ms

Iteration   5: 0.947 ms/op
                 gc.alloc.rate:      187.060 MB/sec
                 gc.alloc.rate.norm: 185834.417 B/op
                 gc.count:           ≈ 0 counts


# Run progress: 42.59% complete, ETA 00:10:55
# Fork: 2 of 3
WARNING: A terminally deprecated method in sun.misc.Unsafe has been called
WARNING: sun.misc.Unsafe::objectFieldOffset has been called by org.openjdk.jmh.util.Utils (file:/home/test/Workspaces/JavaWorkspace/JavaStream_KeySkew/.deps/jmh-core-1.37.jar)
WARNING: Please consider reporting this to the maintainers of class org.openjdk.jmh.util.Utils
WARNING: sun.misc.Unsafe::objectFieldOffset will be removed in a future release
# Warmup Iteration   1: Input: n=10000, keys=256, observedHotFraction=0.900000, poolParallelism=3, availableProcessors=4
0.697 ms/op
# Warmup Iteration   2: 0.402 ms/op
# Warmup Iteration   3: 0.333 ms/op
# Warmup Iteration   4: 0.308 ms/op
# Warmup Iteration   5: 0.333 ms/op
Iteration   1: 0.314 ms/op
                 gc.alloc.rate:      562.998 MB/sec
                 gc.alloc.rate.norm: 185639.382 B/op
                 gc.count:           1.000 counts
                 gc.time:            2.000 ms

Iteration   2: 0.240 ms/op
                 gc.alloc.rate:      738.294 MB/sec
                 gc.alloc.rate.norm: 185581.614 B/op
                 gc.count:           3.000 counts
                 gc.time:            6.000 ms

Iteration   3: 0.274 ms/op
                 gc.alloc.rate:      646.822 MB/sec
                 gc.alloc.rate.norm: 185603.317 B/op
                 gc.count:           2.000 counts
                 gc.time:            4.000 ms

Iteration   4: 0.242 ms/op
                 gc.alloc.rate:      732.158 MB/sec
                 gc.alloc.rate.norm: 185576.481 B/op
                 gc.count:           2.000 counts
                 gc.time:            3.000 ms

Iteration   5: 0.232 ms/op
                 gc.alloc.rate:      764.140 MB/sec
                 gc.alloc.rate.norm: 185559.197 B/op
                 gc.count:           3.000 counts
                 gc.time:            3.000 ms


# Run progress: 43.52% complete, ETA 00:10:45
# Fork: 3 of 3
WARNING: A terminally deprecated method in sun.misc.Unsafe has been called
WARNING: sun.misc.Unsafe::objectFieldOffset has been called by org.openjdk.jmh.util.Utils (file:/home/test/Workspaces/JavaWorkspace/JavaStream_KeySkew/.deps/jmh-core-1.37.jar)
WARNING: Please consider reporting this to the maintainers of class org.openjdk.jmh.util.Utils
WARNING: sun.misc.Unsafe::objectFieldOffset will be removed in a future release
# Warmup Iteration   1: Input: n=10000, keys=256, observedHotFraction=0.900000, poolParallelism=3, availableProcessors=4
0.584 ms/op
# Warmup Iteration   2: 0.395 ms/op
# Warmup Iteration   3: 0.341 ms/op
# Warmup Iteration   4: 0.294 ms/op
# Warmup Iteration   5: 0.319 ms/op
Iteration   1: 0.311 ms/op
                 gc.alloc.rate:      568.814 MB/sec
                 gc.alloc.rate.norm: 185608.468 B/op
                 gc.count:           2.000 counts
                 gc.time:            4.000 ms

Iteration   2: 0.334 ms/op
                 gc.alloc.rate:      529.729 MB/sec
                 gc.alloc.rate.norm: 185592.080 B/op
                 gc.count:           2.000 counts
                 gc.time:            4.000 ms

Iteration   3: 0.316 ms/op
                 gc.alloc.rate:      559.536 MB/sec
                 gc.alloc.rate.norm: 185612.743 B/op
                 gc.count:           1.000 counts
                 gc.time:            2.000 ms

Iteration   4: 0.293 ms/op
                 gc.alloc.rate:      603.054 MB/sec
                 gc.alloc.rate.norm: 185614.468 B/op
                 gc.count:           2.000 counts
                 gc.time:            4.000 ms

Iteration   5: 0.290 ms/op
                 gc.alloc.rate:      610.086 MB/sec
                 gc.alloc.rate.norm: 185601.579 B/op
                 gc.count:           2.000 counts
                 gc.time:            1.000 ms



Result "research.skew.AggregationBenchmark.parallelConcurrentAdder":
  0.518 ±(99.9%) 0.366 ms/op [Average]
  (min, avg, max) = (0.232, 0.518, 1.005), stdev = 0.343
  CI (99.9%): [0.151, 0.884] (assumes normal distribution)

Secondary result "research.skew.AggregationBenchmark.parallelConcurrentAdder:gc.alloc.rate":
  481.088 ±(99.9%) 246.471 MB/sec [Average]
  (min, avg, max) = (176.319, 481.088, 764.140), stdev = 230.549
  CI (99.9%): [234.617, 727.559] (assumes normal distribution)

Secondary result "research.skew.AggregationBenchmark.parallelConcurrentAdder:gc.alloc.rate.norm":
  185689.436 ±(99.9%) 157.275 B/op [Average]
  (min, avg, max) = (185559.197, 185689.436, 186066.458), stdev = 147.115
  CI (99.9%): [185532.161, 185846.710] (assumes normal distribution)

Secondary result "research.skew.AggregationBenchmark.parallelConcurrentAdder:gc.count":
  23.000 ±(99.9%) 0.001 counts [Sum]
  (min, avg, max) = (≈ 0, 1.533, 3.000), stdev = 0.915
  CI (99.9%): [23.000, 23.000] (assumes normal distribution)

Secondary result "research.skew.AggregationBenchmark.parallelConcurrentAdder:gc.time":
  39.000 ±(99.9%) 0.001 ms [Sum]
  (min, avg, max) = (≈ 0, 2.600, 6.000), stdev = 1.639
  CI (99.9%): [39.000, 39.000] (assumes normal distribution)


# JMH version: 1.37
# VM version: JDK 25.0.4.1, OpenJDK 64-Bit Server VM, 25.0.4.1+1-LTS
# VM invoker: /home/test/jdk/jdk-25.0.4.1+1/bin/java
# VM options: -Xms512m -Xmx512m -Djava.util.concurrent.ForkJoinPool.common.parallelism=3
# Blackhole mode: compiler (auto-detected, use -Djmh.blackhole.autoDetect=false to disable)
# Warmup: 5 iterations, 1 s each
# Measurement: 5 iterations, 1 s each
# Timeout: 10 min per iteration
# Threads: 1 thread, will synchronize iterations
# Benchmark mode: Average time, time/op
# Benchmark: research.skew.AggregationBenchmark.parallelConcurrentAdder
# Parameters: (cardinality = 256, distribution = hot90, seed = 20260929, size = 100000)

# Run progress: 44.44% complete, ETA 00:10:34
# Fork: 1 of 3
WARNING: A terminally deprecated method in sun.misc.Unsafe has been called
WARNING: sun.misc.Unsafe::objectFieldOffset has been called by org.openjdk.jmh.util.Utils (file:/home/test/Workspaces/JavaWorkspace/JavaStream_KeySkew/.deps/jmh-core-1.37.jar)
WARNING: Please consider reporting this to the maintainers of class org.openjdk.jmh.util.Utils
WARNING: sun.misc.Unsafe::objectFieldOffset will be removed in a future release
# Warmup Iteration   1: Input: n=100000, keys=256, observedHotFraction=0.900000, poolParallelism=3, availableProcessors=4
1.049 ms/op
# Warmup Iteration   2: 0.809 ms/op
# Warmup Iteration   3: 0.793 ms/op
# Warmup Iteration   4: 0.782 ms/op
# Warmup Iteration   5: 0.797 ms/op
Iteration   1: 0.782 ms/op
                 gc.alloc.rate:      1985.470 MB/sec
                 gc.alloc.rate.norm: 1628458.594 B/op
                 gc.count:           6.000 counts
                 gc.time:            3.000 ms

Iteration   2: 0.775 ms/op
                 gc.alloc.rate:      2002.723 MB/sec
                 gc.alloc.rate.norm: 1628445.106 B/op
                 gc.count:           7.000 counts
                 gc.time:            5.000 ms

Iteration   3: 0.781 ms/op
                 gc.alloc.rate:      1988.843 MB/sec
                 gc.alloc.rate.norm: 1628409.776 B/op
                 gc.count:           6.000 counts
                 gc.time:            3.000 ms

Iteration   4: 0.778 ms/op
                 gc.alloc.rate:      1994.998 MB/sec
                 gc.alloc.rate.norm: 1628476.738 B/op
                 gc.count:           7.000 counts
                 gc.time:            4.000 ms

Iteration   5: 0.779 ms/op
                 gc.alloc.rate:      1992.832 MB/sec
                 gc.alloc.rate.norm: 1628501.553 B/op
                 gc.count:           6.000 counts
                 gc.time:            3.000 ms


# Run progress: 45.37% complete, ETA 00:10:23
# Fork: 2 of 3
WARNING: A terminally deprecated method in sun.misc.Unsafe has been called
WARNING: sun.misc.Unsafe::objectFieldOffset has been called by org.openjdk.jmh.util.Utils (file:/home/test/Workspaces/JavaWorkspace/JavaStream_KeySkew/.deps/jmh-core-1.37.jar)
WARNING: Please consider reporting this to the maintainers of class org.openjdk.jmh.util.Utils
WARNING: sun.misc.Unsafe::objectFieldOffset will be removed in a future release
# Warmup Iteration   1: Input: n=100000, keys=256, observedHotFraction=0.900000, poolParallelism=3, availableProcessors=4
1.020 ms/op
# Warmup Iteration   2: 0.991 ms/op
# Warmup Iteration   3: 0.978 ms/op
# Warmup Iteration   4: 0.974 ms/op
# Warmup Iteration   5: 0.971 ms/op
Iteration   1: 0.979 ms/op
                 gc.alloc.rate:      1585.754 MB/sec
                 gc.alloc.rate.norm: 1628158.076 B/op
                 gc.count:           5.000 counts
                 gc.time:            3.000 ms

Iteration   2: 0.970 ms/op
                 gc.alloc.rate:      1599.820 MB/sec
                 gc.alloc.rate.norm: 1628054.720 B/op
                 gc.count:           5.000 counts
                 gc.time:            3.000 ms

Iteration   3: 0.965 ms/op
                 gc.alloc.rate:      1608.824 MB/sec
                 gc.alloc.rate.norm: 1627949.794 B/op
                 gc.count:           6.000 counts
                 gc.time:            4.000 ms

Iteration   4: 0.970 ms/op
                 gc.alloc.rate:      1600.683 MB/sec
                 gc.alloc.rate.norm: 1628000.062 B/op
                 gc.count:           5.000 counts
                 gc.time:            3.000 ms

Iteration   5: 0.966 ms/op
                 gc.alloc.rate:      1607.318 MB/sec
                 gc.alloc.rate.norm: 1627999.807 B/op
                 gc.count:           5.000 counts
                 gc.time:            4.000 ms


# Run progress: 46.30% complete, ETA 00:10:12
# Fork: 3 of 3
WARNING: A terminally deprecated method in sun.misc.Unsafe has been called
WARNING: sun.misc.Unsafe::objectFieldOffset has been called by org.openjdk.jmh.util.Utils (file:/home/test/Workspaces/JavaWorkspace/JavaStream_KeySkew/.deps/jmh-core-1.37.jar)
WARNING: Please consider reporting this to the maintainers of class org.openjdk.jmh.util.Utils
WARNING: sun.misc.Unsafe::objectFieldOffset will be removed in a future release
# Warmup Iteration   1: Input: n=100000, keys=256, observedHotFraction=0.900000, poolParallelism=3, availableProcessors=4
1.023 ms/op
# Warmup Iteration   2: 0.796 ms/op
# Warmup Iteration   3: 0.768 ms/op
# Warmup Iteration   4: 0.763 ms/op
# Warmup Iteration   5: 0.778 ms/op
Iteration   1: 0.766 ms/op
                 gc.alloc.rate:      2026.230 MB/sec
                 gc.alloc.rate.norm: 1628468.753 B/op
                 gc.count:           6.000 counts
                 gc.time:            3.000 ms

Iteration   2: 0.955 ms/op
                 gc.alloc.rate:      1625.000 MB/sec
                 gc.alloc.rate.norm: 1628050.305 B/op
                 gc.count:           6.000 counts
                 gc.time:            4.000 ms

Iteration   3: 0.954 ms/op
                 gc.alloc.rate:      1626.618 MB/sec
                 gc.alloc.rate.norm: 1627955.455 B/op
                 gc.count:           5.000 counts
                 gc.time:            3.000 ms

Iteration   4: 0.968 ms/op
                 gc.alloc.rate:      1603.853 MB/sec
                 gc.alloc.rate.norm: 1628010.368 B/op
                 gc.count:           5.000 counts
                 gc.time:            3.000 ms

Iteration   5: 0.961 ms/op
                 gc.alloc.rate:      1615.716 MB/sec
                 gc.alloc.rate.norm: 1627908.429 B/op
                 gc.count:           6.000 counts
                 gc.time:            4.000 ms



Result "research.skew.AggregationBenchmark.parallelConcurrentAdder":
  0.890 ±(99.9%) 0.102 ms/op [Average]
  (min, avg, max) = (0.766, 0.890, 0.979), stdev = 0.096
  CI (99.9%): [0.788, 0.992] (assumes normal distribution)

Secondary result "research.skew.AggregationBenchmark.parallelConcurrentAdder:gc.alloc.rate":
  1764.312 ±(99.9%) 212.075 MB/sec [Average]
  (min, avg, max) = (1585.754, 1764.312, 2026.230), stdev = 198.375
  CI (99.9%): [1552.237, 1976.387] (assumes normal distribution)

Secondary result "research.skew.AggregationBenchmark.parallelConcurrentAdder:gc.alloc.rate.norm":
  1628189.836 ±(99.9%) 251.993 B/op [Average]
  (min, avg, max) = (1627908.429, 1628189.836, 1628501.553), stdev = 235.714
  CI (99.9%): [1627937.843, 1628441.828] (assumes normal distribution)

Secondary result "research.skew.AggregationBenchmark.parallelConcurrentAdder:gc.count":
  86.000 ±(99.9%) 0.001 counts [Sum]
  (min, avg, max) = (5.000, 5.733, 7.000), stdev = 0.704
  CI (99.9%): [86.000, 86.000] (assumes normal distribution)

Secondary result "research.skew.AggregationBenchmark.parallelConcurrentAdder:gc.time":
  52.000 ±(99.9%) 0.001 ms [Sum]
  (min, avg, max) = (3.000, 3.467, 5.000), stdev = 0.640
  CI (99.9%): [52.000, 52.000] (assumes normal distribution)


# JMH version: 1.37
# VM version: JDK 25.0.4.1, OpenJDK 64-Bit Server VM, 25.0.4.1+1-LTS
# VM invoker: /home/test/jdk/jdk-25.0.4.1+1/bin/java
# VM options: -Xms512m -Xmx512m -Djava.util.concurrent.ForkJoinPool.common.parallelism=3
# Blackhole mode: compiler (auto-detected, use -Djmh.blackhole.autoDetect=false to disable)
# Warmup: 5 iterations, 1 s each
# Measurement: 5 iterations, 1 s each
# Timeout: 10 min per iteration
# Threads: 1 thread, will synchronize iterations
# Benchmark mode: Average time, time/op
# Benchmark: research.skew.AggregationBenchmark.parallelConcurrentAdder
# Parameters: (cardinality = 256, distribution = hot90, seed = 20260929, size = 1000000)

# Run progress: 47.22% complete, ETA 00:10:02
# Fork: 1 of 3
WARNING: A terminally deprecated method in sun.misc.Unsafe has been called
WARNING: sun.misc.Unsafe::objectFieldOffset has been called by org.openjdk.jmh.util.Utils (file:/home/test/Workspaces/JavaWorkspace/JavaStream_KeySkew/.deps/jmh-core-1.37.jar)
WARNING: Please consider reporting this to the maintainers of class org.openjdk.jmh.util.Utils
WARNING: sun.misc.Unsafe::objectFieldOffset will be removed in a future release
# Warmup Iteration   1: Input: n=1000000, keys=256, observedHotFraction=0.900000, poolParallelism=3, availableProcessors=4
8.937 ms/op
# Warmup Iteration   2: 7.882 ms/op
# Warmup Iteration   3: 7.912 ms/op
# Warmup Iteration   4: 7.595 ms/op
# Warmup Iteration   5: 7.682 ms/op
Iteration   1: 7.478 ms/op
                 gc.alloc.rate:      2049.891 MB/sec
                 gc.alloc.rate.norm: 16076215.881 B/op
                 gc.count:           7.000 counts
                 gc.time:            4.000 ms

Iteration   2: 7.591 ms/op
                 gc.alloc.rate:      2018.668 MB/sec
                 gc.alloc.rate.norm: 16070589.333 B/op
                 gc.count:           6.000 counts
                 gc.time:            4.000 ms

Iteration   3: 7.670 ms/op
                 gc.alloc.rate:      1997.055 MB/sec
                 gc.alloc.rate.norm: 16065254.473 B/op
                 gc.count:           7.000 counts
                 gc.time:            3.000 ms

Iteration   4: 7.708 ms/op
                 gc.alloc.rate:      1987.695 MB/sec
                 gc.alloc.rate.norm: 16069137.600 B/op
                 gc.count:           6.000 counts
                 gc.time:            4.000 ms

Iteration   5: 7.658 ms/op
                 gc.alloc.rate:      2000.255 MB/sec
                 gc.alloc.rate.norm: 16067461.435 B/op
                 gc.count:           7.000 counts
                 gc.time:            4.000 ms


# Run progress: 48.15% complete, ETA 00:09:51
# Fork: 2 of 3
WARNING: A terminally deprecated method in sun.misc.Unsafe has been called
WARNING: sun.misc.Unsafe::objectFieldOffset has been called by org.openjdk.jmh.util.Utils (file:/home/test/Workspaces/JavaWorkspace/JavaStream_KeySkew/.deps/jmh-core-1.37.jar)
WARNING: Please consider reporting this to the maintainers of class org.openjdk.jmh.util.Utils
WARNING: sun.misc.Unsafe::objectFieldOffset will be removed in a future release
# Warmup Iteration   1: Input: n=1000000, keys=256, observedHotFraction=0.900000, poolParallelism=3, availableProcessors=4
8.795 ms/op
# Warmup Iteration   2: 8.011 ms/op
# Warmup Iteration   3: 7.891 ms/op
# Warmup Iteration   4: 7.942 ms/op
# Warmup Iteration   5: 7.992 ms/op
Iteration   1: 7.986 ms/op
                 gc.alloc.rate:      1918.175 MB/sec
                 gc.alloc.rate.norm: 16066130.222 B/op
                 gc.count:           7.000 counts
                 gc.time:            6.000 ms

Iteration   2: 8.003 ms/op
                 gc.alloc.rate:      1913.850 MB/sec
                 gc.alloc.rate.norm: 16065622.784 B/op
                 gc.count:           6.000 counts
                 gc.time:            3.000 ms

Iteration   3: 7.918 ms/op
                 gc.alloc.rate:      1934.842 MB/sec
                 gc.alloc.rate.norm: 16067388.850 B/op
                 gc.count:           6.000 counts
                 gc.time:            5.000 ms

Iteration   4: 8.019 ms/op
                 gc.alloc.rate:      1909.928 MB/sec
                 gc.alloc.rate.norm: 16063143.168 B/op
                 gc.count:           7.000 counts
                 gc.time:            4.000 ms

Iteration   5: 8.058 ms/op
                 gc.alloc.rate:      1900.439 MB/sec
                 gc.alloc.rate.norm: 16062093.952 B/op
                 gc.count:           6.000 counts
                 gc.time:            3.000 ms


# Run progress: 49.07% complete, ETA 00:09:41
# Fork: 3 of 3
WARNING: A terminally deprecated method in sun.misc.Unsafe has been called
WARNING: sun.misc.Unsafe::objectFieldOffset has been called by org.openjdk.jmh.util.Utils (file:/home/test/Workspaces/JavaWorkspace/JavaStream_KeySkew/.deps/jmh-core-1.37.jar)
WARNING: Please consider reporting this to the maintainers of class org.openjdk.jmh.util.Utils
WARNING: sun.misc.Unsafe::objectFieldOffset will be removed in a future release
# Warmup Iteration   1: Input: n=1000000, keys=256, observedHotFraction=0.900000, poolParallelism=3, availableProcessors=4
10.350 ms/op
# Warmup Iteration   2: 9.475 ms/op
# Warmup Iteration   3: 9.388 ms/op
# Warmup Iteration   4: 9.356 ms/op
# Warmup Iteration   5: 9.185 ms/op
Iteration   1: 9.219 ms/op
                 gc.alloc.rate:      1661.309 MB/sec
                 gc.alloc.rate.norm: 16064908.037 B/op
                 gc.count:           5.000 counts
                 gc.time:            4.000 ms

Iteration   2: 9.347 ms/op
                 gc.alloc.rate:      1638.375 MB/sec
                 gc.alloc.rate.norm: 16062969.259 B/op
                 gc.count:           6.000 counts
                 gc.time:            5.000 ms

Iteration   3: 9.284 ms/op
                 gc.alloc.rate:      1649.457 MB/sec
                 gc.alloc.rate.norm: 16062240.741 B/op
                 gc.count:           5.000 counts
                 gc.time:            3.000 ms

Iteration   4: 9.308 ms/op
                 gc.alloc.rate:      1645.186 MB/sec
                 gc.alloc.rate.norm: 16060605.926 B/op
                 gc.count:           6.000 counts
                 gc.time:            4.000 ms

Iteration   5: 9.256 ms/op
                 gc.alloc.rate:      1654.625 MB/sec
                 gc.alloc.rate.norm: 16063383.119 B/op
                 gc.count:           5.000 counts
                 gc.time:            3.000 ms



Result "research.skew.AggregationBenchmark.parallelConcurrentAdder":
  8.300 ±(99.9%) 0.790 ms/op [Average]
  (min, avg, max) = (7.478, 8.300, 9.347), stdev = 0.739
  CI (99.9%): [7.510, 9.090] (assumes normal distribution)

Secondary result "research.skew.AggregationBenchmark.parallelConcurrentAdder:gc.alloc.rate":
  1858.650 ±(99.9%) 169.811 MB/sec [Average]
  (min, avg, max) = (1638.375, 1858.650, 2049.891), stdev = 158.842
  CI (99.9%): [1688.839, 2028.461] (assumes normal distribution)

Secondary result "research.skew.AggregationBenchmark.parallelConcurrentAdder:gc.alloc.rate.norm":
  16065809.652 ±(99.9%) 4270.317 B/op [Average]
  (min, avg, max) = (16060605.926, 16065809.652, 16076215.881), stdev = 3994.457
  CI (99.9%): [16061539.335, 16070079.969] (assumes normal distribution)

Secondary result "research.skew.AggregationBenchmark.parallelConcurrentAdder:gc.count":
  92.000 ±(99.9%) 0.001 counts [Sum]
  (min, avg, max) = (5.000, 6.133, 7.000), stdev = 0.743
  CI (99.9%): [92.000, 92.000] (assumes normal distribution)

Secondary result "research.skew.AggregationBenchmark.parallelConcurrentAdder:gc.time":
  59.000 ±(99.9%) 0.001 ms [Sum]
  (min, avg, max) = (3.000, 3.933, 6.000), stdev = 0.884
  CI (99.9%): [59.000, 59.000] (assumes normal distribution)


# JMH version: 1.37
# VM version: JDK 25.0.4.1, OpenJDK 64-Bit Server VM, 25.0.4.1+1-LTS
# VM invoker: /home/test/jdk/jdk-25.0.4.1+1/bin/java
# VM options: -Xms512m -Xmx512m -Djava.util.concurrent.ForkJoinPool.common.parallelism=3
# Blackhole mode: compiler (auto-detected, use -Djmh.blackhole.autoDetect=false to disable)
# Warmup: 5 iterations, 1 s each
# Measurement: 5 iterations, 1 s each
# Timeout: 10 min per iteration
# Threads: 1 thread, will synchronize iterations
# Benchmark mode: Average time, time/op
# Benchmark: research.skew.AggregationBenchmark.parallelMerge
# Parameters: (cardinality = 256, distribution = uniform, seed = 20260929, size = 10000)

# Run progress: 50.00% complete, ETA 00:09:30
# Fork: 1 of 3
WARNING: A terminally deprecated method in sun.misc.Unsafe has been called
WARNING: sun.misc.Unsafe::objectFieldOffset has been called by org.openjdk.jmh.util.Utils (file:/home/test/Workspaces/JavaWorkspace/JavaStream_KeySkew/.deps/jmh-core-1.37.jar)
WARNING: Please consider reporting this to the maintainers of class org.openjdk.jmh.util.Utils
WARNING: sun.misc.Unsafe::objectFieldOffset will be removed in a future release
# Warmup Iteration   1: Input: n=10000, keys=256, observedHotFraction=0.004000, poolParallelism=3, availableProcessors=4
0.179 ms/op
# Warmup Iteration   2: 0.143 ms/op
# Warmup Iteration   3: 0.137 ms/op
# Warmup Iteration   4: 0.136 ms/op
# Warmup Iteration   5: 0.137 ms/op
Iteration   1: 0.137 ms/op
                 gc.alloc.rate:      3109.434 MB/sec
                 gc.alloc.rate.norm: 446414.558 B/op
                 gc.count:           10.000 counts
                 gc.time:            7.000 ms

Iteration   2: 0.137 ms/op
                 gc.alloc.rate:      3102.790 MB/sec
                 gc.alloc.rate.norm: 446414.552 B/op
                 gc.count:           11.000 counts
                 gc.time:            7.000 ms

Iteration   3: 0.137 ms/op
                 gc.alloc.rate:      3114.500 MB/sec
                 gc.alloc.rate.norm: 446414.416 B/op
                 gc.count:           10.000 counts
                 gc.time:            7.000 ms

Iteration   4: 0.136 ms/op
                 gc.alloc.rate:      3122.481 MB/sec
                 gc.alloc.rate.norm: 446424.709 B/op
                 gc.count:           10.000 counts
                 gc.time:            7.000 ms

Iteration   5: 0.137 ms/op
                 gc.alloc.rate:      3109.546 MB/sec
                 gc.alloc.rate.norm: 446446.256 B/op
                 gc.count:           10.000 counts
                 gc.time:            6.000 ms


# Run progress: 50.93% complete, ETA 00:09:20
# Fork: 2 of 3
WARNING: A terminally deprecated method in sun.misc.Unsafe has been called
WARNING: sun.misc.Unsafe::objectFieldOffset has been called by org.openjdk.jmh.util.Utils (file:/home/test/Workspaces/JavaWorkspace/JavaStream_KeySkew/.deps/jmh-core-1.37.jar)
WARNING: Please consider reporting this to the maintainers of class org.openjdk.jmh.util.Utils
WARNING: sun.misc.Unsafe::objectFieldOffset will be removed in a future release
# Warmup Iteration   1: Input: n=10000, keys=256, observedHotFraction=0.004000, poolParallelism=3, availableProcessors=4
0.179 ms/op
# Warmup Iteration   2: 0.143 ms/op
# Warmup Iteration   3: 0.139 ms/op
# Warmup Iteration   4: 0.139 ms/op
# Warmup Iteration   5: 0.138 ms/op
Iteration   1: 0.138 ms/op
                 gc.alloc.rate:      3073.763 MB/sec
                 gc.alloc.rate.norm: 446413.998 B/op
                 gc.count:           10.000 counts
                 gc.time:            6.000 ms

Iteration   2: 0.138 ms/op
                 gc.alloc.rate:      3074.829 MB/sec
                 gc.alloc.rate.norm: 446414.067 B/op
                 gc.count:           10.000 counts
                 gc.time:            6.000 ms

Iteration   3: 0.138 ms/op
                 gc.alloc.rate:      3076.885 MB/sec
                 gc.alloc.rate.norm: 446413.975 B/op
                 gc.count:           10.000 counts
                 gc.time:            6.000 ms

Iteration   4: 0.140 ms/op
                 gc.alloc.rate:      3049.063 MB/sec
                 gc.alloc.rate.norm: 446422.571 B/op
                 gc.count:           10.000 counts
                 gc.time:            6.000 ms

Iteration   5: 0.138 ms/op
                 gc.alloc.rate:      3077.432 MB/sec
                 gc.alloc.rate.norm: 446445.951 B/op
                 gc.count:           10.000 counts
                 gc.time:            6.000 ms


# Run progress: 51.85% complete, ETA 00:09:09
# Fork: 3 of 3
WARNING: A terminally deprecated method in sun.misc.Unsafe has been called
WARNING: sun.misc.Unsafe::objectFieldOffset has been called by org.openjdk.jmh.util.Utils (file:/home/test/Workspaces/JavaWorkspace/JavaStream_KeySkew/.deps/jmh-core-1.37.jar)
WARNING: Please consider reporting this to the maintainers of class org.openjdk.jmh.util.Utils
WARNING: sun.misc.Unsafe::objectFieldOffset will be removed in a future release
# Warmup Iteration   1: Input: n=10000, keys=256, observedHotFraction=0.004000, poolParallelism=3, availableProcessors=4
0.173 ms/op
# Warmup Iteration   2: 0.143 ms/op
# Warmup Iteration   3: 0.138 ms/op
# Warmup Iteration   4: 0.138 ms/op
# Warmup Iteration   5: 0.138 ms/op
Iteration   1: 0.138 ms/op
                 gc.alloc.rate:      3081.751 MB/sec
                 gc.alloc.rate.norm: 446415.052 B/op
                 gc.count:           10.000 counts
                 gc.time:            5.000 ms

Iteration   2: 0.138 ms/op
                 gc.alloc.rate:      3086.131 MB/sec
                 gc.alloc.rate.norm: 446415.054 B/op
                 gc.count:           11.000 counts
                 gc.time:            7.000 ms

Iteration   3: 0.138 ms/op
                 gc.alloc.rate:      3092.691 MB/sec
                 gc.alloc.rate.norm: 446415.244 B/op
                 gc.count:           10.000 counts
                 gc.time:            5.000 ms

Iteration   4: 0.139 ms/op
                 gc.alloc.rate:      3062.414 MB/sec
                 gc.alloc.rate.norm: 446423.857 B/op
                 gc.count:           10.000 counts
                 gc.time:            7.000 ms

Iteration   5: 0.138 ms/op
                 gc.alloc.rate:      3088.530 MB/sec
                 gc.alloc.rate.norm: 446447.173 B/op
                 gc.count:           10.000 counts
                 gc.time:            5.000 ms



Result "research.skew.AggregationBenchmark.parallelMerge":
  0.138 ±(99.9%) 0.001 ms/op [Average]
  (min, avg, max) = (0.136, 0.138, 0.140), stdev = 0.001
  CI (99.9%): [0.137, 0.139] (assumes normal distribution)

Secondary result "research.skew.AggregationBenchmark.parallelMerge:gc.alloc.rate":
  3088.149 ±(99.9%) 21.910 MB/sec [Average]
  (min, avg, max) = (3049.063, 3088.149, 3122.481), stdev = 20.494
  CI (99.9%): [3066.240, 3110.059] (assumes normal distribution)

Secondary result "research.skew.AggregationBenchmark.parallelMerge:gc.alloc.rate.norm":
  446422.762 ±(99.9%) 13.703 B/op [Average]
  (min, avg, max) = (446413.975, 446422.762, 446447.173), stdev = 12.817
  CI (99.9%): [446409.060, 446436.465] (assumes normal distribution)

Secondary result "research.skew.AggregationBenchmark.parallelMerge:gc.count":
  152.000 ±(99.9%) 0.001 counts [Sum]
  (min, avg, max) = (10.000, 10.133, 11.000), stdev = 0.352
  CI (99.9%): [152.000, 152.000] (assumes normal distribution)

Secondary result "research.skew.AggregationBenchmark.parallelMerge:gc.time":
  93.000 ±(99.9%) 0.001 ms [Sum]
  (min, avg, max) = (5.000, 6.200, 7.000), stdev = 0.775
  CI (99.9%): [93.000, 93.000] (assumes normal distribution)


# JMH version: 1.37
# VM version: JDK 25.0.4.1, OpenJDK 64-Bit Server VM, 25.0.4.1+1-LTS
# VM invoker: /home/test/jdk/jdk-25.0.4.1+1/bin/java
# VM options: -Xms512m -Xmx512m -Djava.util.concurrent.ForkJoinPool.common.parallelism=3
# Blackhole mode: compiler (auto-detected, use -Djmh.blackhole.autoDetect=false to disable)
# Warmup: 5 iterations, 1 s each
# Measurement: 5 iterations, 1 s each
# Timeout: 10 min per iteration
# Threads: 1 thread, will synchronize iterations
# Benchmark mode: Average time, time/op
# Benchmark: research.skew.AggregationBenchmark.parallelMerge
# Parameters: (cardinality = 256, distribution = uniform, seed = 20260929, size = 100000)

# Run progress: 52.78% complete, ETA 00:08:58
# Fork: 1 of 3
WARNING: A terminally deprecated method in sun.misc.Unsafe has been called
WARNING: sun.misc.Unsafe::objectFieldOffset has been called by org.openjdk.jmh.util.Utils (file:/home/test/Workspaces/JavaWorkspace/JavaStream_KeySkew/.deps/jmh-core-1.37.jar)
WARNING: Please consider reporting this to the maintainers of class org.openjdk.jmh.util.Utils
WARNING: sun.misc.Unsafe::objectFieldOffset will be removed in a future release
# Warmup Iteration   1: Input: n=100000, keys=256, observedHotFraction=0.003910, poolParallelism=3, availableProcessors=4
0.694 ms/op
# Warmup Iteration   2: 0.606 ms/op
# Warmup Iteration   3: 0.584 ms/op
# Warmup Iteration   4: 0.567 ms/op
# Warmup Iteration   5: 0.561 ms/op
Iteration   1: 0.565 ms/op
                 gc.alloc.rate:      3214.393 MB/sec
                 gc.alloc.rate.norm: 1905929.979 B/op
                 gc.count:           11.000 counts
                 gc.time:            6.000 ms

Iteration   2: 0.559 ms/op
                 gc.alloc.rate:      3250.007 MB/sec
                 gc.alloc.rate.norm: 1905930.737 B/op
                 gc.count:           10.000 counts
                 gc.time:            6.000 ms

Iteration   3: 0.558 ms/op
                 gc.alloc.rate:      3258.852 MB/sec
                 gc.alloc.rate.norm: 1905930.943 B/op
                 gc.count:           11.000 counts
                 gc.time:            6.000 ms

Iteration   4: 0.560 ms/op
                 gc.alloc.rate:      3243.454 MB/sec
                 gc.alloc.rate.norm: 1905931.049 B/op
                 gc.count:           11.000 counts
                 gc.time:            7.000 ms

Iteration   5: 0.557 ms/op
                 gc.alloc.rate:      3262.638 MB/sec
                 gc.alloc.rate.norm: 1905930.379 B/op
                 gc.count:           10.000 counts
                 gc.time:            6.000 ms


# Run progress: 53.70% complete, ETA 00:08:47
# Fork: 2 of 3
WARNING: A terminally deprecated method in sun.misc.Unsafe has been called
WARNING: sun.misc.Unsafe::objectFieldOffset has been called by org.openjdk.jmh.util.Utils (file:/home/test/Workspaces/JavaWorkspace/JavaStream_KeySkew/.deps/jmh-core-1.37.jar)
WARNING: Please consider reporting this to the maintainers of class org.openjdk.jmh.util.Utils
WARNING: sun.misc.Unsafe::objectFieldOffset will be removed in a future release
# Warmup Iteration   1: Input: n=100000, keys=256, observedHotFraction=0.003910, poolParallelism=3, availableProcessors=4
0.706 ms/op
# Warmup Iteration   2: 0.591 ms/op
# Warmup Iteration   3: 0.571 ms/op
# Warmup Iteration   4: 0.566 ms/op
# Warmup Iteration   5: 0.558 ms/op
Iteration   1: 0.556 ms/op
                 gc.alloc.rate:      3269.955 MB/sec
                 gc.alloc.rate.norm: 1905931.680 B/op
                 gc.count:           10.000 counts
                 gc.time:            6.000 ms

Iteration   2: 0.558 ms/op
                 gc.alloc.rate:      3256.018 MB/sec
                 gc.alloc.rate.norm: 1905931.587 B/op
                 gc.count:           11.000 counts
                 gc.time:            6.000 ms

Iteration   3: 0.555 ms/op
                 gc.alloc.rate:      3272.835 MB/sec
                 gc.alloc.rate.norm: 1905931.676 B/op
                 gc.count:           11.000 counts
                 gc.time:            7.000 ms

Iteration   4: 0.556 ms/op
                 gc.alloc.rate:      3266.086 MB/sec
                 gc.alloc.rate.norm: 1905931.682 B/op
                 gc.count:           10.000 counts
                 gc.time:            6.000 ms

Iteration   5: 0.556 ms/op
                 gc.alloc.rate:      3265.494 MB/sec
                 gc.alloc.rate.norm: 1905931.711 B/op
                 gc.count:           11.000 counts
                 gc.time:            7.000 ms


# Run progress: 54.63% complete, ETA 00:08:37
# Fork: 3 of 3
WARNING: A terminally deprecated method in sun.misc.Unsafe has been called
WARNING: sun.misc.Unsafe::objectFieldOffset has been called by org.openjdk.jmh.util.Utils (file:/home/test/Workspaces/JavaWorkspace/JavaStream_KeySkew/.deps/jmh-core-1.37.jar)
WARNING: Please consider reporting this to the maintainers of class org.openjdk.jmh.util.Utils
WARNING: sun.misc.Unsafe::objectFieldOffset will be removed in a future release
# Warmup Iteration   1: Input: n=100000, keys=256, observedHotFraction=0.003910, poolParallelism=3, availableProcessors=4
0.706 ms/op
# Warmup Iteration   2: 0.611 ms/op
# Warmup Iteration   3: 0.610 ms/op
# Warmup Iteration   4: 0.590 ms/op
# Warmup Iteration   5: 0.581 ms/op
Iteration   1: 0.581 ms/op
                 gc.alloc.rate:      3126.128 MB/sec
                 gc.alloc.rate.norm: 1905931.319 B/op
                 gc.count:           10.000 counts
                 gc.time:            6.000 ms

Iteration   2: 0.583 ms/op
                 gc.alloc.rate:      3114.460 MB/sec
                 gc.alloc.rate.norm: 1905931.303 B/op
                 gc.count:           10.000 counts
                 gc.time:            7.000 ms

Iteration   3: 0.580 ms/op
                 gc.alloc.rate:      3133.977 MB/sec
                 gc.alloc.rate.norm: 1905931.405 B/op
                 gc.count:           10.000 counts
                 gc.time:            7.000 ms

Iteration   4: 0.582 ms/op
                 gc.alloc.rate:      3124.590 MB/sec
                 gc.alloc.rate.norm: 1905931.556 B/op
                 gc.count:           11.000 counts
                 gc.time:            6.000 ms

Iteration   5: 0.582 ms/op
                 gc.alloc.rate:      3121.013 MB/sec
                 gc.alloc.rate.norm: 1905931.365 B/op
                 gc.count:           10.000 counts
                 gc.time:            6.000 ms



Result "research.skew.AggregationBenchmark.parallelMerge":
  0.566 ±(99.9%) 0.013 ms/op [Average]
  (min, avg, max) = (0.555, 0.566, 0.583), stdev = 0.012
  CI (99.9%): [0.553, 0.579] (assumes normal distribution)

Secondary result "research.skew.AggregationBenchmark.parallelMerge:gc.alloc.rate":
  3211.993 ±(99.9%) 70.497 MB/sec [Average]
  (min, avg, max) = (3114.460, 3211.993, 3272.835), stdev = 65.943
  CI (99.9%): [3141.497, 3282.490] (assumes normal distribution)

Secondary result "research.skew.AggregationBenchmark.parallelMerge:gc.alloc.rate.norm":
  1905931.225 ±(99.9%) 0.556 B/op [Average]
  (min, avg, max) = (1905929.979, 1905931.225, 1905931.711), stdev = 0.520
  CI (99.9%): [1905930.669, 1905931.780] (assumes normal distribution)

Secondary result "research.skew.AggregationBenchmark.parallelMerge:gc.count":
  157.000 ±(99.9%) 0.001 counts [Sum]
  (min, avg, max) = (10.000, 10.467, 11.000), stdev = 0.516
  CI (99.9%): [157.000, 157.000] (assumes normal distribution)

Secondary result "research.skew.AggregationBenchmark.parallelMerge:gc.time":
  95.000 ±(99.9%) 0.001 ms [Sum]
  (min, avg, max) = (6.000, 6.333, 7.000), stdev = 0.488
  CI (99.9%): [95.000, 95.000] (assumes normal distribution)


# JMH version: 1.37
# VM version: JDK 25.0.4.1, OpenJDK 64-Bit Server VM, 25.0.4.1+1-LTS
# VM invoker: /home/test/jdk/jdk-25.0.4.1+1/bin/java
# VM options: -Xms512m -Xmx512m -Djava.util.concurrent.ForkJoinPool.common.parallelism=3
# Blackhole mode: compiler (auto-detected, use -Djmh.blackhole.autoDetect=false to disable)
# Warmup: 5 iterations, 1 s each
# Measurement: 5 iterations, 1 s each
# Timeout: 10 min per iteration
# Threads: 1 thread, will synchronize iterations
# Benchmark mode: Average time, time/op
# Benchmark: research.skew.AggregationBenchmark.parallelMerge
# Parameters: (cardinality = 256, distribution = uniform, seed = 20260929, size = 1000000)

# Run progress: 55.56% complete, ETA 00:08:26
# Fork: 1 of 3
WARNING: A terminally deprecated method in sun.misc.Unsafe has been called
WARNING: sun.misc.Unsafe::objectFieldOffset has been called by org.openjdk.jmh.util.Utils (file:/home/test/Workspaces/JavaWorkspace/JavaStream_KeySkew/.deps/jmh-core-1.37.jar)
WARNING: Please consider reporting this to the maintainers of class org.openjdk.jmh.util.Utils
WARNING: sun.misc.Unsafe::objectFieldOffset will be removed in a future release
# Warmup Iteration   1: Input: n=1000000, keys=256, observedHotFraction=0.003907, poolParallelism=3, availableProcessors=4
6.047 ms/op
# Warmup Iteration   2: 5.615 ms/op
# Warmup Iteration   3: 4.878 ms/op
# Warmup Iteration   4: 4.737 ms/op
# Warmup Iteration   5: 4.703 ms/op
Iteration   1: 4.715 ms/op
                 gc.alloc.rate:      3297.108 MB/sec
                 gc.alloc.rate.norm: 16306006.986 B/op
                 gc.count:           11.000 counts
                 gc.time:            9.000 ms

Iteration   2: 4.728 ms/op
                 gc.alloc.rate:      3288.262 MB/sec
                 gc.alloc.rate.norm: 16306006.453 B/op
                 gc.count:           11.000 counts
                 gc.time:            8.000 ms

Iteration   3: 4.668 ms/op
                 gc.alloc.rate:      3330.361 MB/sec
                 gc.alloc.rate.norm: 16306006.698 B/op
                 gc.count:           11.000 counts
                 gc.time:            7.000 ms

Iteration   4: 4.686 ms/op
                 gc.alloc.rate:      3317.737 MB/sec
                 gc.alloc.rate.norm: 16306005.682 B/op
                 gc.count:           11.000 counts
                 gc.time:            7.000 ms

Iteration   5: 4.675 ms/op
                 gc.alloc.rate:      3325.177 MB/sec
                 gc.alloc.rate.norm: 16306005.693 B/op
                 gc.count:           11.000 counts
                 gc.time:            7.000 ms


# Run progress: 56.48% complete, ETA 00:08:16
# Fork: 2 of 3
WARNING: A terminally deprecated method in sun.misc.Unsafe has been called
WARNING: sun.misc.Unsafe::objectFieldOffset has been called by org.openjdk.jmh.util.Utils (file:/home/test/Workspaces/JavaWorkspace/JavaStream_KeySkew/.deps/jmh-core-1.37.jar)
WARNING: Please consider reporting this to the maintainers of class org.openjdk.jmh.util.Utils
WARNING: sun.misc.Unsafe::objectFieldOffset will be removed in a future release
# Warmup Iteration   1: Input: n=1000000, keys=256, observedHotFraction=0.003907, poolParallelism=3, availableProcessors=4
6.155 ms/op
# Warmup Iteration   2: 5.667 ms/op
# Warmup Iteration   3: 5.055 ms/op
# Warmup Iteration   4: 4.757 ms/op
# Warmup Iteration   5: 4.788 ms/op
Iteration   1: 4.766 ms/op
                 gc.alloc.rate:      3261.840 MB/sec
                 gc.alloc.rate.norm: 16306006.286 B/op
                 gc.count:           11.000 counts
                 gc.time:            7.000 ms

Iteration   2: 4.804 ms/op
                 gc.alloc.rate:      3236.356 MB/sec
                 gc.alloc.rate.norm: 16306005.397 B/op
                 gc.count:           10.000 counts
                 gc.time:            7.000 ms

Iteration   3: 4.774 ms/op
                 gc.alloc.rate:      3256.812 MB/sec
                 gc.alloc.rate.norm: 16306007.162 B/op
                 gc.count:           11.000 counts
                 gc.time:            7.000 ms

Iteration   4: 4.744 ms/op
                 gc.alloc.rate:      3277.247 MB/sec
                 gc.alloc.rate.norm: 16306006.825 B/op
                 gc.count:           11.000 counts
                 gc.time:            7.000 ms

Iteration   5: 4.739 ms/op
                 gc.alloc.rate:      3280.686 MB/sec
                 gc.alloc.rate.norm: 16306005.660 B/op
                 gc.count:           11.000 counts
                 gc.time:            7.000 ms


# Run progress: 57.41% complete, ETA 00:08:05
# Fork: 3 of 3
WARNING: A terminally deprecated method in sun.misc.Unsafe has been called
WARNING: sun.misc.Unsafe::objectFieldOffset has been called by org.openjdk.jmh.util.Utils (file:/home/test/Workspaces/JavaWorkspace/JavaStream_KeySkew/.deps/jmh-core-1.37.jar)
WARNING: Please consider reporting this to the maintainers of class org.openjdk.jmh.util.Utils
WARNING: sun.misc.Unsafe::objectFieldOffset will be removed in a future release
# Warmup Iteration   1: Input: n=1000000, keys=256, observedHotFraction=0.003907, poolParallelism=3, availableProcessors=4
6.188 ms/op
# Warmup Iteration   2: 5.698 ms/op
# Warmup Iteration   3: 4.947 ms/op
# Warmup Iteration   4: 4.739 ms/op
# Warmup Iteration   5: 4.731 ms/op
Iteration   1: 4.664 ms/op
                 gc.alloc.rate:      3333.543 MB/sec
                 gc.alloc.rate.norm: 16306006.028 B/op
                 gc.count:           11.000 counts
                 gc.time:            7.000 ms

Iteration   2: 4.730 ms/op
                 gc.alloc.rate:      3286.639 MB/sec
                 gc.alloc.rate.norm: 16306005.849 B/op
                 gc.count:           11.000 counts
                 gc.time:            8.000 ms

Iteration   3: 4.671 ms/op
                 gc.alloc.rate:      3328.610 MB/sec
                 gc.alloc.rate.norm: 16306005.470 B/op
                 gc.count:           11.000 counts
                 gc.time:            7.000 ms

Iteration   4: 4.684 ms/op
                 gc.alloc.rate:      3319.120 MB/sec
                 gc.alloc.rate.norm: 16306006.243 B/op
                 gc.count:           11.000 counts
                 gc.time:            7.000 ms

Iteration   5: 4.696 ms/op
                 gc.alloc.rate:      3310.408 MB/sec
                 gc.alloc.rate.norm: 16306006.085 B/op
                 gc.count:           11.000 counts
                 gc.time:            7.000 ms



Result "research.skew.AggregationBenchmark.parallelMerge":
  4.716 ±(99.9%) 0.046 ms/op [Average]
  (min, avg, max) = (4.664, 4.716, 4.804), stdev = 0.043
  CI (99.9%): [4.670, 4.763] (assumes normal distribution)

Secondary result "research.skew.AggregationBenchmark.parallelMerge:gc.alloc.rate":
  3296.661 ±(99.9%) 32.209 MB/sec [Average]
  (min, avg, max) = (3236.356, 3296.661, 3333.543), stdev = 30.128
  CI (99.9%): [3264.452, 3328.869] (assumes normal distribution)

Secondary result "research.skew.AggregationBenchmark.parallelMerge:gc.alloc.rate.norm":
  16306006.168 ±(99.9%) 0.599 B/op [Average]
  (min, avg, max) = (16306005.397, 16306006.168, 16306007.162), stdev = 0.561
  CI (99.9%): [16306005.568, 16306006.767] (assumes normal distribution)

Secondary result "research.skew.AggregationBenchmark.parallelMerge:gc.count":
  164.000 ±(99.9%) 0.001 counts [Sum]
  (min, avg, max) = (10.000, 10.933, 11.000), stdev = 0.258
  CI (99.9%): [164.000, 164.000] (assumes normal distribution)

Secondary result "research.skew.AggregationBenchmark.parallelMerge:gc.time":
  109.000 ±(99.9%) 0.001 ms [Sum]
  (min, avg, max) = (7.000, 7.267, 9.000), stdev = 0.594
  CI (99.9%): [109.000, 109.000] (assumes normal distribution)


# JMH version: 1.37
# VM version: JDK 25.0.4.1, OpenJDK 64-Bit Server VM, 25.0.4.1+1-LTS
# VM invoker: /home/test/jdk/jdk-25.0.4.1+1/bin/java
# VM options: -Xms512m -Xmx512m -Djava.util.concurrent.ForkJoinPool.common.parallelism=3
# Blackhole mode: compiler (auto-detected, use -Djmh.blackhole.autoDetect=false to disable)
# Warmup: 5 iterations, 1 s each
# Measurement: 5 iterations, 1 s each
# Timeout: 10 min per iteration
# Threads: 1 thread, will synchronize iterations
# Benchmark mode: Average time, time/op
# Benchmark: research.skew.AggregationBenchmark.parallelMerge
# Parameters: (cardinality = 256, distribution = hot50, seed = 20260929, size = 10000)

# Run progress: 58.33% complete, ETA 00:07:55
# Fork: 1 of 3
WARNING: A terminally deprecated method in sun.misc.Unsafe has been called
WARNING: sun.misc.Unsafe::objectFieldOffset has been called by org.openjdk.jmh.util.Utils (file:/home/test/Workspaces/JavaWorkspace/JavaStream_KeySkew/.deps/jmh-core-1.37.jar)
WARNING: Please consider reporting this to the maintainers of class org.openjdk.jmh.util.Utils
WARNING: sun.misc.Unsafe::objectFieldOffset will be removed in a future release
# Warmup Iteration   1: Input: n=10000, keys=256, observedHotFraction=0.500000, poolParallelism=3, availableProcessors=4
0.167 ms/op
# Warmup Iteration   2: 0.140 ms/op
# Warmup Iteration   3: 0.136 ms/op
# Warmup Iteration   4: 0.134 ms/op
# Warmup Iteration   5: 0.134 ms/op
Iteration   1: 0.134 ms/op
                 gc.alloc.rate:      2801.028 MB/sec
                 gc.alloc.rate.norm: 394575.868 B/op
                 gc.count:           9.000 counts
                 gc.time:            5.000 ms

Iteration   2: 0.135 ms/op
                 gc.alloc.rate:      2793.192 MB/sec
                 gc.alloc.rate.norm: 394575.867 B/op
                 gc.count:           9.000 counts
                 gc.time:            4.000 ms

Iteration   3: 0.134 ms/op
                 gc.alloc.rate:      2816.839 MB/sec
                 gc.alloc.rate.norm: 394575.795 B/op
                 gc.count:           9.000 counts
                 gc.time:            6.000 ms

Iteration   4: 0.135 ms/op
                 gc.alloc.rate:      2795.283 MB/sec
                 gc.alloc.rate.norm: 394592.199 B/op
                 gc.count:           10.000 counts
                 gc.time:            6.000 ms

Iteration   5: 0.136 ms/op
                 gc.alloc.rate:      2773.698 MB/sec
                 gc.alloc.rate.norm: 394607.672 B/op
                 gc.count:           9.000 counts
                 gc.time:            6.000 ms


# Run progress: 59.26% complete, ETA 00:07:44
# Fork: 2 of 3
WARNING: A terminally deprecated method in sun.misc.Unsafe has been called
WARNING: sun.misc.Unsafe::objectFieldOffset has been called by org.openjdk.jmh.util.Utils (file:/home/test/Workspaces/JavaWorkspace/JavaStream_KeySkew/.deps/jmh-core-1.37.jar)
WARNING: Please consider reporting this to the maintainers of class org.openjdk.jmh.util.Utils
WARNING: sun.misc.Unsafe::objectFieldOffset will be removed in a future release
# Warmup Iteration   1: Input: n=10000, keys=256, observedHotFraction=0.500000, poolParallelism=3, availableProcessors=4
0.168 ms/op
# Warmup Iteration   2: 0.142 ms/op
# Warmup Iteration   3: 0.137 ms/op
# Warmup Iteration   4: 0.138 ms/op
# Warmup Iteration   5: 0.138 ms/op
Iteration   1: 0.137 ms/op
                 gc.alloc.rate:      2749.138 MB/sec
                 gc.alloc.rate.norm: 394575.537 B/op
                 gc.count:           9.000 counts
                 gc.time:            5.000 ms

Iteration   2: 0.138 ms/op
                 gc.alloc.rate:      2724.775 MB/sec
                 gc.alloc.rate.norm: 394575.549 B/op
                 gc.count:           9.000 counts
                 gc.time:            7.000 ms

Iteration   3: 0.137 ms/op
                 gc.alloc.rate:      2744.037 MB/sec
                 gc.alloc.rate.norm: 394575.559 B/op
                 gc.count:           9.000 counts
                 gc.time:            6.000 ms

Iteration   4: 0.138 ms/op
                 gc.alloc.rate:      2720.101 MB/sec
                 gc.alloc.rate.norm: 394588.691 B/op
                 gc.count:           9.000 counts
                 gc.time:            6.000 ms

Iteration   5: 0.138 ms/op
                 gc.alloc.rate:      2720.298 MB/sec
                 gc.alloc.rate.norm: 394607.479 B/op
                 gc.count:           9.000 counts
                 gc.time:            5.000 ms


# Run progress: 60.19% complete, ETA 00:07:33
# Fork: 3 of 3
WARNING: A terminally deprecated method in sun.misc.Unsafe has been called
WARNING: sun.misc.Unsafe::objectFieldOffset has been called by org.openjdk.jmh.util.Utils (file:/home/test/Workspaces/JavaWorkspace/JavaStream_KeySkew/.deps/jmh-core-1.37.jar)
WARNING: Please consider reporting this to the maintainers of class org.openjdk.jmh.util.Utils
WARNING: sun.misc.Unsafe::objectFieldOffset will be removed in a future release
# Warmup Iteration   1: Input: n=10000, keys=256, observedHotFraction=0.500000, poolParallelism=3, availableProcessors=4
0.167 ms/op
# Warmup Iteration   2: 0.142 ms/op
# Warmup Iteration   3: 0.136 ms/op
# Warmup Iteration   4: 0.137 ms/op
# Warmup Iteration   5: 0.137 ms/op
Iteration   1: 0.137 ms/op
                 gc.alloc.rate:      2747.165 MB/sec
                 gc.alloc.rate.norm: 394575.793 B/op
                 gc.count:           9.000 counts
                 gc.time:            6.000 ms

Iteration   2: 0.137 ms/op
                 gc.alloc.rate:      2752.219 MB/sec
                 gc.alloc.rate.norm: 394575.764 B/op
                 gc.count:           9.000 counts
                 gc.time:            6.000 ms

Iteration   3: 0.136 ms/op
                 gc.alloc.rate:      2758.144 MB/sec
                 gc.alloc.rate.norm: 394575.931 B/op
                 gc.count:           9.000 counts
                 gc.time:            6.000 ms

Iteration   4: 0.137 ms/op
                 gc.alloc.rate:      2754.614 MB/sec
                 gc.alloc.rate.norm: 394588.251 B/op
                 gc.count:           9.000 counts
                 gc.time:            5.000 ms

Iteration   5: 0.136 ms/op
                 gc.alloc.rate:      2763.322 MB/sec
                 gc.alloc.rate.norm: 394607.794 B/op
                 gc.count:           9.000 counts
                 gc.time:            5.000 ms



Result "research.skew.AggregationBenchmark.parallelMerge":
  0.136 ±(99.9%) 0.002 ms/op [Average]
  (min, avg, max) = (0.134, 0.136, 0.138), stdev = 0.001
  CI (99.9%): [0.135, 0.138] (assumes normal distribution)

Secondary result "research.skew.AggregationBenchmark.parallelMerge:gc.alloc.rate":
  2760.923 ±(99.9%) 31.926 MB/sec [Average]
  (min, avg, max) = (2720.101, 2760.923, 2816.839), stdev = 29.864
  CI (99.9%): [2728.997, 2792.850] (assumes normal distribution)

Secondary result "research.skew.AggregationBenchmark.parallelMerge:gc.alloc.rate.norm":
  394584.917 ±(99.9%) 13.958 B/op [Average]
  (min, avg, max) = (394575.537, 394584.917, 394607.794), stdev = 13.057
  CI (99.9%): [394570.958, 394598.875] (assumes normal distribution)

Secondary result "research.skew.AggregationBenchmark.parallelMerge:gc.count":
  136.000 ±(99.9%) 0.001 counts [Sum]
  (min, avg, max) = (9.000, 9.067, 10.000), stdev = 0.258
  CI (99.9%): [136.000, 136.000] (assumes normal distribution)

Secondary result "research.skew.AggregationBenchmark.parallelMerge:gc.time":
  84.000 ±(99.9%) 0.001 ms [Sum]
  (min, avg, max) = (4.000, 5.600, 7.000), stdev = 0.737
  CI (99.9%): [84.000, 84.000] (assumes normal distribution)


# JMH version: 1.37
# VM version: JDK 25.0.4.1, OpenJDK 64-Bit Server VM, 25.0.4.1+1-LTS
# VM invoker: /home/test/jdk/jdk-25.0.4.1+1/bin/java
# VM options: -Xms512m -Xmx512m -Djava.util.concurrent.ForkJoinPool.common.parallelism=3
# Blackhole mode: compiler (auto-detected, use -Djmh.blackhole.autoDetect=false to disable)
# Warmup: 5 iterations, 1 s each
# Measurement: 5 iterations, 1 s each
# Timeout: 10 min per iteration
# Threads: 1 thread, will synchronize iterations
# Benchmark mode: Average time, time/op
# Benchmark: research.skew.AggregationBenchmark.parallelMerge
# Parameters: (cardinality = 256, distribution = hot50, seed = 20260929, size = 100000)

# Run progress: 61.11% complete, ETA 00:07:23
# Fork: 1 of 3
WARNING: A terminally deprecated method in sun.misc.Unsafe has been called
WARNING: sun.misc.Unsafe::objectFieldOffset has been called by org.openjdk.jmh.util.Utils (file:/home/test/Workspaces/JavaWorkspace/JavaStream_KeySkew/.deps/jmh-core-1.37.jar)
WARNING: Please consider reporting this to the maintainers of class org.openjdk.jmh.util.Utils
WARNING: sun.misc.Unsafe::objectFieldOffset will be removed in a future release
# Warmup Iteration   1: Input: n=100000, keys=256, observedHotFraction=0.500000, poolParallelism=3, availableProcessors=4
0.711 ms/op
# Warmup Iteration   2: 0.633 ms/op
# Warmup Iteration   3: 0.570 ms/op
# Warmup Iteration   4: 0.571 ms/op
# Warmup Iteration   5: 0.558 ms/op
Iteration   1: 0.560 ms/op
                 gc.alloc.rate:      3247.557 MB/sec
                 gc.alloc.rate.norm: 1905931.758 B/op
                 gc.count:           10.000 counts
                 gc.time:            7.000 ms

Iteration   2: 0.560 ms/op
                 gc.alloc.rate:      3242.069 MB/sec
                 gc.alloc.rate.norm: 1905931.615 B/op
                 gc.count:           11.000 counts
                 gc.time:            7.000 ms

Iteration   3: 0.557 ms/op
                 gc.alloc.rate:      3262.489 MB/sec
                 gc.alloc.rate.norm: 1905931.648 B/op
                 gc.count:           11.000 counts
                 gc.time:            7.000 ms

Iteration   4: 0.560 ms/op
                 gc.alloc.rate:      3246.199 MB/sec
                 gc.alloc.rate.norm: 1905931.490 B/op
                 gc.count:           10.000 counts
                 gc.time:            6.000 ms

Iteration   5: 0.557 ms/op
                 gc.alloc.rate:      3262.163 MB/sec
                 gc.alloc.rate.norm: 1905931.768 B/op
                 gc.count:           11.000 counts
                 gc.time:            7.000 ms


# Run progress: 62.04% complete, ETA 00:07:12
# Fork: 2 of 3
WARNING: A terminally deprecated method in sun.misc.Unsafe has been called
WARNING: sun.misc.Unsafe::objectFieldOffset has been called by org.openjdk.jmh.util.Utils (file:/home/test/Workspaces/JavaWorkspace/JavaStream_KeySkew/.deps/jmh-core-1.37.jar)
WARNING: Please consider reporting this to the maintainers of class org.openjdk.jmh.util.Utils
WARNING: sun.misc.Unsafe::objectFieldOffset will be removed in a future release
# Warmup Iteration   1: Input: n=100000, keys=256, observedHotFraction=0.500000, poolParallelism=3, availableProcessors=4
0.711 ms/op
# Warmup Iteration   2: 0.630 ms/op
# Warmup Iteration   3: 0.570 ms/op
# Warmup Iteration   4: 0.582 ms/op
# Warmup Iteration   5: 0.574 ms/op
Iteration   1: 0.576 ms/op
                 gc.alloc.rate:      3153.806 MB/sec
                 gc.alloc.rate.norm: 1905931.912 B/op
                 gc.count:           11.000 counts
                 gc.time:            7.000 ms

Iteration   2: 0.576 ms/op
                 gc.alloc.rate:      3152.103 MB/sec
                 gc.alloc.rate.norm: 1905931.942 B/op
                 gc.count:           10.000 counts
                 gc.time:            6.000 ms

Iteration   3: 0.575 ms/op
                 gc.alloc.rate:      3160.826 MB/sec
                 gc.alloc.rate.norm: 1905931.876 B/op
                 gc.count:           10.000 counts
                 gc.time:            6.000 ms

Iteration   4: 0.578 ms/op
                 gc.alloc.rate:      3141.794 MB/sec
                 gc.alloc.rate.norm: 1905931.660 B/op
                 gc.count:           11.000 counts
                 gc.time:            8.000 ms

Iteration   5: 0.576 ms/op
                 gc.alloc.rate:      3153.669 MB/sec
                 gc.alloc.rate.norm: 1905931.954 B/op
                 gc.count:           10.000 counts
                 gc.time:            6.000 ms


# Run progress: 62.96% complete, ETA 00:07:01
# Fork: 3 of 3
WARNING: A terminally deprecated method in sun.misc.Unsafe has been called
WARNING: sun.misc.Unsafe::objectFieldOffset has been called by org.openjdk.jmh.util.Utils (file:/home/test/Workspaces/JavaWorkspace/JavaStream_KeySkew/.deps/jmh-core-1.37.jar)
WARNING: Please consider reporting this to the maintainers of class org.openjdk.jmh.util.Utils
WARNING: sun.misc.Unsafe::objectFieldOffset will be removed in a future release
# Warmup Iteration   1: Input: n=100000, keys=256, observedHotFraction=0.500000, poolParallelism=3, availableProcessors=4
0.705 ms/op
# Warmup Iteration   2: 0.593 ms/op
# Warmup Iteration   3: 0.552 ms/op
# Warmup Iteration   4: 0.553 ms/op
# Warmup Iteration   5: 0.546 ms/op
Iteration   1: 0.545 ms/op
                 gc.alloc.rate:      3334.253 MB/sec
                 gc.alloc.rate.norm: 1905931.557 B/op
                 gc.count:           11.000 counts
                 gc.time:            7.000 ms

Iteration   2: 0.547 ms/op
                 gc.alloc.rate:      3323.879 MB/sec
                 gc.alloc.rate.norm: 1905931.607 B/op
                 gc.count:           11.000 counts
                 gc.time:            8.000 ms

Iteration   3: 0.545 ms/op
                 gc.alloc.rate:      3333.306 MB/sec
                 gc.alloc.rate.norm: 1905931.427 B/op
                 gc.count:           11.000 counts
                 gc.time:            6.000 ms

Iteration   4: 0.544 ms/op
                 gc.alloc.rate:      3343.470 MB/sec
                 gc.alloc.rate.norm: 1905931.596 B/op
                 gc.count:           11.000 counts
                 gc.time:            7.000 ms

Iteration   5: 0.544 ms/op
                 gc.alloc.rate:      3339.400 MB/sec
                 gc.alloc.rate.norm: 1905931.524 B/op
                 gc.count:           11.000 counts
                 gc.time:            7.000 ms



Result "research.skew.AggregationBenchmark.parallelMerge":
  0.560 ±(99.9%) 0.014 ms/op [Average]
  (min, avg, max) = (0.544, 0.560, 0.578), stdev = 0.013
  CI (99.9%): [0.546, 0.574] (assumes normal distribution)

Secondary result "research.skew.AggregationBenchmark.parallelMerge:gc.alloc.rate":
  3246.466 ±(99.9%) 82.909 MB/sec [Average]
  (min, avg, max) = (3141.794, 3246.466, 3343.470), stdev = 77.553
  CI (99.9%): [3163.557, 3329.374] (assumes normal distribution)

Secondary result "research.skew.AggregationBenchmark.parallelMerge:gc.alloc.rate.norm":
  1905931.689 ±(99.9%) 0.182 B/op [Average]
  (min, avg, max) = (1905931.427, 1905931.689, 1905931.954), stdev = 0.170
  CI (99.9%): [1905931.507, 1905931.871] (assumes normal distribution)

Secondary result "research.skew.AggregationBenchmark.parallelMerge:gc.count":
  160.000 ±(99.9%) 0.001 counts [Sum]
  (min, avg, max) = (10.000, 10.667, 11.000), stdev = 0.488
  CI (99.9%): [160.000, 160.000] (assumes normal distribution)

Secondary result "research.skew.AggregationBenchmark.parallelMerge:gc.time":
  102.000 ±(99.9%) 0.001 ms [Sum]
  (min, avg, max) = (6.000, 6.800, 8.000), stdev = 0.676
  CI (99.9%): [102.000, 102.000] (assumes normal distribution)


# JMH version: 1.37
# VM version: JDK 25.0.4.1, OpenJDK 64-Bit Server VM, 25.0.4.1+1-LTS
# VM invoker: /home/test/jdk/jdk-25.0.4.1+1/bin/java
# VM options: -Xms512m -Xmx512m -Djava.util.concurrent.ForkJoinPool.common.parallelism=3
# Blackhole mode: compiler (auto-detected, use -Djmh.blackhole.autoDetect=false to disable)
# Warmup: 5 iterations, 1 s each
# Measurement: 5 iterations, 1 s each
# Timeout: 10 min per iteration
# Threads: 1 thread, will synchronize iterations
# Benchmark mode: Average time, time/op
# Benchmark: research.skew.AggregationBenchmark.parallelMerge
# Parameters: (cardinality = 256, distribution = hot50, seed = 20260929, size = 1000000)

# Run progress: 63.89% complete, ETA 00:06:51
# Fork: 1 of 3
WARNING: A terminally deprecated method in sun.misc.Unsafe has been called
WARNING: sun.misc.Unsafe::objectFieldOffset has been called by org.openjdk.jmh.util.Utils (file:/home/test/Workspaces/JavaWorkspace/JavaStream_KeySkew/.deps/jmh-core-1.37.jar)
WARNING: Please consider reporting this to the maintainers of class org.openjdk.jmh.util.Utils
WARNING: sun.misc.Unsafe::objectFieldOffset will be removed in a future release
# Warmup Iteration   1: Input: n=1000000, keys=256, observedHotFraction=0.500000, poolParallelism=3, availableProcessors=4
6.117 ms/op
# Warmup Iteration   2: 5.628 ms/op
# Warmup Iteration   3: 5.084 ms/op
# Warmup Iteration   4: 4.792 ms/op
# Warmup Iteration   5: 5.292 ms/op
Iteration   1: 4.754 ms/op
                 gc.alloc.rate:      3270.204 MB/sec
                 gc.alloc.rate.norm: 16305990.104 B/op
                 gc.count:           11.000 counts
                 gc.time:            8.000 ms

Iteration   2: 4.808 ms/op
                 gc.alloc.rate:      3233.506 MB/sec
                 gc.alloc.rate.norm: 16305991.120 B/op
                 gc.count:           10.000 counts
                 gc.time:            8.000 ms

Iteration   3: 4.727 ms/op
                 gc.alloc.rate:      3288.770 MB/sec
                 gc.alloc.rate.norm: 16305991.358 B/op
                 gc.count:           11.000 counts
                 gc.time:            8.000 ms

Iteration   4: 4.696 ms/op
                 gc.alloc.rate:      3311.007 MB/sec
                 gc.alloc.rate.norm: 16306008.075 B/op
                 gc.count:           11.000 counts
                 gc.time:            7.000 ms

Iteration   5: 4.733 ms/op
                 gc.alloc.rate:      3284.689 MB/sec
                 gc.alloc.rate.norm: 16306007.698 B/op
                 gc.count:           11.000 counts
                 gc.time:            7.000 ms


# Run progress: 64.81% complete, ETA 00:06:40
# Fork: 2 of 3
WARNING: A terminally deprecated method in sun.misc.Unsafe has been called
WARNING: sun.misc.Unsafe::objectFieldOffset has been called by org.openjdk.jmh.util.Utils (file:/home/test/Workspaces/JavaWorkspace/JavaStream_KeySkew/.deps/jmh-core-1.37.jar)
WARNING: Please consider reporting this to the maintainers of class org.openjdk.jmh.util.Utils
WARNING: sun.misc.Unsafe::objectFieldOffset will be removed in a future release
# Warmup Iteration   1: Input: n=1000000, keys=256, observedHotFraction=0.500000, poolParallelism=3, availableProcessors=4
6.112 ms/op
# Warmup Iteration   2: 5.647 ms/op
# Warmup Iteration   3: 4.995 ms/op
# Warmup Iteration   4: 4.789 ms/op
# Warmup Iteration   5: 4.843 ms/op
Iteration   1: 4.708 ms/op
                 gc.alloc.rate:      3302.219 MB/sec
                 gc.alloc.rate.norm: 16306005.183 B/op
                 gc.count:           11.000 counts
                 gc.time:            9.000 ms

Iteration   2: 4.963 ms/op
                 gc.alloc.rate:      3132.433 MB/sec
                 gc.alloc.rate.norm: 16306009.386 B/op
                 gc.count:           10.000 counts
                 gc.time:            9.000 ms

Iteration   3: 4.816 ms/op
                 gc.alloc.rate:      3228.114 MB/sec
                 gc.alloc.rate.norm: 16306008.615 B/op
                 gc.count:           11.000 counts
                 gc.time:            10.000 ms

Iteration   4: 4.763 ms/op
                 gc.alloc.rate:      3264.227 MB/sec
                 gc.alloc.rate.norm: 16306007.086 B/op
                 gc.count:           11.000 counts
                 gc.time:            7.000 ms

Iteration   5: 4.731 ms/op
                 gc.alloc.rate:      3285.967 MB/sec
                 gc.alloc.rate.norm: 16306006.340 B/op
                 gc.count:           10.000 counts
                 gc.time:            6.000 ms


# Run progress: 65.74% complete, ETA 00:06:30
# Fork: 3 of 3
WARNING: A terminally deprecated method in sun.misc.Unsafe has been called
WARNING: sun.misc.Unsafe::objectFieldOffset has been called by org.openjdk.jmh.util.Utils (file:/home/test/Workspaces/JavaWorkspace/JavaStream_KeySkew/.deps/jmh-core-1.37.jar)
WARNING: Please consider reporting this to the maintainers of class org.openjdk.jmh.util.Utils
WARNING: sun.misc.Unsafe::objectFieldOffset will be removed in a future release
# Warmup Iteration   1: Input: n=1000000, keys=256, observedHotFraction=0.500000, poolParallelism=3, availableProcessors=4
6.077 ms/op
# Warmup Iteration   2: 5.618 ms/op
# Warmup Iteration   3: 5.104 ms/op
# Warmup Iteration   4: 4.690 ms/op
# Warmup Iteration   5: 4.723 ms/op
Iteration   1: 4.706 ms/op
                 gc.alloc.rate:      3303.404 MB/sec
                 gc.alloc.rate.norm: 16306006.873 B/op
                 gc.count:           10.000 counts
                 gc.time:            8.000 ms

Iteration   2: 4.793 ms/op
                 gc.alloc.rate:      3243.702 MB/sec
                 gc.alloc.rate.norm: 16306004.555 B/op
                 gc.count:           11.000 counts
                 gc.time:            9.000 ms

Iteration   3: 4.697 ms/op
                 gc.alloc.rate:      3309.891 MB/sec
                 gc.alloc.rate.norm: 16306001.465 B/op
                 gc.count:           11.000 counts
                 gc.time:            8.000 ms

Iteration   4: 4.709 ms/op
                 gc.alloc.rate:      3301.416 MB/sec
                 gc.alloc.rate.norm: 16306002.028 B/op
                 gc.count:           11.000 counts
                 gc.time:            7.000 ms

Iteration   5: 4.702 ms/op
                 gc.alloc.rate:      3306.479 MB/sec
                 gc.alloc.rate.norm: 16306006.423 B/op
                 gc.count:           11.000 counts
                 gc.time:            8.000 ms



Result "research.skew.AggregationBenchmark.parallelMerge":
  4.754 ±(99.9%) 0.075 ms/op [Average]
  (min, avg, max) = (4.696, 4.754, 4.963), stdev = 0.070
  CI (99.9%): [4.678, 4.829] (assumes normal distribution)

Secondary result "research.skew.AggregationBenchmark.parallelMerge:gc.alloc.rate":
  3271.069 ±(99.9%) 50.538 MB/sec [Average]
  (min, avg, max) = (3132.433, 3271.069, 3311.007), stdev = 47.273
  CI (99.9%): [3220.531, 3321.606] (assumes normal distribution)

Secondary result "research.skew.AggregationBenchmark.parallelMerge:gc.alloc.rate.norm":
  16306003.087 ±(99.9%) 7.160 B/op [Average]
  (min, avg, max) = (16305990.104, 16306003.087, 16306009.386), stdev = 6.698
  CI (99.9%): [16305995.927, 16306010.248] (assumes normal distribution)

Secondary result "research.skew.AggregationBenchmark.parallelMerge:gc.count":
  161.000 ±(99.9%) 0.001 counts [Sum]
  (min, avg, max) = (10.000, 10.733, 11.000), stdev = 0.458
  CI (99.9%): [161.000, 161.000] (assumes normal distribution)

Secondary result "research.skew.AggregationBenchmark.parallelMerge:gc.time":
  119.000 ±(99.9%) 0.001 ms [Sum]
  (min, avg, max) = (6.000, 7.933, 10.000), stdev = 1.033
  CI (99.9%): [119.000, 119.000] (assumes normal distribution)


# JMH version: 1.37
# VM version: JDK 25.0.4.1, OpenJDK 64-Bit Server VM, 25.0.4.1+1-LTS
# VM invoker: /home/test/jdk/jdk-25.0.4.1+1/bin/java
# VM options: -Xms512m -Xmx512m -Djava.util.concurrent.ForkJoinPool.common.parallelism=3
# Blackhole mode: compiler (auto-detected, use -Djmh.blackhole.autoDetect=false to disable)
# Warmup: 5 iterations, 1 s each
# Measurement: 5 iterations, 1 s each
# Timeout: 10 min per iteration
# Threads: 1 thread, will synchronize iterations
# Benchmark mode: Average time, time/op
# Benchmark: research.skew.AggregationBenchmark.parallelMerge
# Parameters: (cardinality = 256, distribution = hot90, seed = 20260929, size = 10000)

# Run progress: 66.67% complete, ETA 00:06:19
# Fork: 1 of 3
WARNING: A terminally deprecated method in sun.misc.Unsafe has been called
WARNING: sun.misc.Unsafe::objectFieldOffset has been called by org.openjdk.jmh.util.Utils (file:/home/test/Workspaces/JavaWorkspace/JavaStream_KeySkew/.deps/jmh-core-1.37.jar)
WARNING: Please consider reporting this to the maintainers of class org.openjdk.jmh.util.Utils
WARNING: sun.misc.Unsafe::objectFieldOffset will be removed in a future release
# Warmup Iteration   1: Input: n=10000, keys=256, observedHotFraction=0.900000, poolParallelism=3, availableProcessors=4
0.131 ms/op
# Warmup Iteration   2: 0.109 ms/op
# Warmup Iteration   3: 0.106 ms/op
# Warmup Iteration   4: 0.105 ms/op
# Warmup Iteration   5: 0.105 ms/op
Iteration   1: 0.106 ms/op
                 gc.alloc.rate:      2419.062 MB/sec
                 gc.alloc.rate.norm: 268147.630 B/op
                 gc.count:           8.000 counts
                 gc.time:            4.000 ms

Iteration   2: 0.107 ms/op
                 gc.alloc.rate:      2400.214 MB/sec
                 gc.alloc.rate.norm: 268157.271 B/op
                 gc.count:           8.000 counts
                 gc.time:            5.000 ms

Iteration   3: 0.105 ms/op
                 gc.alloc.rate:      2427.901 MB/sec
                 gc.alloc.rate.norm: 268179.775 B/op
                 gc.count:           8.000 counts
                 gc.time:            4.000 ms

Iteration   4: 0.105 ms/op
                 gc.alloc.rate:      2430.829 MB/sec
                 gc.alloc.rate.norm: 268179.682 B/op
                 gc.count:           8.000 counts
                 gc.time:            5.000 ms

Iteration   5: 0.105 ms/op
                 gc.alloc.rate:      2434.275 MB/sec
                 gc.alloc.rate.norm: 268179.612 B/op
                 gc.count:           8.000 counts
                 gc.time:            4.000 ms


# Run progress: 67.59% complete, ETA 00:06:09
# Fork: 2 of 3
WARNING: A terminally deprecated method in sun.misc.Unsafe has been called
WARNING: sun.misc.Unsafe::objectFieldOffset has been called by org.openjdk.jmh.util.Utils (file:/home/test/Workspaces/JavaWorkspace/JavaStream_KeySkew/.deps/jmh-core-1.37.jar)
WARNING: Please consider reporting this to the maintainers of class org.openjdk.jmh.util.Utils
WARNING: sun.misc.Unsafe::objectFieldOffset will be removed in a future release
# Warmup Iteration   1: Input: n=10000, keys=256, observedHotFraction=0.900000, poolParallelism=3, availableProcessors=4
0.132 ms/op
# Warmup Iteration   2: 0.109 ms/op
# Warmup Iteration   3: 0.106 ms/op
# Warmup Iteration   4: 0.107 ms/op
# Warmup Iteration   5: 0.106 ms/op
Iteration   1: 0.106 ms/op
                 gc.alloc.rate:      2423.096 MB/sec
                 gc.alloc.rate.norm: 268147.632 B/op
                 gc.count:           8.000 counts
                 gc.time:            4.000 ms

Iteration   2: 0.107 ms/op
                 gc.alloc.rate:      2378.469 MB/sec
                 gc.alloc.rate.norm: 268155.974 B/op
                 gc.count:           8.000 counts
                 gc.time:            5.000 ms

Iteration   3: 0.106 ms/op
                 gc.alloc.rate:      2414.578 MB/sec
                 gc.alloc.rate.norm: 268179.522 B/op
                 gc.count:           7.000 counts
                 gc.time:            3.000 ms

Iteration   4: 0.106 ms/op
                 gc.alloc.rate:      2415.383 MB/sec
                 gc.alloc.rate.norm: 268179.649 B/op
                 gc.count:           8.000 counts
                 gc.time:            5.000 ms

Iteration   5: 0.106 ms/op
                 gc.alloc.rate:      2417.571 MB/sec
                 gc.alloc.rate.norm: 268179.442 B/op
                 gc.count:           8.000 counts
                 gc.time:            4.000 ms


# Run progress: 68.52% complete, ETA 00:05:58
# Fork: 3 of 3
WARNING: A terminally deprecated method in sun.misc.Unsafe has been called
WARNING: sun.misc.Unsafe::objectFieldOffset has been called by org.openjdk.jmh.util.Utils (file:/home/test/Workspaces/JavaWorkspace/JavaStream_KeySkew/.deps/jmh-core-1.37.jar)
WARNING: Please consider reporting this to the maintainers of class org.openjdk.jmh.util.Utils
WARNING: sun.misc.Unsafe::objectFieldOffset will be removed in a future release
# Warmup Iteration   1: Input: n=10000, keys=256, observedHotFraction=0.900000, poolParallelism=3, availableProcessors=4
0.131 ms/op
# Warmup Iteration   2: 0.108 ms/op
# Warmup Iteration   3: 0.106 ms/op
# Warmup Iteration   4: 0.106 ms/op
# Warmup Iteration   5: 0.106 ms/op
Iteration   1: 0.106 ms/op
                 gc.alloc.rate:      2422.639 MB/sec
                 gc.alloc.rate.norm: 268147.779 B/op
                 gc.count:           8.000 counts
                 gc.time:            4.000 ms

Iteration   2: 0.107 ms/op
                 gc.alloc.rate:      2395.252 MB/sec
                 gc.alloc.rate.norm: 268156.881 B/op
                 gc.count:           8.000 counts
                 gc.time:            4.000 ms

Iteration   3: 0.107 ms/op
                 gc.alloc.rate:      2400.043 MB/sec
                 gc.alloc.rate.norm: 268179.879 B/op
                 gc.count:           8.000 counts
                 gc.time:            4.000 ms

Iteration   4: 0.105 ms/op
                 gc.alloc.rate:      2426.525 MB/sec
                 gc.alloc.rate.norm: 268179.689 B/op
                 gc.count:           8.000 counts
                 gc.time:            4.000 ms

Iteration   5: 0.106 ms/op
                 gc.alloc.rate:      2423.237 MB/sec
                 gc.alloc.rate.norm: 268179.766 B/op
                 gc.count:           8.000 counts
                 gc.time:            5.000 ms



Result "research.skew.AggregationBenchmark.parallelMerge":
  0.106 ±(99.9%) 0.001 ms/op [Average]
  (min, avg, max) = (0.105, 0.106, 0.107), stdev = 0.001
  CI (99.9%): [0.105, 0.107] (assumes normal distribution)

Secondary result "research.skew.AggregationBenchmark.parallelMerge:gc.alloc.rate":
  2415.272 ±(99.9%) 16.419 MB/sec [Average]
  (min, avg, max) = (2378.469, 2415.272, 2434.275), stdev = 15.358
  CI (99.9%): [2398.853, 2431.691] (assumes normal distribution)

Secondary result "research.skew.AggregationBenchmark.parallelMerge:gc.alloc.rate.norm":
  268168.679 ±(99.9%) 15.228 B/op [Average]
  (min, avg, max) = (268147.630, 268168.679, 268179.879), stdev = 14.244
  CI (99.9%): [268153.451, 268183.907] (assumes normal distribution)

Secondary result "research.skew.AggregationBenchmark.parallelMerge:gc.count":
  119.000 ±(99.9%) 0.001 counts [Sum]
  (min, avg, max) = (7.000, 7.933, 8.000), stdev = 0.258
  CI (99.9%): [119.000, 119.000] (assumes normal distribution)

Secondary result "research.skew.AggregationBenchmark.parallelMerge:gc.time":
  64.000 ±(99.9%) 0.001 ms [Sum]
  (min, avg, max) = (3.000, 4.267, 5.000), stdev = 0.594
  CI (99.9%): [64.000, 64.000] (assumes normal distribution)


# JMH version: 1.37
# VM version: JDK 25.0.4.1, OpenJDK 64-Bit Server VM, 25.0.4.1+1-LTS
# VM invoker: /home/test/jdk/jdk-25.0.4.1+1/bin/java
# VM options: -Xms512m -Xmx512m -Djava.util.concurrent.ForkJoinPool.common.parallelism=3
# Blackhole mode: compiler (auto-detected, use -Djmh.blackhole.autoDetect=false to disable)
# Warmup: 5 iterations, 1 s each
# Measurement: 5 iterations, 1 s each
# Timeout: 10 min per iteration
# Threads: 1 thread, will synchronize iterations
# Benchmark mode: Average time, time/op
# Benchmark: research.skew.AggregationBenchmark.parallelMerge
# Parameters: (cardinality = 256, distribution = hot90, seed = 20260929, size = 100000)

# Run progress: 69.44% complete, ETA 00:05:47
# Fork: 1 of 3
WARNING: A terminally deprecated method in sun.misc.Unsafe has been called
WARNING: sun.misc.Unsafe::objectFieldOffset has been called by org.openjdk.jmh.util.Utils (file:/home/test/Workspaces/JavaWorkspace/JavaStream_KeySkew/.deps/jmh-core-1.37.jar)
WARNING: Please consider reporting this to the maintainers of class org.openjdk.jmh.util.Utils
WARNING: sun.misc.Unsafe::objectFieldOffset will be removed in a future release
# Warmup Iteration   1: Input: n=100000, keys=256, observedHotFraction=0.900000, poolParallelism=3, availableProcessors=4
0.731 ms/op
# Warmup Iteration   2: 0.638 ms/op
# Warmup Iteration   3: 0.596 ms/op
# Warmup Iteration   4: 0.598 ms/op
# Warmup Iteration   5: 0.594 ms/op
Iteration   1: 0.587 ms/op
                 gc.alloc.rate:      3068.636 MB/sec
                 gc.alloc.rate.norm: 1887555.151 B/op
                 gc.count:           10.000 counts
                 gc.time:            6.000 ms

Iteration   2: 0.590 ms/op
                 gc.alloc.rate:      3048.428 MB/sec
                 gc.alloc.rate.norm: 1887555.200 B/op
                 gc.count:           10.000 counts
                 gc.time:            6.000 ms

Iteration   3: 0.587 ms/op
                 gc.alloc.rate:      3067.363 MB/sec
                 gc.alloc.rate.norm: 1887555.012 B/op
                 gc.count:           11.000 counts
                 gc.time:            7.000 ms

Iteration   4: 0.588 ms/op
                 gc.alloc.rate:      3059.606 MB/sec
                 gc.alloc.rate.norm: 1887555.427 B/op
                 gc.count:           10.000 counts
                 gc.time:            5.000 ms

Iteration   5: 0.585 ms/op
                 gc.alloc.rate:      3074.836 MB/sec
                 gc.alloc.rate.norm: 1887555.270 B/op
                 gc.count:           10.000 counts
                 gc.time:            6.000 ms


# Run progress: 70.37% complete, ETA 00:05:37
# Fork: 2 of 3
WARNING: A terminally deprecated method in sun.misc.Unsafe has been called
WARNING: sun.misc.Unsafe::objectFieldOffset has been called by org.openjdk.jmh.util.Utils (file:/home/test/Workspaces/JavaWorkspace/JavaStream_KeySkew/.deps/jmh-core-1.37.jar)
WARNING: Please consider reporting this to the maintainers of class org.openjdk.jmh.util.Utils
WARNING: sun.misc.Unsafe::objectFieldOffset will be removed in a future release
# Warmup Iteration   1: Input: n=100000, keys=256, observedHotFraction=0.900000, poolParallelism=3, availableProcessors=4
0.745 ms/op
# Warmup Iteration   2: 0.678 ms/op
# Warmup Iteration   3: 0.640 ms/op
# Warmup Iteration   4: 0.638 ms/op
# Warmup Iteration   5: 0.627 ms/op
Iteration   1: 0.629 ms/op
                 gc.alloc.rate:      2860.751 MB/sec
                 gc.alloc.rate.norm: 1887555.728 B/op
                 gc.count:           9.000 counts
                 gc.time:            6.000 ms

Iteration   2: 0.630 ms/op
                 gc.alloc.rate:      2857.384 MB/sec
                 gc.alloc.rate.norm: 1887555.788 B/op
                 gc.count:           9.000 counts
                 gc.time:            5.000 ms

Iteration   3: 0.632 ms/op
                 gc.alloc.rate:      2845.774 MB/sec
                 gc.alloc.rate.norm: 1887555.732 B/op
                 gc.count:           10.000 counts
                 gc.time:            8.000 ms

Iteration   4: 0.623 ms/op
                 gc.alloc.rate:      2887.633 MB/sec
                 gc.alloc.rate.norm: 1887556.002 B/op
                 gc.count:           9.000 counts
                 gc.time:            5.000 ms

Iteration   5: 0.629 ms/op
                 gc.alloc.rate:      2862.429 MB/sec
                 gc.alloc.rate.norm: 1887555.937 B/op
                 gc.count:           10.000 counts
                 gc.time:            6.000 ms


# Run progress: 71.30% complete, ETA 00:05:26
# Fork: 3 of 3
WARNING: A terminally deprecated method in sun.misc.Unsafe has been called
WARNING: sun.misc.Unsafe::objectFieldOffset has been called by org.openjdk.jmh.util.Utils (file:/home/test/Workspaces/JavaWorkspace/JavaStream_KeySkew/.deps/jmh-core-1.37.jar)
WARNING: Please consider reporting this to the maintainers of class org.openjdk.jmh.util.Utils
WARNING: sun.misc.Unsafe::objectFieldOffset will be removed in a future release
# Warmup Iteration   1: Input: n=100000, keys=256, observedHotFraction=0.900000, poolParallelism=3, availableProcessors=4
0.771 ms/op
# Warmup Iteration   2: 0.663 ms/op
# Warmup Iteration   3: 0.624 ms/op
# Warmup Iteration   4: 0.630 ms/op
# Warmup Iteration   5: 0.614 ms/op
Iteration   1: 0.613 ms/op
                 gc.alloc.rate:      2937.497 MB/sec
                 gc.alloc.rate.norm: 1887555.924 B/op
                 gc.count:           10.000 counts
                 gc.time:            6.000 ms

Iteration   2: 0.616 ms/op
                 gc.alloc.rate:      2922.933 MB/sec
                 gc.alloc.rate.norm: 1887555.943 B/op
                 gc.count:           9.000 counts
                 gc.time:            6.000 ms

Iteration   3: 0.614 ms/op
                 gc.alloc.rate:      2933.222 MB/sec
                 gc.alloc.rate.norm: 1887556.005 B/op
                 gc.count:           10.000 counts
                 gc.time:            6.000 ms

Iteration   4: 0.612 ms/op
                 gc.alloc.rate:      2939.992 MB/sec
                 gc.alloc.rate.norm: 1887555.902 B/op
                 gc.count:           10.000 counts
                 gc.time:            6.000 ms

Iteration   5: 0.610 ms/op
                 gc.alloc.rate:      2948.764 MB/sec
                 gc.alloc.rate.norm: 1887555.805 B/op
                 gc.count:           9.000 counts
                 gc.time:            5.000 ms



Result "research.skew.AggregationBenchmark.parallelMerge":
  0.610 ±(99.9%) 0.019 ms/op [Average]
  (min, avg, max) = (0.585, 0.610, 0.632), stdev = 0.018
  CI (99.9%): [0.591, 0.629] (assumes normal distribution)

Secondary result "research.skew.AggregationBenchmark.parallelMerge:gc.alloc.rate":
  2954.350 ±(99.9%) 92.622 MB/sec [Average]
  (min, avg, max) = (2845.774, 2954.350, 3074.836), stdev = 86.638
  CI (99.9%): [2861.728, 3046.972] (assumes normal distribution)

Secondary result "research.skew.AggregationBenchmark.parallelMerge:gc.alloc.rate.norm":
  1887555.655 ±(99.9%) 0.369 B/op [Average]
  (min, avg, max) = (1887555.012, 1887555.655, 1887556.005), stdev = 0.345
  CI (99.9%): [1887555.287, 1887556.024] (assumes normal distribution)

Secondary result "research.skew.AggregationBenchmark.parallelMerge:gc.count":
  146.000 ±(99.9%) 0.001 counts [Sum]
  (min, avg, max) = (9.000, 9.733, 11.000), stdev = 0.594
  CI (99.9%): [146.000, 146.000] (assumes normal distribution)

Secondary result "research.skew.AggregationBenchmark.parallelMerge:gc.time":
  89.000 ±(99.9%) 0.001 ms [Sum]
  (min, avg, max) = (5.000, 5.933, 8.000), stdev = 0.799
  CI (99.9%): [89.000, 89.000] (assumes normal distribution)


# JMH version: 1.37
# VM version: JDK 25.0.4.1, OpenJDK 64-Bit Server VM, 25.0.4.1+1-LTS
# VM invoker: /home/test/jdk/jdk-25.0.4.1+1/bin/java
# VM options: -Xms512m -Xmx512m -Djava.util.concurrent.ForkJoinPool.common.parallelism=3
# Blackhole mode: compiler (auto-detected, use -Djmh.blackhole.autoDetect=false to disable)
# Warmup: 5 iterations, 1 s each
# Measurement: 5 iterations, 1 s each
# Timeout: 10 min per iteration
# Threads: 1 thread, will synchronize iterations
# Benchmark mode: Average time, time/op
# Benchmark: research.skew.AggregationBenchmark.parallelMerge
# Parameters: (cardinality = 256, distribution = hot90, seed = 20260929, size = 1000000)

# Run progress: 72.22% complete, ETA 00:05:16
# Fork: 1 of 3
WARNING: A terminally deprecated method in sun.misc.Unsafe has been called
WARNING: sun.misc.Unsafe::objectFieldOffset has been called by org.openjdk.jmh.util.Utils (file:/home/test/Workspaces/JavaWorkspace/JavaStream_KeySkew/.deps/jmh-core-1.37.jar)
WARNING: Please consider reporting this to the maintainers of class org.openjdk.jmh.util.Utils
WARNING: sun.misc.Unsafe::objectFieldOffset will be removed in a future release
# Warmup Iteration   1: Input: n=1000000, keys=256, observedHotFraction=0.900000, poolParallelism=3, availableProcessors=4
6.065 ms/op
# Warmup Iteration   2: 5.623 ms/op
# Warmup Iteration   3: 5.144 ms/op
# Warmup Iteration   4: 4.855 ms/op
# Warmup Iteration   5: 4.889 ms/op
Iteration   1: 4.833 ms/op
                 gc.alloc.rate:      3216.966 MB/sec
                 gc.alloc.rate.norm: 16306006.686 B/op
                 gc.count:           10.000 counts
                 gc.time:            6.000 ms

Iteration   2: 4.929 ms/op
                 gc.alloc.rate:      3154.221 MB/sec
                 gc.alloc.rate.norm: 16306007.527 B/op
                 gc.count:           10.000 counts
                 gc.time:            6.000 ms

Iteration   3: 4.874 ms/op
                 gc.alloc.rate:      3189.819 MB/sec
                 gc.alloc.rate.norm: 16306007.417 B/op
                 gc.count:           11.000 counts
                 gc.time:            7.000 ms

Iteration   4: 4.857 ms/op
                 gc.alloc.rate:      3200.833 MB/sec
                 gc.alloc.rate.norm: 16306007.417 B/op
                 gc.count:           10.000 counts
                 gc.time:            6.000 ms

Iteration   5: 4.817 ms/op
                 gc.alloc.rate:      3227.855 MB/sec
                 gc.alloc.rate.norm: 16306007.269 B/op
                 gc.count:           11.000 counts
                 gc.time:            7.000 ms


# Run progress: 73.15% complete, ETA 00:05:05
# Fork: 2 of 3
WARNING: A terminally deprecated method in sun.misc.Unsafe has been called
WARNING: sun.misc.Unsafe::objectFieldOffset has been called by org.openjdk.jmh.util.Utils (file:/home/test/Workspaces/JavaWorkspace/JavaStream_KeySkew/.deps/jmh-core-1.37.jar)
WARNING: Please consider reporting this to the maintainers of class org.openjdk.jmh.util.Utils
WARNING: sun.misc.Unsafe::objectFieldOffset will be removed in a future release
# Warmup Iteration   1: Input: n=1000000, keys=256, observedHotFraction=0.900000, poolParallelism=3, availableProcessors=4
6.119 ms/op
# Warmup Iteration   2: 5.664 ms/op
# Warmup Iteration   3: 5.227 ms/op
# Warmup Iteration   4: 4.986 ms/op
# Warmup Iteration   5: 5.007 ms/op
Iteration   1: 4.838 ms/op
                 gc.alloc.rate:      3213.473 MB/sec
                 gc.alloc.rate.norm: 16306000.541 B/op
                 gc.count:           10.000 counts
                 gc.time:            7.000 ms

Iteration   2: 4.868 ms/op
                 gc.alloc.rate:      3193.510 MB/sec
                 gc.alloc.rate.norm: 16305993.670 B/op
                 gc.count:           11.000 counts
                 gc.time:            9.000 ms

Iteration   3: 4.858 ms/op
                 gc.alloc.rate:      3200.219 MB/sec
                 gc.alloc.rate.norm: 16305994.990 B/op
                 gc.count:           10.000 counts
                 gc.time:            8.000 ms

Iteration   4: 4.768 ms/op
                 gc.alloc.rate:      3261.022 MB/sec
                 gc.alloc.rate.norm: 16306008.114 B/op
                 gc.count:           11.000 counts
                 gc.time:            7.000 ms

Iteration   5: 4.802 ms/op
                 gc.alloc.rate:      3237.436 MB/sec
                 gc.alloc.rate.norm: 16306007.005 B/op
                 gc.count:           11.000 counts
                 gc.time:            7.000 ms


# Run progress: 74.07% complete, ETA 00:04:55
# Fork: 3 of 3
WARNING: A terminally deprecated method in sun.misc.Unsafe has been called
WARNING: sun.misc.Unsafe::objectFieldOffset has been called by org.openjdk.jmh.util.Utils (file:/home/test/Workspaces/JavaWorkspace/JavaStream_KeySkew/.deps/jmh-core-1.37.jar)
WARNING: Please consider reporting this to the maintainers of class org.openjdk.jmh.util.Utils
WARNING: sun.misc.Unsafe::objectFieldOffset will be removed in a future release
# Warmup Iteration   1: Input: n=1000000, keys=256, observedHotFraction=0.900000, poolParallelism=3, availableProcessors=4
6.436 ms/op
# Warmup Iteration   2: 5.958 ms/op
# Warmup Iteration   3: 5.478 ms/op
# Warmup Iteration   4: 5.302 ms/op
# Warmup Iteration   5: 5.160 ms/op
Iteration   1: 5.096 ms/op
                 gc.alloc.rate:      3050.992 MB/sec
                 gc.alloc.rate.norm: 16306008.650 B/op
                 gc.count:           10.000 counts
                 gc.time:            8.000 ms

Iteration   2: 5.153 ms/op
                 gc.alloc.rate:      3016.829 MB/sec
                 gc.alloc.rate.norm: 16306009.723 B/op
                 gc.count:           10.000 counts
                 gc.time:            6.000 ms

Iteration   3: 5.127 ms/op
                 gc.alloc.rate:      3032.505 MB/sec
                 gc.alloc.rate.norm: 16306006.980 B/op
                 gc.count:           10.000 counts
                 gc.time:            7.000 ms

Iteration   4: 5.126 ms/op
                 gc.alloc.rate:      3032.865 MB/sec
                 gc.alloc.rate.norm: 16306008.286 B/op
                 gc.count:           10.000 counts
                 gc.time:            6.000 ms

Iteration   5: 5.131 ms/op
                 gc.alloc.rate:      3030.255 MB/sec
                 gc.alloc.rate.norm: 16306008.246 B/op
                 gc.count:           10.000 counts
                 gc.time:            6.000 ms



Result "research.skew.AggregationBenchmark.parallelMerge":
  4.938 ±(99.9%) 0.152 ms/op [Average]
  (min, avg, max) = (4.768, 4.938, 5.153), stdev = 0.143
  CI (99.9%): [4.786, 5.091] (assumes normal distribution)

Secondary result "research.skew.AggregationBenchmark.parallelMerge:gc.alloc.rate":
  3150.587 ±(99.9%) 95.852 MB/sec [Average]
  (min, avg, max) = (3016.829, 3150.587, 3261.022), stdev = 89.660
  CI (99.9%): [3054.735, 3246.439] (assumes normal distribution)

Secondary result "research.skew.AggregationBenchmark.parallelMerge:gc.alloc.rate.norm":
  16306005.501 ±(99.9%) 5.310 B/op [Average]
  (min, avg, max) = (16305993.670, 16306005.501, 16306009.723), stdev = 4.967
  CI (99.9%): [16306000.192, 16306010.811] (assumes normal distribution)

Secondary result "research.skew.AggregationBenchmark.parallelMerge:gc.count":
  155.000 ±(99.9%) 0.001 counts [Sum]
  (min, avg, max) = (10.000, 10.333, 11.000), stdev = 0.488
  CI (99.9%): [155.000, 155.000] (assumes normal distribution)

Secondary result "research.skew.AggregationBenchmark.parallelMerge:gc.time":
  103.000 ±(99.9%) 0.001 ms [Sum]
  (min, avg, max) = (6.000, 6.867, 9.000), stdev = 0.915
  CI (99.9%): [103.000, 103.000] (assumes normal distribution)


# JMH version: 1.37
# VM version: JDK 25.0.4.1, OpenJDK 64-Bit Server VM, 25.0.4.1+1-LTS
# VM invoker: /home/test/jdk/jdk-25.0.4.1+1/bin/java
# VM options: -Xms512m -Xmx512m -Djava.util.concurrent.ForkJoinPool.common.parallelism=3
# Blackhole mode: compiler (auto-detected, use -Djmh.blackhole.autoDetect=false to disable)
# Warmup: 5 iterations, 1 s each
# Measurement: 5 iterations, 1 s each
# Timeout: 10 min per iteration
# Threads: 1 thread, will synchronize iterations
# Benchmark mode: Average time, time/op
# Benchmark: research.skew.AggregationBenchmark.sequential
# Parameters: (cardinality = 256, distribution = uniform, seed = 20260929, size = 10000)

# Run progress: 75.00% complete, ETA 00:04:44
# Fork: 1 of 3
WARNING: A terminally deprecated method in sun.misc.Unsafe has been called
WARNING: sun.misc.Unsafe::objectFieldOffset has been called by org.openjdk.jmh.util.Utils (file:/home/test/Workspaces/JavaWorkspace/JavaStream_KeySkew/.deps/jmh-core-1.37.jar)
WARNING: Please consider reporting this to the maintainers of class org.openjdk.jmh.util.Utils
WARNING: sun.misc.Unsafe::objectFieldOffset will be removed in a future release
# Warmup Iteration   1: Input: n=10000, keys=256, observedHotFraction=0.004000, poolParallelism=3, availableProcessors=4
0.176 ms/op
# Warmup Iteration   2: 0.158 ms/op
# Warmup Iteration   3: 0.159 ms/op
# Warmup Iteration   4: 0.158 ms/op
# Warmup Iteration   5: 0.156 ms/op
Iteration   1: 0.155 ms/op
                 gc.alloc.rate:      1096.875 MB/sec
                 gc.alloc.rate.norm: 178697.091 B/op
                 gc.count:           4.000 counts
                 gc.time:            4.000 ms

Iteration   2: 0.156 ms/op
                 gc.alloc.rate:      1095.041 MB/sec
                 gc.alloc.rate.norm: 178697.093 B/op
                 gc.count:           4.000 counts
                 gc.time:            4.000 ms

Iteration   3: 0.155 ms/op
                 gc.alloc.rate:      1095.966 MB/sec
                 gc.alloc.rate.norm: 178697.097 B/op
                 gc.count:           3.000 counts
                 gc.time:            3.000 ms

Iteration   4: 0.155 ms/op
                 gc.alloc.rate:      1096.153 MB/sec
                 gc.alloc.rate.norm: 178697.092 B/op
                 gc.count:           4.000 counts
                 gc.time:            5.000 ms

Iteration   5: 0.155 ms/op
                 gc.alloc.rate:      1097.105 MB/sec
                 gc.alloc.rate.norm: 178723.203 B/op
                 gc.count:           3.000 counts
                 gc.time:            2.000 ms


# Run progress: 75.93% complete, ETA 00:04:34
# Fork: 2 of 3
WARNING: A terminally deprecated method in sun.misc.Unsafe has been called
WARNING: sun.misc.Unsafe::objectFieldOffset has been called by org.openjdk.jmh.util.Utils (file:/home/test/Workspaces/JavaWorkspace/JavaStream_KeySkew/.deps/jmh-core-1.37.jar)
WARNING: Please consider reporting this to the maintainers of class org.openjdk.jmh.util.Utils
WARNING: sun.misc.Unsafe::objectFieldOffset will be removed in a future release
# Warmup Iteration   1: Input: n=10000, keys=256, observedHotFraction=0.004000, poolParallelism=3, availableProcessors=4
0.172 ms/op
# Warmup Iteration   2: 0.159 ms/op
# Warmup Iteration   3: 0.158 ms/op
# Warmup Iteration   4: 0.163 ms/op
# Warmup Iteration   5: 0.157 ms/op
Iteration   1: 0.156 ms/op
                 gc.alloc.rate:      1094.379 MB/sec
                 gc.alloc.rate.norm: 178697.098 B/op
                 gc.count:           4.000 counts
                 gc.time:            5.000 ms

Iteration   2: 0.156 ms/op
                 gc.alloc.rate:      1093.908 MB/sec
                 gc.alloc.rate.norm: 178697.094 B/op
                 gc.count:           3.000 counts
                 gc.time:            3.000 ms

Iteration   3: 0.156 ms/op
                 gc.alloc.rate:      1095.220 MB/sec
                 gc.alloc.rate.norm: 178697.092 B/op
                 gc.count:           4.000 counts
                 gc.time:            4.000 ms

Iteration   4: 0.156 ms/op
                 gc.alloc.rate:      1094.999 MB/sec
                 gc.alloc.rate.norm: 178697.093 B/op
                 gc.count:           4.000 counts
                 gc.time:            5.000 ms

Iteration   5: 0.156 ms/op
                 gc.alloc.rate:      1090.444 MB/sec
                 gc.alloc.rate.norm: 178720.555 B/op
                 gc.count:           3.000 counts
                 gc.time:            3.000 ms


# Run progress: 76.85% complete, ETA 00:04:23
# Fork: 3 of 3
WARNING: A terminally deprecated method in sun.misc.Unsafe has been called
WARNING: sun.misc.Unsafe::objectFieldOffset has been called by org.openjdk.jmh.util.Utils (file:/home/test/Workspaces/JavaWorkspace/JavaStream_KeySkew/.deps/jmh-core-1.37.jar)
WARNING: Please consider reporting this to the maintainers of class org.openjdk.jmh.util.Utils
WARNING: sun.misc.Unsafe::objectFieldOffset will be removed in a future release
# Warmup Iteration   1: Input: n=10000, keys=256, observedHotFraction=0.004000, poolParallelism=3, availableProcessors=4
0.174 ms/op
# Warmup Iteration   2: 0.156 ms/op
# Warmup Iteration   3: 0.153 ms/op
# Warmup Iteration   4: 0.155 ms/op
# Warmup Iteration   5: 0.152 ms/op
Iteration   1: 0.152 ms/op
                 gc.alloc.rate:      1124.559 MB/sec
                 gc.alloc.rate.norm: 178745.059 B/op
                 gc.count:           3.000 counts
                 gc.time:            3.000 ms

Iteration   2: 0.152 ms/op
                 gc.alloc.rate:      1118.732 MB/sec
                 gc.alloc.rate.norm: 178745.060 B/op
                 gc.count:           4.000 counts
                 gc.time:            4.000 ms

Iteration   3: 0.151 ms/op
                 gc.alloc.rate:      1126.932 MB/sec
                 gc.alloc.rate.norm: 178745.052 B/op
                 gc.count:           4.000 counts
                 gc.time:            4.000 ms

Iteration   4: 0.151 ms/op
                 gc.alloc.rate:      1126.435 MB/sec
                 gc.alloc.rate.norm: 178745.053 B/op
                 gc.count:           3.000 counts
                 gc.time:            3.000 ms

Iteration   5: 0.153 ms/op
                 gc.alloc.rate:      1117.188 MB/sec
                 gc.alloc.rate.norm: 178760.649 B/op
                 gc.count:           4.000 counts
                 gc.time:            4.000 ms



Result "research.skew.AggregationBenchmark.sequential":
  0.154 ±(99.9%) 0.002 ms/op [Average]
  (min, avg, max) = (0.151, 0.154, 0.156), stdev = 0.002
  CI (99.9%): [0.152, 0.156] (assumes normal distribution)

Secondary result "research.skew.AggregationBenchmark.sequential:gc.alloc.rate":
  1104.262 ±(99.9%) 14.799 MB/sec [Average]
  (min, avg, max) = (1090.444, 1104.262, 1126.932), stdev = 13.843
  CI (99.9%): [1089.463, 1119.061] (assumes normal distribution)

Secondary result "research.skew.AggregationBenchmark.sequential:gc.alloc.rate.norm":
  178717.425 ±(99.9%) 25.987 B/op [Average]
  (min, avg, max) = (178697.091, 178717.425, 178760.649), stdev = 24.308
  CI (99.9%): [178691.439, 178743.412] (assumes normal distribution)

Secondary result "research.skew.AggregationBenchmark.sequential:gc.count":
  54.000 ±(99.9%) 0.001 counts [Sum]
  (min, avg, max) = (3.000, 3.600, 4.000), stdev = 0.507
  CI (99.9%): [54.000, 54.000] (assumes normal distribution)

Secondary result "research.skew.AggregationBenchmark.sequential:gc.time":
  56.000 ±(99.9%) 0.001 ms [Sum]
  (min, avg, max) = (2.000, 3.733, 5.000), stdev = 0.884
  CI (99.9%): [56.000, 56.000] (assumes normal distribution)


# JMH version: 1.37
# VM version: JDK 25.0.4.1, OpenJDK 64-Bit Server VM, 25.0.4.1+1-LTS
# VM invoker: /home/test/jdk/jdk-25.0.4.1+1/bin/java
# VM options: -Xms512m -Xmx512m -Djava.util.concurrent.ForkJoinPool.common.parallelism=3
# Blackhole mode: compiler (auto-detected, use -Djmh.blackhole.autoDetect=false to disable)
# Warmup: 5 iterations, 1 s each
# Measurement: 5 iterations, 1 s each
# Timeout: 10 min per iteration
# Threads: 1 thread, will synchronize iterations
# Benchmark mode: Average time, time/op
# Benchmark: research.skew.AggregationBenchmark.sequential
# Parameters: (cardinality = 256, distribution = uniform, seed = 20260929, size = 100000)

# Run progress: 77.78% complete, ETA 00:04:12
# Fork: 1 of 3
WARNING: A terminally deprecated method in sun.misc.Unsafe has been called
WARNING: sun.misc.Unsafe::objectFieldOffset has been called by org.openjdk.jmh.util.Utils (file:/home/test/Workspaces/JavaWorkspace/JavaStream_KeySkew/.deps/jmh-core-1.37.jar)
WARNING: Please consider reporting this to the maintainers of class org.openjdk.jmh.util.Utils
WARNING: sun.misc.Unsafe::objectFieldOffset will be removed in a future release
# Warmup Iteration   1: Input: n=100000, keys=256, observedHotFraction=0.003910, poolParallelism=3, availableProcessors=4
1.767 ms/op
# Warmup Iteration   2: 1.524 ms/op
# Warmup Iteration   3: 1.523 ms/op
# Warmup Iteration   4: 1.516 ms/op
# Warmup Iteration   5: 1.515 ms/op
Iteration   1: 1.513 ms/op
                 gc.alloc.rate:      1023.978 MB/sec
                 gc.alloc.rate.norm: 1624978.659 B/op
                 gc.count:           4.000 counts
                 gc.time:            4.000 ms

Iteration   2: 1.515 ms/op
                 gc.alloc.rate:      1022.870 MB/sec
                 gc.alloc.rate.norm: 1624978.626 B/op
                 gc.count:           3.000 counts
                 gc.time:            3.000 ms

Iteration   3: 1.486 ms/op
                 gc.alloc.rate:      1042.310 MB/sec
                 gc.alloc.rate.norm: 1624969.640 B/op
                 gc.count:           4.000 counts
                 gc.time:            4.000 ms

Iteration   4: 1.358 ms/op
                 gc.alloc.rate:      1140.847 MB/sec
                 gc.alloc.rate.norm: 1624905.541 B/op
                 gc.count:           3.000 counts
                 gc.time:            4.000 ms

Iteration   5: 1.355 ms/op
                 gc.alloc.rate:      1143.085 MB/sec
                 gc.alloc.rate.norm: 1624897.474 B/op
                 gc.count:           4.000 counts
                 gc.time:            4.000 ms


# Run progress: 78.70% complete, ETA 00:04:02
# Fork: 2 of 3
WARNING: A terminally deprecated method in sun.misc.Unsafe has been called
WARNING: sun.misc.Unsafe::objectFieldOffset has been called by org.openjdk.jmh.util.Utils (file:/home/test/Workspaces/JavaWorkspace/JavaStream_KeySkew/.deps/jmh-core-1.37.jar)
WARNING: Please consider reporting this to the maintainers of class org.openjdk.jmh.util.Utils
WARNING: sun.misc.Unsafe::objectFieldOffset will be removed in a future release
# Warmup Iteration   1: Input: n=100000, keys=256, observedHotFraction=0.003910, poolParallelism=3, availableProcessors=4
1.754 ms/op
# Warmup Iteration   2: 1.491 ms/op
# Warmup Iteration   3: 1.494 ms/op
# Warmup Iteration   4: 1.490 ms/op
# Warmup Iteration   5: 1.486 ms/op
Iteration   1: 1.473 ms/op
                 gc.alloc.rate:      1051.688 MB/sec
                 gc.alloc.rate.norm: 1624978.345 B/op
                 gc.count:           3.000 counts
                 gc.time:            3.000 ms

Iteration   2: 1.476 ms/op
                 gc.alloc.rate:      1049.454 MB/sec
                 gc.alloc.rate.norm: 1624978.360 B/op
                 gc.count:           4.000 counts
                 gc.time:            4.000 ms

Iteration   3: 1.433 ms/op
                 gc.alloc.rate:      1081.038 MB/sec
                 gc.alloc.rate.norm: 1624961.650 B/op
                 gc.count:           3.000 counts
                 gc.time:            2.000 ms

Iteration   4: 1.354 ms/op
                 gc.alloc.rate:      1144.535 MB/sec
                 gc.alloc.rate.norm: 1624900.471 B/op
                 gc.count:           4.000 counts
                 gc.time:            3.000 ms

Iteration   5: 1.355 ms/op
                 gc.alloc.rate:      1143.164 MB/sec
                 gc.alloc.rate.norm: 1624897.461 B/op
                 gc.count:           4.000 counts
                 gc.time:            5.000 ms


# Run progress: 79.63% complete, ETA 00:03:51
# Fork: 3 of 3
WARNING: A terminally deprecated method in sun.misc.Unsafe has been called
WARNING: sun.misc.Unsafe::objectFieldOffset has been called by org.openjdk.jmh.util.Utils (file:/home/test/Workspaces/JavaWorkspace/JavaStream_KeySkew/.deps/jmh-core-1.37.jar)
WARNING: Please consider reporting this to the maintainers of class org.openjdk.jmh.util.Utils
WARNING: sun.misc.Unsafe::objectFieldOffset will be removed in a future release
# Warmup Iteration   1: Input: n=100000, keys=256, observedHotFraction=0.003910, poolParallelism=3, availableProcessors=4
1.638 ms/op
# Warmup Iteration   2: 1.377 ms/op
# Warmup Iteration   3: 1.380 ms/op
# Warmup Iteration   4: 1.365 ms/op
# Warmup Iteration   5: 1.355 ms/op
Iteration   1: 1.355 ms/op
                 gc.alloc.rate:      1143.825 MB/sec
                 gc.alloc.rate.norm: 1624977.505 B/op
                 gc.count:           4.000 counts
                 gc.time:            4.000 ms

Iteration   2: 1.359 ms/op
                 gc.alloc.rate:      1139.806 MB/sec
                 gc.alloc.rate.norm: 1624977.543 B/op
                 gc.count:           4.000 counts
                 gc.time:            5.000 ms

Iteration   3: 1.351 ms/op
                 gc.alloc.rate:      1146.535 MB/sec
                 gc.alloc.rate.norm: 1624951.439 B/op
                 gc.count:           3.000 counts
                 gc.time:            3.000 ms

Iteration   4: 1.352 ms/op
                 gc.alloc.rate:      1146.072 MB/sec
                 gc.alloc.rate.norm: 1624929.492 B/op
                 gc.count:           4.000 counts
                 gc.time:            5.000 ms

Iteration   5: 1.353 ms/op
                 gc.alloc.rate:      1144.721 MB/sec
                 gc.alloc.rate.norm: 1624929.535 B/op
                 gc.count:           4.000 counts
                 gc.time:            4.000 ms



Result "research.skew.AggregationBenchmark.sequential":
  1.406 ±(99.9%) 0.072 ms/op [Average]
  (min, avg, max) = (1.351, 1.406, 1.515), stdev = 0.067
  CI (99.9%): [1.334, 1.478] (assumes normal distribution)

Secondary result "research.skew.AggregationBenchmark.sequential:gc.alloc.rate":
  1104.262 ±(99.9%) 55.105 MB/sec [Average]
  (min, avg, max) = (1022.870, 1104.262, 1146.535), stdev = 51.546
  CI (99.9%): [1049.157, 1159.367] (assumes normal distribution)

Secondary result "research.skew.AggregationBenchmark.sequential:gc.alloc.rate.norm":
  1624947.449 ±(99.9%) 36.116 B/op [Average]
  (min, avg, max) = (1624897.461, 1624947.449, 1624978.659), stdev = 33.783
  CI (99.9%): [1624911.334, 1624983.565] (assumes normal distribution)

Secondary result "research.skew.AggregationBenchmark.sequential:gc.count":
  55.000 ±(99.9%) 0.001 counts [Sum]
  (min, avg, max) = (3.000, 3.667, 4.000), stdev = 0.488
  CI (99.9%): [55.000, 55.000] (assumes normal distribution)

Secondary result "research.skew.AggregationBenchmark.sequential:gc.time":
  57.000 ±(99.9%) 0.001 ms [Sum]
  (min, avg, max) = (2.000, 3.800, 5.000), stdev = 0.862
  CI (99.9%): [57.000, 57.000] (assumes normal distribution)


# JMH version: 1.37
# VM version: JDK 25.0.4.1, OpenJDK 64-Bit Server VM, 25.0.4.1+1-LTS
# VM invoker: /home/test/jdk/jdk-25.0.4.1+1/bin/java
# VM options: -Xms512m -Xmx512m -Djava.util.concurrent.ForkJoinPool.common.parallelism=3
# Blackhole mode: compiler (auto-detected, use -Djmh.blackhole.autoDetect=false to disable)
# Warmup: 5 iterations, 1 s each
# Measurement: 5 iterations, 1 s each
# Timeout: 10 min per iteration
# Threads: 1 thread, will synchronize iterations
# Benchmark mode: Average time, time/op
# Benchmark: research.skew.AggregationBenchmark.sequential
# Parameters: (cardinality = 256, distribution = uniform, seed = 20260929, size = 1000000)

# Run progress: 80.56% complete, ETA 00:03:41
# Fork: 1 of 3
WARNING: A terminally deprecated method in sun.misc.Unsafe has been called
WARNING: sun.misc.Unsafe::objectFieldOffset has been called by org.openjdk.jmh.util.Utils (file:/home/test/Workspaces/JavaWorkspace/JavaStream_KeySkew/.deps/jmh-core-1.37.jar)
WARNING: Please consider reporting this to the maintainers of class org.openjdk.jmh.util.Utils
WARNING: sun.misc.Unsafe::objectFieldOffset will be removed in a future release
# Warmup Iteration   1: Input: n=1000000, keys=256, observedHotFraction=0.003907, poolParallelism=3, availableProcessors=4
17.491 ms/op
# Warmup Iteration   2: 15.244 ms/op
# Warmup Iteration   3: 15.341 ms/op
# Warmup Iteration   4: 15.166 ms/op
# Warmup Iteration   5: 14.959 ms/op
Iteration   1: 14.888 ms/op
                 gc.alloc.rate:      1026.310 MB/sec
                 gc.alloc.rate.norm: 16025071.294 B/op
                 gc.count:           4.000 counts
                 gc.time:            4.000 ms

Iteration   2: 14.875 ms/op
                 gc.alloc.rate:      1027.104 MB/sec
                 gc.alloc.rate.norm: 16025071.294 B/op
                 gc.count:           3.000 counts
                 gc.time:            4.000 ms

Iteration   3: 15.015 ms/op
                 gc.alloc.rate:      1017.603 MB/sec
                 gc.alloc.rate.norm: 16025072.836 B/op
                 gc.count:           4.000 counts
                 gc.time:            4.000 ms

Iteration   4: 14.820 ms/op
                 gc.alloc.rate:      1030.989 MB/sec
                 gc.alloc.rate.norm: 16025071.294 B/op
                 gc.count:           3.000 counts
                 gc.time:            3.000 ms

Iteration   5: 14.801 ms/op
                 gc.alloc.rate:      1032.298 MB/sec
                 gc.alloc.rate.norm: 16025071.765 B/op
                 gc.count:           3.000 counts
                 gc.time:            3.000 ms


# Run progress: 81.48% complete, ETA 00:03:30
# Fork: 2 of 3
WARNING: A terminally deprecated method in sun.misc.Unsafe has been called
WARNING: sun.misc.Unsafe::objectFieldOffset has been called by org.openjdk.jmh.util.Utils (file:/home/test/Workspaces/JavaWorkspace/JavaStream_KeySkew/.deps/jmh-core-1.37.jar)
WARNING: Please consider reporting this to the maintainers of class org.openjdk.jmh.util.Utils
WARNING: sun.misc.Unsafe::objectFieldOffset will be removed in a future release
# Warmup Iteration   1: Input: n=1000000, keys=256, observedHotFraction=0.003907, poolParallelism=3, availableProcessors=4
17.603 ms/op
# Warmup Iteration   2: 15.353 ms/op
# Warmup Iteration   3: 15.362 ms/op
# Warmup Iteration   4: 15.289 ms/op
# Warmup Iteration   5: 14.988 ms/op
Iteration   1: 14.934 ms/op
                 gc.alloc.rate:      1023.099 MB/sec
                 gc.alloc.rate.norm: 16025072.836 B/op
                 gc.count:           4.000 counts
                 gc.time:            4.000 ms

Iteration   2: 14.946 ms/op
                 gc.alloc.rate:      1022.263 MB/sec
                 gc.alloc.rate.norm: 16025072.836 B/op
                 gc.count:           3.000 counts
                 gc.time:            4.000 ms

Iteration   3: 14.933 ms/op
                 gc.alloc.rate:      1023.196 MB/sec
                 gc.alloc.rate.norm: 16025071.765 B/op
                 gc.count:           4.000 counts
                 gc.time:            4.000 ms

Iteration   4: 14.942 ms/op
                 gc.alloc.rate:      1022.586 MB/sec
                 gc.alloc.rate.norm: 16025072.836 B/op
                 gc.count:           3.000 counts
                 gc.time:            3.000 ms

Iteration   5: 14.913 ms/op
                 gc.alloc.rate:      1024.418 MB/sec
                 gc.alloc.rate.norm: 16025071.765 B/op
                 gc.count:           3.000 counts
                 gc.time:            3.000 ms


# Run progress: 82.41% complete, ETA 00:03:20
# Fork: 3 of 3
WARNING: A terminally deprecated method in sun.misc.Unsafe has been called
WARNING: sun.misc.Unsafe::objectFieldOffset has been called by org.openjdk.jmh.util.Utils (file:/home/test/Workspaces/JavaWorkspace/JavaStream_KeySkew/.deps/jmh-core-1.37.jar)
WARNING: Please consider reporting this to the maintainers of class org.openjdk.jmh.util.Utils
WARNING: sun.misc.Unsafe::objectFieldOffset will be removed in a future release
# Warmup Iteration   1: Input: n=1000000, keys=256, observedHotFraction=0.003907, poolParallelism=3, availableProcessors=4
17.788 ms/op
# Warmup Iteration   2: 15.467 ms/op
# Warmup Iteration   3: 15.502 ms/op
# Warmup Iteration   4: 15.339 ms/op
# Warmup Iteration   5: 14.983 ms/op
Iteration   1: 14.910 ms/op
                 gc.alloc.rate:      1024.703 MB/sec
                 gc.alloc.rate.norm: 16025071.294 B/op
                 gc.count:           4.000 counts
                 gc.time:            4.000 ms

Iteration   2: 14.938 ms/op
                 gc.alloc.rate:      1022.701 MB/sec
                 gc.alloc.rate.norm: 16025072.836 B/op
                 gc.count:           3.000 counts
                 gc.time:            4.000 ms

Iteration   3: 14.832 ms/op
                 gc.alloc.rate:      1030.210 MB/sec
                 gc.alloc.rate.norm: 16025071.294 B/op
                 gc.count:           3.000 counts
                 gc.time:            3.000 ms

Iteration   4: 14.877 ms/op
                 gc.alloc.rate:      1027.009 MB/sec
                 gc.alloc.rate.norm: 16025071.294 B/op
                 gc.count:           4.000 counts
                 gc.time:            4.000 ms

Iteration   5: 14.837 ms/op
                 gc.alloc.rate:      1029.698 MB/sec
                 gc.alloc.rate.norm: 16025071.765 B/op
                 gc.count:           3.000 counts
                 gc.time:            2.000 ms



Result "research.skew.AggregationBenchmark.sequential":
  14.897 ±(99.9%) 0.062 ms/op [Average]
  (min, avg, max) = (14.801, 14.897, 15.015), stdev = 0.058
  CI (99.9%): [14.835, 14.959] (assumes normal distribution)

Secondary result "research.skew.AggregationBenchmark.sequential:gc.alloc.rate":
  1025.613 ±(99.9%) 4.272 MB/sec [Average]
  (min, avg, max) = (1017.603, 1025.613, 1032.298), stdev = 3.996
  CI (99.9%): [1021.341, 1029.884] (assumes normal distribution)

Secondary result "research.skew.AggregationBenchmark.sequential:gc.alloc.rate.norm":
  16025071.934 ±(99.9%) 0.736 B/op [Average]
  (min, avg, max) = (16025071.294, 16025071.934, 16025072.836), stdev = 0.689
  CI (99.9%): [16025071.197, 16025072.670] (assumes normal distribution)

Secondary result "research.skew.AggregationBenchmark.sequential:gc.count":
  51.000 ±(99.9%) 0.001 counts [Sum]
  (min, avg, max) = (3.000, 3.400, 4.000), stdev = 0.507
  CI (99.9%): [51.000, 51.000] (assumes normal distribution)

Secondary result "research.skew.AggregationBenchmark.sequential:gc.time":
  53.000 ±(99.9%) 0.001 ms [Sum]
  (min, avg, max) = (2.000, 3.533, 4.000), stdev = 0.640
  CI (99.9%): [53.000, 53.000] (assumes normal distribution)


# JMH version: 1.37
# VM version: JDK 25.0.4.1, OpenJDK 64-Bit Server VM, 25.0.4.1+1-LTS
# VM invoker: /home/test/jdk/jdk-25.0.4.1+1/bin/java
# VM options: -Xms512m -Xmx512m -Djava.util.concurrent.ForkJoinPool.common.parallelism=3
# Blackhole mode: compiler (auto-detected, use -Djmh.blackhole.autoDetect=false to disable)
# Warmup: 5 iterations, 1 s each
# Measurement: 5 iterations, 1 s each
# Timeout: 10 min per iteration
# Threads: 1 thread, will synchronize iterations
# Benchmark mode: Average time, time/op
# Benchmark: research.skew.AggregationBenchmark.sequential
# Parameters: (cardinality = 256, distribution = hot50, seed = 20260929, size = 10000)

# Run progress: 83.33% complete, ETA 00:03:09
# Fork: 1 of 3
WARNING: A terminally deprecated method in sun.misc.Unsafe has been called
WARNING: sun.misc.Unsafe::objectFieldOffset has been called by org.openjdk.jmh.util.Utils (file:/home/test/Workspaces/JavaWorkspace/JavaStream_KeySkew/.deps/jmh-core-1.37.jar)
WARNING: Please consider reporting this to the maintainers of class org.openjdk.jmh.util.Utils
WARNING: sun.misc.Unsafe::objectFieldOffset will be removed in a future release
# Warmup Iteration   1: Input: n=10000, keys=256, observedHotFraction=0.500000, poolParallelism=3, availableProcessors=4
0.173 ms/op
# Warmup Iteration   2: 0.155 ms/op
# Warmup Iteration   3: 0.153 ms/op
# Warmup Iteration   4: 0.155 ms/op
# Warmup Iteration   5: 0.152 ms/op
Iteration   1: 0.151 ms/op
                 gc.alloc.rate:      1128.028 MB/sec
                 gc.alloc.rate.norm: 178769.051 B/op
                 gc.count:           3.000 counts
                 gc.time:            4.000 ms

Iteration   2: 0.151 ms/op
                 gc.alloc.rate:      1126.044 MB/sec
                 gc.alloc.rate.norm: 178769.058 B/op
                 gc.count:           4.000 counts
                 gc.time:            4.000 ms

Iteration   3: 0.151 ms/op
                 gc.alloc.rate:      1125.785 MB/sec
                 gc.alloc.rate.norm: 178769.053 B/op
                 gc.count:           4.000 counts
                 gc.time:            4.000 ms

Iteration   4: 0.151 ms/op
                 gc.alloc.rate:      1125.575 MB/sec
                 gc.alloc.rate.norm: 178769.059 B/op
                 gc.count:           4.000 counts
                 gc.time:            4.000 ms

Iteration   5: 0.151 ms/op
                 gc.alloc.rate:      1128.425 MB/sec
                 gc.alloc.rate.norm: 178785.597 B/op
                 gc.count:           3.000 counts
                 gc.time:            3.000 ms


# Run progress: 84.26% complete, ETA 00:02:59
# Fork: 2 of 3
WARNING: A terminally deprecated method in sun.misc.Unsafe has been called
WARNING: sun.misc.Unsafe::objectFieldOffset has been called by org.openjdk.jmh.util.Utils (file:/home/test/Workspaces/JavaWorkspace/JavaStream_KeySkew/.deps/jmh-core-1.37.jar)
WARNING: Please consider reporting this to the maintainers of class org.openjdk.jmh.util.Utils
WARNING: sun.misc.Unsafe::objectFieldOffset will be removed in a future release
# Warmup Iteration   1: Input: n=10000, keys=256, observedHotFraction=0.500000, poolParallelism=3, availableProcessors=4
0.174 ms/op
# Warmup Iteration   2: 0.156 ms/op
# Warmup Iteration   3: 0.154 ms/op
# Warmup Iteration   4: 0.156 ms/op
# Warmup Iteration   5: 0.152 ms/op
Iteration   1: 0.152 ms/op
                 gc.alloc.rate:      1123.429 MB/sec
                 gc.alloc.rate.norm: 178769.056 B/op
                 gc.count:           3.000 counts
                 gc.time:            4.000 ms

Iteration   2: 0.152 ms/op
                 gc.alloc.rate:      1122.212 MB/sec
                 gc.alloc.rate.norm: 178769.057 B/op
                 gc.count:           4.000 counts
                 gc.time:            5.000 ms

Iteration   3: 0.151 ms/op
                 gc.alloc.rate:      1126.300 MB/sec
                 gc.alloc.rate.norm: 178769.053 B/op
                 gc.count:           4.000 counts
                 gc.time:            4.000 ms

Iteration   4: 0.151 ms/op
                 gc.alloc.rate:      1128.738 MB/sec
                 gc.alloc.rate.norm: 178769.056 B/op
                 gc.count:           3.000 counts
                 gc.time:            3.000 ms

Iteration   5: 0.152 ms/op
                 gc.alloc.rate:      1123.877 MB/sec
                 gc.alloc.rate.norm: 178784.631 B/op
                 gc.count:           4.000 counts
                 gc.time:            4.000 ms


# Run progress: 85.19% complete, ETA 00:02:48
# Fork: 3 of 3
WARNING: A terminally deprecated method in sun.misc.Unsafe has been called
WARNING: sun.misc.Unsafe::objectFieldOffset has been called by org.openjdk.jmh.util.Utils (file:/home/test/Workspaces/JavaWorkspace/JavaStream_KeySkew/.deps/jmh-core-1.37.jar)
WARNING: Please consider reporting this to the maintainers of class org.openjdk.jmh.util.Utils
WARNING: sun.misc.Unsafe::objectFieldOffset will be removed in a future release
# Warmup Iteration   1: Input: n=10000, keys=256, observedHotFraction=0.500000, poolParallelism=3, availableProcessors=4
0.173 ms/op
# Warmup Iteration   2: 0.161 ms/op
# Warmup Iteration   3: 0.158 ms/op
# Warmup Iteration   4: 0.160 ms/op
# Warmup Iteration   5: 0.156 ms/op
Iteration   1: 0.156 ms/op
                 gc.alloc.rate:      1093.071 MB/sec
                 gc.alloc.rate.norm: 178769.085 B/op
                 gc.count:           4.000 counts
                 gc.time:            5.000 ms

Iteration   2: 0.157 ms/op
                 gc.alloc.rate:      1086.223 MB/sec
                 gc.alloc.rate.norm: 178769.092 B/op
                 gc.count:           3.000 counts
                 gc.time:            3.000 ms

Iteration   3: 0.156 ms/op
                 gc.alloc.rate:      1096.045 MB/sec
                 gc.alloc.rate.norm: 178769.082 B/op
                 gc.count:           4.000 counts
                 gc.time:            4.000 ms

Iteration   4: 0.156 ms/op
                 gc.alloc.rate:      1094.376 MB/sec
                 gc.alloc.rate.norm: 178769.084 B/op
                 gc.count:           4.000 counts
                 gc.time:            4.000 ms

Iteration   5: 0.155 ms/op
                 gc.alloc.rate:      1096.770 MB/sec
                 gc.alloc.rate.norm: 178777.135 B/op
                 gc.count:           3.000 counts
                 gc.time:            3.000 ms



Result "research.skew.AggregationBenchmark.sequential":
  0.153 ±(99.9%) 0.002 ms/op [Average]
  (min, avg, max) = (0.151, 0.153, 0.157), stdev = 0.002
  CI (99.9%): [0.151, 0.155] (assumes normal distribution)

Secondary result "research.skew.AggregationBenchmark.sequential:gc.alloc.rate":
  1114.993 ±(99.9%) 17.248 MB/sec [Average]
  (min, avg, max) = (1086.223, 1114.993, 1128.738), stdev = 16.134
  CI (99.9%): [1097.745, 1132.242] (assumes normal distribution)

Secondary result "research.skew.AggregationBenchmark.sequential:gc.alloc.rate.norm":
  178771.743 ±(99.9%) 6.215 B/op [Average]
  (min, avg, max) = (178769.051, 178771.743, 178785.597), stdev = 5.813
  CI (99.9%): [178765.528, 178777.958] (assumes normal distribution)

Secondary result "research.skew.AggregationBenchmark.sequential:gc.count":
  54.000 ±(99.9%) 0.001 counts [Sum]
  (min, avg, max) = (3.000, 3.600, 4.000), stdev = 0.507
  CI (99.9%): [54.000, 54.000] (assumes normal distribution)

Secondary result "research.skew.AggregationBenchmark.sequential:gc.time":
  58.000 ±(99.9%) 0.001 ms [Sum]
  (min, avg, max) = (3.000, 3.867, 5.000), stdev = 0.640
  CI (99.9%): [58.000, 58.000] (assumes normal distribution)


# JMH version: 1.37
# VM version: JDK 25.0.4.1, OpenJDK 64-Bit Server VM, 25.0.4.1+1-LTS
# VM invoker: /home/test/jdk/jdk-25.0.4.1+1/bin/java
# VM options: -Xms512m -Xmx512m -Djava.util.concurrent.ForkJoinPool.common.parallelism=3
# Blackhole mode: compiler (auto-detected, use -Djmh.blackhole.autoDetect=false to disable)
# Warmup: 5 iterations, 1 s each
# Measurement: 5 iterations, 1 s each
# Timeout: 10 min per iteration
# Threads: 1 thread, will synchronize iterations
# Benchmark mode: Average time, time/op
# Benchmark: research.skew.AggregationBenchmark.sequential
# Parameters: (cardinality = 256, distribution = hot50, seed = 20260929, size = 100000)

# Run progress: 86.11% complete, ETA 00:02:37
# Fork: 1 of 3
WARNING: A terminally deprecated method in sun.misc.Unsafe has been called
WARNING: sun.misc.Unsafe::objectFieldOffset has been called by org.openjdk.jmh.util.Utils (file:/home/test/Workspaces/JavaWorkspace/JavaStream_KeySkew/.deps/jmh-core-1.37.jar)
WARNING: Please consider reporting this to the maintainers of class org.openjdk.jmh.util.Utils
WARNING: sun.misc.Unsafe::objectFieldOffset will be removed in a future release
# Warmup Iteration   1: Input: n=100000, keys=256, observedHotFraction=0.500000, poolParallelism=3, availableProcessors=4
1.763 ms/op
# Warmup Iteration   2: 1.506 ms/op
# Warmup Iteration   3: 1.511 ms/op
# Warmup Iteration   4: 1.505 ms/op
# Warmup Iteration   5: 1.502 ms/op
Iteration   1: 1.493 ms/op
                 gc.alloc.rate:      1037.464 MB/sec
                 gc.alloc.rate.norm: 1624978.484 B/op
                 gc.count:           3.000 counts
                 gc.time:            4.000 ms

Iteration   2: 1.492 ms/op
                 gc.alloc.rate:      1037.747 MB/sec
                 gc.alloc.rate.norm: 1624978.516 B/op
                 gc.count:           3.000 counts
                 gc.time:            3.000 ms

Iteration   3: 1.455 ms/op
                 gc.alloc.rate:      1064.730 MB/sec
                 gc.alloc.rate.norm: 1624965.628 B/op
                 gc.count:           4.000 counts
                 gc.time:            4.000 ms

Iteration   4: 1.356 ms/op
                 gc.alloc.rate:      1142.695 MB/sec
                 gc.alloc.rate.norm: 1624903.046 B/op
                 gc.count:           4.000 counts
                 gc.time:            5.000 ms

Iteration   5: 1.356 ms/op
                 gc.alloc.rate:      1142.614 MB/sec
                 gc.alloc.rate.norm: 1624897.474 B/op
                 gc.count:           3.000 counts
                 gc.time:            3.000 ms


# Run progress: 87.04% complete, ETA 00:02:27
# Fork: 2 of 3
WARNING: A terminally deprecated method in sun.misc.Unsafe has been called
WARNING: sun.misc.Unsafe::objectFieldOffset has been called by org.openjdk.jmh.util.Utils (file:/home/test/Workspaces/JavaWorkspace/JavaStream_KeySkew/.deps/jmh-core-1.37.jar)
WARNING: Please consider reporting this to the maintainers of class org.openjdk.jmh.util.Utils
WARNING: sun.misc.Unsafe::objectFieldOffset will be removed in a future release
# Warmup Iteration   1: Input: n=100000, keys=256, observedHotFraction=0.500000, poolParallelism=3, availableProcessors=4
1.567 ms/op
# Warmup Iteration   2: 1.332 ms/op
# Warmup Iteration   3: 1.334 ms/op
# Warmup Iteration   4: 1.327 ms/op
# Warmup Iteration   5: 1.314 ms/op
Iteration   1: 1.311 ms/op
                 gc.alloc.rate:      1181.996 MB/sec
                 gc.alloc.rate.norm: 1624977.194 B/op
                 gc.count:           4.000 counts
                 gc.time:            5.000 ms

Iteration   2: 1.311 ms/op
                 gc.alloc.rate:      1181.743 MB/sec
                 gc.alloc.rate.norm: 1624977.248 B/op
                 gc.count:           3.000 counts
                 gc.time:            2.000 ms

Iteration   3: 1.354 ms/op
                 gc.alloc.rate:      1144.255 MB/sec
                 gc.alloc.rate.norm: 1624940.114 B/op
                 gc.count:           4.000 counts
                 gc.time:            5.000 ms

Iteration   4: 1.352 ms/op
                 gc.alloc.rate:      1145.829 MB/sec
                 gc.alloc.rate.norm: 1624929.492 B/op
                 gc.count:           4.000 counts
                 gc.time:            4.000 ms

Iteration   5: 1.353 ms/op
                 gc.alloc.rate:      1144.874 MB/sec
                 gc.alloc.rate.norm: 1624929.535 B/op
                 gc.count:           4.000 counts
                 gc.time:            4.000 ms


# Run progress: 87.96% complete, ETA 00:02:16
# Fork: 3 of 3
WARNING: A terminally deprecated method in sun.misc.Unsafe has been called
WARNING: sun.misc.Unsafe::objectFieldOffset has been called by org.openjdk.jmh.util.Utils (file:/home/test/Workspaces/JavaWorkspace/JavaStream_KeySkew/.deps/jmh-core-1.37.jar)
WARNING: Please consider reporting this to the maintainers of class org.openjdk.jmh.util.Utils
WARNING: sun.misc.Unsafe::objectFieldOffset will be removed in a future release
# Warmup Iteration   1: Input: n=100000, keys=256, observedHotFraction=0.500000, poolParallelism=3, availableProcessors=4
1.770 ms/op
# Warmup Iteration   2: 1.491 ms/op
# Warmup Iteration   3: 1.497 ms/op
# Warmup Iteration   4: 1.485 ms/op
# Warmup Iteration   5: 1.489 ms/op
Iteration   1: 1.480 ms/op
                 gc.alloc.rate:      1046.652 MB/sec
                 gc.alloc.rate.norm: 1624978.391 B/op
                 gc.count:           3.000 counts
                 gc.time:            3.000 ms

Iteration   2: 1.476 ms/op
                 gc.alloc.rate:      1049.449 MB/sec
                 gc.alloc.rate.norm: 1624978.360 B/op
                 gc.count:           3.000 counts
                 gc.time:            3.000 ms

Iteration   3: 1.443 ms/op
                 gc.alloc.rate:      1073.858 MB/sec
                 gc.alloc.rate.norm: 1624962.536 B/op
                 gc.count:           4.000 counts
                 gc.time:            4.000 ms

Iteration   4: 1.357 ms/op
                 gc.alloc.rate:      1141.472 MB/sec
                 gc.alloc.rate.norm: 1624901.095 B/op
                 gc.count:           4.000 counts
                 gc.time:            4.000 ms

Iteration   5: 1.356 ms/op
                 gc.alloc.rate:      1142.027 MB/sec
                 gc.alloc.rate.norm: 1624897.474 B/op
                 gc.count:           3.000 counts
                 gc.time:            3.000 ms



Result "research.skew.AggregationBenchmark.sequential":
  1.396 ±(99.9%) 0.073 ms/op [Average]
  (min, avg, max) = (1.311, 1.396, 1.493), stdev = 0.068
  CI (99.9%): [1.324, 1.469] (assumes normal distribution)

Secondary result "research.skew.AggregationBenchmark.sequential:gc.alloc.rate":
  1111.827 ±(99.9%) 56.871 MB/sec [Average]
  (min, avg, max) = (1037.464, 1111.827, 1181.996), stdev = 53.197
  CI (99.9%): [1054.956, 1168.698] (assumes normal distribution)

Secondary result "research.skew.AggregationBenchmark.sequential:gc.alloc.rate.norm":
  1624946.306 ±(99.9%) 36.101 B/op [Average]
  (min, avg, max) = (1624897.474, 1624946.306, 1624978.516), stdev = 33.769
  CI (99.9%): [1624910.205, 1624982.407] (assumes normal distribution)

Secondary result "research.skew.AggregationBenchmark.sequential:gc.count":
  53.000 ±(99.9%) 0.001 counts [Sum]
  (min, avg, max) = (3.000, 3.533, 4.000), stdev = 0.516
  CI (99.9%): [53.000, 53.000] (assumes normal distribution)

Secondary result "research.skew.AggregationBenchmark.sequential:gc.time":
  56.000 ±(99.9%) 0.001 ms [Sum]
  (min, avg, max) = (2.000, 3.733, 5.000), stdev = 0.884
  CI (99.9%): [56.000, 56.000] (assumes normal distribution)


# JMH version: 1.37
# VM version: JDK 25.0.4.1, OpenJDK 64-Bit Server VM, 25.0.4.1+1-LTS
# VM invoker: /home/test/jdk/jdk-25.0.4.1+1/bin/java
# VM options: -Xms512m -Xmx512m -Djava.util.concurrent.ForkJoinPool.common.parallelism=3
# Blackhole mode: compiler (auto-detected, use -Djmh.blackhole.autoDetect=false to disable)
# Warmup: 5 iterations, 1 s each
# Measurement: 5 iterations, 1 s each
# Timeout: 10 min per iteration
# Threads: 1 thread, will synchronize iterations
# Benchmark mode: Average time, time/op
# Benchmark: research.skew.AggregationBenchmark.sequential
# Parameters: (cardinality = 256, distribution = hot50, seed = 20260929, size = 1000000)

# Run progress: 88.89% complete, ETA 00:02:06
# Fork: 1 of 3
WARNING: A terminally deprecated method in sun.misc.Unsafe has been called
WARNING: sun.misc.Unsafe::objectFieldOffset has been called by org.openjdk.jmh.util.Utils (file:/home/test/Workspaces/JavaWorkspace/JavaStream_KeySkew/.deps/jmh-core-1.37.jar)
WARNING: Please consider reporting this to the maintainers of class org.openjdk.jmh.util.Utils
WARNING: sun.misc.Unsafe::objectFieldOffset will be removed in a future release
# Warmup Iteration   1: Input: n=1000000, keys=256, observedHotFraction=0.500000, poolParallelism=3, availableProcessors=4
17.624 ms/op
# Warmup Iteration   2: 15.199 ms/op
# Warmup Iteration   3: 15.233 ms/op
# Warmup Iteration   4: 15.226 ms/op
# Warmup Iteration   5: 14.890 ms/op
Iteration   1: 14.832 ms/op
                 gc.alloc.rate:      1029.275 MB/sec
                 gc.alloc.rate.norm: 16025071.294 B/op
                 gc.count:           4.000 counts
                 gc.time:            4.000 ms

Iteration   2: 14.810 ms/op
                 gc.alloc.rate:      1031.608 MB/sec
                 gc.alloc.rate.norm: 16025071.294 B/op
                 gc.count:           3.000 counts
                 gc.time:            3.000 ms

Iteration   3: 14.818 ms/op
                 gc.alloc.rate:      1031.102 MB/sec
                 gc.alloc.rate.norm: 16025071.294 B/op
                 gc.count:           4.000 counts
                 gc.time:            3.000 ms

Iteration   4: 14.804 ms/op
                 gc.alloc.rate:      1032.075 MB/sec
                 gc.alloc.rate.norm: 16025071.294 B/op
                 gc.count:           3.000 counts
                 gc.time:            3.000 ms

Iteration   5: 14.844 ms/op
                 gc.alloc.rate:      1029.200 MB/sec
                 gc.alloc.rate.norm: 16025071.765 B/op
                 gc.count:           3.000 counts
                 gc.time:            3.000 ms


# Run progress: 89.81% complete, ETA 00:01:55
# Fork: 2 of 3
WARNING: A terminally deprecated method in sun.misc.Unsafe has been called
WARNING: sun.misc.Unsafe::objectFieldOffset has been called by org.openjdk.jmh.util.Utils (file:/home/test/Workspaces/JavaWorkspace/JavaStream_KeySkew/.deps/jmh-core-1.37.jar)
WARNING: Please consider reporting this to the maintainers of class org.openjdk.jmh.util.Utils
WARNING: sun.misc.Unsafe::objectFieldOffset will be removed in a future release
# Warmup Iteration   1: Input: n=1000000, keys=256, observedHotFraction=0.500000, poolParallelism=3, availableProcessors=4
17.360 ms/op
# Warmup Iteration   2: 15.257 ms/op
# Warmup Iteration   3: 15.395 ms/op
# Warmup Iteration   4: 15.129 ms/op
# Warmup Iteration   5: 14.933 ms/op
Iteration   1: 14.774 ms/op
                 gc.alloc.rate:      1034.211 MB/sec
                 gc.alloc.rate.norm: 16025071.294 B/op
                 gc.count:           4.000 counts
                 gc.time:            4.000 ms

Iteration   2: 14.802 ms/op
                 gc.alloc.rate:      1032.115 MB/sec
                 gc.alloc.rate.norm: 16025071.294 B/op
                 gc.count:           3.000 counts
                 gc.time:            3.000 ms

Iteration   3: 14.844 ms/op
                 gc.alloc.rate:      1029.273 MB/sec
                 gc.alloc.rate.norm: 16025071.294 B/op
                 gc.count:           4.000 counts
                 gc.time:            4.000 ms

Iteration   4: 14.793 ms/op
                 gc.alloc.rate:      1032.885 MB/sec
                 gc.alloc.rate.norm: 16025071.294 B/op
                 gc.count:           3.000 counts
                 gc.time:            3.000 ms

Iteration   5: 14.847 ms/op
                 gc.alloc.rate:      1029.071 MB/sec
                 gc.alloc.rate.norm: 16025071.765 B/op
                 gc.count:           3.000 counts
                 gc.time:            4.000 ms


# Run progress: 90.74% complete, ETA 00:01:45
# Fork: 3 of 3
WARNING: A terminally deprecated method in sun.misc.Unsafe has been called
WARNING: sun.misc.Unsafe::objectFieldOffset has been called by org.openjdk.jmh.util.Utils (file:/home/test/Workspaces/JavaWorkspace/JavaStream_KeySkew/.deps/jmh-core-1.37.jar)
WARNING: Please consider reporting this to the maintainers of class org.openjdk.jmh.util.Utils
WARNING: sun.misc.Unsafe::objectFieldOffset will be removed in a future release
# Warmup Iteration   1: Input: n=1000000, keys=256, observedHotFraction=0.500000, poolParallelism=3, availableProcessors=4
17.498 ms/op
# Warmup Iteration   2: 15.133 ms/op
# Warmup Iteration   3: 15.326 ms/op
# Warmup Iteration   4: 15.207 ms/op
# Warmup Iteration   5: 14.868 ms/op
Iteration   1: 14.754 ms/op
                 gc.alloc.rate:      1035.548 MB/sec
                 gc.alloc.rate.norm: 16025071.294 B/op
                 gc.count:           4.000 counts
                 gc.time:            3.000 ms

Iteration   2: 14.775 ms/op
                 gc.alloc.rate:      1034.054 MB/sec
                 gc.alloc.rate.norm: 16025071.294 B/op
                 gc.count:           3.000 counts
                 gc.time:            3.000 ms

Iteration   3: 14.821 ms/op
                 gc.alloc.rate:      1030.879 MB/sec
                 gc.alloc.rate.norm: 16025071.294 B/op
                 gc.count:           4.000 counts
                 gc.time:            4.000 ms

Iteration   4: 14.821 ms/op
                 gc.alloc.rate:      1030.955 MB/sec
                 gc.alloc.rate.norm: 16025071.294 B/op
                 gc.count:           3.000 counts
                 gc.time:            3.000 ms

Iteration   5: 14.805 ms/op
                 gc.alloc.rate:      1031.946 MB/sec
                 gc.alloc.rate.norm: 16025071.765 B/op
                 gc.count:           3.000 counts
                 gc.time:            2.000 ms



Result "research.skew.AggregationBenchmark.sequential":
  14.810 ±(99.9%) 0.029 ms/op [Average]
  (min, avg, max) = (14.754, 14.810, 14.847), stdev = 0.027
  CI (99.9%): [14.780, 14.839] (assumes normal distribution)

Secondary result "research.skew.AggregationBenchmark.sequential:gc.alloc.rate":
  1031.613 ±(99.9%) 2.116 MB/sec [Average]
  (min, avg, max) = (1029.071, 1031.613, 1035.548), stdev = 1.979
  CI (99.9%): [1029.497, 1033.729] (assumes normal distribution)

Secondary result "research.skew.AggregationBenchmark.sequential:gc.alloc.rate.norm":
  16025071.388 ±(99.9%) 0.208 B/op [Average]
  (min, avg, max) = (16025071.294, 16025071.388, 16025071.765), stdev = 0.195
  CI (99.9%): [16025071.180, 16025071.597] (assumes normal distribution)

Secondary result "research.skew.AggregationBenchmark.sequential:gc.count":
  51.000 ±(99.9%) 0.001 counts [Sum]
  (min, avg, max) = (3.000, 3.400, 4.000), stdev = 0.507
  CI (99.9%): [51.000, 51.000] (assumes normal distribution)

Secondary result "research.skew.AggregationBenchmark.sequential:gc.time":
  49.000 ±(99.9%) 0.001 ms [Sum]
  (min, avg, max) = (2.000, 3.267, 4.000), stdev = 0.594
  CI (99.9%): [49.000, 49.000] (assumes normal distribution)


# JMH version: 1.37
# VM version: JDK 25.0.4.1, OpenJDK 64-Bit Server VM, 25.0.4.1+1-LTS
# VM invoker: /home/test/jdk/jdk-25.0.4.1+1/bin/java
# VM options: -Xms512m -Xmx512m -Djava.util.concurrent.ForkJoinPool.common.parallelism=3
# Blackhole mode: compiler (auto-detected, use -Djmh.blackhole.autoDetect=false to disable)
# Warmup: 5 iterations, 1 s each
# Measurement: 5 iterations, 1 s each
# Timeout: 10 min per iteration
# Threads: 1 thread, will synchronize iterations
# Benchmark mode: Average time, time/op
# Benchmark: research.skew.AggregationBenchmark.sequential
# Parameters: (cardinality = 256, distribution = hot90, seed = 20260929, size = 10000)

# Run progress: 91.67% complete, ETA 00:01:34
# Fork: 1 of 3
WARNING: A terminally deprecated method in sun.misc.Unsafe has been called
WARNING: sun.misc.Unsafe::objectFieldOffset has been called by org.openjdk.jmh.util.Utils (file:/home/test/Workspaces/JavaWorkspace/JavaStream_KeySkew/.deps/jmh-core-1.37.jar)
WARNING: Please consider reporting this to the maintainers of class org.openjdk.jmh.util.Utils
WARNING: sun.misc.Unsafe::objectFieldOffset will be removed in a future release
# Warmup Iteration   1: Input: n=10000, keys=256, observedHotFraction=0.900000, poolParallelism=3, availableProcessors=4
0.167 ms/op
# Warmup Iteration   2: 0.157 ms/op
# Warmup Iteration   3: 0.154 ms/op
# Warmup Iteration   4: 0.154 ms/op
# Warmup Iteration   5: 0.153 ms/op
Iteration   1: 0.153 ms/op
                 gc.alloc.rate:      1116.408 MB/sec
                 gc.alloc.rate.norm: 178721.077 B/op
                 gc.count:           3.000 counts
                 gc.time:            3.000 ms

Iteration   2: 0.153 ms/op
                 gc.alloc.rate:      1117.175 MB/sec
                 gc.alloc.rate.norm: 178721.071 B/op
                 gc.count:           4.000 counts
                 gc.time:            3.000 ms

Iteration   3: 0.153 ms/op
                 gc.alloc.rate:      1112.907 MB/sec
                 gc.alloc.rate.norm: 178721.080 B/op
                 gc.count:           4.000 counts
                 gc.time:            4.000 ms

Iteration   4: 0.152 ms/op
                 gc.alloc.rate:      1117.852 MB/sec
                 gc.alloc.rate.norm: 178721.070 B/op
                 gc.count:           3.000 counts
                 gc.time:            4.000 ms

Iteration   5: 0.153 ms/op
                 gc.alloc.rate:      1115.350 MB/sec
                 gc.alloc.rate.norm: 178776.955 B/op
                 gc.count:           4.000 counts
                 gc.time:            4.000 ms


# Run progress: 92.59% complete, ETA 00:01:24
# Fork: 2 of 3
WARNING: A terminally deprecated method in sun.misc.Unsafe has been called
WARNING: sun.misc.Unsafe::objectFieldOffset has been called by org.openjdk.jmh.util.Utils (file:/home/test/Workspaces/JavaWorkspace/JavaStream_KeySkew/.deps/jmh-core-1.37.jar)
WARNING: Please consider reporting this to the maintainers of class org.openjdk.jmh.util.Utils
WARNING: sun.misc.Unsafe::objectFieldOffset will be removed in a future release
# Warmup Iteration   1: Input: n=10000, keys=256, observedHotFraction=0.900000, poolParallelism=3, availableProcessors=4
0.167 ms/op
# Warmup Iteration   2: 0.155 ms/op
# Warmup Iteration   3: 0.154 ms/op
# Warmup Iteration   4: 0.154 ms/op
# Warmup Iteration   5: 0.153 ms/op
Iteration   1: 0.153 ms/op
                 gc.alloc.rate:      1114.380 MB/sec
                 gc.alloc.rate.norm: 178721.074 B/op
                 gc.count:           3.000 counts
                 gc.time:            3.000 ms

Iteration   2: 0.153 ms/op
                 gc.alloc.rate:      1111.234 MB/sec
                 gc.alloc.rate.norm: 178721.077 B/op
                 gc.count:           4.000 counts
                 gc.time:            4.000 ms

Iteration   3: 0.153 ms/op
                 gc.alloc.rate:      1114.096 MB/sec
                 gc.alloc.rate.norm: 178721.074 B/op
                 gc.count:           4.000 counts
                 gc.time:            4.000 ms

Iteration   4: 0.153 ms/op
                 gc.alloc.rate:      1114.725 MB/sec
                 gc.alloc.rate.norm: 178721.073 B/op
                 gc.count:           3.000 counts
                 gc.time:            3.000 ms

Iteration   5: 0.153 ms/op
                 gc.alloc.rate:      1113.311 MB/sec
                 gc.alloc.rate.norm: 178763.629 B/op
                 gc.count:           4.000 counts
                 gc.time:            4.000 ms


# Run progress: 93.52% complete, ETA 00:01:13
# Fork: 3 of 3
WARNING: A terminally deprecated method in sun.misc.Unsafe has been called
WARNING: sun.misc.Unsafe::objectFieldOffset has been called by org.openjdk.jmh.util.Utils (file:/home/test/Workspaces/JavaWorkspace/JavaStream_KeySkew/.deps/jmh-core-1.37.jar)
WARNING: Please consider reporting this to the maintainers of class org.openjdk.jmh.util.Utils
WARNING: sun.misc.Unsafe::objectFieldOffset will be removed in a future release
# Warmup Iteration   1: Input: n=10000, keys=256, observedHotFraction=0.900000, poolParallelism=3, availableProcessors=4
0.167 ms/op
# Warmup Iteration   2: 0.155 ms/op
# Warmup Iteration   3: 0.155 ms/op
# Warmup Iteration   4: 0.153 ms/op
# Warmup Iteration   5: 0.153 ms/op
Iteration   1: 0.152 ms/op
                 gc.alloc.rate:      1118.057 MB/sec
                 gc.alloc.rate.norm: 178721.075 B/op
                 gc.count:           3.000 counts
                 gc.time:            3.000 ms

Iteration   2: 0.153 ms/op
                 gc.alloc.rate:      1113.971 MB/sec
                 gc.alloc.rate.norm: 178721.074 B/op
                 gc.count:           4.000 counts
                 gc.time:            5.000 ms

Iteration   3: 0.152 ms/op
                 gc.alloc.rate:      1122.259 MB/sec
                 gc.alloc.rate.norm: 178721.071 B/op
                 gc.count:           4.000 counts
                 gc.time:            3.000 ms

Iteration   4: 0.152 ms/op
                 gc.alloc.rate:      1120.209 MB/sec
                 gc.alloc.rate.norm: 178721.068 B/op
                 gc.count:           3.000 counts
                 gc.time:            3.000 ms

Iteration   5: 0.153 ms/op
                 gc.alloc.rate:      1116.455 MB/sec
                 gc.alloc.rate.norm: 178779.786 B/op
                 gc.count:           4.000 counts
                 gc.time:            4.000 ms



Result "research.skew.AggregationBenchmark.sequential":
  0.153 ±(99.9%) 0.001 ms/op [Average]
  (min, avg, max) = (0.152, 0.153, 0.153), stdev = 0.001
  CI (99.9%): [0.152, 0.153] (assumes normal distribution)

Secondary result "research.skew.AggregationBenchmark.sequential:gc.alloc.rate":
  1115.893 ±(99.9%) 3.104 MB/sec [Average]
  (min, avg, max) = (1111.234, 1115.893, 1122.259), stdev = 2.904
  CI (99.9%): [1112.788, 1118.997] (assumes normal distribution)

Secondary result "research.skew.AggregationBenchmark.sequential:gc.alloc.rate.norm":
  178731.550 ±(99.9%) 23.447 B/op [Average]
  (min, avg, max) = (178721.068, 178731.550, 178779.786), stdev = 21.932
  CI (99.9%): [178708.103, 178754.997] (assumes normal distribution)

Secondary result "research.skew.AggregationBenchmark.sequential:gc.count":
  54.000 ±(99.9%) 0.001 counts [Sum]
  (min, avg, max) = (3.000, 3.600, 4.000), stdev = 0.507
  CI (99.9%): [54.000, 54.000] (assumes normal distribution)

Secondary result "research.skew.AggregationBenchmark.sequential:gc.time":
  54.000 ±(99.9%) 0.001 ms [Sum]
  (min, avg, max) = (3.000, 3.600, 5.000), stdev = 0.632
  CI (99.9%): [54.000, 54.000] (assumes normal distribution)


# JMH version: 1.37
# VM version: JDK 25.0.4.1, OpenJDK 64-Bit Server VM, 25.0.4.1+1-LTS
# VM invoker: /home/test/jdk/jdk-25.0.4.1+1/bin/java
# VM options: -Xms512m -Xmx512m -Djava.util.concurrent.ForkJoinPool.common.parallelism=3
# Blackhole mode: compiler (auto-detected, use -Djmh.blackhole.autoDetect=false to disable)
# Warmup: 5 iterations, 1 s each
# Measurement: 5 iterations, 1 s each
# Timeout: 10 min per iteration
# Threads: 1 thread, will synchronize iterations
# Benchmark mode: Average time, time/op
# Benchmark: research.skew.AggregationBenchmark.sequential
# Parameters: (cardinality = 256, distribution = hot90, seed = 20260929, size = 100000)

# Run progress: 94.44% complete, ETA 00:01:03
# Fork: 1 of 3
WARNING: A terminally deprecated method in sun.misc.Unsafe has been called
WARNING: sun.misc.Unsafe::objectFieldOffset has been called by org.openjdk.jmh.util.Utils (file:/home/test/Workspaces/JavaWorkspace/JavaStream_KeySkew/.deps/jmh-core-1.37.jar)
WARNING: Please consider reporting this to the maintainers of class org.openjdk.jmh.util.Utils
WARNING: sun.misc.Unsafe::objectFieldOffset will be removed in a future release
# Warmup Iteration   1: Input: n=100000, keys=256, observedHotFraction=0.900000, poolParallelism=3, availableProcessors=4
1.640 ms/op
# Warmup Iteration   2: 1.404 ms/op
# Warmup Iteration   3: 1.411 ms/op
# Warmup Iteration   4: 1.415 ms/op
# Warmup Iteration   5: 1.389 ms/op
Iteration   1: 1.388 ms/op
                 gc.alloc.rate:      1112.293 MB/sec
                 gc.alloc.rate.norm: 1618857.702 B/op
                 gc.count:           4.000 counts
                 gc.time:            3.000 ms

Iteration   2: 1.386 ms/op
                 gc.alloc.rate:      1113.968 MB/sec
                 gc.alloc.rate.norm: 1618857.729 B/op
                 gc.count:           3.000 counts
                 gc.time:            3.000 ms

Iteration   3: 1.419 ms/op
                 gc.alloc.rate:      1087.728 MB/sec
                 gc.alloc.rate.norm: 1618811.234 B/op
                 gc.count:           4.000 counts
                 gc.time:            5.000 ms

Iteration   4: 1.430 ms/op
                 gc.alloc.rate:      1079.520 MB/sec
                 gc.alloc.rate.norm: 1618777.943 B/op
                 gc.count:           3.000 counts
                 gc.time:            2.000 ms

Iteration   5: 1.436 ms/op
                 gc.alloc.rate:      1074.968 MB/sec
                 gc.alloc.rate.norm: 1618778.032 B/op
                 gc.count:           4.000 counts
                 gc.time:            5.000 ms


# Run progress: 95.37% complete, ETA 00:00:52
# Fork: 2 of 3
WARNING: A terminally deprecated method in sun.misc.Unsafe has been called
WARNING: sun.misc.Unsafe::objectFieldOffset has been called by org.openjdk.jmh.util.Utils (file:/home/test/Workspaces/JavaWorkspace/JavaStream_KeySkew/.deps/jmh-core-1.37.jar)
WARNING: Please consider reporting this to the maintainers of class org.openjdk.jmh.util.Utils
WARNING: sun.misc.Unsafe::objectFieldOffset will be removed in a future release
# Warmup Iteration   1: Input: n=100000, keys=256, observedHotFraction=0.900000, poolParallelism=3, availableProcessors=4
1.604 ms/op
# Warmup Iteration   2: 1.372 ms/op
# Warmup Iteration   3: 1.368 ms/op
# Warmup Iteration   4: 1.368 ms/op
# Warmup Iteration   5: 1.357 ms/op
Iteration   1: 1.355 ms/op
                 gc.alloc.rate:      1139.037 MB/sec
                 gc.alloc.rate.norm: 1618857.505 B/op
                 gc.count:           4.000 counts
                 gc.time:            5.000 ms

Iteration   2: 1.356 ms/op
                 gc.alloc.rate:      1138.135 MB/sec
                 gc.alloc.rate.norm: 1618857.518 B/op
                 gc.count:           4.000 counts
                 gc.time:            5.000 ms

Iteration   3: 1.352 ms/op
                 gc.alloc.rate:      1141.415 MB/sec
                 gc.alloc.rate.norm: 1618829.924 B/op
                 gc.count:           3.000 counts
                 gc.time:            3.000 ms

Iteration   4: 1.352 ms/op
                 gc.alloc.rate:      1141.611 MB/sec
                 gc.alloc.rate.norm: 1618809.535 B/op
                 gc.count:           4.000 counts
                 gc.time:            3.000 ms

Iteration   5: 1.353 ms/op
                 gc.alloc.rate:      1140.723 MB/sec
                 gc.alloc.rate.norm: 1618809.535 B/op
                 gc.count:           4.000 counts
                 gc.time:            4.000 ms


# Run progress: 96.30% complete, ETA 00:00:42
# Fork: 3 of 3
WARNING: A terminally deprecated method in sun.misc.Unsafe has been called
WARNING: sun.misc.Unsafe::objectFieldOffset has been called by org.openjdk.jmh.util.Utils (file:/home/test/Workspaces/JavaWorkspace/JavaStream_KeySkew/.deps/jmh-core-1.37.jar)
WARNING: Please consider reporting this to the maintainers of class org.openjdk.jmh.util.Utils
WARNING: sun.misc.Unsafe::objectFieldOffset will be removed in a future release
# Warmup Iteration   1: Input: n=100000, keys=256, observedHotFraction=0.900000, poolParallelism=3, availableProcessors=4
1.845 ms/op
# Warmup Iteration   2: 1.574 ms/op
# Warmup Iteration   3: 1.564 ms/op
# Warmup Iteration   4: 1.570 ms/op
# Warmup Iteration   5: 1.564 ms/op
Iteration   1: 1.554 ms/op
                 gc.alloc.rate:      993.202 MB/sec
                 gc.alloc.rate.norm: 1618858.957 B/op
                 gc.count:           3.000 counts
                 gc.time:            4.000 ms

Iteration   2: 1.557 ms/op
                 gc.alloc.rate:      991.007 MB/sec
                 gc.alloc.rate.norm: 1618858.924 B/op
                 gc.count:           3.000 counts
                 gc.time:            3.000 ms

Iteration   3: 1.558 ms/op
                 gc.alloc.rate:      990.927 MB/sec
                 gc.alloc.rate.norm: 1618858.924 B/op
                 gc.count:           4.000 counts
                 gc.time:            4.000 ms

Iteration   4: 1.434 ms/op
                 gc.alloc.rate:      1076.526 MB/sec
                 gc.alloc.rate.norm: 1618797.345 B/op
                 gc.count:           3.000 counts
                 gc.time:            3.000 ms

Iteration   5: 1.426 ms/op
                 gc.alloc.rate:      1082.124 MB/sec
                 gc.alloc.rate.norm: 1618777.960 B/op
                 gc.count:           4.000 counts
                 gc.time:            5.000 ms



Result "research.skew.AggregationBenchmark.sequential":
  1.424 ±(99.9%) 0.081 ms/op [Average]
  (min, avg, max) = (1.352, 1.424, 1.558), stdev = 0.076
  CI (99.9%): [1.343, 1.505] (assumes normal distribution)

Secondary result "research.skew.AggregationBenchmark.sequential:gc.alloc.rate":
  1086.879 ±(99.9%) 59.314 MB/sec [Average]
  (min, avg, max) = (990.927, 1086.879, 1141.611), stdev = 55.483
  CI (99.9%): [1027.565, 1146.193] (assumes normal distribution)

Secondary result "research.skew.AggregationBenchmark.sequential:gc.alloc.rate.norm":
  1618826.584 ±(99.9%) 35.871 B/op [Average]
  (min, avg, max) = (1618777.943, 1618826.584, 1618858.957), stdev = 33.553
  CI (99.9%): [1618790.714, 1618862.455] (assumes normal distribution)

Secondary result "research.skew.AggregationBenchmark.sequential:gc.count":
  54.000 ±(99.9%) 0.001 counts [Sum]
  (min, avg, max) = (3.000, 3.600, 4.000), stdev = 0.507
  CI (99.9%): [54.000, 54.000] (assumes normal distribution)

Secondary result "research.skew.AggregationBenchmark.sequential:gc.time":
  57.000 ±(99.9%) 0.001 ms [Sum]
  (min, avg, max) = (2.000, 3.800, 5.000), stdev = 1.014
  CI (99.9%): [57.000, 57.000] (assumes normal distribution)


# JMH version: 1.37
# VM version: JDK 25.0.4.1, OpenJDK 64-Bit Server VM, 25.0.4.1+1-LTS
# VM invoker: /home/test/jdk/jdk-25.0.4.1+1/bin/java
# VM options: -Xms512m -Xmx512m -Djava.util.concurrent.ForkJoinPool.common.parallelism=3
# Blackhole mode: compiler (auto-detected, use -Djmh.blackhole.autoDetect=false to disable)
# Warmup: 5 iterations, 1 s each
# Measurement: 5 iterations, 1 s each
# Timeout: 10 min per iteration
# Threads: 1 thread, will synchronize iterations
# Benchmark mode: Average time, time/op
# Benchmark: research.skew.AggregationBenchmark.sequential
# Parameters: (cardinality = 256, distribution = hot90, seed = 20260929, size = 1000000)

# Run progress: 97.22% complete, ETA 00:00:31
# Fork: 1 of 3
WARNING: A terminally deprecated method in sun.misc.Unsafe has been called
WARNING: sun.misc.Unsafe::objectFieldOffset has been called by org.openjdk.jmh.util.Utils (file:/home/test/Workspaces/JavaWorkspace/JavaStream_KeySkew/.deps/jmh-core-1.37.jar)
WARNING: Please consider reporting this to the maintainers of class org.openjdk.jmh.util.Utils
WARNING: sun.misc.Unsafe::objectFieldOffset will be removed in a future release
# Warmup Iteration   1: Input: n=1000000, keys=256, observedHotFraction=0.900000, poolParallelism=3, availableProcessors=4
18.861 ms/op
# Warmup Iteration   2: 16.223 ms/op
# Warmup Iteration   3: 16.151 ms/op
# Warmup Iteration   4: 16.101 ms/op
# Warmup Iteration   5: 16.045 ms/op
Iteration   1: 15.735 ms/op
                 gc.alloc.rate:      971.027 MB/sec
                 gc.alloc.rate.norm: 16025077.750 B/op
                 gc.count:           3.000 counts
                 gc.time:            3.000 ms

Iteration   2: 15.747 ms/op
                 gc.alloc.rate:      970.198 MB/sec
                 gc.alloc.rate.norm: 16025077.750 B/op
                 gc.count:           3.000 counts
                 gc.time:            2.000 ms

Iteration   3: 15.724 ms/op
                 gc.alloc.rate:      971.687 MB/sec
                 gc.alloc.rate.norm: 16025077.750 B/op
                 gc.count:           3.000 counts
                 gc.time:            3.000 ms

Iteration   4: 15.781 ms/op
                 gc.alloc.rate:      968.250 MB/sec
                 gc.alloc.rate.norm: 16025077.750 B/op
                 gc.count:           3.000 counts
                 gc.time:            4.000 ms

Iteration   5: 15.771 ms/op
                 gc.alloc.rate:      968.719 MB/sec
                 gc.alloc.rate.norm: 16025078.250 B/op
                 gc.count:           4.000 counts
                 gc.time:            3.000 ms


# Run progress: 98.15% complete, ETA 00:00:21
# Fork: 2 of 3
WARNING: A terminally deprecated method in sun.misc.Unsafe has been called
WARNING: sun.misc.Unsafe::objectFieldOffset has been called by org.openjdk.jmh.util.Utils (file:/home/test/Workspaces/JavaWorkspace/JavaStream_KeySkew/.deps/jmh-core-1.37.jar)
WARNING: Please consider reporting this to the maintainers of class org.openjdk.jmh.util.Utils
WARNING: sun.misc.Unsafe::objectFieldOffset will be removed in a future release
# Warmup Iteration   1: Input: n=1000000, keys=256, observedHotFraction=0.900000, poolParallelism=3, availableProcessors=4
18.083 ms/op
# Warmup Iteration   2: 15.758 ms/op
# Warmup Iteration   3: 15.855 ms/op
# Warmup Iteration   4: 15.886 ms/op
# Warmup Iteration   5: 15.498 ms/op
Iteration   1: 15.389 ms/op
                 gc.alloc.rate:      992.828 MB/sec
                 gc.alloc.rate.norm: 16025076.554 B/op
                 gc.count:           3.000 counts
                 gc.time:            4.000 ms

Iteration   2: 15.372 ms/op
                 gc.alloc.rate:      993.827 MB/sec
                 gc.alloc.rate.norm: 16025074.424 B/op
                 gc.count:           3.000 counts
                 gc.time:            3.000 ms

Iteration   3: 15.393 ms/op
                 gc.alloc.rate:      992.550 MB/sec
                 gc.alloc.rate.norm: 16025076.062 B/op
                 gc.count:           4.000 counts
                 gc.time:            4.000 ms

Iteration   4: 15.332 ms/op
                 gc.alloc.rate:      996.528 MB/sec
                 gc.alloc.rate.norm: 16025074.424 B/op
                 gc.count:           3.000 counts
                 gc.time:            3.000 ms

Iteration   5: 15.307 ms/op
                 gc.alloc.rate:      998.104 MB/sec
                 gc.alloc.rate.norm: 16025074.909 B/op
                 gc.count:           3.000 counts
                 gc.time:            3.000 ms


# Run progress: 99.07% complete, ETA 00:00:10
# Fork: 3 of 3
WARNING: A terminally deprecated method in sun.misc.Unsafe has been called
WARNING: sun.misc.Unsafe::objectFieldOffset has been called by org.openjdk.jmh.util.Utils (file:/home/test/Workspaces/JavaWorkspace/JavaStream_KeySkew/.deps/jmh-core-1.37.jar)
WARNING: Please consider reporting this to the maintainers of class org.openjdk.jmh.util.Utils
WARNING: sun.misc.Unsafe::objectFieldOffset will be removed in a future release
# Warmup Iteration   1: Input: n=1000000, keys=256, observedHotFraction=0.900000, poolParallelism=3, availableProcessors=4
17.935 ms/op
# Warmup Iteration   2: 15.742 ms/op
# Warmup Iteration   3: 15.645 ms/op
# Warmup Iteration   4: 15.857 ms/op
# Warmup Iteration   5: 15.431 ms/op
Iteration   1: 15.372 ms/op
                 gc.alloc.rate:      993.920 MB/sec
                 gc.alloc.rate.norm: 16025074.424 B/op
                 gc.count:           3.000 counts
                 gc.time:            3.000 ms

Iteration   2: 15.411 ms/op
                 gc.alloc.rate:      991.365 MB/sec
                 gc.alloc.rate.norm: 16025076.062 B/op
                 gc.count:           3.000 counts
                 gc.time:            3.000 ms

Iteration   3: 15.334 ms/op
                 gc.alloc.rate:      996.452 MB/sec
                 gc.alloc.rate.norm: 16025074.424 B/op
                 gc.count:           4.000 counts
                 gc.time:            4.000 ms

Iteration   4: 15.271 ms/op
                 gc.alloc.rate:      1000.557 MB/sec
                 gc.alloc.rate.norm: 16025074.424 B/op
                 gc.count:           3.000 counts
                 gc.time:            3.000 ms

Iteration   5: 15.276 ms/op
                 gc.alloc.rate:      1000.135 MB/sec
                 gc.alloc.rate.norm: 16025074.909 B/op
                 gc.count:           3.000 counts
                 gc.time:            3.000 ms



Result "research.skew.AggregationBenchmark.sequential":
  15.481 ±(99.9%) 0.216 ms/op [Average]
  (min, avg, max) = (15.271, 15.481, 15.781), stdev = 0.202
  CI (99.9%): [15.265, 15.698] (assumes normal distribution)

Secondary result "research.skew.AggregationBenchmark.sequential:gc.alloc.rate":
  987.076 ±(99.9%) 13.690 MB/sec [Average]
  (min, avg, max) = (968.250, 987.076, 1000.557), stdev = 12.805
  CI (99.9%): [973.387, 1000.766] (assumes normal distribution)

Secondary result "research.skew.AggregationBenchmark.sequential:gc.alloc.rate.norm":
  16025075.991 ±(99.9%) 1.627 B/op [Average]
  (min, avg, max) = (16025074.424, 16025075.991, 16025078.250), stdev = 1.522
  CI (99.9%): [16025074.364, 16025077.618] (assumes normal distribution)

Secondary result "research.skew.AggregationBenchmark.sequential:gc.count":
  48.000 ±(99.9%) 0.001 counts [Sum]
  (min, avg, max) = (3.000, 3.200, 4.000), stdev = 0.414
  CI (99.9%): [48.000, 48.000] (assumes normal distribution)

Secondary result "research.skew.AggregationBenchmark.sequential:gc.time":
  48.000 ±(99.9%) 0.001 ms [Sum]
  (min, avg, max) = (2.000, 3.200, 4.000), stdev = 0.561
  CI (99.9%): [48.000, 48.000] (assumes normal distribution)


# Run complete. Total time: 00:18:56

REMEMBER: The numbers below are just data. To gain reusable insights, you need to follow up on
why the numbers are the way they are. Use profilers (see -prof, -lprof), design factorial
experiments, perform baseline and negative tests that provide experimental control, make sure
the benchmarking environment is safe on JVM/OS/HW level, ask for reviews from the domain experts.
Do not assume the numbers tell you what you want them to tell.

NOTE: Current JVM experimentally supports Compiler Blackholes, and they are in use. Please exercise
extra caution when trusting the results, look into the generated code to check the benchmark still
works, and factor in a small probability of new VM bugs. Additionally, while comparisons between
different JVMs are already problematic, the performance difference caused by different Blackhole
modes can be very significant. Please make sure you use the consistent Blackhole mode for comparisons.

Benchmark                                                        (cardinality)  (distribution)    (seed)   (size)  Mode  Cnt         Score      Error   Units
AggregationBenchmark.parallelConcurrent                                    256         uniform  20260929    10000  avgt   15         0.269 ±    0.016   ms/op
AggregationBenchmark.parallelConcurrent:gc.alloc.rate                      256         uniform  20260929    10000  avgt   15       647.676 ±   38.246  MB/sec
AggregationBenchmark.parallelConcurrent:gc.alloc.rate.norm                 256         uniform  20260929    10000  avgt   15    182038.846 ±   24.212    B/op
AggregationBenchmark.parallelConcurrent:gc.count                           256         uniform  20260929    10000  avgt   15        32.000             counts
AggregationBenchmark.parallelConcurrent:gc.time                            256         uniform  20260929    10000  avgt   15        48.000                 ms
AggregationBenchmark.parallelConcurrent                                    256         uniform  20260929   100000  avgt   15         2.599 ±    0.029   ms/op
AggregationBenchmark.parallelConcurrent:gc.alloc.rate                      256         uniform  20260929   100000  avgt   15       597.591 ±    6.749  MB/sec
AggregationBenchmark.parallelConcurrent:gc.alloc.rate.norm                 256         uniform  20260929   100000  avgt   15   1628923.487 ±  224.245    B/op
AggregationBenchmark.parallelConcurrent:gc.count                           256         uniform  20260929   100000  avgt   15        30.000             counts
AggregationBenchmark.parallelConcurrent:gc.time                            256         uniform  20260929   100000  avgt   15        58.000                 ms
AggregationBenchmark.parallelConcurrent                                    256         uniform  20260929  1000000  avgt   15        21.469 ±    0.730   ms/op
AggregationBenchmark.parallelConcurrent:gc.alloc.rate                      256         uniform  20260929  1000000  avgt   15       712.704 ±   23.793  MB/sec
AggregationBenchmark.parallelConcurrent:gc.alloc.rate.norm                 256         uniform  20260929  1000000  avgt   15  16033515.158 ±  761.788    B/op
AggregationBenchmark.parallelConcurrent:gc.count                           256         uniform  20260929  1000000  avgt   15        35.000             counts
AggregationBenchmark.parallelConcurrent:gc.time                            256         uniform  20260929  1000000  avgt   15        73.000                 ms
AggregationBenchmark.parallelConcurrent                                    256           hot50  20260929    10000  avgt   15         0.832 ±    0.003   ms/op
AggregationBenchmark.parallelConcurrent:gc.alloc.rate                      256           hot50  20260929    10000  avgt   15       209.822 ±    0.732  MB/sec
AggregationBenchmark.parallelConcurrent:gc.alloc.rate.norm                 256           hot50  20260929    10000  avgt   15    183032.997 ±   90.349    B/op
AggregationBenchmark.parallelConcurrent:gc.count                           256           hot50  20260929    10000  avgt   15        12.000             counts
AggregationBenchmark.parallelConcurrent:gc.time                            256           hot50  20260929    10000  avgt   15        24.000                 ms
AggregationBenchmark.parallelConcurrent                                    256           hot50  20260929   100000  avgt   15         8.178 ±    0.133   ms/op
AggregationBenchmark.parallelConcurrent:gc.alloc.rate                      256           hot50  20260929   100000  avgt   15       189.993 ±    3.197  MB/sec
AggregationBenchmark.parallelConcurrent:gc.alloc.rate.norm                 256           hot50  20260929   100000  avgt   15   1629350.079 ±  354.208    B/op
AggregationBenchmark.parallelConcurrent:gc.count                           256           hot50  20260929   100000  avgt   15         9.000             counts
AggregationBenchmark.parallelConcurrent:gc.time                            256           hot50  20260929   100000  avgt   15        26.000                 ms
AggregationBenchmark.parallelConcurrent                                    256           hot50  20260929  1000000  avgt   15        82.084 ±    0.979   ms/op
AggregationBenchmark.parallelConcurrent:gc.alloc.rate                      256           hot50  20260929  1000000  avgt   15       186.231 ±    2.249  MB/sec
AggregationBenchmark.parallelConcurrent:gc.alloc.rate.norm                 256           hot50  20260929  1000000  avgt   15  16031534.674 ± 1176.760    B/op
AggregationBenchmark.parallelConcurrent:gc.count                           256           hot50  20260929  1000000  avgt   15        12.000             counts
AggregationBenchmark.parallelConcurrent:gc.time                            256           hot50  20260929  1000000  avgt   15        98.000                 ms
AggregationBenchmark.parallelConcurrent                                    256           hot90  20260929    10000  avgt   15         1.187 ±    0.065   ms/op
AggregationBenchmark.parallelConcurrent:gc.alloc.rate                      256           hot90  20260929    10000  avgt   15       150.700 ±    8.051  MB/sec
AggregationBenchmark.parallelConcurrent:gc.alloc.rate.norm                 256           hot90  20260929    10000  avgt   15    187188.968 ±   84.612    B/op
AggregationBenchmark.parallelConcurrent:gc.count                           256           hot90  20260929    10000  avgt   15         8.000             counts
AggregationBenchmark.parallelConcurrent:gc.time                            256           hot90  20260929    10000  avgt   15        16.000                 ms
AggregationBenchmark.parallelConcurrent                                    256           hot90  20260929   100000  avgt   15        11.087 ±    0.702   ms/op
AggregationBenchmark.parallelConcurrent:gc.alloc.rate                      256           hot90  20260929   100000  avgt   15       140.382 ±    8.558  MB/sec
AggregationBenchmark.parallelConcurrent:gc.alloc.rate.norm                 256           hot90  20260929   100000  avgt   15   1627252.034 ±  328.353    B/op
AggregationBenchmark.parallelConcurrent:gc.count                           256           hot90  20260929   100000  avgt   15         6.000             counts
AggregationBenchmark.parallelConcurrent:gc.time                            256           hot90  20260929   100000  avgt   15        15.000                 ms
AggregationBenchmark.parallelConcurrent                                    256           hot90  20260929  1000000  avgt   15       107.080 ±    2.760   ms/op
AggregationBenchmark.parallelConcurrent:gc.alloc.rate                      256           hot90  20260929  1000000  avgt   15       142.851 ±    3.675  MB/sec
AggregationBenchmark.parallelConcurrent:gc.alloc.rate.norm                 256           hot90  20260929  1000000  avgt   15  16034644.024 ±  633.257    B/op
AggregationBenchmark.parallelConcurrent:gc.count                           256           hot90  20260929  1000000  avgt   15         6.000             counts
AggregationBenchmark.parallelConcurrent:gc.time                            256           hot90  20260929  1000000  avgt   15        48.000                 ms
AggregationBenchmark.parallelConcurrentAdder                               256         uniform  20260929    10000  avgt   15         0.247 ±    0.002   ms/op
AggregationBenchmark.parallelConcurrentAdder:gc.alloc.rate                 256         uniform  20260929    10000  avgt   15       743.978 ±    5.542  MB/sec
AggregationBenchmark.parallelConcurrentAdder:gc.alloc.rate.norm            256         uniform  20260929    10000  avgt   15    192919.498 ±  104.656    B/op
AggregationBenchmark.parallelConcurrentAdder:gc.count                      256         uniform  20260929    10000  avgt   15        36.000             counts
AggregationBenchmark.parallelConcurrentAdder:gc.time                       256         uniform  20260929    10000  avgt   15        42.000                 ms
AggregationBenchmark.parallelConcurrentAdder                               256         uniform  20260929   100000  avgt   15         2.238 ±    0.081   ms/op
AggregationBenchmark.parallelConcurrentAdder:gc.alloc.rate                 256         uniform  20260929   100000  avgt   15       722.829 ±   27.038  MB/sec
AggregationBenchmark.parallelConcurrentAdder:gc.alloc.rate.norm            256         uniform  20260929   100000  avgt   15   1694779.537 ± 2319.196    B/op
AggregationBenchmark.parallelConcurrentAdder:gc.count                      256         uniform  20260929   100000  avgt   15        36.000             counts
AggregationBenchmark.parallelConcurrentAdder:gc.time                       256         uniform  20260929   100000  avgt   15        43.000                 ms
AggregationBenchmark.parallelConcurrentAdder                               256         uniform  20260929  1000000  avgt   15        15.092 ±    1.075   ms/op
AggregationBenchmark.parallelConcurrentAdder:gc.alloc.rate                 256         uniform  20260929  1000000  avgt   15      1026.885 ±   77.386  MB/sec
AggregationBenchmark.parallelConcurrentAdder:gc.alloc.rate.norm            256         uniform  20260929  1000000  avgt   15  16183952.830 ± 2090.658    B/op
AggregationBenchmark.parallelConcurrentAdder:gc.count                      256         uniform  20260929  1000000  avgt   15        50.000             counts
AggregationBenchmark.parallelConcurrentAdder:gc.time                       256         uniform  20260929  1000000  avgt   15        44.000                 ms
AggregationBenchmark.parallelConcurrentAdder                               256           hot50  20260929    10000  avgt   15         0.192 ±    0.003   ms/op
AggregationBenchmark.parallelConcurrentAdder:gc.alloc.rate                 256           hot50  20260929    10000  avgt   15       934.589 ±   15.593  MB/sec
AggregationBenchmark.parallelConcurrentAdder:gc.alloc.rate.norm            256           hot50  20260929    10000  avgt   15    188158.747 ±   67.203    B/op
AggregationBenchmark.parallelConcurrentAdder:gc.count                      256           hot50  20260929    10000  avgt   15        45.000             counts
AggregationBenchmark.parallelConcurrentAdder:gc.time                       256           hot50  20260929    10000  avgt   15        37.000                 ms
AggregationBenchmark.parallelConcurrentAdder                               256           hot50  20260929   100000  avgt   15         1.668 ±    0.061   ms/op
AggregationBenchmark.parallelConcurrentAdder:gc.alloc.rate                 256           hot50  20260929   100000  avgt   15       950.137 ±   36.517  MB/sec
AggregationBenchmark.parallelConcurrentAdder:gc.alloc.rate.norm            256           hot50  20260929   100000  avgt   15   1660238.762 ± 1447.706    B/op
AggregationBenchmark.parallelConcurrentAdder:gc.count                      256           hot50  20260929   100000  avgt   15        48.000             counts
AggregationBenchmark.parallelConcurrentAdder:gc.time                       256           hot50  20260929   100000  avgt   15        37.000                 ms
AggregationBenchmark.parallelConcurrentAdder                               256           hot50  20260929  1000000  avgt   15        14.075 ±    0.910   ms/op
AggregationBenchmark.parallelConcurrentAdder:gc.alloc.rate                 256           hot50  20260929  1000000  avgt   15      1098.552 ±   70.988  MB/sec
AggregationBenchmark.parallelConcurrentAdder:gc.alloc.rate.norm            256           hot50  20260929  1000000  avgt   15  16162332.819 ± 6047.240    B/op
AggregationBenchmark.parallelConcurrentAdder:gc.count                      256           hot50  20260929  1000000  avgt   15        56.000             counts
AggregationBenchmark.parallelConcurrentAdder:gc.time                       256           hot50  20260929  1000000  avgt   15        49.000                 ms
AggregationBenchmark.parallelConcurrentAdder                               256           hot90  20260929    10000  avgt   15         0.518 ±    0.366   ms/op
AggregationBenchmark.parallelConcurrentAdder:gc.alloc.rate                 256           hot90  20260929    10000  avgt   15       481.088 ±  246.471  MB/sec
AggregationBenchmark.parallelConcurrentAdder:gc.alloc.rate.norm            256           hot90  20260929    10000  avgt   15    185689.436 ±  157.275    B/op
AggregationBenchmark.parallelConcurrentAdder:gc.count                      256           hot90  20260929    10000  avgt   15        23.000             counts
AggregationBenchmark.parallelConcurrentAdder:gc.time                       256           hot90  20260929    10000  avgt   15        39.000                 ms
AggregationBenchmark.parallelConcurrentAdder                               256           hot90  20260929   100000  avgt   15         0.890 ±    0.102   ms/op
AggregationBenchmark.parallelConcurrentAdder:gc.alloc.rate                 256           hot90  20260929   100000  avgt   15      1764.312 ±  212.075  MB/sec
AggregationBenchmark.parallelConcurrentAdder:gc.alloc.rate.norm            256           hot90  20260929   100000  avgt   15   1628189.836 ±  251.993    B/op
AggregationBenchmark.parallelConcurrentAdder:gc.count                      256           hot90  20260929   100000  avgt   15        86.000             counts
AggregationBenchmark.parallelConcurrentAdder:gc.time                       256           hot90  20260929   100000  avgt   15        52.000                 ms
AggregationBenchmark.parallelConcurrentAdder                               256           hot90  20260929  1000000  avgt   15         8.300 ±    0.790   ms/op
AggregationBenchmark.parallelConcurrentAdder:gc.alloc.rate                 256           hot90  20260929  1000000  avgt   15      1858.650 ±  169.811  MB/sec
AggregationBenchmark.parallelConcurrentAdder:gc.alloc.rate.norm            256           hot90  20260929  1000000  avgt   15  16065809.652 ± 4270.317    B/op
AggregationBenchmark.parallelConcurrentAdder:gc.count                      256           hot90  20260929  1000000  avgt   15        92.000             counts
AggregationBenchmark.parallelConcurrentAdder:gc.time                       256           hot90  20260929  1000000  avgt   15        59.000                 ms
AggregationBenchmark.parallelMerge                                         256         uniform  20260929    10000  avgt   15         0.138 ±    0.001   ms/op
AggregationBenchmark.parallelMerge:gc.alloc.rate                           256         uniform  20260929    10000  avgt   15      3088.149 ±   21.910  MB/sec
AggregationBenchmark.parallelMerge:gc.alloc.rate.norm                      256         uniform  20260929    10000  avgt   15    446422.762 ±   13.703    B/op
AggregationBenchmark.parallelMerge:gc.count                                256         uniform  20260929    10000  avgt   15       152.000             counts
AggregationBenchmark.parallelMerge:gc.time                                 256         uniform  20260929    10000  avgt   15        93.000                 ms
AggregationBenchmark.parallelMerge                                         256         uniform  20260929   100000  avgt   15         0.566 ±    0.013   ms/op
AggregationBenchmark.parallelMerge:gc.alloc.rate                           256         uniform  20260929   100000  avgt   15      3211.993 ±   70.497  MB/sec
AggregationBenchmark.parallelMerge:gc.alloc.rate.norm                      256         uniform  20260929   100000  avgt   15   1905931.225 ±    0.556    B/op
AggregationBenchmark.parallelMerge:gc.count                                256         uniform  20260929   100000  avgt   15       157.000             counts
AggregationBenchmark.parallelMerge:gc.time                                 256         uniform  20260929   100000  avgt   15        95.000                 ms
AggregationBenchmark.parallelMerge                                         256         uniform  20260929  1000000  avgt   15         4.716 ±    0.046   ms/op
AggregationBenchmark.parallelMerge:gc.alloc.rate                           256         uniform  20260929  1000000  avgt   15      3296.661 ±   32.209  MB/sec
AggregationBenchmark.parallelMerge:gc.alloc.rate.norm                      256         uniform  20260929  1000000  avgt   15  16306006.168 ±    0.599    B/op
AggregationBenchmark.parallelMerge:gc.count                                256         uniform  20260929  1000000  avgt   15       164.000             counts
AggregationBenchmark.parallelMerge:gc.time                                 256         uniform  20260929  1000000  avgt   15       109.000                 ms
AggregationBenchmark.parallelMerge                                         256           hot50  20260929    10000  avgt   15         0.136 ±    0.002   ms/op
AggregationBenchmark.parallelMerge:gc.alloc.rate                           256           hot50  20260929    10000  avgt   15      2760.923 ±   31.926  MB/sec
AggregationBenchmark.parallelMerge:gc.alloc.rate.norm                      256           hot50  20260929    10000  avgt   15    394584.917 ±   13.958    B/op
AggregationBenchmark.parallelMerge:gc.count                                256           hot50  20260929    10000  avgt   15       136.000             counts
AggregationBenchmark.parallelMerge:gc.time                                 256           hot50  20260929    10000  avgt   15        84.000                 ms
AggregationBenchmark.parallelMerge                                         256           hot50  20260929   100000  avgt   15         0.560 ±    0.014   ms/op
AggregationBenchmark.parallelMerge:gc.alloc.rate                           256           hot50  20260929   100000  avgt   15      3246.466 ±   82.909  MB/sec
AggregationBenchmark.parallelMerge:gc.alloc.rate.norm                      256           hot50  20260929   100000  avgt   15   1905931.689 ±    0.182    B/op
AggregationBenchmark.parallelMerge:gc.count                                256           hot50  20260929   100000  avgt   15       160.000             counts
AggregationBenchmark.parallelMerge:gc.time                                 256           hot50  20260929   100000  avgt   15       102.000                 ms
AggregationBenchmark.parallelMerge                                         256           hot50  20260929  1000000  avgt   15         4.754 ±    0.075   ms/op
AggregationBenchmark.parallelMerge:gc.alloc.rate                           256           hot50  20260929  1000000  avgt   15      3271.069 ±   50.538  MB/sec
AggregationBenchmark.parallelMerge:gc.alloc.rate.norm                      256           hot50  20260929  1000000  avgt   15  16306003.087 ±    7.160    B/op
AggregationBenchmark.parallelMerge:gc.count                                256           hot50  20260929  1000000  avgt   15       161.000             counts
AggregationBenchmark.parallelMerge:gc.time                                 256           hot50  20260929  1000000  avgt   15       119.000                 ms
AggregationBenchmark.parallelMerge                                         256           hot90  20260929    10000  avgt   15         0.106 ±    0.001   ms/op
AggregationBenchmark.parallelMerge:gc.alloc.rate                           256           hot90  20260929    10000  avgt   15      2415.272 ±   16.419  MB/sec
AggregationBenchmark.parallelMerge:gc.alloc.rate.norm                      256           hot90  20260929    10000  avgt   15    268168.679 ±   15.228    B/op
AggregationBenchmark.parallelMerge:gc.count                                256           hot90  20260929    10000  avgt   15       119.000             counts
AggregationBenchmark.parallelMerge:gc.time                                 256           hot90  20260929    10000  avgt   15        64.000                 ms
AggregationBenchmark.parallelMerge                                         256           hot90  20260929   100000  avgt   15         0.610 ±    0.019   ms/op
AggregationBenchmark.parallelMerge:gc.alloc.rate                           256           hot90  20260929   100000  avgt   15      2954.350 ±   92.622  MB/sec
AggregationBenchmark.parallelMerge:gc.alloc.rate.norm                      256           hot90  20260929   100000  avgt   15   1887555.655 ±    0.369    B/op
AggregationBenchmark.parallelMerge:gc.count                                256           hot90  20260929   100000  avgt   15       146.000             counts
AggregationBenchmark.parallelMerge:gc.time                                 256           hot90  20260929   100000  avgt   15        89.000                 ms
AggregationBenchmark.parallelMerge                                         256           hot90  20260929  1000000  avgt   15         4.938 ±    0.152   ms/op
AggregationBenchmark.parallelMerge:gc.alloc.rate                           256           hot90  20260929  1000000  avgt   15      3150.587 ±   95.852  MB/sec
AggregationBenchmark.parallelMerge:gc.alloc.rate.norm                      256           hot90  20260929  1000000  avgt   15  16306005.501 ±    5.310    B/op
AggregationBenchmark.parallelMerge:gc.count                                256           hot90  20260929  1000000  avgt   15       155.000             counts
AggregationBenchmark.parallelMerge:gc.time                                 256           hot90  20260929  1000000  avgt   15       103.000                 ms
AggregationBenchmark.sequential                                            256         uniform  20260929    10000  avgt   15         0.154 ±    0.002   ms/op
AggregationBenchmark.sequential:gc.alloc.rate                              256         uniform  20260929    10000  avgt   15      1104.262 ±   14.799  MB/sec
AggregationBenchmark.sequential:gc.alloc.rate.norm                         256         uniform  20260929    10000  avgt   15    178717.425 ±   25.987    B/op
AggregationBenchmark.sequential:gc.count                                   256         uniform  20260929    10000  avgt   15        54.000             counts
AggregationBenchmark.sequential:gc.time                                    256         uniform  20260929    10000  avgt   15        56.000                 ms
AggregationBenchmark.sequential                                            256         uniform  20260929   100000  avgt   15         1.406 ±    0.072   ms/op
AggregationBenchmark.sequential:gc.alloc.rate                              256         uniform  20260929   100000  avgt   15      1104.262 ±   55.105  MB/sec
AggregationBenchmark.sequential:gc.alloc.rate.norm                         256         uniform  20260929   100000  avgt   15   1624947.449 ±   36.116    B/op
AggregationBenchmark.sequential:gc.count                                   256         uniform  20260929   100000  avgt   15        55.000             counts
AggregationBenchmark.sequential:gc.time                                    256         uniform  20260929   100000  avgt   15        57.000                 ms
AggregationBenchmark.sequential                                            256         uniform  20260929  1000000  avgt   15        14.897 ±    0.062   ms/op
AggregationBenchmark.sequential:gc.alloc.rate                              256         uniform  20260929  1000000  avgt   15      1025.613 ±    4.272  MB/sec
AggregationBenchmark.sequential:gc.alloc.rate.norm                         256         uniform  20260929  1000000  avgt   15  16025071.934 ±    0.736    B/op
AggregationBenchmark.sequential:gc.count                                   256         uniform  20260929  1000000  avgt   15        51.000             counts
AggregationBenchmark.sequential:gc.time                                    256         uniform  20260929  1000000  avgt   15        53.000                 ms
AggregationBenchmark.sequential                                            256           hot50  20260929    10000  avgt   15         0.153 ±    0.002   ms/op
AggregationBenchmark.sequential:gc.alloc.rate                              256           hot50  20260929    10000  avgt   15      1114.993 ±   17.248  MB/sec
AggregationBenchmark.sequential:gc.alloc.rate.norm                         256           hot50  20260929    10000  avgt   15    178771.743 ±    6.215    B/op
AggregationBenchmark.sequential:gc.count                                   256           hot50  20260929    10000  avgt   15        54.000             counts
AggregationBenchmark.sequential:gc.time                                    256           hot50  20260929    10000  avgt   15        58.000                 ms
AggregationBenchmark.sequential                                            256           hot50  20260929   100000  avgt   15         1.396 ±    0.073   ms/op
AggregationBenchmark.sequential:gc.alloc.rate                              256           hot50  20260929   100000  avgt   15      1111.827 ±   56.871  MB/sec
AggregationBenchmark.sequential:gc.alloc.rate.norm                         256           hot50  20260929   100000  avgt   15   1624946.306 ±   36.101    B/op
AggregationBenchmark.sequential:gc.count                                   256           hot50  20260929   100000  avgt   15        53.000             counts
AggregationBenchmark.sequential:gc.time                                    256           hot50  20260929   100000  avgt   15        56.000                 ms
AggregationBenchmark.sequential                                            256           hot50  20260929  1000000  avgt   15        14.810 ±    0.029   ms/op
AggregationBenchmark.sequential:gc.alloc.rate                              256           hot50  20260929  1000000  avgt   15      1031.613 ±    2.116  MB/sec
AggregationBenchmark.sequential:gc.alloc.rate.norm                         256           hot50  20260929  1000000  avgt   15  16025071.388 ±    0.208    B/op
AggregationBenchmark.sequential:gc.count                                   256           hot50  20260929  1000000  avgt   15        51.000             counts
AggregationBenchmark.sequential:gc.time                                    256           hot50  20260929  1000000  avgt   15        49.000                 ms
AggregationBenchmark.sequential                                            256           hot90  20260929    10000  avgt   15         0.153 ±    0.001   ms/op
AggregationBenchmark.sequential:gc.alloc.rate                              256           hot90  20260929    10000  avgt   15      1115.893 ±    3.104  MB/sec
AggregationBenchmark.sequential:gc.alloc.rate.norm                         256           hot90  20260929    10000  avgt   15    178731.550 ±   23.447    B/op
AggregationBenchmark.sequential:gc.count                                   256           hot90  20260929    10000  avgt   15        54.000             counts
AggregationBenchmark.sequential:gc.time                                    256           hot90  20260929    10000  avgt   15        54.000                 ms
AggregationBenchmark.sequential                                            256           hot90  20260929   100000  avgt   15         1.424 ±    0.081   ms/op
AggregationBenchmark.sequential:gc.alloc.rate                              256           hot90  20260929   100000  avgt   15      1086.879 ±   59.314  MB/sec
AggregationBenchmark.sequential:gc.alloc.rate.norm                         256           hot90  20260929   100000  avgt   15   1618826.584 ±   35.871    B/op
AggregationBenchmark.sequential:gc.count                                   256           hot90  20260929   100000  avgt   15        54.000             counts
AggregationBenchmark.sequential:gc.time                                    256           hot90  20260929   100000  avgt   15        57.000                 ms
AggregationBenchmark.sequential                                            256           hot90  20260929  1000000  avgt   15        15.481 ±    0.216   ms/op
AggregationBenchmark.sequential:gc.alloc.rate                              256           hot90  20260929  1000000  avgt   15       987.076 ±   13.690  MB/sec
AggregationBenchmark.sequential:gc.alloc.rate.norm                         256           hot90  20260929  1000000  avgt   15  16025075.991 ±    1.627    B/op
AggregationBenchmark.sequential:gc.count                                   256           hot90  20260929  1000000  avgt   15        48.000             counts
AggregationBenchmark.sequential:gc.time                                    256           hot90  20260929  1000000  avgt   15        48.000                 ms

Benchmark result is saved to results-envB/full-20260929T223902Z.bFu1WZ/jmh.json
