WARNING: A terminally deprecated method in sun.misc.Unsafe has been called
WARNING: sun.misc.Unsafe::objectFieldOffset has been called by org.openjdk.jmh.util.Utils (file:/home/test/Workspaces/JavaWorkspace/JavaStream_KeySkew/.deps/jmh-core-1.37.jar)
WARNING: Please consider reporting this to the maintainers of class org.openjdk.jmh.util.Utils
WARNING: sun.misc.Unsafe::objectFieldOffset will be removed in a future release
# JMH version: 1.37
# VM version: JDK 25.0.4.1, OpenJDK 64-Bit Server VM, 25.0.4.1+1-LTS
# VM invoker: /home/test/jdk/jdk-25.0.4.1+1/bin/java
# VM options: -Xms512m -Xmx512m -Djava.util.concurrent.ForkJoinPool.common.parallelism=3
# Blackhole mode: compiler (auto-detected, use -Djmh.blackhole.autoDetect=false to disable)
# Warmup: 5 iterations, 1 s each
# Measurement: 5 iterations, 1 s each
# Timeout: 10 min per iteration
# Threads: 1 thread, will synchronize iterations
# Benchmark mode: Average time, time/op
# Benchmark: research.skew.AggregationBenchmark.parallelConcurrent
# Parameters: (cardinality = 256, distribution = uniform, seed = 20260929, size = 10000)

# Run progress: 0.00% complete, ETA 00:13:30
# Fork: 1 of 3
WARNING: A terminally deprecated method in sun.misc.Unsafe has been called
WARNING: sun.misc.Unsafe::objectFieldOffset has been called by org.openjdk.jmh.util.Utils (file:/home/test/Workspaces/JavaWorkspace/JavaStream_KeySkew/.deps/jmh-core-1.37.jar)
WARNING: Please consider reporting this to the maintainers of class org.openjdk.jmh.util.Utils
WARNING: sun.misc.Unsafe::objectFieldOffset will be removed in a future release
# Warmup Iteration   1: Input: n=10000, keys=256, observedHotFraction=0.004000, poolParallelism=3, availableProcessors=4
0.296 ms/op
# Warmup Iteration   2: 0.264 ms/op
# Warmup Iteration   3: 0.257 ms/op
# Warmup Iteration   4: 0.257 ms/op
# Warmup Iteration   5: 0.257 ms/op
Iteration   1: 0.258 ms/op
                 gc.alloc.rate:      674.073 MB/sec
                 gc.alloc.rate.norm: 182065.689 B/op
                 gc.count:           2.000 counts
                 gc.time:            4.000 ms

Iteration   2: 0.257 ms/op
                 gc.alloc.rate:      672.251 MB/sec
                 gc.alloc.rate.norm: 182070.824 B/op
                 gc.count:           2.000 counts
                 gc.time:            5.000 ms

Iteration   3: 0.256 ms/op
                 gc.alloc.rate:      678.474 MB/sec
                 gc.alloc.rate.norm: 182084.534 B/op
                 gc.count:           2.000 counts
                 gc.time:            2.000 ms

Iteration   4: 0.257 ms/op
                 gc.alloc.rate:      675.984 MB/sec
                 gc.alloc.rate.norm: 182070.821 B/op
                 gc.count:           3.000 counts
                 gc.time:            3.000 ms

Iteration   5: 0.257 ms/op
                 gc.alloc.rate:      676.501 MB/sec
                 gc.alloc.rate.norm: 182102.270 B/op
                 gc.count:           2.000 counts
                 gc.time:            1.000 ms


# Run progress: 1.23% complete, ETA 00:13:51
# Fork: 2 of 3
WARNING: A terminally deprecated method in sun.misc.Unsafe has been called
WARNING: sun.misc.Unsafe::objectFieldOffset has been called by org.openjdk.jmh.util.Utils (file:/home/test/Workspaces/JavaWorkspace/JavaStream_KeySkew/.deps/jmh-core-1.37.jar)
WARNING: Please consider reporting this to the maintainers of class org.openjdk.jmh.util.Utils
WARNING: sun.misc.Unsafe::objectFieldOffset will be removed in a future release
# Warmup Iteration   1: Input: n=10000, keys=256, observedHotFraction=0.004000, poolParallelism=3, availableProcessors=4
0.293 ms/op
# Warmup Iteration   2: 0.262 ms/op
# Warmup Iteration   3: 0.257 ms/op
# Warmup Iteration   4: 0.258 ms/op
# Warmup Iteration   5: 0.258 ms/op
Iteration   1: 0.258 ms/op
                 gc.alloc.rate:      672.891 MB/sec
                 gc.alloc.rate.norm: 182049.419 B/op
                 gc.count:           2.000 counts
                 gc.time:            4.000 ms

Iteration   2: 0.258 ms/op
                 gc.alloc.rate:      673.912 MB/sec
                 gc.alloc.rate.norm: 182057.284 B/op
                 gc.count:           2.000 counts
                 gc.time:            5.000 ms

Iteration   3: 0.256 ms/op
                 gc.alloc.rate:      677.364 MB/sec
                 gc.alloc.rate.norm: 182062.543 B/op
                 gc.count:           2.000 counts
                 gc.time:            2.000 ms

Iteration   4: 0.257 ms/op
                 gc.alloc.rate:      676.035 MB/sec
                 gc.alloc.rate.norm: 182001.478 B/op
                 gc.count:           3.000 counts
                 gc.time:            2.000 ms

Iteration   5: 0.255 ms/op
                 gc.alloc.rate:      679.161 MB/sec
                 gc.alloc.rate.norm: 182058.588 B/op
                 gc.count:           2.000 counts
                 gc.time:            1.000 ms


# Run progress: 2.47% complete, ETA 00:13:40
# Fork: 3 of 3
WARNING: A terminally deprecated method in sun.misc.Unsafe has been called
WARNING: sun.misc.Unsafe::objectFieldOffset has been called by org.openjdk.jmh.util.Utils (file:/home/test/Workspaces/JavaWorkspace/JavaStream_KeySkew/.deps/jmh-core-1.37.jar)
WARNING: Please consider reporting this to the maintainers of class org.openjdk.jmh.util.Utils
WARNING: sun.misc.Unsafe::objectFieldOffset will be removed in a future release
# Warmup Iteration   1: Input: n=10000, keys=256, observedHotFraction=0.004000, poolParallelism=3, availableProcessors=4
0.299 ms/op
# Warmup Iteration   2: 0.267 ms/op
# Warmup Iteration   3: 0.258 ms/op
# Warmup Iteration   4: 0.265 ms/op
# Warmup Iteration   5: 0.260 ms/op
Iteration   1: 0.260 ms/op
                 gc.alloc.rate:      667.866 MB/sec
                 gc.alloc.rate.norm: 182053.516 B/op
                 gc.count:           2.000 counts
                 gc.time:            5.000 ms

Iteration   2: 0.260 ms/op
                 gc.alloc.rate:      667.196 MB/sec
                 gc.alloc.rate.norm: 182031.736 B/op
                 gc.count:           2.000 counts
                 gc.time:            4.000 ms

Iteration   3: 0.259 ms/op
                 gc.alloc.rate:      670.502 MB/sec
                 gc.alloc.rate.norm: 182093.455 B/op
                 gc.count:           2.000 counts
                 gc.time:            2.000 ms

Iteration   4: 0.284 ms/op
                 gc.alloc.rate:      611.401 MB/sec
                 gc.alloc.rate.norm: 182068.848 B/op
                 gc.count:           2.000 counts
                 gc.time:            3.000 ms

Iteration   5: 0.291 ms/op
                 gc.alloc.rate:      597.102 MB/sec
                 gc.alloc.rate.norm: 182061.550 B/op
                 gc.count:           2.000 counts
                 gc.time:            2.000 ms



Result "research.skew.AggregationBenchmark.parallelConcurrent":
  0.261 ±(99.9%) 0.011 ms/op [Average]
  (min, avg, max) = (0.255, 0.261, 0.291), stdev = 0.011
  CI (99.9%): [0.250, 0.273] (assumes normal distribution)

Secondary result "research.skew.AggregationBenchmark.parallelConcurrent:gc.alloc.rate":
  664.714 ±(99.9%) 26.667 MB/sec [Average]
  (min, avg, max) = (597.102, 664.714, 679.161), stdev = 24.945
  CI (99.9%): [638.047, 691.382] (assumes normal distribution)

Secondary result "research.skew.AggregationBenchmark.parallelConcurrent:gc.alloc.rate.norm":
  182062.170 ±(99.9%) 25.838 B/op [Average]
  (min, avg, max) = (182001.478, 182062.170, 182102.270), stdev = 24.169
  CI (99.9%): [182036.332, 182088.009] (assumes normal distribution)

Secondary result "research.skew.AggregationBenchmark.parallelConcurrent:gc.count":
  32.000 ±(99.9%) 0.001 counts [Sum]
  (min, avg, max) = (2.000, 2.133, 3.000), stdev = 0.352
  CI (99.9%): [32.000, 32.000] (assumes normal distribution)

Secondary result "research.skew.AggregationBenchmark.parallelConcurrent:gc.time":
  45.000 ±(99.9%) 0.001 ms [Sum]
  (min, avg, max) = (1.000, 3.000, 5.000), stdev = 1.414
  CI (99.9%): [45.000, 45.000] (assumes normal distribution)


# JMH version: 1.37
# VM version: JDK 25.0.4.1, OpenJDK 64-Bit Server VM, 25.0.4.1+1-LTS
# VM invoker: /home/test/jdk/jdk-25.0.4.1+1/bin/java
# VM options: -Xms512m -Xmx512m -Djava.util.concurrent.ForkJoinPool.common.parallelism=3
# Blackhole mode: compiler (auto-detected, use -Djmh.blackhole.autoDetect=false to disable)
# Warmup: 5 iterations, 1 s each
# Measurement: 5 iterations, 1 s each
# Timeout: 10 min per iteration
# Threads: 1 thread, will synchronize iterations
# Benchmark mode: Average time, time/op
# Benchmark: research.skew.AggregationBenchmark.parallelConcurrent
# Parameters: (cardinality = 256, distribution = uniform, seed = 20260929, size = 100000)

# Run progress: 3.70% complete, ETA 00:13:29
# Fork: 1 of 3
WARNING: A terminally deprecated method in sun.misc.Unsafe has been called
WARNING: sun.misc.Unsafe::objectFieldOffset has been called by org.openjdk.jmh.util.Utils (file:/home/test/Workspaces/JavaWorkspace/JavaStream_KeySkew/.deps/jmh-core-1.37.jar)
WARNING: Please consider reporting this to the maintainers of class org.openjdk.jmh.util.Utils
WARNING: sun.misc.Unsafe::objectFieldOffset will be removed in a future release
# Warmup Iteration   1: Input: n=100000, keys=256, observedHotFraction=0.003910, poolParallelism=3, availableProcessors=4
2.517 ms/op
# Warmup Iteration   2: 2.488 ms/op
# Warmup Iteration   3: 2.549 ms/op
# Warmup Iteration   4: 2.543 ms/op
# Warmup Iteration   5: 2.564 ms/op
Iteration   1: 2.567 ms/op
                 gc.alloc.rate:      605.091 MB/sec
                 gc.alloc.rate.norm: 1629142.010 B/op
                 gc.count:           2.000 counts
                 gc.time:            6.000 ms

Iteration   2: 2.455 ms/op
                 gc.alloc.rate:      633.167 MB/sec
                 gc.alloc.rate.norm: 1630412.294 B/op
                 gc.count:           2.000 counts
                 gc.time:            6.000 ms

Iteration   3: 2.391 ms/op
                 gc.alloc.rate:      651.077 MB/sec
                 gc.alloc.rate.norm: 1632510.053 B/op
                 gc.count:           2.000 counts
                 gc.time:            5.000 ms

Iteration   4: 2.414 ms/op
                 gc.alloc.rate:      643.149 MB/sec
                 gc.alloc.rate.norm: 1630864.810 B/op
                 gc.count:           3.000 counts
                 gc.time:            4.000 ms

Iteration   5: 2.604 ms/op
                 gc.alloc.rate:      596.335 MB/sec
                 gc.alloc.rate.norm: 1628528.000 B/op
                 gc.count:           2.000 counts
                 gc.time:            1.000 ms


# Run progress: 4.94% complete, ETA 00:13:20
# Fork: 2 of 3
WARNING: A terminally deprecated method in sun.misc.Unsafe has been called
WARNING: sun.misc.Unsafe::objectFieldOffset has been called by org.openjdk.jmh.util.Utils (file:/home/test/Workspaces/JavaWorkspace/JavaStream_KeySkew/.deps/jmh-core-1.37.jar)
WARNING: Please consider reporting this to the maintainers of class org.openjdk.jmh.util.Utils
WARNING: sun.misc.Unsafe::objectFieldOffset will be removed in a future release
# Warmup Iteration   1: Input: n=100000, keys=256, observedHotFraction=0.003910, poolParallelism=3, availableProcessors=4
2.517 ms/op
# Warmup Iteration   2: 2.444 ms/op
# Warmup Iteration   3: 2.587 ms/op
# Warmup Iteration   4: 2.557 ms/op
# Warmup Iteration   5: 2.552 ms/op
Iteration   1: 2.567 ms/op
                 gc.alloc.rate:      605.015 MB/sec
                 gc.alloc.rate.norm: 1629093.067 B/op
                 gc.count:           2.000 counts
                 gc.time:            5.000 ms

Iteration   2: 2.573 ms/op
                 gc.alloc.rate:      603.300 MB/sec
                 gc.alloc.rate.norm: 1629148.586 B/op
                 gc.count:           2.000 counts
                 gc.time:            6.000 ms

Iteration   3: 2.608 ms/op
                 gc.alloc.rate:      595.482 MB/sec
                 gc.alloc.rate.norm: 1628575.688 B/op
                 gc.count:           2.000 counts
                 gc.time:            3.000 ms

Iteration   4: 2.551 ms/op
                 gc.alloc.rate:      608.906 MB/sec
                 gc.alloc.rate.norm: 1629060.763 B/op
                 gc.count:           2.000 counts
                 gc.time:            2.000 ms

Iteration   5: 2.560 ms/op
                 gc.alloc.rate:      606.681 MB/sec
                 gc.alloc.rate.norm: 1628981.361 B/op
                 gc.count:           2.000 counts
                 gc.time:            2.000 ms


# Run progress: 6.17% complete, ETA 00:13:10
# Fork: 3 of 3
WARNING: A terminally deprecated method in sun.misc.Unsafe has been called
WARNING: sun.misc.Unsafe::objectFieldOffset has been called by org.openjdk.jmh.util.Utils (file:/home/test/Workspaces/JavaWorkspace/JavaStream_KeySkew/.deps/jmh-core-1.37.jar)
WARNING: Please consider reporting this to the maintainers of class org.openjdk.jmh.util.Utils
WARNING: sun.misc.Unsafe::objectFieldOffset will be removed in a future release
# Warmup Iteration   1: Input: n=100000, keys=256, observedHotFraction=0.003910, poolParallelism=3, availableProcessors=4
2.448 ms/op
# Warmup Iteration   2: 2.488 ms/op
# Warmup Iteration   3: 2.673 ms/op
# Warmup Iteration   4: 2.619 ms/op
# Warmup Iteration   5: 2.608 ms/op
Iteration   1: 2.678 ms/op
                 gc.alloc.rate:      579.938 MB/sec
                 gc.alloc.rate.norm: 1628997.867 B/op
                 gc.count:           2.000 counts
                 gc.time:            7.000 ms

Iteration   2: 2.667 ms/op
                 gc.alloc.rate:      582.379 MB/sec
                 gc.alloc.rate.norm: 1629098.617 B/op
                 gc.count:           2.000 counts
                 gc.time:            6.000 ms

Iteration   3: 2.677 ms/op
                 gc.alloc.rate:      579.986 MB/sec
                 gc.alloc.rate.norm: 1628788.877 B/op
                 gc.count:           2.000 counts
                 gc.time:            4.000 ms

Iteration   4: 2.692 ms/op
                 gc.alloc.rate:      576.679 MB/sec
                 gc.alloc.rate.norm: 1628581.140 B/op
                 gc.count:           2.000 counts
                 gc.time:            2.000 ms

Iteration   5: 2.664 ms/op
                 gc.alloc.rate:      582.919 MB/sec
                 gc.alloc.rate.norm: 1628976.276 B/op
                 gc.count:           2.000 counts
                 gc.time:            1.000 ms



Result "research.skew.AggregationBenchmark.parallelConcurrent":
  2.578 ±(99.9%) 0.102 ms/op [Average]
  (min, avg, max) = (2.391, 2.578, 2.692), stdev = 0.096
  CI (99.9%): [2.476, 2.680] (assumes normal distribution)

Secondary result "research.skew.AggregationBenchmark.parallelConcurrent:gc.alloc.rate":
  603.340 ±(99.9%) 24.863 MB/sec [Average]
  (min, avg, max) = (576.679, 603.340, 651.077), stdev = 23.257
  CI (99.9%): [578.477, 628.203] (assumes normal distribution)

Secondary result "research.skew.AggregationBenchmark.parallelConcurrent:gc.alloc.rate.norm":
  1629383.960 ±(99.9%) 1152.450 B/op [Average]
  (min, avg, max) = (1628528.000, 1629383.960, 1632510.053), stdev = 1078.003
  CI (99.9%): [1628231.510, 1630536.411] (assumes normal distribution)

Secondary result "research.skew.AggregationBenchmark.parallelConcurrent:gc.count":
  31.000 ±(99.9%) 0.001 counts [Sum]
  (min, avg, max) = (2.000, 2.067, 3.000), stdev = 0.258
  CI (99.9%): [31.000, 31.000] (assumes normal distribution)

Secondary result "research.skew.AggregationBenchmark.parallelConcurrent:gc.time":
  60.000 ±(99.9%) 0.001 ms [Sum]
  (min, avg, max) = (1.000, 4.000, 7.000), stdev = 2.035
  CI (99.9%): [60.000, 60.000] (assumes normal distribution)


# JMH version: 1.37
# VM version: JDK 25.0.4.1, OpenJDK 64-Bit Server VM, 25.0.4.1+1-LTS
# VM invoker: /home/test/jdk/jdk-25.0.4.1+1/bin/java
# VM options: -Xms512m -Xmx512m -Djava.util.concurrent.ForkJoinPool.common.parallelism=3
# Blackhole mode: compiler (auto-detected, use -Djmh.blackhole.autoDetect=false to disable)
# Warmup: 5 iterations, 1 s each
# Measurement: 5 iterations, 1 s each
# Timeout: 10 min per iteration
# Threads: 1 thread, will synchronize iterations
# Benchmark mode: Average time, time/op
# Benchmark: research.skew.AggregationBenchmark.parallelConcurrent
# Parameters: (cardinality = 256, distribution = uniform, seed = 20260929, size = 1000000)

# Run progress: 7.41% complete, ETA 00:13:00
# Fork: 1 of 3
WARNING: A terminally deprecated method in sun.misc.Unsafe has been called
WARNING: sun.misc.Unsafe::objectFieldOffset has been called by org.openjdk.jmh.util.Utils (file:/home/test/Workspaces/JavaWorkspace/JavaStream_KeySkew/.deps/jmh-core-1.37.jar)
WARNING: Please consider reporting this to the maintainers of class org.openjdk.jmh.util.Utils
WARNING: sun.misc.Unsafe::objectFieldOffset will be removed in a future release
# Warmup Iteration   1: Input: n=1000000, keys=256, observedHotFraction=0.003907, poolParallelism=3, availableProcessors=4
22.642 ms/op
# Warmup Iteration   2: 20.816 ms/op
# Warmup Iteration   3: 20.520 ms/op
# Warmup Iteration   4: 21.210 ms/op
# Warmup Iteration   5: 22.045 ms/op
Iteration   1: 21.381 ms/op
                 gc.alloc.rate:      715.018 MB/sec
                 gc.alloc.rate.norm: 16033776.000 B/op
                 gc.count:           2.000 counts
                 gc.time:            15.000 ms

Iteration   2: 20.790 ms/op
                 gc.alloc.rate:      735.394 MB/sec
                 gc.alloc.rate.norm: 16034200.490 B/op
                 gc.count:           3.000 counts
                 gc.time:            3.000 ms

Iteration   3: 21.017 ms/op
                 gc.alloc.rate:      727.385 MB/sec
                 gc.alloc.rate.norm: 16033904.833 B/op
                 gc.count:           2.000 counts
                 gc.time:            2.000 ms

Iteration   4: 21.239 ms/op
                 gc.alloc.rate:      719.770 MB/sec
                 gc.alloc.rate.norm: 16033238.000 B/op
                 gc.count:           3.000 counts
                 gc.time:            3.000 ms

Iteration   5: 20.643 ms/op
                 gc.alloc.rate:      740.517 MB/sec
                 gc.alloc.rate.norm: 16033970.612 B/op
                 gc.count:           2.000 counts
                 gc.time:            2.000 ms


# Run progress: 8.64% complete, ETA 00:12:53
# Fork: 2 of 3
WARNING: A terminally deprecated method in sun.misc.Unsafe has been called
WARNING: sun.misc.Unsafe::objectFieldOffset has been called by org.openjdk.jmh.util.Utils (file:/home/test/Workspaces/JavaWorkspace/JavaStream_KeySkew/.deps/jmh-core-1.37.jar)
WARNING: Please consider reporting this to the maintainers of class org.openjdk.jmh.util.Utils
WARNING: sun.misc.Unsafe::objectFieldOffset will be removed in a future release
# Warmup Iteration   1: Input: n=1000000, keys=256, observedHotFraction=0.003907, poolParallelism=3, availableProcessors=4
23.872 ms/op
# Warmup Iteration   2: 21.266 ms/op
# Warmup Iteration   3: 21.260 ms/op
# Warmup Iteration   4: 20.573 ms/op
# Warmup Iteration   5: 20.810 ms/op
Iteration   1: 21.294 ms/op
                 gc.alloc.rate:      717.854 MB/sec
                 gc.alloc.rate.norm: 16033657.833 B/op
                 gc.count:           2.000 counts
                 gc.time:            15.000 ms

Iteration   2: 20.845 ms/op
                 gc.alloc.rate:      733.407 MB/sec
                 gc.alloc.rate.norm: 16034035.167 B/op
                 gc.count:           3.000 counts
                 gc.time:            3.000 ms

Iteration   3: 21.376 ms/op
                 gc.alloc.rate:      715.171 MB/sec
                 gc.alloc.rate.norm: 16033438.979 B/op
                 gc.count:           2.000 counts
                 gc.time:            2.000 ms

Iteration   4: 21.947 ms/op
                 gc.alloc.rate:      696.536 MB/sec
                 gc.alloc.rate.norm: 16032810.609 B/op
                 gc.count:           3.000 counts
                 gc.time:            4.000 ms

Iteration   5: 21.965 ms/op
                 gc.alloc.rate:      695.870 MB/sec
                 gc.alloc.rate.norm: 16032424.870 B/op
                 gc.count:           2.000 counts
                 gc.time:            2.000 ms


# Run progress: 9.88% complete, ETA 00:12:44
# Fork: 3 of 3
WARNING: A terminally deprecated method in sun.misc.Unsafe has been called
WARNING: sun.misc.Unsafe::objectFieldOffset has been called by org.openjdk.jmh.util.Utils (file:/home/test/Workspaces/JavaWorkspace/JavaStream_KeySkew/.deps/jmh-core-1.37.jar)
WARNING: Please consider reporting this to the maintainers of class org.openjdk.jmh.util.Utils
WARNING: sun.misc.Unsafe::objectFieldOffset will be removed in a future release
# Warmup Iteration   1: Input: n=1000000, keys=256, observedHotFraction=0.003907, poolParallelism=3, availableProcessors=4
23.946 ms/op
# Warmup Iteration   2: 21.009 ms/op
# Warmup Iteration   3: 20.779 ms/op
# Warmup Iteration   4: 21.589 ms/op
# Warmup Iteration   5: 21.419 ms/op
Iteration   1: 21.425 ms/op
                 gc.alloc.rate:      713.487 MB/sec
                 gc.alloc.rate.norm: 16033409.021 B/op
                 gc.count:           2.000 counts
                 gc.time:            14.000 ms

Iteration   2: 20.564 ms/op
                 gc.alloc.rate:      743.413 MB/sec
                 gc.alloc.rate.norm: 16034194.939 B/op
                 gc.count:           3.000 counts
                 gc.time:            3.000 ms

Iteration   3: 21.746 ms/op
                 gc.alloc.rate:      702.952 MB/sec
                 gc.alloc.rate.norm: 16032915.915 B/op
                 gc.count:           2.000 counts
                 gc.time:            2.000 ms

Iteration   4: 20.445 ms/op
                 gc.alloc.rate:      747.785 MB/sec
                 gc.alloc.rate.norm: 16034177.920 B/op
                 gc.count:           3.000 counts
                 gc.time:            3.000 ms

Iteration   5: 21.311 ms/op
                 gc.alloc.rate:      717.314 MB/sec
                 gc.alloc.rate.norm: 16033248.167 B/op
                 gc.count:           2.000 counts
                 gc.time:            2.000 ms



Result "research.skew.AggregationBenchmark.parallelConcurrent":
  21.199 ±(99.9%) 0.510 ms/op [Average]
  (min, avg, max) = (20.445, 21.199, 21.965), stdev = 0.478
  CI (99.9%): [20.689, 21.710] (assumes normal distribution)

Secondary result "research.skew.AggregationBenchmark.parallelConcurrent:gc.alloc.rate":
  721.458 ±(99.9%) 17.395 MB/sec [Average]
  (min, avg, max) = (695.870, 721.458, 747.785), stdev = 16.271
  CI (99.9%): [704.064, 738.853] (assumes normal distribution)

Secondary result "research.skew.AggregationBenchmark.parallelConcurrent:gc.alloc.rate.norm":
  16033560.224 ±(99.9%) 590.273 B/op [Average]
  (min, avg, max) = (16032424.870, 16033560.224, 16034200.490), stdev = 552.141
  CI (99.9%): [16032969.951, 16034150.496] (assumes normal distribution)

Secondary result "research.skew.AggregationBenchmark.parallelConcurrent:gc.count":
  36.000 ±(99.9%) 0.001 counts [Sum]
  (min, avg, max) = (2.000, 2.400, 3.000), stdev = 0.507
  CI (99.9%): [36.000, 36.000] (assumes normal distribution)

Secondary result "research.skew.AggregationBenchmark.parallelConcurrent:gc.time":
  75.000 ±(99.9%) 0.001 ms [Sum]
  (min, avg, max) = (2.000, 5.000, 15.000), stdev = 5.043
  CI (99.9%): [75.000, 75.000] (assumes normal distribution)


# JMH version: 1.37
# VM version: JDK 25.0.4.1, OpenJDK 64-Bit Server VM, 25.0.4.1+1-LTS
# VM invoker: /home/test/jdk/jdk-25.0.4.1+1/bin/java
# VM options: -Xms512m -Xmx512m -Djava.util.concurrent.ForkJoinPool.common.parallelism=3
# Blackhole mode: compiler (auto-detected, use -Djmh.blackhole.autoDetect=false to disable)
# Warmup: 5 iterations, 1 s each
# Measurement: 5 iterations, 1 s each
# Timeout: 10 min per iteration
# Threads: 1 thread, will synchronize iterations
# Benchmark mode: Average time, time/op
# Benchmark: research.skew.AggregationBenchmark.parallelConcurrent
# Parameters: (cardinality = 256, distribution = hot50, seed = 20260929, size = 10000)

# Run progress: 11.11% complete, ETA 00:12:35
# Fork: 1 of 3
WARNING: A terminally deprecated method in sun.misc.Unsafe has been called
WARNING: sun.misc.Unsafe::objectFieldOffset has been called by org.openjdk.jmh.util.Utils (file:/home/test/Workspaces/JavaWorkspace/JavaStream_KeySkew/.deps/jmh-core-1.37.jar)
WARNING: Please consider reporting this to the maintainers of class org.openjdk.jmh.util.Utils
WARNING: sun.misc.Unsafe::objectFieldOffset will be removed in a future release
# Warmup Iteration   1: Input: n=10000, keys=256, observedHotFraction=0.500000, poolParallelism=3, availableProcessors=4
0.846 ms/op
# Warmup Iteration   2: 0.849 ms/op
# Warmup Iteration   3: 0.838 ms/op
# Warmup Iteration   4: 0.838 ms/op
# Warmup Iteration   5: 0.829 ms/op
Iteration   1: 0.836 ms/op
                 gc.alloc.rate:      208.422 MB/sec
                 gc.alloc.rate.norm: 182804.317 B/op
                 gc.count:           1.000 counts
                 gc.time:            2.000 ms

Iteration   2: 0.836 ms/op
                 gc.alloc.rate:      208.495 MB/sec
                 gc.alloc.rate.norm: 182876.424 B/op
                 gc.count:           1.000 counts
                 gc.time:            2.000 ms

Iteration   3: 0.837 ms/op
                 gc.alloc.rate:      208.396 MB/sec
                 gc.alloc.rate.norm: 182851.358 B/op
                 gc.count:           ≈ 0 counts

Iteration   4: 0.835 ms/op
                 gc.alloc.rate:      208.845 MB/sec
                 gc.alloc.rate.norm: 182869.878 B/op
                 gc.count:           1.000 counts
                 gc.time:            2.000 ms

Iteration   5: 0.836 ms/op
                 gc.alloc.rate:      208.544 MB/sec
                 gc.alloc.rate.norm: 182809.631 B/op
                 gc.count:           1.000 counts
                 gc.time:            1.000 ms


# Run progress: 12.35% complete, ETA 00:12:24
# Fork: 2 of 3
WARNING: A terminally deprecated method in sun.misc.Unsafe has been called
WARNING: sun.misc.Unsafe::objectFieldOffset has been called by org.openjdk.jmh.util.Utils (file:/home/test/Workspaces/JavaWorkspace/JavaStream_KeySkew/.deps/jmh-core-1.37.jar)
WARNING: Please consider reporting this to the maintainers of class org.openjdk.jmh.util.Utils
WARNING: sun.misc.Unsafe::objectFieldOffset will be removed in a future release
# Warmup Iteration   1: Input: n=10000, keys=256, observedHotFraction=0.500000, poolParallelism=3, availableProcessors=4
0.843 ms/op
# Warmup Iteration   2: 0.830 ms/op
# Warmup Iteration   3: 0.835 ms/op
# Warmup Iteration   4: 0.833 ms/op
# Warmup Iteration   5: 0.825 ms/op
Iteration   1: 0.831 ms/op
                 gc.alloc.rate:      209.673 MB/sec
                 gc.alloc.rate.norm: 182870.451 B/op
                 gc.count:           1.000 counts
                 gc.time:            2.000 ms

Iteration   2: 0.829 ms/op
                 gc.alloc.rate:      210.499 MB/sec
                 gc.alloc.rate.norm: 183021.561 B/op
                 gc.count:           1.000 counts
                 gc.time:            2.000 ms

Iteration   3: 0.830 ms/op
                 gc.alloc.rate:      210.193 MB/sec
                 gc.alloc.rate.norm: 182921.784 B/op
                 gc.count:           ≈ 0 counts

Iteration   4: 0.826 ms/op
                 gc.alloc.rate:      211.230 MB/sec
                 gc.alloc.rate.norm: 183089.004 B/op
                 gc.count:           1.000 counts
                 gc.time:            2.000 ms

Iteration   5: 0.831 ms/op
                 gc.alloc.rate:      209.862 MB/sec
                 gc.alloc.rate.norm: 182966.186 B/op
                 gc.count:           1.000 counts
                 gc.time:            2.000 ms


# Run progress: 13.58% complete, ETA 00:12:12
# Fork: 3 of 3
WARNING: A terminally deprecated method in sun.misc.Unsafe has been called
WARNING: sun.misc.Unsafe::objectFieldOffset has been called by org.openjdk.jmh.util.Utils (file:/home/test/Workspaces/JavaWorkspace/JavaStream_KeySkew/.deps/jmh-core-1.37.jar)
WARNING: Please consider reporting this to the maintainers of class org.openjdk.jmh.util.Utils
WARNING: sun.misc.Unsafe::objectFieldOffset will be removed in a future release
# Warmup Iteration   1: Input: n=10000, keys=256, observedHotFraction=0.500000, poolParallelism=3, availableProcessors=4
0.833 ms/op
# Warmup Iteration   2: 0.828 ms/op
# Warmup Iteration   3: 0.833 ms/op
# Warmup Iteration   4: 0.830 ms/op
# Warmup Iteration   5: 0.822 ms/op
Iteration   1: 0.829 ms/op
                 gc.alloc.rate:      209.945 MB/sec
                 gc.alloc.rate.norm: 182687.238 B/op
                 gc.count:           1.000 counts
                 gc.time:            2.000 ms

Iteration   2: 0.831 ms/op
                 gc.alloc.rate:      209.462 MB/sec
                 gc.alloc.rate.norm: 182686.500 B/op
                 gc.count:           1.000 counts
                 gc.time:            2.000 ms

Iteration   3: 0.831 ms/op
                 gc.alloc.rate:      209.558 MB/sec
                 gc.alloc.rate.norm: 182768.944 B/op
                 gc.count:           ≈ 0 counts

Iteration   4: 0.828 ms/op
                 gc.alloc.rate:      210.212 MB/sec
                 gc.alloc.rate.norm: 182705.007 B/op
                 gc.count:           1.000 counts
                 gc.time:            2.000 ms

Iteration   5: 0.829 ms/op
                 gc.alloc.rate:      210.205 MB/sec
                 gc.alloc.rate.norm: 182764.487 B/op
                 gc.count:           1.000 counts
                 gc.time:            2.000 ms



Result "research.skew.AggregationBenchmark.parallelConcurrent":
  0.832 ±(99.9%) 0.004 ms/op [Average]
  (min, avg, max) = (0.826, 0.832, 0.837), stdev = 0.003
  CI (99.9%): [0.828, 0.835] (assumes normal distribution)

Secondary result "research.skew.AggregationBenchmark.parallelConcurrent:gc.alloc.rate":
  209.569 ±(99.9%) 0.926 MB/sec [Average]
  (min, avg, max) = (208.396, 209.569, 211.230), stdev = 0.866
  CI (99.9%): [208.643, 210.495] (assumes normal distribution)

Secondary result "research.skew.AggregationBenchmark.parallelConcurrent:gc.alloc.rate.norm":
  182846.185 ±(99.9%) 127.249 B/op [Average]
  (min, avg, max) = (182686.500, 182846.185, 183089.004), stdev = 119.029
  CI (99.9%): [182718.936, 182973.434] (assumes normal distribution)

Secondary result "research.skew.AggregationBenchmark.parallelConcurrent:gc.count":
  12.000 ±(99.9%) 0.001 counts [Sum]
  (min, avg, max) = (≈ 0, 0.800, 1.000), stdev = 0.414
  CI (99.9%): [12.000, 12.000] (assumes normal distribution)

Secondary result "research.skew.AggregationBenchmark.parallelConcurrent:gc.time":
  23.000 ±(99.9%) 0.001 ms [Sum]
  (min, avg, max) = (≈ 0, 1.533, 2.000), stdev = 0.834
  CI (99.9%): [23.000, 23.000] (assumes normal distribution)


# JMH version: 1.37
# VM version: JDK 25.0.4.1, OpenJDK 64-Bit Server VM, 25.0.4.1+1-LTS
# VM invoker: /home/test/jdk/jdk-25.0.4.1+1/bin/java
# VM options: -Xms512m -Xmx512m -Djava.util.concurrent.ForkJoinPool.common.parallelism=3
# Blackhole mode: compiler (auto-detected, use -Djmh.blackhole.autoDetect=false to disable)
# Warmup: 5 iterations, 1 s each
# Measurement: 5 iterations, 1 s each
# Timeout: 10 min per iteration
# Threads: 1 thread, will synchronize iterations
# Benchmark mode: Average time, time/op
# Benchmark: research.skew.AggregationBenchmark.parallelConcurrent
# Parameters: (cardinality = 256, distribution = hot50, seed = 20260929, size = 100000)

# Run progress: 14.81% complete, ETA 00:12:01
# Fork: 1 of 3
WARNING: A terminally deprecated method in sun.misc.Unsafe has been called
WARNING: sun.misc.Unsafe::objectFieldOffset has been called by org.openjdk.jmh.util.Utils (file:/home/test/Workspaces/JavaWorkspace/JavaStream_KeySkew/.deps/jmh-core-1.37.jar)
WARNING: Please consider reporting this to the maintainers of class org.openjdk.jmh.util.Utils
WARNING: sun.misc.Unsafe::objectFieldOffset will be removed in a future release
# Warmup Iteration   1: Input: n=100000, keys=256, observedHotFraction=0.500000, poolParallelism=3, availableProcessors=4
7.983 ms/op
# Warmup Iteration   2: 8.053 ms/op
# Warmup Iteration   3: 8.028 ms/op
# Warmup Iteration   4: 8.183 ms/op
# Warmup Iteration   5: 8.165 ms/op
Iteration   1: 8.234 ms/op
                 gc.alloc.rate:      188.681 MB/sec
                 gc.alloc.rate.norm: 1629584.656 B/op
                 gc.count:           1.000 counts
                 gc.time:            3.000 ms

Iteration   2: 8.136 ms/op
                 gc.alloc.rate:      190.984 MB/sec
                 gc.alloc.rate.norm: 1629715.967 B/op
                 gc.count:           1.000 counts
                 gc.time:            3.000 ms

Iteration   3: 8.229 ms/op
                 gc.alloc.rate:      188.805 MB/sec
                 gc.alloc.rate.norm: 1629472.066 B/op
                 gc.count:           ≈ 0 counts

Iteration   4: 8.180 ms/op
                 gc.alloc.rate:      189.904 MB/sec
                 gc.alloc.rate.norm: 1629307.707 B/op
                 gc.count:           1.000 counts
                 gc.time:            2.000 ms

Iteration   5: 8.128 ms/op
                 gc.alloc.rate:      191.120 MB/sec
                 gc.alloc.rate.norm: 1629456.000 B/op
                 gc.count:           ≈ 0 counts


# Run progress: 16.05% complete, ETA 00:11:51
# Fork: 2 of 3
WARNING: A terminally deprecated method in sun.misc.Unsafe has been called
WARNING: sun.misc.Unsafe::objectFieldOffset has been called by org.openjdk.jmh.util.Utils (file:/home/test/Workspaces/JavaWorkspace/JavaStream_KeySkew/.deps/jmh-core-1.37.jar)
WARNING: Please consider reporting this to the maintainers of class org.openjdk.jmh.util.Utils
WARNING: sun.misc.Unsafe::objectFieldOffset will be removed in a future release
# Warmup Iteration   1: Input: n=100000, keys=256, observedHotFraction=0.500000, poolParallelism=3, availableProcessors=4
8.106 ms/op
# Warmup Iteration   2: 8.145 ms/op
# Warmup Iteration   3: 8.086 ms/op
# Warmup Iteration   4: 8.154 ms/op
# Warmup Iteration   5: 8.228 ms/op
Iteration   1: 8.254 ms/op
                 gc.alloc.rate:      188.188 MB/sec
                 gc.alloc.rate.norm: 1629181.639 B/op
                 gc.count:           1.000 counts
                 gc.time:            3.000 ms

Iteration   2: 8.085 ms/op
                 gc.alloc.rate:      192.178 MB/sec
                 gc.alloc.rate.norm: 1629605.419 B/op
                 gc.count:           1.000 counts
                 gc.time:            3.000 ms

Iteration   3: 8.190 ms/op
                 gc.alloc.rate:      189.513 MB/sec
                 gc.alloc.rate.norm: 1629284.618 B/op
                 gc.count:           ≈ 0 counts

Iteration   4: 8.195 ms/op
                 gc.alloc.rate:      189.568 MB/sec
                 gc.alloc.rate.norm: 1629317.593 B/op
                 gc.count:           1.000 counts
                 gc.time:            3.000 ms

Iteration   5: 7.954 ms/op
                 gc.alloc.rate:      195.343 MB/sec
                 gc.alloc.rate.norm: 1629996.190 B/op
                 gc.count:           ≈ 0 counts


# Run progress: 17.28% complete, ETA 00:11:40
# Fork: 3 of 3
WARNING: A terminally deprecated method in sun.misc.Unsafe has been called
WARNING: sun.misc.Unsafe::objectFieldOffset has been called by org.openjdk.jmh.util.Utils (file:/home/test/Workspaces/JavaWorkspace/JavaStream_KeySkew/.deps/jmh-core-1.37.jar)
WARNING: Please consider reporting this to the maintainers of class org.openjdk.jmh.util.Utils
WARNING: sun.misc.Unsafe::objectFieldOffset will be removed in a future release
# Warmup Iteration   1: Input: n=100000, keys=256, observedHotFraction=0.500000, poolParallelism=3, availableProcessors=4
8.071 ms/op
# Warmup Iteration   2: 8.092 ms/op
# Warmup Iteration   3: 8.181 ms/op
# Warmup Iteration   4: 8.276 ms/op
# Warmup Iteration   5: 8.192 ms/op
Iteration   1: 8.291 ms/op
                 gc.alloc.rate:      187.366 MB/sec
                 gc.alloc.rate.norm: 1629464.661 B/op
                 gc.count:           1.000 counts
                 gc.time:            3.000 ms

Iteration   2: 8.158 ms/op
                 gc.alloc.rate:      190.367 MB/sec
                 gc.alloc.rate.norm: 1629035.447 B/op
                 gc.count:           ≈ 0 counts

Iteration   3: 8.132 ms/op
                 gc.alloc.rate:      191.031 MB/sec
                 gc.alloc.rate.norm: 1629322.732 B/op
                 gc.count:           1.000 counts
                 gc.time:            3.000 ms

Iteration   4: 8.211 ms/op
                 gc.alloc.rate:      189.131 MB/sec
                 gc.alloc.rate.norm: 1628937.246 B/op
                 gc.count:           1.000 counts
                 gc.time:            3.000 ms

Iteration   5: 8.160 ms/op
                 gc.alloc.rate:      190.334 MB/sec
                 gc.alloc.rate.norm: 1629223.805 B/op
                 gc.count:           ≈ 0 counts



Result "research.skew.AggregationBenchmark.parallelConcurrent":
  8.169 ±(99.9%) 0.086 ms/op [Average]
  (min, avg, max) = (7.954, 8.169, 8.291), stdev = 0.080
  CI (99.9%): [8.083, 8.255] (assumes normal distribution)

Secondary result "research.skew.AggregationBenchmark.parallelConcurrent:gc.alloc.rate":
  190.168 ±(99.9%) 2.040 MB/sec [Average]
  (min, avg, max) = (187.366, 190.168, 195.343), stdev = 1.908
  CI (99.9%): [188.128, 192.207] (assumes normal distribution)

Secondary result "research.skew.AggregationBenchmark.parallelConcurrent:gc.alloc.rate.norm":
  1629393.716 ±(99.9%) 286.268 B/op [Average]
  (min, avg, max) = (1628937.246, 1629393.716, 1629996.190), stdev = 267.775
  CI (99.9%): [1629107.449, 1629679.984] (assumes normal distribution)

Secondary result "research.skew.AggregationBenchmark.parallelConcurrent:gc.count":
  9.000 ±(99.9%) 0.001 counts [Sum]
  (min, avg, max) = (≈ 0, 0.600, 1.000), stdev = 0.507
  CI (99.9%): [9.000, 9.000] (assumes normal distribution)

Secondary result "research.skew.AggregationBenchmark.parallelConcurrent:gc.time":
  26.000 ±(99.9%) 0.001 ms [Sum]
  (min, avg, max) = (≈ 0, 1.733, 3.000), stdev = 1.486
  CI (99.9%): [26.000, 26.000] (assumes normal distribution)


# JMH version: 1.37
# VM version: JDK 25.0.4.1, OpenJDK 64-Bit Server VM, 25.0.4.1+1-LTS
# VM invoker: /home/test/jdk/jdk-25.0.4.1+1/bin/java
# VM options: -Xms512m -Xmx512m -Djava.util.concurrent.ForkJoinPool.common.parallelism=3
# Blackhole mode: compiler (auto-detected, use -Djmh.blackhole.autoDetect=false to disable)
# Warmup: 5 iterations, 1 s each
# Measurement: 5 iterations, 1 s each
# Timeout: 10 min per iteration
# Threads: 1 thread, will synchronize iterations
# Benchmark mode: Average time, time/op
# Benchmark: research.skew.AggregationBenchmark.parallelConcurrent
# Parameters: (cardinality = 256, distribution = hot50, seed = 20260929, size = 1000000)

# Run progress: 18.52% complete, ETA 00:11:30
# Fork: 1 of 3
WARNING: A terminally deprecated method in sun.misc.Unsafe has been called
WARNING: sun.misc.Unsafe::objectFieldOffset has been called by org.openjdk.jmh.util.Utils (file:/home/test/Workspaces/JavaWorkspace/JavaStream_KeySkew/.deps/jmh-core-1.37.jar)
WARNING: Please consider reporting this to the maintainers of class org.openjdk.jmh.util.Utils
WARNING: sun.misc.Unsafe::objectFieldOffset will be removed in a future release
# Warmup Iteration   1: Input: n=1000000, keys=256, observedHotFraction=0.500000, poolParallelism=3, availableProcessors=4
82.473 ms/op
# Warmup Iteration   2: 79.918 ms/op
# Warmup Iteration   3: 80.830 ms/op
# Warmup Iteration   4: 82.394 ms/op
# Warmup Iteration   5: 81.895 ms/op
Iteration   1: 81.307 ms/op
                 gc.alloc.rate:      187.983 MB/sec
                 gc.alloc.rate.norm: 16031314.462 B/op
                 gc.count:           1.000 counts
                 gc.time:            7.000 ms

Iteration   2: 82.521 ms/op
                 gc.alloc.rate:      185.208 MB/sec
                 gc.alloc.rate.norm: 16030572.923 B/op
                 gc.count:           1.000 counts
                 gc.time:            7.000 ms

Iteration   3: 81.411 ms/op
                 gc.alloc.rate:      187.761 MB/sec
                 gc.alloc.rate.norm: 16032288.615 B/op
                 gc.count:           ≈ 0 counts

Iteration   4: 83.957 ms/op
                 gc.alloc.rate:      181.996 MB/sec
                 gc.alloc.rate.norm: 16031576.000 B/op
                 gc.count:           1.000 counts
                 gc.time:            8.000 ms

Iteration   5: 82.988 ms/op
                 gc.alloc.rate:      184.166 MB/sec
                 gc.alloc.rate.norm: 16030279.385 B/op
                 gc.count:           1.000 counts
                 gc.time:            7.000 ms


# Run progress: 19.75% complete, ETA 00:11:22
# Fork: 2 of 3
WARNING: A terminally deprecated method in sun.misc.Unsafe has been called
WARNING: sun.misc.Unsafe::objectFieldOffset has been called by org.openjdk.jmh.util.Utils (file:/home/test/Workspaces/JavaWorkspace/JavaStream_KeySkew/.deps/jmh-core-1.37.jar)
WARNING: Please consider reporting this to the maintainers of class org.openjdk.jmh.util.Utils
WARNING: sun.misc.Unsafe::objectFieldOffset will be removed in a future release
# Warmup Iteration   1: Input: n=1000000, keys=256, observedHotFraction=0.500000, poolParallelism=3, availableProcessors=4
82.482 ms/op
# Warmup Iteration   2: 81.274 ms/op
# Warmup Iteration   3: 79.595 ms/op
# Warmup Iteration   4: 82.302 ms/op
# Warmup Iteration   5: 80.740 ms/op
Iteration   1: 81.939 ms/op
                 gc.alloc.rate:      186.552 MB/sec
                 gc.alloc.rate.norm: 16033032.000 B/op
                 gc.count:           1.000 counts
                 gc.time:            7.000 ms

Iteration   2: 83.452 ms/op
                 gc.alloc.rate:      183.148 MB/sec
                 gc.alloc.rate.norm: 16030951.333 B/op
                 gc.count:           1.000 counts
                 gc.time:            7.000 ms

Iteration   3: 79.453 ms/op
                 gc.alloc.rate:      192.398 MB/sec
                 gc.alloc.rate.norm: 16032220.308 B/op
                 gc.count:           ≈ 0 counts

Iteration   4: 82.302 ms/op
                 gc.alloc.rate:      185.726 MB/sec
                 gc.alloc.rate.norm: 16031902.154 B/op
                 gc.count:           1.000 counts
                 gc.time:            8.000 ms

Iteration   5: 81.818 ms/op
                 gc.alloc.rate:      186.694 MB/sec
                 gc.alloc.rate.norm: 16031442.462 B/op
                 gc.count:           1.000 counts
                 gc.time:            7.000 ms


# Run progress: 20.99% complete, ETA 00:11:14
# Fork: 3 of 3
WARNING: A terminally deprecated method in sun.misc.Unsafe has been called
WARNING: sun.misc.Unsafe::objectFieldOffset has been called by org.openjdk.jmh.util.Utils (file:/home/test/Workspaces/JavaWorkspace/JavaStream_KeySkew/.deps/jmh-core-1.37.jar)
WARNING: Please consider reporting this to the maintainers of class org.openjdk.jmh.util.Utils
WARNING: sun.misc.Unsafe::objectFieldOffset will be removed in a future release
# Warmup Iteration   1: Input: n=1000000, keys=256, observedHotFraction=0.500000, poolParallelism=3, availableProcessors=4
80.749 ms/op
# Warmup Iteration   2: 79.098 ms/op
# Warmup Iteration   3: 79.951 ms/op
# Warmup Iteration   4: 80.747 ms/op
# Warmup Iteration   5: 82.165 ms/op
Iteration   1: 80.006 ms/op
                 gc.alloc.rate:      191.058 MB/sec
                 gc.alloc.rate.norm: 16032175.385 B/op
                 gc.count:           1.000 counts
                 gc.time:            10.000 ms

Iteration   2: 81.055 ms/op
                 gc.alloc.rate:      188.582 MB/sec
                 gc.alloc.rate.norm: 16032196.923 B/op
                 gc.count:           1.000 counts
                 gc.time:            7.000 ms

Iteration   3: 82.329 ms/op
                 gc.alloc.rate:      185.666 MB/sec
                 gc.alloc.rate.norm: 16032205.538 B/op
                 gc.count:           ≈ 0 counts

Iteration   4: 81.802 ms/op
                 gc.alloc.rate:      186.869 MB/sec
                 gc.alloc.rate.norm: 16032078.154 B/op
                 gc.count:           1.000 counts
                 gc.time:            10.000 ms

Iteration   5: 82.382 ms/op
                 gc.alloc.rate:      185.035 MB/sec
                 gc.alloc.rate.norm: 16032440.000 B/op
                 gc.count:           1.000 counts
                 gc.time:            10.000 ms



Result "research.skew.AggregationBenchmark.parallelConcurrent":
  81.915 ±(99.9%) 1.267 ms/op [Average]
  (min, avg, max) = (79.453, 81.915, 83.957), stdev = 1.186
  CI (99.9%): [80.647, 83.182] (assumes normal distribution)

Secondary result "research.skew.AggregationBenchmark.parallelConcurrent:gc.alloc.rate":
  186.590 ±(99.9%) 2.939 MB/sec [Average]
  (min, avg, max) = (181.996, 186.590, 192.398), stdev = 2.749
  CI (99.9%): [183.650, 189.529] (assumes normal distribution)

Secondary result "research.skew.AggregationBenchmark.parallelConcurrent:gc.alloc.rate.norm":
  16031778.376 ±(99.9%) 799.936 B/op [Average]
  (min, avg, max) = (16030279.385, 16031778.376, 16033032.000), stdev = 748.261
  CI (99.9%): [16030978.440, 16032578.312] (assumes normal distribution)

Secondary result "research.skew.AggregationBenchmark.parallelConcurrent:gc.count":
  12.000 ±(99.9%) 0.001 counts [Sum]
  (min, avg, max) = (≈ 0, 0.800, 1.000), stdev = 0.414
  CI (99.9%): [12.000, 12.000] (assumes normal distribution)

Secondary result "research.skew.AggregationBenchmark.parallelConcurrent:gc.time":
  95.000 ±(99.9%) 0.001 ms [Sum]
  (min, avg, max) = (≈ 0, 6.333, 10.000), stdev = 3.478
  CI (99.9%): [95.000, 95.000] (assumes normal distribution)


# JMH version: 1.37
# VM version: JDK 25.0.4.1, OpenJDK 64-Bit Server VM, 25.0.4.1+1-LTS
# VM invoker: /home/test/jdk/jdk-25.0.4.1+1/bin/java
# VM options: -Xms512m -Xmx512m -Djava.util.concurrent.ForkJoinPool.common.parallelism=3
# Blackhole mode: compiler (auto-detected, use -Djmh.blackhole.autoDetect=false to disable)
# Warmup: 5 iterations, 1 s each
# Measurement: 5 iterations, 1 s each
# Timeout: 10 min per iteration
# Threads: 1 thread, will synchronize iterations
# Benchmark mode: Average time, time/op
# Benchmark: research.skew.AggregationBenchmark.parallelConcurrent
# Parameters: (cardinality = 256, distribution = hot90, seed = 20260929, size = 10000)

# Run progress: 22.22% complete, ETA 00:11:05
# Fork: 1 of 3
WARNING: A terminally deprecated method in sun.misc.Unsafe has been called
WARNING: sun.misc.Unsafe::objectFieldOffset has been called by org.openjdk.jmh.util.Utils (file:/home/test/Workspaces/JavaWorkspace/JavaStream_KeySkew/.deps/jmh-core-1.37.jar)
WARNING: Please consider reporting this to the maintainers of class org.openjdk.jmh.util.Utils
WARNING: sun.misc.Unsafe::objectFieldOffset will be removed in a future release
# Warmup Iteration   1: Input: n=10000, keys=256, observedHotFraction=0.900000, poolParallelism=3, availableProcessors=4
1.149 ms/op
# Warmup Iteration   2: 1.189 ms/op
# Warmup Iteration   3: 1.182 ms/op
# Warmup Iteration   4: 1.185 ms/op
# Warmup Iteration   5: 1.176 ms/op
Iteration   1: 1.194 ms/op
                 gc.alloc.rate:      149.420 MB/sec
                 gc.alloc.rate.norm: 187194.167 B/op
                 gc.count:           1.000 counts
                 gc.time:            2.000 ms

Iteration   2: 1.137 ms/op
                 gc.alloc.rate:      157.153 MB/sec
                 gc.alloc.rate.norm: 187454.764 B/op
                 gc.count:           ≈ 0 counts

Iteration   3: 1.165 ms/op
                 gc.alloc.rate:      153.252 MB/sec
                 gc.alloc.rate.norm: 187257.481 B/op
                 gc.count:           1.000 counts
                 gc.time:            2.000 ms

Iteration   4: 1.184 ms/op
                 gc.alloc.rate:      150.821 MB/sec
                 gc.alloc.rate.norm: 187272.331 B/op
                 gc.count:           ≈ 0 counts

Iteration   5: 1.203 ms/op
                 gc.alloc.rate:      148.304 MB/sec
                 gc.alloc.rate.norm: 187104.856 B/op
                 gc.count:           1.000 counts
                 gc.time:            3.000 ms


# Run progress: 23.46% complete, ETA 00:10:54
# Fork: 2 of 3
WARNING: A terminally deprecated method in sun.misc.Unsafe has been called
WARNING: sun.misc.Unsafe::objectFieldOffset has been called by org.openjdk.jmh.util.Utils (file:/home/test/Workspaces/JavaWorkspace/JavaStream_KeySkew/.deps/jmh-core-1.37.jar)
WARNING: Please consider reporting this to the maintainers of class org.openjdk.jmh.util.Utils
WARNING: sun.misc.Unsafe::objectFieldOffset will be removed in a future release
# Warmup Iteration   1: Input: n=10000, keys=256, observedHotFraction=0.900000, poolParallelism=3, availableProcessors=4
1.147 ms/op
# Warmup Iteration   2: 1.144 ms/op
# Warmup Iteration   3: 1.143 ms/op
# Warmup Iteration   4: 1.154 ms/op
# Warmup Iteration   5: 1.157 ms/op
Iteration   1: 1.145 ms/op
                 gc.alloc.rate:      155.882 MB/sec
                 gc.alloc.rate.norm: 187288.897 B/op
                 gc.count:           1.000 counts
                 gc.time:            2.000 ms

Iteration   2: 1.162 ms/op
                 gc.alloc.rate:      153.475 MB/sec
                 gc.alloc.rate.norm: 187149.278 B/op
                 gc.count:           ≈ 0 counts

Iteration   3: 1.158 ms/op
                 gc.alloc.rate:      154.131 MB/sec
                 gc.alloc.rate.norm: 187192.583 B/op
                 gc.count:           1.000 counts
                 gc.time:            2.000 ms

Iteration   4: 1.152 ms/op
                 gc.alloc.rate:      154.949 MB/sec
                 gc.alloc.rate.norm: 187269.643 B/op
                 gc.count:           1.000 counts
                 gc.time:            2.000 ms

Iteration   5: 1.151 ms/op
                 gc.alloc.rate:      155.173 MB/sec
                 gc.alloc.rate.norm: 187266.563 B/op
                 gc.count:           ≈ 0 counts


# Run progress: 24.69% complete, ETA 00:10:43
# Fork: 3 of 3
WARNING: A terminally deprecated method in sun.misc.Unsafe has been called
WARNING: sun.misc.Unsafe::objectFieldOffset has been called by org.openjdk.jmh.util.Utils (file:/home/test/Workspaces/JavaWorkspace/JavaStream_KeySkew/.deps/jmh-core-1.37.jar)
WARNING: Please consider reporting this to the maintainers of class org.openjdk.jmh.util.Utils
WARNING: sun.misc.Unsafe::objectFieldOffset will be removed in a future release
# Warmup Iteration   1: Input: n=10000, keys=256, observedHotFraction=0.900000, poolParallelism=3, availableProcessors=4
1.129 ms/op
# Warmup Iteration   2: 1.120 ms/op
# Warmup Iteration   3: 1.135 ms/op
# Warmup Iteration   4: 1.133 ms/op
# Warmup Iteration   5: 1.129 ms/op
Iteration   1: 1.090 ms/op
                 gc.alloc.rate:      164.112 MB/sec
                 gc.alloc.rate.norm: 187527.748 B/op
                 gc.count:           ≈ 0 counts

Iteration   2: 1.143 ms/op
                 gc.alloc.rate:      156.052 MB/sec
                 gc.alloc.rate.norm: 187144.421 B/op
                 gc.count:           1.000 counts
                 gc.time:            2.000 ms

Iteration   3: 1.143 ms/op
                 gc.alloc.rate:      156.211 MB/sec
                 gc.alloc.rate.norm: 187202.046 B/op
                 gc.count:           ≈ 0 counts

Iteration   4: 1.138 ms/op
                 gc.alloc.rate:      156.583 MB/sec
                 gc.alloc.rate.norm: 187012.373 B/op
                 gc.count:           1.000 counts
                 gc.time:            2.000 ms

Iteration   5: 1.149 ms/op
                 gc.alloc.rate:      155.209 MB/sec
                 gc.alloc.rate.norm: 187142.319 B/op
                 gc.count:           ≈ 0 counts



Result "research.skew.AggregationBenchmark.parallelConcurrent":
  1.154 ±(99.9%) 0.029 ms/op [Average]
  (min, avg, max) = (1.090, 1.154, 1.203), stdev = 0.027
  CI (99.9%): [1.126, 1.183] (assumes normal distribution)

Secondary result "research.skew.AggregationBenchmark.parallelConcurrent:gc.alloc.rate":
  154.715 ±(99.9%) 3.959 MB/sec [Average]
  (min, avg, max) = (148.304, 154.715, 164.112), stdev = 3.703
  CI (99.9%): [150.757, 158.674] (assumes normal distribution)

Secondary result "research.skew.AggregationBenchmark.parallelConcurrent:gc.alloc.rate.norm":
  187231.965 ±(99.9%) 138.818 B/op [Average]
  (min, avg, max) = (187012.373, 187231.965, 187527.748), stdev = 129.850
  CI (99.9%): [187093.147, 187370.782] (assumes normal distribution)

Secondary result "research.skew.AggregationBenchmark.parallelConcurrent:gc.count":
  8.000 ±(99.9%) 0.001 counts [Sum]
  (min, avg, max) = (≈ 0, 0.533, 1.000), stdev = 0.516
  CI (99.9%): [8.000, 8.000] (assumes normal distribution)

Secondary result "research.skew.AggregationBenchmark.parallelConcurrent:gc.time":
  17.000 ±(99.9%) 0.001 ms [Sum]
  (min, avg, max) = (≈ 0, 1.133, 3.000), stdev = 1.125
  CI (99.9%): [17.000, 17.000] (assumes normal distribution)


# JMH version: 1.37
# VM version: JDK 25.0.4.1, OpenJDK 64-Bit Server VM, 25.0.4.1+1-LTS
# VM invoker: /home/test/jdk/jdk-25.0.4.1+1/bin/java
# VM options: -Xms512m -Xmx512m -Djava.util.concurrent.ForkJoinPool.common.parallelism=3
# Blackhole mode: compiler (auto-detected, use -Djmh.blackhole.autoDetect=false to disable)
# Warmup: 5 iterations, 1 s each
# Measurement: 5 iterations, 1 s each
# Timeout: 10 min per iteration
# Threads: 1 thread, will synchronize iterations
# Benchmark mode: Average time, time/op
# Benchmark: research.skew.AggregationBenchmark.parallelConcurrent
# Parameters: (cardinality = 256, distribution = hot90, seed = 20260929, size = 100000)

# Run progress: 25.93% complete, ETA 00:10:32
# Fork: 1 of 3
WARNING: A terminally deprecated method in sun.misc.Unsafe has been called
WARNING: sun.misc.Unsafe::objectFieldOffset has been called by org.openjdk.jmh.util.Utils (file:/home/test/Workspaces/JavaWorkspace/JavaStream_KeySkew/.deps/jmh-core-1.37.jar)
WARNING: Please consider reporting this to the maintainers of class org.openjdk.jmh.util.Utils
WARNING: sun.misc.Unsafe::objectFieldOffset will be removed in a future release
# Warmup Iteration   1: Input: n=100000, keys=256, observedHotFraction=0.900000, poolParallelism=3, availableProcessors=4
9.557 ms/op
# Warmup Iteration   2: 10.275 ms/op
# Warmup Iteration   3: 9.870 ms/op
# Warmup Iteration   4: 9.791 ms/op
# Warmup Iteration   5: 10.479 ms/op
Iteration   1: 10.919 ms/op
                 gc.alloc.rate:      142.090 MB/sec
                 gc.alloc.rate.norm: 1627391.043 B/op
                 gc.count:           ≈ 0 counts

Iteration   2: 10.424 ms/op
                 gc.alloc.rate:      148.849 MB/sec
                 gc.alloc.rate.norm: 1627303.917 B/op
                 gc.count:           1.000 counts
                 gc.time:            2.000 ms

Iteration   3: 10.398 ms/op
                 gc.alloc.rate:      149.232 MB/sec
                 gc.alloc.rate.norm: 1627528.412 B/op
                 gc.count:           ≈ 0 counts

Iteration   4: 10.755 ms/op
                 gc.alloc.rate:      144.181 MB/sec
                 gc.alloc.rate.norm: 1626528.936 B/op
                 gc.count:           1.000 counts
                 gc.time:            3.000 ms

Iteration   5: 10.443 ms/op
                 gc.alloc.rate:      148.576 MB/sec
                 gc.alloc.rate.norm: 1627467.833 B/op
                 gc.count:           ≈ 0 counts


# Run progress: 27.16% complete, ETA 00:10:21
# Fork: 2 of 3
WARNING: A terminally deprecated method in sun.misc.Unsafe has been called
WARNING: sun.misc.Unsafe::objectFieldOffset has been called by org.openjdk.jmh.util.Utils (file:/home/test/Workspaces/JavaWorkspace/JavaStream_KeySkew/.deps/jmh-core-1.37.jar)
WARNING: Please consider reporting this to the maintainers of class org.openjdk.jmh.util.Utils
WARNING: sun.misc.Unsafe::objectFieldOffset will be removed in a future release
# Warmup Iteration   1: Input: n=100000, keys=256, observedHotFraction=0.900000, poolParallelism=3, availableProcessors=4
9.991 ms/op
# Warmup Iteration   2: 10.406 ms/op
# Warmup Iteration   3: 10.028 ms/op
# Warmup Iteration   4: 10.186 ms/op
# Warmup Iteration   5: 10.543 ms/op
Iteration   1: 10.812 ms/op
                 gc.alloc.rate:      143.497 MB/sec
                 gc.alloc.rate.norm: 1627408.516 B/op
                 gc.count:           ≈ 0 counts

Iteration   2: 10.784 ms/op
                 gc.alloc.rate:      143.897 MB/sec
                 gc.alloc.rate.norm: 1627556.129 B/op
                 gc.count:           1.000 counts
                 gc.time:            2.000 ms

Iteration   3: 10.760 ms/op
                 gc.alloc.rate:      144.211 MB/sec
                 gc.alloc.rate.norm: 1627495.574 B/op
                 gc.count:           ≈ 0 counts

Iteration   4: 10.733 ms/op
                 gc.alloc.rate:      144.561 MB/sec
                 gc.alloc.rate.norm: 1627300.255 B/op
                 gc.count:           ≈ 0 counts

Iteration   5: 9.783 ms/op
                 gc.alloc.rate:      158.575 MB/sec
                 gc.alloc.rate.norm: 1627429.825 B/op
                 gc.count:           1.000 counts
                 gc.time:            3.000 ms


# Run progress: 28.40% complete, ETA 00:10:11
# Fork: 3 of 3
WARNING: A terminally deprecated method in sun.misc.Unsafe has been called
WARNING: sun.misc.Unsafe::objectFieldOffset has been called by org.openjdk.jmh.util.Utils (file:/home/test/Workspaces/JavaWorkspace/JavaStream_KeySkew/.deps/jmh-core-1.37.jar)
WARNING: Please consider reporting this to the maintainers of class org.openjdk.jmh.util.Utils
WARNING: sun.misc.Unsafe::objectFieldOffset will be removed in a future release
# Warmup Iteration   1: Input: n=100000, keys=256, observedHotFraction=0.900000, poolParallelism=3, availableProcessors=4
9.743 ms/op
# Warmup Iteration   2: 10.101 ms/op
# Warmup Iteration   3: 10.164 ms/op
# Warmup Iteration   4: 9.964 ms/op
# Warmup Iteration   5: 10.542 ms/op
Iteration   1: 10.620 ms/op
                 gc.alloc.rate:      146.045 MB/sec
                 gc.alloc.rate.norm: 1626826.779 B/op
                 gc.count:           ≈ 0 counts

Iteration   2: 10.576 ms/op
                 gc.alloc.rate:      146.698 MB/sec
                 gc.alloc.rate.norm: 1627311.916 B/op
                 gc.count:           1.000 counts
                 gc.time:            2.000 ms

Iteration   3: 10.415 ms/op
                 gc.alloc.rate:      148.999 MB/sec
                 gc.alloc.rate.norm: 1627530.804 B/op
                 gc.count:           ≈ 0 counts

Iteration   4: 9.743 ms/op
                 gc.alloc.rate:      159.225 MB/sec
                 gc.alloc.rate.norm: 1627155.417 B/op
                 gc.count:           1.000 counts
                 gc.time:            3.000 ms

Iteration   5: 9.572 ms/op
                 gc.alloc.rate:      162.062 MB/sec
                 gc.alloc.rate.norm: 1627359.086 B/op
                 gc.count:           ≈ 0 counts



Result "research.skew.AggregationBenchmark.parallelConcurrent":
  10.449 ±(99.9%) 0.452 ms/op [Average]
  (min, avg, max) = (9.572, 10.449, 10.919), stdev = 0.422
  CI (99.9%): [9.998, 10.901] (assumes normal distribution)

Secondary result "research.skew.AggregationBenchmark.parallelConcurrent:gc.alloc.rate":
  148.713 ±(99.9%) 6.700 MB/sec [Average]
  (min, avg, max) = (142.090, 148.713, 162.062), stdev = 6.267
  CI (99.9%): [142.013, 155.413] (assumes normal distribution)

Secondary result "research.skew.AggregationBenchmark.parallelConcurrent:gc.alloc.rate.norm":
  1627306.296 ±(99.9%) 301.946 B/op [Average]
  (min, avg, max) = (1626528.936, 1627306.296, 1627556.129), stdev = 282.441
  CI (99.9%): [1627004.350, 1627608.242] (assumes normal distribution)

Secondary result "research.skew.AggregationBenchmark.parallelConcurrent:gc.count":
  6.000 ±(99.9%) 0.001 counts [Sum]
  (min, avg, max) = (≈ 0, 0.400, 1.000), stdev = 0.507
  CI (99.9%): [6.000, 6.000] (assumes normal distribution)

Secondary result "research.skew.AggregationBenchmark.parallelConcurrent:gc.time":
  15.000 ±(99.9%) 0.001 ms [Sum]
  (min, avg, max) = (≈ 0, 1.000, 3.000), stdev = 1.309
  CI (99.9%): [15.000, 15.000] (assumes normal distribution)


# JMH version: 1.37
# VM version: JDK 25.0.4.1, OpenJDK 64-Bit Server VM, 25.0.4.1+1-LTS
# VM invoker: /home/test/jdk/jdk-25.0.4.1+1/bin/java
# VM options: -Xms512m -Xmx512m -Djava.util.concurrent.ForkJoinPool.common.parallelism=3
# Blackhole mode: compiler (auto-detected, use -Djmh.blackhole.autoDetect=false to disable)
# Warmup: 5 iterations, 1 s each
# Measurement: 5 iterations, 1 s each
# Timeout: 10 min per iteration
# Threads: 1 thread, will synchronize iterations
# Benchmark mode: Average time, time/op
# Benchmark: research.skew.AggregationBenchmark.parallelConcurrent
# Parameters: (cardinality = 256, distribution = hot90, seed = 20260929, size = 1000000)

# Run progress: 29.63% complete, ETA 00:10:00
# Fork: 1 of 3
WARNING: A terminally deprecated method in sun.misc.Unsafe has been called
WARNING: sun.misc.Unsafe::objectFieldOffset has been called by org.openjdk.jmh.util.Utils (file:/home/test/Workspaces/JavaWorkspace/JavaStream_KeySkew/.deps/jmh-core-1.37.jar)
WARNING: Please consider reporting this to the maintainers of class org.openjdk.jmh.util.Utils
WARNING: sun.misc.Unsafe::objectFieldOffset will be removed in a future release
# Warmup Iteration   1: Input: n=1000000, keys=256, observedHotFraction=0.900000, poolParallelism=3, availableProcessors=4
108.752 ms/op
# Warmup Iteration   2: 105.325 ms/op
# Warmup Iteration   3: 111.481 ms/op
# Warmup Iteration   4: 105.799 ms/op
# Warmup Iteration   5: 113.085 ms/op
Iteration   1: 105.511 ms/op
                 gc.alloc.rate:      144.896 MB/sec
                 gc.alloc.rate.norm: 16034644.000 B/op
                 gc.count:           ≈ 0 counts

Iteration   2: 109.605 ms/op
                 gc.alloc.rate:      139.489 MB/sec
                 gc.alloc.rate.norm: 16035441.600 B/op
                 gc.count:           1.000 counts
                 gc.time:            7.000 ms

Iteration   3: 100.757 ms/op
                 gc.alloc.rate:      151.735 MB/sec
                 gc.alloc.rate.norm: 16035577.455 B/op
                 gc.count:           ≈ 0 counts

Iteration   4: 106.807 ms/op
                 gc.alloc.rate:      143.147 MB/sec
                 gc.alloc.rate.norm: 16034863.200 B/op
                 gc.count:           1.000 counts
                 gc.time:            7.000 ms

Iteration   5: 109.001 ms/op
                 gc.alloc.rate:      140.243 MB/sec
                 gc.alloc.rate.norm: 16033570.400 B/op
                 gc.count:           ≈ 0 counts


# Run progress: 30.86% complete, ETA 00:09:51
# Fork: 2 of 3
WARNING: A terminally deprecated method in sun.misc.Unsafe has been called
WARNING: sun.misc.Unsafe::objectFieldOffset has been called by org.openjdk.jmh.util.Utils (file:/home/test/Workspaces/JavaWorkspace/JavaStream_KeySkew/.deps/jmh-core-1.37.jar)
WARNING: Please consider reporting this to the maintainers of class org.openjdk.jmh.util.Utils
WARNING: sun.misc.Unsafe::objectFieldOffset will be removed in a future release
# Warmup Iteration   1: Input: n=1000000, keys=256, observedHotFraction=0.900000, poolParallelism=3, availableProcessors=4
106.295 ms/op
# Warmup Iteration   2: 103.301 ms/op
# Warmup Iteration   3: 103.966 ms/op
# Warmup Iteration   4: 109.376 ms/op
# Warmup Iteration   5: 103.724 ms/op
Iteration   1: 108.510 ms/op
                 gc.alloc.rate:      140.875 MB/sec
                 gc.alloc.rate.norm: 16033451.200 B/op
                 gc.count:           ≈ 0 counts

Iteration   2: 109.469 ms/op
                 gc.alloc.rate:      139.627 MB/sec
                 gc.alloc.rate.norm: 16034606.400 B/op
                 gc.count:           1.000 counts
                 gc.time:            6.000 ms

Iteration   3: 106.895 ms/op
                 gc.alloc.rate:      143.005 MB/sec
                 gc.alloc.rate.norm: 16032807.200 B/op
                 gc.count:           ≈ 0 counts

Iteration   4: 106.551 ms/op
                 gc.alloc.rate:      143.471 MB/sec
                 gc.alloc.rate.norm: 16033590.400 B/op
                 gc.count:           1.000 counts
                 gc.time:            8.000 ms

Iteration   5: 103.207 ms/op
                 gc.alloc.rate:      148.127 MB/sec
                 gc.alloc.rate.norm: 16034949.600 B/op
                 gc.count:           ≈ 0 counts


# Run progress: 32.10% complete, ETA 00:09:42
# Fork: 3 of 3
WARNING: A terminally deprecated method in sun.misc.Unsafe has been called
WARNING: sun.misc.Unsafe::objectFieldOffset has been called by org.openjdk.jmh.util.Utils (file:/home/test/Workspaces/JavaWorkspace/JavaStream_KeySkew/.deps/jmh-core-1.37.jar)
WARNING: Please consider reporting this to the maintainers of class org.openjdk.jmh.util.Utils
WARNING: sun.misc.Unsafe::objectFieldOffset will be removed in a future release
# Warmup Iteration   1: Input: n=1000000, keys=256, observedHotFraction=0.900000, poolParallelism=3, availableProcessors=4
109.396 ms/op
# Warmup Iteration   2: 100.265 ms/op
# Warmup Iteration   3: 106.230 ms/op
# Warmup Iteration   4: 106.469 ms/op
# Warmup Iteration   5: 104.582 ms/op
Iteration   1: 103.006 ms/op
                 gc.alloc.rate:      148.415 MB/sec
                 gc.alloc.rate.norm: 16034973.600 B/op
                 gc.count:           ≈ 0 counts

Iteration   2: 111.151 ms/op
                 gc.alloc.rate:      137.545 MB/sec
                 gc.alloc.rate.norm: 16035438.222 B/op
                 gc.count:           1.000 counts
                 gc.time:            7.000 ms

Iteration   3: 104.630 ms/op
                 gc.alloc.rate:      146.110 MB/sec
                 gc.alloc.rate.norm: 16033608.800 B/op
                 gc.count:           ≈ 0 counts

Iteration   4: 106.714 ms/op
                 gc.alloc.rate:      143.261 MB/sec
                 gc.alloc.rate.norm: 16033440.800 B/op
                 gc.count:           1.000 counts
                 gc.time:            7.000 ms

Iteration   5: 105.797 ms/op
                 gc.alloc.rate:      144.254 MB/sec
                 gc.alloc.rate.norm: 16034240.000 B/op
                 gc.count:           ≈ 0 counts



Result "research.skew.AggregationBenchmark.parallelConcurrent":
  106.507 ±(99.9%) 3.020 ms/op [Average]
  (min, avg, max) = (100.757, 106.507, 111.151), stdev = 2.825
  CI (99.9%): [103.488, 109.527] (assumes normal distribution)

Secondary result "research.skew.AggregationBenchmark.parallelConcurrent:gc.alloc.rate":
  143.613 ±(99.9%) 4.111 MB/sec [Average]
  (min, avg, max) = (137.545, 143.613, 151.735), stdev = 3.845
  CI (99.9%): [139.502, 147.724] (assumes normal distribution)

Secondary result "research.skew.AggregationBenchmark.parallelConcurrent:gc.alloc.rate.norm":
  16034346.858 ±(99.9%) 939.281 B/op [Average]
  (min, avg, max) = (16032807.200, 16034346.858, 16035577.455), stdev = 878.604
  CI (99.9%): [16033407.578, 16035286.139] (assumes normal distribution)

Secondary result "research.skew.AggregationBenchmark.parallelConcurrent:gc.count":
  6.000 ±(99.9%) 0.001 counts [Sum]
  (min, avg, max) = (≈ 0, 0.400, 1.000), stdev = 0.507
  CI (99.9%): [6.000, 6.000] (assumes normal distribution)

Secondary result "research.skew.AggregationBenchmark.parallelConcurrent:gc.time":
  42.000 ±(99.9%) 0.001 ms [Sum]
  (min, avg, max) = (≈ 0, 2.800, 8.000), stdev = 3.570
  CI (99.9%): [42.000, 42.000] (assumes normal distribution)


# JMH version: 1.37
# VM version: JDK 25.0.4.1, OpenJDK 64-Bit Server VM, 25.0.4.1+1-LTS
# VM invoker: /home/test/jdk/jdk-25.0.4.1+1/bin/java
# VM options: -Xms512m -Xmx512m -Djava.util.concurrent.ForkJoinPool.common.parallelism=3
# Blackhole mode: compiler (auto-detected, use -Djmh.blackhole.autoDetect=false to disable)
# Warmup: 5 iterations, 1 s each
# Measurement: 5 iterations, 1 s each
# Timeout: 10 min per iteration
# Threads: 1 thread, will synchronize iterations
# Benchmark mode: Average time, time/op
# Benchmark: research.skew.AggregationBenchmark.parallelMerge
# Parameters: (cardinality = 256, distribution = uniform, seed = 20260929, size = 10000)

# Run progress: 33.33% complete, ETA 00:09:32
# Fork: 1 of 3
WARNING: A terminally deprecated method in sun.misc.Unsafe has been called
WARNING: sun.misc.Unsafe::objectFieldOffset has been called by org.openjdk.jmh.util.Utils (file:/home/test/Workspaces/JavaWorkspace/JavaStream_KeySkew/.deps/jmh-core-1.37.jar)
WARNING: Please consider reporting this to the maintainers of class org.openjdk.jmh.util.Utils
WARNING: sun.misc.Unsafe::objectFieldOffset will be removed in a future release
# Warmup Iteration   1: Input: n=10000, keys=256, observedHotFraction=0.004000, poolParallelism=3, availableProcessors=4
0.178 ms/op
# Warmup Iteration   2: 0.144 ms/op
# Warmup Iteration   3: 0.138 ms/op
# Warmup Iteration   4: 0.141 ms/op
# Warmup Iteration   5: 0.137 ms/op
Iteration   1: 0.137 ms/op
                 gc.alloc.rate:      3101.939 MB/sec
                 gc.alloc.rate.norm: 446414.294 B/op
                 gc.count:           10.000 counts
                 gc.time:            6.000 ms

Iteration   2: 0.138 ms/op
                 gc.alloc.rate:      3080.946 MB/sec
                 gc.alloc.rate.norm: 446414.256 B/op
                 gc.count:           10.000 counts
                 gc.time:            6.000 ms

Iteration   3: 0.137 ms/op
                 gc.alloc.rate:      3101.114 MB/sec
                 gc.alloc.rate.norm: 446414.317 B/op
                 gc.count:           10.000 counts
                 gc.time:            6.000 ms

Iteration   4: 0.138 ms/op
                 gc.alloc.rate:      3076.444 MB/sec
                 gc.alloc.rate.norm: 446422.040 B/op
                 gc.count:           10.000 counts
                 gc.time:            6.000 ms

Iteration   5: 0.138 ms/op
                 gc.alloc.rate:      3086.122 MB/sec
                 gc.alloc.rate.norm: 446446.342 B/op
                 gc.count:           10.000 counts
                 gc.time:            6.000 ms


# Run progress: 34.57% complete, ETA 00:09:21
# Fork: 2 of 3
WARNING: A terminally deprecated method in sun.misc.Unsafe has been called
WARNING: sun.misc.Unsafe::objectFieldOffset has been called by org.openjdk.jmh.util.Utils (file:/home/test/Workspaces/JavaWorkspace/JavaStream_KeySkew/.deps/jmh-core-1.37.jar)
WARNING: Please consider reporting this to the maintainers of class org.openjdk.jmh.util.Utils
WARNING: sun.misc.Unsafe::objectFieldOffset will be removed in a future release
# Warmup Iteration   1: Input: n=10000, keys=256, observedHotFraction=0.004000, poolParallelism=3, availableProcessors=4
0.174 ms/op
# Warmup Iteration   2: 0.143 ms/op
# Warmup Iteration   3: 0.138 ms/op
# Warmup Iteration   4: 0.138 ms/op
# Warmup Iteration   5: 0.137 ms/op
Iteration   1: 0.137 ms/op
                 gc.alloc.rate:      3099.557 MB/sec
                 gc.alloc.rate.norm: 446415.051 B/op
                 gc.count:           10.000 counts
                 gc.time:            7.000 ms

Iteration   2: 0.138 ms/op
                 gc.alloc.rate:      3083.023 MB/sec
                 gc.alloc.rate.norm: 446414.900 B/op
                 gc.count:           11.000 counts
                 gc.time:            6.000 ms

Iteration   3: 0.138 ms/op
                 gc.alloc.rate:      3088.863 MB/sec
                 gc.alloc.rate.norm: 446414.995 B/op
                 gc.count:           10.000 counts
                 gc.time:            6.000 ms

Iteration   4: 0.139 ms/op
                 gc.alloc.rate:      3058.715 MB/sec
                 gc.alloc.rate.norm: 446425.722 B/op
                 gc.count:           10.000 counts
                 gc.time:            6.000 ms

Iteration   5: 0.138 ms/op
                 gc.alloc.rate:      3092.589 MB/sec
                 gc.alloc.rate.norm: 446446.937 B/op
                 gc.count:           10.000 counts
                 gc.time:            6.000 ms


# Run progress: 35.80% complete, ETA 00:09:10
# Fork: 3 of 3
WARNING: A terminally deprecated method in sun.misc.Unsafe has been called
WARNING: sun.misc.Unsafe::objectFieldOffset has been called by org.openjdk.jmh.util.Utils (file:/home/test/Workspaces/JavaWorkspace/JavaStream_KeySkew/.deps/jmh-core-1.37.jar)
WARNING: Please consider reporting this to the maintainers of class org.openjdk.jmh.util.Utils
WARNING: sun.misc.Unsafe::objectFieldOffset will be removed in a future release
# Warmup Iteration   1: Input: n=10000, keys=256, observedHotFraction=0.004000, poolParallelism=3, availableProcessors=4
0.173 ms/op
# Warmup Iteration   2: 0.143 ms/op
# Warmup Iteration   3: 0.137 ms/op
# Warmup Iteration   4: 0.136 ms/op
# Warmup Iteration   5: 0.136 ms/op
Iteration   1: 0.137 ms/op
                 gc.alloc.rate:      3109.664 MB/sec
                 gc.alloc.rate.norm: 446415.010 B/op
                 gc.count:           10.000 counts
                 gc.time:            6.000 ms

Iteration   2: 0.137 ms/op
                 gc.alloc.rate:      3110.495 MB/sec
                 gc.alloc.rate.norm: 446415.035 B/op
                 gc.count:           10.000 counts
                 gc.time:            6.000 ms

Iteration   3: 0.136 ms/op
                 gc.alloc.rate:      3120.640 MB/sec
                 gc.alloc.rate.norm: 446414.974 B/op
                 gc.count:           10.000 counts
                 gc.time:            6.000 ms

Iteration   4: 0.137 ms/op
                 gc.alloc.rate:      3117.468 MB/sec
                 gc.alloc.rate.norm: 446426.294 B/op
                 gc.count:           10.000 counts
                 gc.time:            6.000 ms

Iteration   5: 0.136 ms/op
                 gc.alloc.rate:      3129.063 MB/sec
                 gc.alloc.rate.norm: 446447.076 B/op
                 gc.count:           11.000 counts
                 gc.time:            6.000 ms



Result "research.skew.AggregationBenchmark.parallelMerge":
  0.137 ±(99.9%) 0.001 ms/op [Average]
  (min, avg, max) = (0.136, 0.137, 0.139), stdev = 0.001
  CI (99.9%): [0.137, 0.138] (assumes normal distribution)

Secondary result "research.skew.AggregationBenchmark.parallelMerge:gc.alloc.rate":
  3097.110 ±(99.9%) 20.084 MB/sec [Average]
  (min, avg, max) = (3058.715, 3097.110, 3129.063), stdev = 18.787
  CI (99.9%): [3077.025, 3117.194] (assumes normal distribution)

Secondary result "research.skew.AggregationBenchmark.parallelMerge:gc.alloc.rate.norm":
  446423.150 ±(99.9%) 13.787 B/op [Average]
  (min, avg, max) = (446414.256, 446423.150, 446447.076), stdev = 12.897
  CI (99.9%): [446409.362, 446436.937] (assumes normal distribution)

Secondary result "research.skew.AggregationBenchmark.parallelMerge:gc.count":
  152.000 ±(99.9%) 0.001 counts [Sum]
  (min, avg, max) = (10.000, 10.133, 11.000), stdev = 0.352
  CI (99.9%): [152.000, 152.000] (assumes normal distribution)

Secondary result "research.skew.AggregationBenchmark.parallelMerge:gc.time":
  91.000 ±(99.9%) 0.001 ms [Sum]
  (min, avg, max) = (6.000, 6.067, 7.000), stdev = 0.258
  CI (99.9%): [91.000, 91.000] (assumes normal distribution)


# JMH version: 1.37
# VM version: JDK 25.0.4.1, OpenJDK 64-Bit Server VM, 25.0.4.1+1-LTS
# VM invoker: /home/test/jdk/jdk-25.0.4.1+1/bin/java
# VM options: -Xms512m -Xmx512m -Djava.util.concurrent.ForkJoinPool.common.parallelism=3
# Blackhole mode: compiler (auto-detected, use -Djmh.blackhole.autoDetect=false to disable)
# Warmup: 5 iterations, 1 s each
# Measurement: 5 iterations, 1 s each
# Timeout: 10 min per iteration
# Threads: 1 thread, will synchronize iterations
# Benchmark mode: Average time, time/op
# Benchmark: research.skew.AggregationBenchmark.parallelMerge
# Parameters: (cardinality = 256, distribution = uniform, seed = 20260929, size = 100000)

# Run progress: 37.04% complete, ETA 00:08:59
# Fork: 1 of 3
WARNING: A terminally deprecated method in sun.misc.Unsafe has been called
WARNING: sun.misc.Unsafe::objectFieldOffset has been called by org.openjdk.jmh.util.Utils (file:/home/test/Workspaces/JavaWorkspace/JavaStream_KeySkew/.deps/jmh-core-1.37.jar)
WARNING: Please consider reporting this to the maintainers of class org.openjdk.jmh.util.Utils
WARNING: sun.misc.Unsafe::objectFieldOffset will be removed in a future release
# Warmup Iteration   1: Input: n=100000, keys=256, observedHotFraction=0.003910, poolParallelism=3, availableProcessors=4
0.726 ms/op
# Warmup Iteration   2: 0.618 ms/op
# Warmup Iteration   3: 0.609 ms/op
# Warmup Iteration   4: 0.613 ms/op
# Warmup Iteration   5: 0.596 ms/op
Iteration   1: 0.592 ms/op
                 gc.alloc.rate:      3070.861 MB/sec
                 gc.alloc.rate.norm: 1905931.418 B/op
                 gc.count:           10.000 counts
                 gc.time:            6.000 ms

Iteration   2: 0.596 ms/op
                 gc.alloc.rate:      3048.133 MB/sec
                 gc.alloc.rate.norm: 1905931.333 B/op
                 gc.count:           10.000 counts
                 gc.time:            6.000 ms

Iteration   3: 0.595 ms/op
                 gc.alloc.rate:      3051.994 MB/sec
                 gc.alloc.rate.norm: 1905931.243 B/op
                 gc.count:           10.000 counts
                 gc.time:            6.000 ms

Iteration   4: 0.595 ms/op
                 gc.alloc.rate:      3051.315 MB/sec
                 gc.alloc.rate.norm: 1905931.284 B/op
                 gc.count:           10.000 counts
                 gc.time:            6.000 ms

Iteration   5: 0.596 ms/op
                 gc.alloc.rate:      3047.661 MB/sec
                 gc.alloc.rate.norm: 1905931.202 B/op
                 gc.count:           10.000 counts
                 gc.time:            6.000 ms


# Run progress: 38.27% complete, ETA 00:08:48
# Fork: 2 of 3
WARNING: A terminally deprecated method in sun.misc.Unsafe has been called
WARNING: sun.misc.Unsafe::objectFieldOffset has been called by org.openjdk.jmh.util.Utils (file:/home/test/Workspaces/JavaWorkspace/JavaStream_KeySkew/.deps/jmh-core-1.37.jar)
WARNING: Please consider reporting this to the maintainers of class org.openjdk.jmh.util.Utils
WARNING: sun.misc.Unsafe::objectFieldOffset will be removed in a future release
# Warmup Iteration   1: Input: n=100000, keys=256, observedHotFraction=0.003910, poolParallelism=3, availableProcessors=4
0.712 ms/op
# Warmup Iteration   2: 0.621 ms/op
# Warmup Iteration   3: 0.590 ms/op
# Warmup Iteration   4: 0.600 ms/op
# Warmup Iteration   5: 0.588 ms/op
Iteration   1: 0.582 ms/op
                 gc.alloc.rate:      3123.456 MB/sec
                 gc.alloc.rate.norm: 1905931.602 B/op
                 gc.count:           11.000 counts
                 gc.time:            8.000 ms

Iteration   2: 0.584 ms/op
                 gc.alloc.rate:      3112.070 MB/sec
                 gc.alloc.rate.norm: 1905931.643 B/op
                 gc.count:           10.000 counts
                 gc.time:            7.000 ms

Iteration   3: 0.581 ms/op
                 gc.alloc.rate:      3125.260 MB/sec
                 gc.alloc.rate.norm: 1905931.805 B/op
                 gc.count:           10.000 counts
                 gc.time:            6.000 ms

Iteration   4: 0.586 ms/op
                 gc.alloc.rate:      3098.710 MB/sec
                 gc.alloc.rate.norm: 1905932.307 B/op
                 gc.count:           10.000 counts
                 gc.time:            7.000 ms

Iteration   5: 0.583 ms/op
                 gc.alloc.rate:      3116.749 MB/sec
                 gc.alloc.rate.norm: 1905931.704 B/op
                 gc.count:           11.000 counts
                 gc.time:            7.000 ms


# Run progress: 39.51% complete, ETA 00:08:38
# Fork: 3 of 3
WARNING: A terminally deprecated method in sun.misc.Unsafe has been called
WARNING: sun.misc.Unsafe::objectFieldOffset has been called by org.openjdk.jmh.util.Utils (file:/home/test/Workspaces/JavaWorkspace/JavaStream_KeySkew/.deps/jmh-core-1.37.jar)
WARNING: Please consider reporting this to the maintainers of class org.openjdk.jmh.util.Utils
WARNING: sun.misc.Unsafe::objectFieldOffset will be removed in a future release
# Warmup Iteration   1: Input: n=100000, keys=256, observedHotFraction=0.003910, poolParallelism=3, availableProcessors=4
0.727 ms/op
# Warmup Iteration   2: 0.611 ms/op
# Warmup Iteration   3: 0.585 ms/op
# Warmup Iteration   4: 0.584 ms/op
# Warmup Iteration   5: 0.571 ms/op
Iteration   1: 0.572 ms/op
                 gc.alloc.rate:      3177.227 MB/sec
                 gc.alloc.rate.norm: 1905931.691 B/op
                 gc.count:           11.000 counts
                 gc.time:            7.000 ms

Iteration   2: 0.575 ms/op
                 gc.alloc.rate:      3161.486 MB/sec
                 gc.alloc.rate.norm: 1905931.559 B/op
                 gc.count:           10.000 counts
                 gc.time:            8.000 ms

Iteration   3: 0.576 ms/op
                 gc.alloc.rate:      3157.400 MB/sec
                 gc.alloc.rate.norm: 1905931.908 B/op
                 gc.count:           10.000 counts
                 gc.time:            6.000 ms

Iteration   4: 0.579 ms/op
                 gc.alloc.rate:      3138.458 MB/sec
                 gc.alloc.rate.norm: 1905931.734 B/op
                 gc.count:           11.000 counts
                 gc.time:            8.000 ms

Iteration   5: 0.571 ms/op
                 gc.alloc.rate:      3182.092 MB/sec
                 gc.alloc.rate.norm: 1905931.712 B/op
                 gc.count:           10.000 counts
                 gc.time:            6.000 ms



Result "research.skew.AggregationBenchmark.parallelMerge":
  0.584 ±(99.9%) 0.010 ms/op [Average]
  (min, avg, max) = (0.571, 0.584, 0.596), stdev = 0.009
  CI (99.9%): [0.575, 0.594] (assumes normal distribution)

Secondary result "research.skew.AggregationBenchmark.parallelMerge:gc.alloc.rate":
  3110.858 ±(99.9%) 51.158 MB/sec [Average]
  (min, avg, max) = (3047.661, 3110.858, 3182.092), stdev = 47.853
  CI (99.9%): [3059.701, 3162.016] (assumes normal distribution)

Secondary result "research.skew.AggregationBenchmark.parallelMerge:gc.alloc.rate.norm":
  1905931.610 ±(99.9%) 0.310 B/op [Average]
  (min, avg, max) = (1905931.202, 1905931.610, 1905932.307), stdev = 0.290
  CI (99.9%): [1905931.299, 1905931.920] (assumes normal distribution)

Secondary result "research.skew.AggregationBenchmark.parallelMerge:gc.count":
  154.000 ±(99.9%) 0.001 counts [Sum]
  (min, avg, max) = (10.000, 10.267, 11.000), stdev = 0.458
  CI (99.9%): [154.000, 154.000] (assumes normal distribution)

Secondary result "research.skew.AggregationBenchmark.parallelMerge:gc.time":
  100.000 ±(99.9%) 0.001 ms [Sum]
  (min, avg, max) = (6.000, 6.667, 8.000), stdev = 0.816
  CI (99.9%): [100.000, 100.000] (assumes normal distribution)


# JMH version: 1.37
# VM version: JDK 25.0.4.1, OpenJDK 64-Bit Server VM, 25.0.4.1+1-LTS
# VM invoker: /home/test/jdk/jdk-25.0.4.1+1/bin/java
# VM options: -Xms512m -Xmx512m -Djava.util.concurrent.ForkJoinPool.common.parallelism=3
# Blackhole mode: compiler (auto-detected, use -Djmh.blackhole.autoDetect=false to disable)
# Warmup: 5 iterations, 1 s each
# Measurement: 5 iterations, 1 s each
# Timeout: 10 min per iteration
# Threads: 1 thread, will synchronize iterations
# Benchmark mode: Average time, time/op
# Benchmark: research.skew.AggregationBenchmark.parallelMerge
# Parameters: (cardinality = 256, distribution = uniform, seed = 20260929, size = 1000000)

# Run progress: 40.74% complete, ETA 00:08:27
# Fork: 1 of 3
WARNING: A terminally deprecated method in sun.misc.Unsafe has been called
WARNING: sun.misc.Unsafe::objectFieldOffset has been called by org.openjdk.jmh.util.Utils (file:/home/test/Workspaces/JavaWorkspace/JavaStream_KeySkew/.deps/jmh-core-1.37.jar)
WARNING: Please consider reporting this to the maintainers of class org.openjdk.jmh.util.Utils
WARNING: sun.misc.Unsafe::objectFieldOffset will be removed in a future release
# Warmup Iteration   1: Input: n=1000000, keys=256, observedHotFraction=0.003907, poolParallelism=3, availableProcessors=4
6.080 ms/op
# Warmup Iteration   2: 5.625 ms/op
# Warmup Iteration   3: 5.193 ms/op
# Warmup Iteration   4: 4.775 ms/op
# Warmup Iteration   5: 4.694 ms/op
Iteration   1: 4.682 ms/op
                 gc.alloc.rate:      3320.485 MB/sec
                 gc.alloc.rate.norm: 16306005.271 B/op
                 gc.count:           11.000 counts
                 gc.time:            8.000 ms

Iteration   2: 4.755 ms/op
                 gc.alloc.rate:      3269.995 MB/sec
                 gc.alloc.rate.norm: 16306007.735 B/op
                 gc.count:           11.000 counts
                 gc.time:            8.000 ms

Iteration   3: 4.687 ms/op
                 gc.alloc.rate:      3317.160 MB/sec
                 gc.alloc.rate.norm: 16306005.607 B/op
                 gc.count:           11.000 counts
                 gc.time:            8.000 ms

Iteration   4: 4.756 ms/op
                 gc.alloc.rate:      3268.828 MB/sec
                 gc.alloc.rate.norm: 16306006.900 B/op
                 gc.count:           10.000 counts
                 gc.time:            7.000 ms

Iteration   5: 4.685 ms/op
                 gc.alloc.rate:      3318.429 MB/sec
                 gc.alloc.rate.norm: 16306006.617 B/op
                 gc.count:           11.000 counts
                 gc.time:            8.000 ms


# Run progress: 41.98% complete, ETA 00:08:16
# Fork: 2 of 3
WARNING: A terminally deprecated method in sun.misc.Unsafe has been called
WARNING: sun.misc.Unsafe::objectFieldOffset has been called by org.openjdk.jmh.util.Utils (file:/home/test/Workspaces/JavaWorkspace/JavaStream_KeySkew/.deps/jmh-core-1.37.jar)
WARNING: Please consider reporting this to the maintainers of class org.openjdk.jmh.util.Utils
WARNING: sun.misc.Unsafe::objectFieldOffset will be removed in a future release
# Warmup Iteration   1: Input: n=1000000, keys=256, observedHotFraction=0.003907, poolParallelism=3, availableProcessors=4
6.095 ms/op
# Warmup Iteration   2: 5.645 ms/op
# Warmup Iteration   3: 5.035 ms/op
# Warmup Iteration   4: 4.702 ms/op
# Warmup Iteration   5: 4.723 ms/op
Iteration   1: 4.696 ms/op
                 gc.alloc.rate:      3310.986 MB/sec
                 gc.alloc.rate.norm: 16306006.986 B/op
                 gc.count:           11.000 counts
                 gc.time:            9.000 ms

Iteration   2: 4.798 ms/op
                 gc.alloc.rate:      3240.485 MB/sec
                 gc.alloc.rate.norm: 16306007.694 B/op
                 gc.count:           11.000 counts
                 gc.time:            9.000 ms

Iteration   3: 4.716 ms/op
                 gc.alloc.rate:      3297.049 MB/sec
                 gc.alloc.rate.norm: 16306006.310 B/op
                 gc.count:           11.000 counts
                 gc.time:            7.000 ms

Iteration   4: 4.697 ms/op
                 gc.alloc.rate:      3310.246 MB/sec
                 gc.alloc.rate.norm: 16306006.841 B/op
                 gc.count:           11.000 counts
                 gc.time:            7.000 ms

Iteration   5: 4.674 ms/op
                 gc.alloc.rate:      3325.739 MB/sec
                 gc.alloc.rate.norm: 16306005.383 B/op
                 gc.count:           11.000 counts
                 gc.time:            7.000 ms


# Run progress: 43.21% complete, ETA 00:08:06
# Fork: 3 of 3
WARNING: A terminally deprecated method in sun.misc.Unsafe has been called
WARNING: sun.misc.Unsafe::objectFieldOffset has been called by org.openjdk.jmh.util.Utils (file:/home/test/Workspaces/JavaWorkspace/JavaStream_KeySkew/.deps/jmh-core-1.37.jar)
WARNING: Please consider reporting this to the maintainers of class org.openjdk.jmh.util.Utils
WARNING: sun.misc.Unsafe::objectFieldOffset will be removed in a future release
# Warmup Iteration   1: Input: n=1000000, keys=256, observedHotFraction=0.003907, poolParallelism=3, availableProcessors=4
6.049 ms/op
# Warmup Iteration   2: 5.603 ms/op
# Warmup Iteration   3: 5.123 ms/op
# Warmup Iteration   4: 4.726 ms/op
# Warmup Iteration   5: 4.710 ms/op
Iteration   1: 4.685 ms/op
                 gc.alloc.rate:      3318.817 MB/sec
                 gc.alloc.rate.norm: 16306006.393 B/op
                 gc.count:           11.000 counts
                 gc.time:            7.000 ms

Iteration   2: 4.787 ms/op
                 gc.alloc.rate:      3247.574 MB/sec
                 gc.alloc.rate.norm: 16306006.201 B/op
                 gc.count:           11.000 counts
                 gc.time:            7.000 ms

Iteration   3: 4.728 ms/op
                 gc.alloc.rate:      3288.307 MB/sec
                 gc.alloc.rate.norm: 16306006.226 B/op
                 gc.count:           11.000 counts
                 gc.time:            8.000 ms

Iteration   4: 4.737 ms/op
                 gc.alloc.rate:      3281.560 MB/sec
                 gc.alloc.rate.norm: 16306006.453 B/op
                 gc.count:           11.000 counts
                 gc.time:            6.000 ms

Iteration   5: 4.681 ms/op
                 gc.alloc.rate:      3321.375 MB/sec
                 gc.alloc.rate.norm: 16306005.944 B/op
                 gc.count:           10.000 counts
                 gc.time:            6.000 ms



Result "research.skew.AggregationBenchmark.parallelMerge":
  4.718 ±(99.9%) 0.043 ms/op [Average]
  (min, avg, max) = (4.674, 4.718, 4.798), stdev = 0.041
  CI (99.9%): [4.674, 4.761] (assumes normal distribution)

Secondary result "research.skew.AggregationBenchmark.parallelMerge:gc.alloc.rate":
  3295.802 ±(99.9%) 30.152 MB/sec [Average]
  (min, avg, max) = (3240.485, 3295.802, 3325.739), stdev = 28.204
  CI (99.9%): [3265.651, 3325.954] (assumes normal distribution)

Secondary result "research.skew.AggregationBenchmark.parallelMerge:gc.alloc.rate.norm":
  16306006.437 ±(99.9%) 0.782 B/op [Average]
  (min, avg, max) = (16306005.271, 16306006.437, 16306007.735), stdev = 0.732
  CI (99.9%): [16306005.655, 16306007.220] (assumes normal distribution)

Secondary result "research.skew.AggregationBenchmark.parallelMerge:gc.count":
  163.000 ±(99.9%) 0.001 counts [Sum]
  (min, avg, max) = (10.000, 10.867, 11.000), stdev = 0.352
  CI (99.9%): [163.000, 163.000] (assumes normal distribution)

Secondary result "research.skew.AggregationBenchmark.parallelMerge:gc.time":
  112.000 ±(99.9%) 0.001 ms [Sum]
  (min, avg, max) = (6.000, 7.467, 9.000), stdev = 0.915
  CI (99.9%): [112.000, 112.000] (assumes normal distribution)


# JMH version: 1.37
# VM version: JDK 25.0.4.1, OpenJDK 64-Bit Server VM, 25.0.4.1+1-LTS
# VM invoker: /home/test/jdk/jdk-25.0.4.1+1/bin/java
# VM options: -Xms512m -Xmx512m -Djava.util.concurrent.ForkJoinPool.common.parallelism=3
# Blackhole mode: compiler (auto-detected, use -Djmh.blackhole.autoDetect=false to disable)
# Warmup: 5 iterations, 1 s each
# Measurement: 5 iterations, 1 s each
# Timeout: 10 min per iteration
# Threads: 1 thread, will synchronize iterations
# Benchmark mode: Average time, time/op
# Benchmark: research.skew.AggregationBenchmark.parallelMerge
# Parameters: (cardinality = 256, distribution = hot50, seed = 20260929, size = 10000)

# Run progress: 44.44% complete, ETA 00:07:55
# Fork: 1 of 3
WARNING: A terminally deprecated method in sun.misc.Unsafe has been called
WARNING: sun.misc.Unsafe::objectFieldOffset has been called by org.openjdk.jmh.util.Utils (file:/home/test/Workspaces/JavaWorkspace/JavaStream_KeySkew/.deps/jmh-core-1.37.jar)
WARNING: Please consider reporting this to the maintainers of class org.openjdk.jmh.util.Utils
WARNING: sun.misc.Unsafe::objectFieldOffset will be removed in a future release
# Warmup Iteration   1: Input: n=10000, keys=256, observedHotFraction=0.500000, poolParallelism=3, availableProcessors=4
0.179 ms/op
# Warmup Iteration   2: 0.142 ms/op
# Warmup Iteration   3: 0.136 ms/op
# Warmup Iteration   4: 0.137 ms/op
# Warmup Iteration   5: 0.136 ms/op
Iteration   1: 0.136 ms/op
                 gc.alloc.rate:      2764.315 MB/sec
                 gc.alloc.rate.norm: 394575.811 B/op
                 gc.count:           9.000 counts
                 gc.time:            5.000 ms

Iteration   2: 0.137 ms/op
                 gc.alloc.rate:      2754.663 MB/sec
                 gc.alloc.rate.norm: 394576.033 B/op
                 gc.count:           9.000 counts
                 gc.time:            6.000 ms

Iteration   3: 0.136 ms/op
                 gc.alloc.rate:      2764.901 MB/sec
                 gc.alloc.rate.norm: 394575.833 B/op
                 gc.count:           9.000 counts
                 gc.time:            6.000 ms

Iteration   4: 0.136 ms/op
                 gc.alloc.rate:      2762.783 MB/sec
                 gc.alloc.rate.norm: 394587.215 B/op
                 gc.count:           9.000 counts
                 gc.time:            5.000 ms

Iteration   5: 0.136 ms/op
                 gc.alloc.rate:      2763.329 MB/sec
                 gc.alloc.rate.norm: 394607.860 B/op
                 gc.count:           9.000 counts
                 gc.time:            5.000 ms


# Run progress: 45.68% complete, ETA 00:07:44
# Fork: 2 of 3
WARNING: A terminally deprecated method in sun.misc.Unsafe has been called
WARNING: sun.misc.Unsafe::objectFieldOffset has been called by org.openjdk.jmh.util.Utils (file:/home/test/Workspaces/JavaWorkspace/JavaStream_KeySkew/.deps/jmh-core-1.37.jar)
WARNING: Please consider reporting this to the maintainers of class org.openjdk.jmh.util.Utils
WARNING: sun.misc.Unsafe::objectFieldOffset will be removed in a future release
# Warmup Iteration   1: Input: n=10000, keys=256, observedHotFraction=0.500000, poolParallelism=3, availableProcessors=4
0.167 ms/op
# Warmup Iteration   2: 0.143 ms/op
# Warmup Iteration   3: 0.135 ms/op
# Warmup Iteration   4: 0.136 ms/op
# Warmup Iteration   5: 0.135 ms/op
Iteration   1: 0.135 ms/op
                 gc.alloc.rate:      2793.040 MB/sec
                 gc.alloc.rate.norm: 394575.903 B/op
                 gc.count:           10.000 counts
                 gc.time:            6.000 ms

Iteration   2: 0.141 ms/op
                 gc.alloc.rate:      2672.757 MB/sec
                 gc.alloc.rate.norm: 394575.747 B/op
                 gc.count:           8.000 counts
                 gc.time:            5.000 ms

Iteration   3: 0.135 ms/op
                 gc.alloc.rate:      2777.555 MB/sec
                 gc.alloc.rate.norm: 394575.935 B/op
                 gc.count:           9.000 counts
                 gc.time:            5.000 ms

Iteration   4: 0.136 ms/op
                 gc.alloc.rate:      2772.988 MB/sec
                 gc.alloc.rate.norm: 394589.062 B/op
                 gc.count:           10.000 counts
                 gc.time:            5.000 ms

Iteration   5: 0.135 ms/op
                 gc.alloc.rate:      2788.835 MB/sec
                 gc.alloc.rate.norm: 394607.828 B/op
                 gc.count:           9.000 counts
                 gc.time:            6.000 ms


# Run progress: 46.91% complete, ETA 00:07:34
# Fork: 3 of 3
WARNING: A terminally deprecated method in sun.misc.Unsafe has been called
WARNING: sun.misc.Unsafe::objectFieldOffset has been called by org.openjdk.jmh.util.Utils (file:/home/test/Workspaces/JavaWorkspace/JavaStream_KeySkew/.deps/jmh-core-1.37.jar)
WARNING: Please consider reporting this to the maintainers of class org.openjdk.jmh.util.Utils
WARNING: sun.misc.Unsafe::objectFieldOffset will be removed in a future release
# Warmup Iteration   1: Input: n=10000, keys=256, observedHotFraction=0.500000, poolParallelism=3, availableProcessors=4
0.165 ms/op
# Warmup Iteration   2: 0.141 ms/op
# Warmup Iteration   3: 0.137 ms/op
# Warmup Iteration   4: 0.137 ms/op
# Warmup Iteration   5: 0.137 ms/op
Iteration   1: 0.136 ms/op
                 gc.alloc.rate:      2762.216 MB/sec
                 gc.alloc.rate.norm: 394575.830 B/op
                 gc.count:           9.000 counts
                 gc.time:            6.000 ms

Iteration   2: 0.138 ms/op
                 gc.alloc.rate:      2735.825 MB/sec
                 gc.alloc.rate.norm: 394575.864 B/op
                 gc.count:           9.000 counts
                 gc.time:            6.000 ms

Iteration   3: 0.136 ms/op
                 gc.alloc.rate:      2766.063 MB/sec
                 gc.alloc.rate.norm: 394575.938 B/op
                 gc.count:           9.000 counts
                 gc.time:            5.000 ms

Iteration   4: 0.137 ms/op
                 gc.alloc.rate:      2746.414 MB/sec
                 gc.alloc.rate.norm: 394588.519 B/op
                 gc.count:           9.000 counts
                 gc.time:            5.000 ms

Iteration   5: 0.136 ms/op
                 gc.alloc.rate:      2763.269 MB/sec
                 gc.alloc.rate.norm: 394607.840 B/op
                 gc.count:           9.000 counts
                 gc.time:            5.000 ms



Result "research.skew.AggregationBenchmark.parallelMerge":
  0.136 ±(99.9%) 0.002 ms/op [Average]
  (min, avg, max) = (0.135, 0.136, 0.141), stdev = 0.001
  CI (99.9%): [0.135, 0.138] (assumes normal distribution)

Secondary result "research.skew.AggregationBenchmark.parallelMerge:gc.alloc.rate":
  2759.264 ±(99.9%) 29.850 MB/sec [Average]
  (min, avg, max) = (2672.757, 2759.264, 2793.040), stdev = 27.921
  CI (99.9%): [2729.414, 2789.113] (assumes normal distribution)

Secondary result "research.skew.AggregationBenchmark.parallelMerge:gc.alloc.rate.norm":
  394584.748 ±(99.9%) 13.843 B/op [Average]
  (min, avg, max) = (394575.747, 394584.748, 394607.860), stdev = 12.949
  CI (99.9%): [394570.905, 394598.591] (assumes normal distribution)

Secondary result "research.skew.AggregationBenchmark.parallelMerge:gc.count":
  136.000 ±(99.9%) 0.001 counts [Sum]
  (min, avg, max) = (8.000, 9.067, 10.000), stdev = 0.458
  CI (99.9%): [136.000, 136.000] (assumes normal distribution)

Secondary result "research.skew.AggregationBenchmark.parallelMerge:gc.time":
  81.000 ±(99.9%) 0.001 ms [Sum]
  (min, avg, max) = (5.000, 5.400, 6.000), stdev = 0.507
  CI (99.9%): [81.000, 81.000] (assumes normal distribution)


# JMH version: 1.37
# VM version: JDK 25.0.4.1, OpenJDK 64-Bit Server VM, 25.0.4.1+1-LTS
# VM invoker: /home/test/jdk/jdk-25.0.4.1+1/bin/java
# VM options: -Xms512m -Xmx512m -Djava.util.concurrent.ForkJoinPool.common.parallelism=3
# Blackhole mode: compiler (auto-detected, use -Djmh.blackhole.autoDetect=false to disable)
# Warmup: 5 iterations, 1 s each
# Measurement: 5 iterations, 1 s each
# Timeout: 10 min per iteration
# Threads: 1 thread, will synchronize iterations
# Benchmark mode: Average time, time/op
# Benchmark: research.skew.AggregationBenchmark.parallelMerge
# Parameters: (cardinality = 256, distribution = hot50, seed = 20260929, size = 100000)

# Run progress: 48.15% complete, ETA 00:07:23
# Fork: 1 of 3
WARNING: A terminally deprecated method in sun.misc.Unsafe has been called
WARNING: sun.misc.Unsafe::objectFieldOffset has been called by org.openjdk.jmh.util.Utils (file:/home/test/Workspaces/JavaWorkspace/JavaStream_KeySkew/.deps/jmh-core-1.37.jar)
WARNING: Please consider reporting this to the maintainers of class org.openjdk.jmh.util.Utils
WARNING: sun.misc.Unsafe::objectFieldOffset will be removed in a future release
# Warmup Iteration   1: Input: n=100000, keys=256, observedHotFraction=0.500000, poolParallelism=3, availableProcessors=4
0.706 ms/op
# Warmup Iteration   2: 0.673 ms/op
# Warmup Iteration   3: 0.606 ms/op
# Warmup Iteration   4: 0.611 ms/op
# Warmup Iteration   5: 0.611 ms/op
Iteration   1: 0.598 ms/op
                 gc.alloc.rate:      3041.055 MB/sec
                 gc.alloc.rate.norm: 1905932.010 B/op
                 gc.count:           10.000 counts
                 gc.time:            5.000 ms

Iteration   2: 0.615 ms/op
                 gc.alloc.rate:      2956.745 MB/sec
                 gc.alloc.rate.norm: 1905931.243 B/op
                 gc.count:           10.000 counts
                 gc.time:            7.000 ms

Iteration   3: 0.599 ms/op
                 gc.alloc.rate:      3032.222 MB/sec
                 gc.alloc.rate.norm: 1905931.883 B/op
                 gc.count:           9.000 counts
                 gc.time:            6.000 ms

Iteration   4: 0.604 ms/op
                 gc.alloc.rate:      3009.956 MB/sec
                 gc.alloc.rate.norm: 1905931.581 B/op
                 gc.count:           10.000 counts
                 gc.time:            8.000 ms

Iteration   5: 0.600 ms/op
                 gc.alloc.rate:      3030.976 MB/sec
                 gc.alloc.rate.norm: 1905932.026 B/op
                 gc.count:           10.000 counts
                 gc.time:            6.000 ms


# Run progress: 49.38% complete, ETA 00:07:12
# Fork: 2 of 3
WARNING: A terminally deprecated method in sun.misc.Unsafe has been called
WARNING: sun.misc.Unsafe::objectFieldOffset has been called by org.openjdk.jmh.util.Utils (file:/home/test/Workspaces/JavaWorkspace/JavaStream_KeySkew/.deps/jmh-core-1.37.jar)
WARNING: Please consider reporting this to the maintainers of class org.openjdk.jmh.util.Utils
WARNING: sun.misc.Unsafe::objectFieldOffset will be removed in a future release
# Warmup Iteration   1: Input: n=100000, keys=256, observedHotFraction=0.500000, poolParallelism=3, availableProcessors=4
0.740 ms/op
# Warmup Iteration   2: 0.613 ms/op
# Warmup Iteration   3: 0.592 ms/op
# Warmup Iteration   4: 0.584 ms/op
# Warmup Iteration   5: 0.573 ms/op
Iteration   1: 0.569 ms/op
                 gc.alloc.rate:      3193.889 MB/sec
                 gc.alloc.rate.norm: 1905931.659 B/op
                 gc.count:           10.000 counts
                 gc.time:            6.000 ms

Iteration   2: 0.572 ms/op
                 gc.alloc.rate:      3176.374 MB/sec
                 gc.alloc.rate.norm: 1905931.648 B/op
                 gc.count:           11.000 counts
                 gc.time:            7.000 ms

Iteration   3: 0.570 ms/op
                 gc.alloc.rate:      3189.249 MB/sec
                 gc.alloc.rate.norm: 1905931.649 B/op
                 gc.count:           10.000 counts
                 gc.time:            6.000 ms

Iteration   4: 0.574 ms/op
                 gc.alloc.rate:      3168.133 MB/sec
                 gc.alloc.rate.norm: 1905931.576 B/op
                 gc.count:           11.000 counts
                 gc.time:            8.000 ms

Iteration   5: 0.571 ms/op
                 gc.alloc.rate:      3183.968 MB/sec
                 gc.alloc.rate.norm: 1905931.724 B/op
                 gc.count:           10.000 counts
                 gc.time:            6.000 ms


# Run progress: 50.62% complete, ETA 00:07:01
# Fork: 3 of 3
WARNING: A terminally deprecated method in sun.misc.Unsafe has been called
WARNING: sun.misc.Unsafe::objectFieldOffset has been called by org.openjdk.jmh.util.Utils (file:/home/test/Workspaces/JavaWorkspace/JavaStream_KeySkew/.deps/jmh-core-1.37.jar)
WARNING: Please consider reporting this to the maintainers of class org.openjdk.jmh.util.Utils
WARNING: sun.misc.Unsafe::objectFieldOffset will be removed in a future release
# Warmup Iteration   1: Input: n=100000, keys=256, observedHotFraction=0.500000, poolParallelism=3, availableProcessors=4
0.712 ms/op
# Warmup Iteration   2: 0.596 ms/op
# Warmup Iteration   3: 0.587 ms/op
# Warmup Iteration   4: 0.587 ms/op
# Warmup Iteration   5: 0.578 ms/op
Iteration   1: 0.578 ms/op
                 gc.alloc.rate:      3144.595 MB/sec
                 gc.alloc.rate.norm: 1905931.841 B/op
                 gc.count:           11.000 counts
                 gc.time:            8.000 ms

Iteration   2: 0.581 ms/op
                 gc.alloc.rate:      3127.917 MB/sec
                 gc.alloc.rate.norm: 1905931.456 B/op
                 gc.count:           10.000 counts
                 gc.time:            8.000 ms

Iteration   3: 0.578 ms/op
                 gc.alloc.rate:      3142.253 MB/sec
                 gc.alloc.rate.norm: 1905931.801 B/op
                 gc.count:           10.000 counts
                 gc.time:            6.000 ms

Iteration   4: 0.581 ms/op
                 gc.alloc.rate:      3128.721 MB/sec
                 gc.alloc.rate.norm: 1905931.675 B/op
                 gc.count:           10.000 counts
                 gc.time:            7.000 ms

Iteration   5: 0.579 ms/op
                 gc.alloc.rate:      3141.092 MB/sec
                 gc.alloc.rate.norm: 1905931.734 B/op
                 gc.count:           11.000 counts
                 gc.time:            7.000 ms



Result "research.skew.AggregationBenchmark.parallelMerge":
  0.584 ±(99.9%) 0.016 ms/op [Average]
  (min, avg, max) = (0.569, 0.584, 0.615), stdev = 0.015
  CI (99.9%): [0.569, 0.600] (assumes normal distribution)

Secondary result "research.skew.AggregationBenchmark.parallelMerge:gc.alloc.rate":
  3111.143 ±(99.9%) 81.303 MB/sec [Average]
  (min, avg, max) = (2956.745, 3111.143, 3193.889), stdev = 76.051
  CI (99.9%): [3029.839, 3192.446] (assumes normal distribution)

Secondary result "research.skew.AggregationBenchmark.parallelMerge:gc.alloc.rate.norm":
  1905931.700 ±(99.9%) 0.216 B/op [Average]
  (min, avg, max) = (1905931.243, 1905931.700, 1905932.026), stdev = 0.202
  CI (99.9%): [1905931.484, 1905931.917] (assumes normal distribution)

Secondary result "research.skew.AggregationBenchmark.parallelMerge:gc.count":
  153.000 ±(99.9%) 0.001 counts [Sum]
  (min, avg, max) = (9.000, 10.200, 11.000), stdev = 0.561
  CI (99.9%): [153.000, 153.000] (assumes normal distribution)

Secondary result "research.skew.AggregationBenchmark.parallelMerge:gc.time":
  101.000 ±(99.9%) 0.001 ms [Sum]
  (min, avg, max) = (5.000, 6.733, 8.000), stdev = 0.961
  CI (99.9%): [101.000, 101.000] (assumes normal distribution)


# JMH version: 1.37
# VM version: JDK 25.0.4.1, OpenJDK 64-Bit Server VM, 25.0.4.1+1-LTS
# VM invoker: /home/test/jdk/jdk-25.0.4.1+1/bin/java
# VM options: -Xms512m -Xmx512m -Djava.util.concurrent.ForkJoinPool.common.parallelism=3
# Blackhole mode: compiler (auto-detected, use -Djmh.blackhole.autoDetect=false to disable)
# Warmup: 5 iterations, 1 s each
# Measurement: 5 iterations, 1 s each
# Timeout: 10 min per iteration
# Threads: 1 thread, will synchronize iterations
# Benchmark mode: Average time, time/op
# Benchmark: research.skew.AggregationBenchmark.parallelMerge
# Parameters: (cardinality = 256, distribution = hot50, seed = 20260929, size = 1000000)

# Run progress: 51.85% complete, ETA 00:06:51
# Fork: 1 of 3
WARNING: A terminally deprecated method in sun.misc.Unsafe has been called
WARNING: sun.misc.Unsafe::objectFieldOffset has been called by org.openjdk.jmh.util.Utils (file:/home/test/Workspaces/JavaWorkspace/JavaStream_KeySkew/.deps/jmh-core-1.37.jar)
WARNING: Please consider reporting this to the maintainers of class org.openjdk.jmh.util.Utils
WARNING: sun.misc.Unsafe::objectFieldOffset will be removed in a future release
# Warmup Iteration   1: Input: n=1000000, keys=256, observedHotFraction=0.500000, poolParallelism=3, availableProcessors=4
6.302 ms/op
# Warmup Iteration   2: 5.857 ms/op
# Warmup Iteration   3: 5.462 ms/op
# Warmup Iteration   4: 5.145 ms/op
# Warmup Iteration   5: 5.142 ms/op
Iteration   1: 5.125 ms/op
                 gc.alloc.rate:      3033.180 MB/sec
                 gc.alloc.rate.norm: 16306009.918 B/op
                 gc.count:           10.000 counts
                 gc.time:            8.000 ms

Iteration   2: 5.136 ms/op
                 gc.alloc.rate:      3027.302 MB/sec
                 gc.alloc.rate.norm: 16306007.713 B/op
                 gc.count:           10.000 counts
                 gc.time:            7.000 ms

Iteration   3: 5.139 ms/op
                 gc.alloc.rate:      3025.460 MB/sec
                 gc.alloc.rate.norm: 16306010.462 B/op
                 gc.count:           10.000 counts
                 gc.time:            7.000 ms

Iteration   4: 5.138 ms/op
                 gc.alloc.rate:      3025.971 MB/sec
                 gc.alloc.rate.norm: 16306008.451 B/op
                 gc.count:           10.000 counts
                 gc.time:            7.000 ms

Iteration   5: 5.142 ms/op
                 gc.alloc.rate:      3023.562 MB/sec
                 gc.alloc.rate.norm: 16306010.092 B/op
                 gc.count:           10.000 counts
                 gc.time:            9.000 ms


# Run progress: 53.09% complete, ETA 00:06:40
# Fork: 2 of 3
WARNING: A terminally deprecated method in sun.misc.Unsafe has been called
WARNING: sun.misc.Unsafe::objectFieldOffset has been called by org.openjdk.jmh.util.Utils (file:/home/test/Workspaces/JavaWorkspace/JavaStream_KeySkew/.deps/jmh-core-1.37.jar)
WARNING: Please consider reporting this to the maintainers of class org.openjdk.jmh.util.Utils
WARNING: sun.misc.Unsafe::objectFieldOffset will be removed in a future release
# Warmup Iteration   1: Input: n=1000000, keys=256, observedHotFraction=0.500000, poolParallelism=3, availableProcessors=4
6.122 ms/op
# Warmup Iteration   2: 5.644 ms/op
# Warmup Iteration   3: 5.216 ms/op
# Warmup Iteration   4: 4.770 ms/op
# Warmup Iteration   5: 4.792 ms/op
Iteration   1: 4.692 ms/op
                 gc.alloc.rate:      3313.293 MB/sec
                 gc.alloc.rate.norm: 16306004.822 B/op
                 gc.count:           11.000 counts
                 gc.time:            6.000 ms

Iteration   2: 4.746 ms/op
                 gc.alloc.rate:      3275.401 MB/sec
                 gc.alloc.rate.norm: 16306004.777 B/op
                 gc.count:           10.000 counts
                 gc.time:            6.000 ms

Iteration   3: 4.720 ms/op
                 gc.alloc.rate:      3294.008 MB/sec
                 gc.alloc.rate.norm: 16306006.679 B/op
                 gc.count:           11.000 counts
                 gc.time:            7.000 ms

Iteration   4: 4.777 ms/op
                 gc.alloc.rate:      3254.579 MB/sec
                 gc.alloc.rate.norm: 16306005.905 B/op
                 gc.count:           11.000 counts
                 gc.time:            9.000 ms

Iteration   5: 4.703 ms/op
                 gc.alloc.rate:      3305.072 MB/sec
                 gc.alloc.rate.norm: 16306004.732 B/op
                 gc.count:           11.000 counts
                 gc.time:            7.000 ms


# Run progress: 54.32% complete, ETA 00:06:30
# Fork: 3 of 3
WARNING: A terminally deprecated method in sun.misc.Unsafe has been called
WARNING: sun.misc.Unsafe::objectFieldOffset has been called by org.openjdk.jmh.util.Utils (file:/home/test/Workspaces/JavaWorkspace/JavaStream_KeySkew/.deps/jmh-core-1.37.jar)
WARNING: Please consider reporting this to the maintainers of class org.openjdk.jmh.util.Utils
WARNING: sun.misc.Unsafe::objectFieldOffset will be removed in a future release
# Warmup Iteration   1: Input: n=1000000, keys=256, observedHotFraction=0.500000, poolParallelism=3, availableProcessors=4
6.316 ms/op
# Warmup Iteration   2: 5.835 ms/op
# Warmup Iteration   3: 5.362 ms/op
# Warmup Iteration   4: 5.093 ms/op
# Warmup Iteration   5: 5.103 ms/op
Iteration   1: 5.074 ms/op
                 gc.alloc.rate:      3063.894 MB/sec
                 gc.alloc.rate.norm: 16305995.515 B/op
                 gc.count:           10.000 counts
                 gc.time:            6.000 ms

Iteration   2: 5.145 ms/op
                 gc.alloc.rate:      3021.401 MB/sec
                 gc.alloc.rate.norm: 16306009.723 B/op
                 gc.count:           10.000 counts
                 gc.time:            7.000 ms

Iteration   3: 5.110 ms/op
                 gc.alloc.rate:      3042.331 MB/sec
                 gc.alloc.rate.norm: 16306011.265 B/op
                 gc.count:           10.000 counts
                 gc.time:            7.000 ms

Iteration   4: 5.111 ms/op
                 gc.alloc.rate:      3041.557 MB/sec
                 gc.alloc.rate.norm: 16306011.143 B/op
                 gc.count:           10.000 counts
                 gc.time:            6.000 ms

Iteration   5: 5.095 ms/op
                 gc.alloc.rate:      3051.247 MB/sec
                 gc.alloc.rate.norm: 16306010.843 B/op
                 gc.count:           10.000 counts
                 gc.time:            6.000 ms



Result "research.skew.AggregationBenchmark.parallelMerge":
  4.990 ±(99.9%) 0.207 ms/op [Average]
  (min, avg, max) = (4.692, 4.990, 5.145), stdev = 0.194
  CI (99.9%): [4.783, 5.198] (assumes normal distribution)

Secondary result "research.skew.AggregationBenchmark.parallelMerge:gc.alloc.rate":
  3119.884 ±(99.9%) 133.142 MB/sec [Average]
  (min, avg, max) = (3021.401, 3119.884, 3313.293), stdev = 124.541
  CI (99.9%): [2986.742, 3253.026] (assumes normal distribution)

Secondary result "research.skew.AggregationBenchmark.parallelMerge:gc.alloc.rate.norm":
  16306007.469 ±(99.9%) 4.379 B/op [Average]
  (min, avg, max) = (16305995.515, 16306007.469, 16306011.265), stdev = 4.096
  CI (99.9%): [16306003.090, 16306011.849] (assumes normal distribution)

Secondary result "research.skew.AggregationBenchmark.parallelMerge:gc.count":
  154.000 ±(99.9%) 0.001 counts [Sum]
  (min, avg, max) = (10.000, 10.267, 11.000), stdev = 0.458
  CI (99.9%): [154.000, 154.000] (assumes normal distribution)

Secondary result "research.skew.AggregationBenchmark.parallelMerge:gc.time":
  105.000 ±(99.9%) 0.001 ms [Sum]
  (min, avg, max) = (6.000, 7.000, 9.000), stdev = 1.000
  CI (99.9%): [105.000, 105.000] (assumes normal distribution)


# JMH version: 1.37
# VM version: JDK 25.0.4.1, OpenJDK 64-Bit Server VM, 25.0.4.1+1-LTS
# VM invoker: /home/test/jdk/jdk-25.0.4.1+1/bin/java
# VM options: -Xms512m -Xmx512m -Djava.util.concurrent.ForkJoinPool.common.parallelism=3
# Blackhole mode: compiler (auto-detected, use -Djmh.blackhole.autoDetect=false to disable)
# Warmup: 5 iterations, 1 s each
# Measurement: 5 iterations, 1 s each
# Timeout: 10 min per iteration
# Threads: 1 thread, will synchronize iterations
# Benchmark mode: Average time, time/op
# Benchmark: research.skew.AggregationBenchmark.parallelMerge
# Parameters: (cardinality = 256, distribution = hot90, seed = 20260929, size = 10000)

# Run progress: 55.56% complete, ETA 00:06:19
# Fork: 1 of 3
WARNING: A terminally deprecated method in sun.misc.Unsafe has been called
WARNING: sun.misc.Unsafe::objectFieldOffset has been called by org.openjdk.jmh.util.Utils (file:/home/test/Workspaces/JavaWorkspace/JavaStream_KeySkew/.deps/jmh-core-1.37.jar)
WARNING: Please consider reporting this to the maintainers of class org.openjdk.jmh.util.Utils
WARNING: sun.misc.Unsafe::objectFieldOffset will be removed in a future release
# Warmup Iteration   1: Input: n=10000, keys=256, observedHotFraction=0.900000, poolParallelism=3, availableProcessors=4
0.134 ms/op
# Warmup Iteration   2: 0.111 ms/op
# Warmup Iteration   3: 0.107 ms/op
# Warmup Iteration   4: 0.107 ms/op
# Warmup Iteration   5: 0.107 ms/op
Iteration   1: 0.107 ms/op
                 gc.alloc.rate:      2399.541 MB/sec
                 gc.alloc.rate.norm: 268147.523 B/op
                 gc.count:           8.000 counts
                 gc.time:            4.000 ms

Iteration   2: 0.108 ms/op
                 gc.alloc.rate:      2362.761 MB/sec
                 gc.alloc.rate.norm: 268153.630 B/op
                 gc.count:           8.000 counts
                 gc.time:            5.000 ms

Iteration   3: 0.107 ms/op
                 gc.alloc.rate:      2399.103 MB/sec
                 gc.alloc.rate.norm: 268179.453 B/op
                 gc.count:           8.000 counts
                 gc.time:            5.000 ms

Iteration   4: 0.107 ms/op
                 gc.alloc.rate:      2396.379 MB/sec
                 gc.alloc.rate.norm: 268179.635 B/op
                 gc.count:           8.000 counts
                 gc.time:            5.000 ms

Iteration   5: 0.107 ms/op
                 gc.alloc.rate:      2398.788 MB/sec
                 gc.alloc.rate.norm: 268179.437 B/op
                 gc.count:           8.000 counts
                 gc.time:            4.000 ms


# Run progress: 56.79% complete, ETA 00:06:09
# Fork: 2 of 3
WARNING: A terminally deprecated method in sun.misc.Unsafe has been called
WARNING: sun.misc.Unsafe::objectFieldOffset has been called by org.openjdk.jmh.util.Utils (file:/home/test/Workspaces/JavaWorkspace/JavaStream_KeySkew/.deps/jmh-core-1.37.jar)
WARNING: Please consider reporting this to the maintainers of class org.openjdk.jmh.util.Utils
WARNING: sun.misc.Unsafe::objectFieldOffset will be removed in a future release
# Warmup Iteration   1: Input: n=10000, keys=256, observedHotFraction=0.900000, poolParallelism=3, availableProcessors=4
0.137 ms/op
# Warmup Iteration   2: 0.111 ms/op
# Warmup Iteration   3: 0.109 ms/op
# Warmup Iteration   4: 0.109 ms/op
# Warmup Iteration   5: 0.109 ms/op
Iteration   1: 0.109 ms/op
                 gc.alloc.rate:      2344.493 MB/sec
                 gc.alloc.rate.norm: 268148.078 B/op
                 gc.count:           7.000 counts
                 gc.time:            5.000 ms

Iteration   2: 0.109 ms/op
                 gc.alloc.rate:      2349.786 MB/sec
                 gc.alloc.rate.norm: 268150.800 B/op
                 gc.count:           8.000 counts
                 gc.time:            5.000 ms

Iteration   3: 0.109 ms/op
                 gc.alloc.rate:      2342.253 MB/sec
                 gc.alloc.rate.norm: 268180.213 B/op
                 gc.count:           8.000 counts
                 gc.time:            5.000 ms

Iteration   4: 0.109 ms/op
                 gc.alloc.rate:      2344.378 MB/sec
                 gc.alloc.rate.norm: 268179.821 B/op
                 gc.count:           8.000 counts
                 gc.time:            5.000 ms

Iteration   5: 0.109 ms/op
                 gc.alloc.rate:      2353.159 MB/sec
                 gc.alloc.rate.norm: 268180.176 B/op
                 gc.count:           7.000 counts
                 gc.time:            5.000 ms


# Run progress: 58.02% complete, ETA 00:05:58
# Fork: 3 of 3
WARNING: A terminally deprecated method in sun.misc.Unsafe has been called
WARNING: sun.misc.Unsafe::objectFieldOffset has been called by org.openjdk.jmh.util.Utils (file:/home/test/Workspaces/JavaWorkspace/JavaStream_KeySkew/.deps/jmh-core-1.37.jar)
WARNING: Please consider reporting this to the maintainers of class org.openjdk.jmh.util.Utils
WARNING: sun.misc.Unsafe::objectFieldOffset will be removed in a future release
# Warmup Iteration   1: Input: n=10000, keys=256, observedHotFraction=0.900000, poolParallelism=3, availableProcessors=4
0.132 ms/op
# Warmup Iteration   2: 0.109 ms/op
# Warmup Iteration   3: 0.104 ms/op
# Warmup Iteration   4: 0.105 ms/op
# Warmup Iteration   5: 0.104 ms/op
Iteration   1: 0.104 ms/op
                 gc.alloc.rate:      2466.009 MB/sec
                 gc.alloc.rate.norm: 268147.364 B/op
                 gc.count:           8.000 counts
                 gc.time:            4.000 ms

Iteration   2: 0.105 ms/op
                 gc.alloc.rate:      2440.572 MB/sec
                 gc.alloc.rate.norm: 268158.454 B/op
                 gc.count:           8.000 counts
                 gc.time:            6.000 ms

Iteration   3: 0.105 ms/op
                 gc.alloc.rate:      2445.213 MB/sec
                 gc.alloc.rate.norm: 268179.593 B/op
                 gc.count:           8.000 counts
                 gc.time:            5.000 ms

Iteration   4: 0.104 ms/op
                 gc.alloc.rate:      2453.009 MB/sec
                 gc.alloc.rate.norm: 268179.451 B/op
                 gc.count:           8.000 counts
                 gc.time:            5.000 ms

Iteration   5: 0.104 ms/op
                 gc.alloc.rate:      2447.819 MB/sec
                 gc.alloc.rate.norm: 268179.546 B/op
                 gc.count:           8.000 counts
                 gc.time:            5.000 ms



Result "research.skew.AggregationBenchmark.parallelMerge":
  0.107 ±(99.9%) 0.002 ms/op [Average]
  (min, avg, max) = (0.104, 0.107, 0.109), stdev = 0.002
  CI (99.9%): [0.105, 0.109] (assumes normal distribution)

Secondary result "research.skew.AggregationBenchmark.parallelMerge:gc.alloc.rate":
  2396.217 ±(99.9%) 48.283 MB/sec [Average]
  (min, avg, max) = (2342.253, 2396.217, 2466.009), stdev = 45.164
  CI (99.9%): [2347.934, 2444.500] (assumes normal distribution)

Secondary result "research.skew.AggregationBenchmark.parallelMerge:gc.alloc.rate.norm":
  268168.212 ±(99.9%) 15.826 B/op [Average]
  (min, avg, max) = (268147.364, 268168.212, 268180.213), stdev = 14.804
  CI (99.9%): [268152.385, 268184.038] (assumes normal distribution)

Secondary result "research.skew.AggregationBenchmark.parallelMerge:gc.count":
  118.000 ±(99.9%) 0.001 counts [Sum]
  (min, avg, max) = (7.000, 7.867, 8.000), stdev = 0.352
  CI (99.9%): [118.000, 118.000] (assumes normal distribution)

Secondary result "research.skew.AggregationBenchmark.parallelMerge:gc.time":
  73.000 ±(99.9%) 0.001 ms [Sum]
  (min, avg, max) = (4.000, 4.867, 6.000), stdev = 0.516
  CI (99.9%): [73.000, 73.000] (assumes normal distribution)


# JMH version: 1.37
# VM version: JDK 25.0.4.1, OpenJDK 64-Bit Server VM, 25.0.4.1+1-LTS
# VM invoker: /home/test/jdk/jdk-25.0.4.1+1/bin/java
# VM options: -Xms512m -Xmx512m -Djava.util.concurrent.ForkJoinPool.common.parallelism=3
# Blackhole mode: compiler (auto-detected, use -Djmh.blackhole.autoDetect=false to disable)
# Warmup: 5 iterations, 1 s each
# Measurement: 5 iterations, 1 s each
# Timeout: 10 min per iteration
# Threads: 1 thread, will synchronize iterations
# Benchmark mode: Average time, time/op
# Benchmark: research.skew.AggregationBenchmark.parallelMerge
# Parameters: (cardinality = 256, distribution = hot90, seed = 20260929, size = 100000)

# Run progress: 59.26% complete, ETA 00:05:47
# Fork: 1 of 3
WARNING: A terminally deprecated method in sun.misc.Unsafe has been called
WARNING: sun.misc.Unsafe::objectFieldOffset has been called by org.openjdk.jmh.util.Utils (file:/home/test/Workspaces/JavaWorkspace/JavaStream_KeySkew/.deps/jmh-core-1.37.jar)
WARNING: Please consider reporting this to the maintainers of class org.openjdk.jmh.util.Utils
WARNING: sun.misc.Unsafe::objectFieldOffset will be removed in a future release
# Warmup Iteration   1: Input: n=100000, keys=256, observedHotFraction=0.900000, poolParallelism=3, availableProcessors=4
0.753 ms/op
# Warmup Iteration   2: 0.635 ms/op
# Warmup Iteration   3: 0.625 ms/op
# Warmup Iteration   4: 0.619 ms/op
# Warmup Iteration   5: 0.608 ms/op
Iteration   1: 0.605 ms/op
                 gc.alloc.rate:      2974.425 MB/sec
                 gc.alloc.rate.norm: 1887555.717 B/op
                 gc.count:           10.000 counts
                 gc.time:            5.000 ms

Iteration   2: 0.609 ms/op
                 gc.alloc.rate:      2957.649 MB/sec
                 gc.alloc.rate.norm: 1887555.679 B/op
                 gc.count:           9.000 counts
                 gc.time:            6.000 ms

Iteration   3: 0.606 ms/op
                 gc.alloc.rate:      2968.324 MB/sec
                 gc.alloc.rate.norm: 1887555.578 B/op
                 gc.count:           10.000 counts
                 gc.time:            6.000 ms

Iteration   4: 0.607 ms/op
                 gc.alloc.rate:      2963.630 MB/sec
                 gc.alloc.rate.norm: 1887555.653 B/op
                 gc.count:           10.000 counts
                 gc.time:            6.000 ms

Iteration   5: 0.609 ms/op
                 gc.alloc.rate:      2954.343 MB/sec
                 gc.alloc.rate.norm: 1887555.009 B/op
                 gc.count:           10.000 counts
                 gc.time:            6.000 ms


# Run progress: 60.49% complete, ETA 00:05:37
# Fork: 2 of 3
WARNING: A terminally deprecated method in sun.misc.Unsafe has been called
WARNING: sun.misc.Unsafe::objectFieldOffset has been called by org.openjdk.jmh.util.Utils (file:/home/test/Workspaces/JavaWorkspace/JavaStream_KeySkew/.deps/jmh-core-1.37.jar)
WARNING: Please consider reporting this to the maintainers of class org.openjdk.jmh.util.Utils
WARNING: sun.misc.Unsafe::objectFieldOffset will be removed in a future release
# Warmup Iteration   1: Input: n=100000, keys=256, observedHotFraction=0.900000, poolParallelism=3, availableProcessors=4
0.741 ms/op
# Warmup Iteration   2: 0.635 ms/op
# Warmup Iteration   3: 0.624 ms/op
# Warmup Iteration   4: 0.626 ms/op
# Warmup Iteration   5: 0.617 ms/op
Iteration   1: 0.614 ms/op
                 gc.alloc.rate:      2930.213 MB/sec
                 gc.alloc.rate.norm: 1887555.801 B/op
                 gc.count:           9.000 counts
                 gc.time:            7.000 ms

Iteration   2: 0.619 ms/op
                 gc.alloc.rate:      2907.904 MB/sec
                 gc.alloc.rate.norm: 1887555.918 B/op
                 gc.count:           10.000 counts
                 gc.time:            7.000 ms

Iteration   3: 0.615 ms/op
                 gc.alloc.rate:      2928.316 MB/sec
                 gc.alloc.rate.norm: 1887555.980 B/op
                 gc.count:           10.000 counts
                 gc.time:            6.000 ms

Iteration   4: 0.621 ms/op
                 gc.alloc.rate:      2899.555 MB/sec
                 gc.alloc.rate.norm: 1887555.764 B/op
                 gc.count:           9.000 counts
                 gc.time:            7.000 ms

Iteration   5: 0.618 ms/op
                 gc.alloc.rate:      2913.779 MB/sec
                 gc.alloc.rate.norm: 1887556.000 B/op
                 gc.count:           10.000 counts
                 gc.time:            7.000 ms


# Run progress: 61.73% complete, ETA 00:05:26
# Fork: 3 of 3
WARNING: A terminally deprecated method in sun.misc.Unsafe has been called
WARNING: sun.misc.Unsafe::objectFieldOffset has been called by org.openjdk.jmh.util.Utils (file:/home/test/Workspaces/JavaWorkspace/JavaStream_KeySkew/.deps/jmh-core-1.37.jar)
WARNING: Please consider reporting this to the maintainers of class org.openjdk.jmh.util.Utils
WARNING: sun.misc.Unsafe::objectFieldOffset will be removed in a future release
# Warmup Iteration   1: Input: n=100000, keys=256, observedHotFraction=0.900000, poolParallelism=3, availableProcessors=4
0.770 ms/op
# Warmup Iteration   2: 0.729 ms/op
# Warmup Iteration   3: 0.623 ms/op
# Warmup Iteration   4: 0.632 ms/op
# Warmup Iteration   5: 0.621 ms/op
Iteration   1: 0.619 ms/op
                 gc.alloc.rate:      2909.361 MB/sec
                 gc.alloc.rate.norm: 1887555.619 B/op
                 gc.count:           10.000 counts
                 gc.time:            6.000 ms

Iteration   2: 0.623 ms/op
                 gc.alloc.rate:      2890.174 MB/sec
                 gc.alloc.rate.norm: 1887555.614 B/op
                 gc.count:           9.000 counts
                 gc.time:            6.000 ms

Iteration   3: 0.624 ms/op
                 gc.alloc.rate:      2883.154 MB/sec
                 gc.alloc.rate.norm: 1887555.189 B/op
                 gc.count:           10.000 counts
                 gc.time:            6.000 ms

Iteration   4: 0.622 ms/op
                 gc.alloc.rate:      2891.646 MB/sec
                 gc.alloc.rate.norm: 1887555.642 B/op
                 gc.count:           9.000 counts
                 gc.time:            6.000 ms

Iteration   5: 0.618 ms/op
                 gc.alloc.rate:      2910.143 MB/sec
                 gc.alloc.rate.norm: 1887555.723 B/op
                 gc.count:           10.000 counts
                 gc.time:            5.000 ms



Result "research.skew.AggregationBenchmark.parallelMerge":
  0.615 ±(99.9%) 0.007 ms/op [Average]
  (min, avg, max) = (0.605, 0.615, 0.624), stdev = 0.006
  CI (99.9%): [0.608, 0.622] (assumes normal distribution)

Secondary result "research.skew.AggregationBenchmark.parallelMerge:gc.alloc.rate":
  2925.508 ±(99.9%) 33.051 MB/sec [Average]
  (min, avg, max) = (2883.154, 2925.508, 2974.425), stdev = 30.915
  CI (99.9%): [2892.457, 2958.558] (assumes normal distribution)

Secondary result "research.skew.AggregationBenchmark.parallelMerge:gc.alloc.rate.norm":
  1887555.659 ±(99.9%) 0.283 B/op [Average]
  (min, avg, max) = (1887555.009, 1887555.659, 1887556.000), stdev = 0.265
  CI (99.9%): [1887555.376, 1887555.942] (assumes normal distribution)

Secondary result "research.skew.AggregationBenchmark.parallelMerge:gc.count":
  145.000 ±(99.9%) 0.001 counts [Sum]
  (min, avg, max) = (9.000, 9.667, 10.000), stdev = 0.488
  CI (99.9%): [145.000, 145.000] (assumes normal distribution)

Secondary result "research.skew.AggregationBenchmark.parallelMerge:gc.time":
  92.000 ±(99.9%) 0.001 ms [Sum]
  (min, avg, max) = (5.000, 6.133, 7.000), stdev = 0.640
  CI (99.9%): [92.000, 92.000] (assumes normal distribution)


# JMH version: 1.37
# VM version: JDK 25.0.4.1, OpenJDK 64-Bit Server VM, 25.0.4.1+1-LTS
# VM invoker: /home/test/jdk/jdk-25.0.4.1+1/bin/java
# VM options: -Xms512m -Xmx512m -Djava.util.concurrent.ForkJoinPool.common.parallelism=3
# Blackhole mode: compiler (auto-detected, use -Djmh.blackhole.autoDetect=false to disable)
# Warmup: 5 iterations, 1 s each
# Measurement: 5 iterations, 1 s each
# Timeout: 10 min per iteration
# Threads: 1 thread, will synchronize iterations
# Benchmark mode: Average time, time/op
# Benchmark: research.skew.AggregationBenchmark.parallelMerge
# Parameters: (cardinality = 256, distribution = hot90, seed = 20260929, size = 1000000)

# Run progress: 62.96% complete, ETA 00:05:15
# Fork: 1 of 3
WARNING: A terminally deprecated method in sun.misc.Unsafe has been called
WARNING: sun.misc.Unsafe::objectFieldOffset has been called by org.openjdk.jmh.util.Utils (file:/home/test/Workspaces/JavaWorkspace/JavaStream_KeySkew/.deps/jmh-core-1.37.jar)
WARNING: Please consider reporting this to the maintainers of class org.openjdk.jmh.util.Utils
WARNING: sun.misc.Unsafe::objectFieldOffset will be removed in a future release
# Warmup Iteration   1: Input: n=1000000, keys=256, observedHotFraction=0.900000, poolParallelism=3, availableProcessors=4
6.221 ms/op
# Warmup Iteration   2: 5.661 ms/op
# Warmup Iteration   3: 5.254 ms/op
# Warmup Iteration   4: 4.879 ms/op
# Warmup Iteration   5: 5.047 ms/op
Iteration   1: 4.884 ms/op
                 gc.alloc.rate:      3183.193 MB/sec
                 gc.alloc.rate.norm: 16306008.898 B/op
                 gc.count:           10.000 counts
                 gc.time:            6.000 ms

Iteration   2: 4.960 ms/op
                 gc.alloc.rate:      3134.446 MB/sec
                 gc.alloc.rate.norm: 16306008.317 B/op
                 gc.count:           11.000 counts
                 gc.time:            7.000 ms

Iteration   3: 4.958 ms/op
                 gc.alloc.rate:      3135.650 MB/sec
                 gc.alloc.rate.norm: 16306009.861 B/op
                 gc.count:           10.000 counts
                 gc.time:            7.000 ms

Iteration   4: 4.910 ms/op
                 gc.alloc.rate:      3166.387 MB/sec
                 gc.alloc.rate.norm: 16306007.961 B/op
                 gc.count:           10.000 counts
                 gc.time:            6.000 ms

Iteration   5: 4.906 ms/op
                 gc.alloc.rate:      3168.373 MB/sec
                 gc.alloc.rate.norm: 16306008.941 B/op
                 gc.count:           11.000 counts
                 gc.time:            6.000 ms


# Run progress: 64.20% complete, ETA 00:05:05
# Fork: 2 of 3
WARNING: A terminally deprecated method in sun.misc.Unsafe has been called
WARNING: sun.misc.Unsafe::objectFieldOffset has been called by org.openjdk.jmh.util.Utils (file:/home/test/Workspaces/JavaWorkspace/JavaStream_KeySkew/.deps/jmh-core-1.37.jar)
WARNING: Please consider reporting this to the maintainers of class org.openjdk.jmh.util.Utils
WARNING: sun.misc.Unsafe::objectFieldOffset will be removed in a future release
# Warmup Iteration   1: Input: n=1000000, keys=256, observedHotFraction=0.900000, poolParallelism=3, availableProcessors=4
6.423 ms/op
# Warmup Iteration   2: 5.980 ms/op
# Warmup Iteration   3: 5.475 ms/op
# Warmup Iteration   4: 5.090 ms/op
# Warmup Iteration   5: 5.183 ms/op
Iteration   1: 5.082 ms/op
                 gc.alloc.rate:      3059.405 MB/sec
                 gc.alloc.rate.norm: 16306009.462 B/op
                 gc.count:           10.000 counts
                 gc.time:            7.000 ms

Iteration   2: 5.154 ms/op
                 gc.alloc.rate:      3016.785 MB/sec
                 gc.alloc.rate.norm: 16306009.313 B/op
                 gc.count:           10.000 counts
                 gc.time:            7.000 ms

Iteration   3: 5.134 ms/op
                 gc.alloc.rate:      3028.095 MB/sec
                 gc.alloc.rate.norm: 16306008.985 B/op
                 gc.count:           10.000 counts
                 gc.time:            7.000 ms

Iteration   4: 5.093 ms/op
                 gc.alloc.rate:      3052.524 MB/sec
                 gc.alloc.rate.norm: 16306009.381 B/op
                 gc.count:           10.000 counts
                 gc.time:            7.000 ms

Iteration   5: 5.105 ms/op
                 gc.alloc.rate:      3045.039 MB/sec
                 gc.alloc.rate.norm: 16306009.551 B/op
                 gc.count:           10.000 counts
                 gc.time:            7.000 ms


# Run progress: 65.43% complete, ETA 00:04:54
# Fork: 3 of 3
WARNING: A terminally deprecated method in sun.misc.Unsafe has been called
WARNING: sun.misc.Unsafe::objectFieldOffset has been called by org.openjdk.jmh.util.Utils (file:/home/test/Workspaces/JavaWorkspace/JavaStream_KeySkew/.deps/jmh-core-1.37.jar)
WARNING: Please consider reporting this to the maintainers of class org.openjdk.jmh.util.Utils
WARNING: sun.misc.Unsafe::objectFieldOffset will be removed in a future release
# Warmup Iteration   1: Input: n=1000000, keys=256, observedHotFraction=0.900000, poolParallelism=3, availableProcessors=4
6.397 ms/op
# Warmup Iteration   2: 5.878 ms/op
# Warmup Iteration   3: 5.683 ms/op
# Warmup Iteration   4: 5.311 ms/op
# Warmup Iteration   5: 5.375 ms/op
Iteration   1: 5.296 ms/op
                 gc.alloc.rate:      2935.652 MB/sec
                 gc.alloc.rate.norm: 16306009.905 B/op
                 gc.count:           10.000 counts
                 gc.time:            7.000 ms

Iteration   2: 5.423 ms/op
                 gc.alloc.rate:      2867.021 MB/sec
                 gc.alloc.rate.norm: 16306011.114 B/op
                 gc.count:           9.000 counts
                 gc.time:            7.000 ms

Iteration   3: 5.330 ms/op
                 gc.alloc.rate:      2916.847 MB/sec
                 gc.alloc.rate.norm: 16306010.851 B/op
                 gc.count:           10.000 counts
                 gc.time:            8.000 ms

Iteration   4: 5.315 ms/op
                 gc.alloc.rate:      2924.929 MB/sec
                 gc.alloc.rate.norm: 16306010.624 B/op
                 gc.count:           9.000 counts
                 gc.time:            6.000 ms

Iteration   5: 5.435 ms/op
                 gc.alloc.rate:      2860.478 MB/sec
                 gc.alloc.rate.norm: 16306011.935 B/op
                 gc.count:           10.000 counts
                 gc.time:            7.000 ms



Result "research.skew.AggregationBenchmark.parallelMerge":
  5.132 ±(99.9%) 0.203 ms/op [Average]
  (min, avg, max) = (4.884, 5.132, 5.435), stdev = 0.189
  CI (99.9%): [4.930, 5.335] (assumes normal distribution)

Secondary result "research.skew.AggregationBenchmark.parallelMerge:gc.alloc.rate":
  3032.988 ±(99.9%) 118.831 MB/sec [Average]
  (min, avg, max) = (2860.478, 3032.988, 3183.193), stdev = 111.155
  CI (99.9%): [2914.157, 3151.819] (assumes normal distribution)

Secondary result "research.skew.AggregationBenchmark.parallelMerge:gc.alloc.rate.norm":
  16306009.673 ±(99.9%) 1.151 B/op [Average]
  (min, avg, max) = (16306007.961, 16306009.673, 16306011.935), stdev = 1.077
  CI (99.9%): [16306008.522, 16306010.824] (assumes normal distribution)

Secondary result "research.skew.AggregationBenchmark.parallelMerge:gc.count":
  150.000 ±(99.9%) 0.001 counts [Sum]
  (min, avg, max) = (9.000, 10.000, 11.000), stdev = 0.535
  CI (99.9%): [150.000, 150.000] (assumes normal distribution)

Secondary result "research.skew.AggregationBenchmark.parallelMerge:gc.time":
  102.000 ±(99.9%) 0.001 ms [Sum]
  (min, avg, max) = (6.000, 6.800, 8.000), stdev = 0.561
  CI (99.9%): [102.000, 102.000] (assumes normal distribution)


# JMH version: 1.37
# VM version: JDK 25.0.4.1, OpenJDK 64-Bit Server VM, 25.0.4.1+1-LTS
# VM invoker: /home/test/jdk/jdk-25.0.4.1+1/bin/java
# VM options: -Xms512m -Xmx512m -Djava.util.concurrent.ForkJoinPool.common.parallelism=3
# Blackhole mode: compiler (auto-detected, use -Djmh.blackhole.autoDetect=false to disable)
# Warmup: 5 iterations, 1 s each
# Measurement: 5 iterations, 1 s each
# Timeout: 10 min per iteration
# Threads: 1 thread, will synchronize iterations
# Benchmark mode: Average time, time/op
# Benchmark: research.skew.AggregationBenchmark.sequential
# Parameters: (cardinality = 256, distribution = uniform, seed = 20260929, size = 10000)

# Run progress: 66.67% complete, ETA 00:04:44
# Fork: 1 of 3
WARNING: A terminally deprecated method in sun.misc.Unsafe has been called
WARNING: sun.misc.Unsafe::objectFieldOffset has been called by org.openjdk.jmh.util.Utils (file:/home/test/Workspaces/JavaWorkspace/JavaStream_KeySkew/.deps/jmh-core-1.37.jar)
WARNING: Please consider reporting this to the maintainers of class org.openjdk.jmh.util.Utils
WARNING: sun.misc.Unsafe::objectFieldOffset will be removed in a future release
# Warmup Iteration   1: Input: n=10000, keys=256, observedHotFraction=0.004000, poolParallelism=3, availableProcessors=4
0.174 ms/op
# Warmup Iteration   2: 0.158 ms/op
# Warmup Iteration   3: 0.156 ms/op
# Warmup Iteration   4: 0.154 ms/op
# Warmup Iteration   5: 0.153 ms/op
Iteration   1: 0.152 ms/op
                 gc.alloc.rate:      1123.549 MB/sec
                 gc.alloc.rate.norm: 178745.060 B/op
                 gc.count:           3.000 counts
                 gc.time:            4.000 ms

Iteration   2: 0.152 ms/op
                 gc.alloc.rate:      1124.134 MB/sec
                 gc.alloc.rate.norm: 178745.055 B/op
                 gc.count:           4.000 counts
                 gc.time:            4.000 ms

Iteration   3: 0.152 ms/op
                 gc.alloc.rate:      1123.654 MB/sec
                 gc.alloc.rate.norm: 178745.055 B/op
                 gc.count:           4.000 counts
                 gc.time:            4.000 ms

Iteration   4: 0.151 ms/op
                 gc.alloc.rate:      1127.261 MB/sec
                 gc.alloc.rate.norm: 178745.057 B/op
                 gc.count:           3.000 counts
                 gc.time:            3.000 ms

Iteration   5: 0.152 ms/op
                 gc.alloc.rate:      1121.879 MB/sec
                 gc.alloc.rate.norm: 178760.156 B/op
                 gc.count:           4.000 counts
                 gc.time:            3.000 ms


# Run progress: 67.90% complete, ETA 00:04:33
# Fork: 2 of 3
WARNING: A terminally deprecated method in sun.misc.Unsafe has been called
WARNING: sun.misc.Unsafe::objectFieldOffset has been called by org.openjdk.jmh.util.Utils (file:/home/test/Workspaces/JavaWorkspace/JavaStream_KeySkew/.deps/jmh-core-1.37.jar)
WARNING: Please consider reporting this to the maintainers of class org.openjdk.jmh.util.Utils
WARNING: sun.misc.Unsafe::objectFieldOffset will be removed in a future release
# Warmup Iteration   1: Input: n=10000, keys=256, observedHotFraction=0.004000, poolParallelism=3, availableProcessors=4
0.174 ms/op
# Warmup Iteration   2: 0.161 ms/op
# Warmup Iteration   3: 0.158 ms/op
# Warmup Iteration   4: 0.162 ms/op
# Warmup Iteration   5: 0.155 ms/op
Iteration   1: 0.155 ms/op
                 gc.alloc.rate:      1098.875 MB/sec
                 gc.alloc.rate.norm: 178745.079 B/op
                 gc.count:           4.000 counts
                 gc.time:            3.000 ms

Iteration   2: 0.155 ms/op
                 gc.alloc.rate:      1097.953 MB/sec
                 gc.alloc.rate.norm: 178745.085 B/op
                 gc.count:           3.000 counts
                 gc.time:            4.000 ms

Iteration   3: 0.155 ms/op
                 gc.alloc.rate:      1099.148 MB/sec
                 gc.alloc.rate.norm: 178745.079 B/op
                 gc.count:           4.000 counts
                 gc.time:            3.000 ms

Iteration   4: 0.155 ms/op
                 gc.alloc.rate:      1096.321 MB/sec
                 gc.alloc.rate.norm: 178745.082 B/op
                 gc.count:           4.000 counts
                 gc.time:            4.000 ms

Iteration   5: 0.155 ms/op
                 gc.alloc.rate:      1096.369 MB/sec
                 gc.alloc.rate.norm: 178753.509 B/op
                 gc.count:           3.000 counts
                 gc.time:            3.000 ms


# Run progress: 69.14% complete, ETA 00:04:23
# Fork: 3 of 3
WARNING: A terminally deprecated method in sun.misc.Unsafe has been called
WARNING: sun.misc.Unsafe::objectFieldOffset has been called by org.openjdk.jmh.util.Utils (file:/home/test/Workspaces/JavaWorkspace/JavaStream_KeySkew/.deps/jmh-core-1.37.jar)
WARNING: Please consider reporting this to the maintainers of class org.openjdk.jmh.util.Utils
WARNING: sun.misc.Unsafe::objectFieldOffset will be removed in a future release
# Warmup Iteration   1: Input: n=10000, keys=256, observedHotFraction=0.004000, poolParallelism=3, availableProcessors=4
0.174 ms/op
# Warmup Iteration   2: 0.163 ms/op
# Warmup Iteration   3: 0.158 ms/op
# Warmup Iteration   4: 0.156 ms/op
# Warmup Iteration   5: 0.157 ms/op
Iteration   1: 0.155 ms/op
                 gc.alloc.rate:      1096.268 MB/sec
                 gc.alloc.rate.norm: 178697.096 B/op
                 gc.count:           4.000 counts
                 gc.time:            4.000 ms

Iteration   2: 0.156 ms/op
                 gc.alloc.rate:      1092.999 MB/sec
                 gc.alloc.rate.norm: 178697.094 B/op
                 gc.count:           3.000 counts
                 gc.time:            3.000 ms

Iteration   3: 0.156 ms/op
                 gc.alloc.rate:      1094.515 MB/sec
                 gc.alloc.rate.norm: 178697.093 B/op
                 gc.count:           4.000 counts
                 gc.time:            4.000 ms

Iteration   4: 0.156 ms/op
                 gc.alloc.rate:      1091.118 MB/sec
                 gc.alloc.rate.norm: 178697.097 B/op
                 gc.count:           4.000 counts
                 gc.time:            4.000 ms

Iteration   5: 0.155 ms/op
                 gc.alloc.rate:      1095.970 MB/sec
                 gc.alloc.rate.norm: 178721.099 B/op
                 gc.count:           3.000 counts
                 gc.time:            3.000 ms



Result "research.skew.AggregationBenchmark.sequential":
  0.154 ±(99.9%) 0.002 ms/op [Average]
  (min, avg, max) = (0.151, 0.154, 0.156), stdev = 0.002
  CI (99.9%): [0.152, 0.156] (assumes normal distribution)

Secondary result "research.skew.AggregationBenchmark.sequential:gc.alloc.rate":
  1105.334 ±(99.9%) 14.881 MB/sec [Average]
  (min, avg, max) = (1091.118, 1105.334, 1127.261), stdev = 13.920
  CI (99.9%): [1090.453, 1120.215] (assumes normal distribution)

Secondary result "research.skew.AggregationBenchmark.sequential:gc.alloc.rate.norm":
  178732.246 ±(99.9%) 24.930 B/op [Average]
  (min, avg, max) = (178697.093, 178732.246, 178760.156), stdev = 23.319
  CI (99.9%): [178707.317, 178757.176] (assumes normal distribution)

Secondary result "research.skew.AggregationBenchmark.sequential:gc.count":
  54.000 ±(99.9%) 0.001 counts [Sum]
  (min, avg, max) = (3.000, 3.600, 4.000), stdev = 0.507
  CI (99.9%): [54.000, 54.000] (assumes normal distribution)

Secondary result "research.skew.AggregationBenchmark.sequential:gc.time":
  53.000 ±(99.9%) 0.001 ms [Sum]
  (min, avg, max) = (3.000, 3.533, 4.000), stdev = 0.516
  CI (99.9%): [53.000, 53.000] (assumes normal distribution)


# JMH version: 1.37
# VM version: JDK 25.0.4.1, OpenJDK 64-Bit Server VM, 25.0.4.1+1-LTS
# VM invoker: /home/test/jdk/jdk-25.0.4.1+1/bin/java
# VM options: -Xms512m -Xmx512m -Djava.util.concurrent.ForkJoinPool.common.parallelism=3
# Blackhole mode: compiler (auto-detected, use -Djmh.blackhole.autoDetect=false to disable)
# Warmup: 5 iterations, 1 s each
# Measurement: 5 iterations, 1 s each
# Timeout: 10 min per iteration
# Threads: 1 thread, will synchronize iterations
# Benchmark mode: Average time, time/op
# Benchmark: research.skew.AggregationBenchmark.sequential
# Parameters: (cardinality = 256, distribution = uniform, seed = 20260929, size = 100000)

# Run progress: 70.37% complete, ETA 00:04:12
# Fork: 1 of 3
WARNING: A terminally deprecated method in sun.misc.Unsafe has been called
WARNING: sun.misc.Unsafe::objectFieldOffset has been called by org.openjdk.jmh.util.Utils (file:/home/test/Workspaces/JavaWorkspace/JavaStream_KeySkew/.deps/jmh-core-1.37.jar)
WARNING: Please consider reporting this to the maintainers of class org.openjdk.jmh.util.Utils
WARNING: sun.misc.Unsafe::objectFieldOffset will be removed in a future release
# Warmup Iteration   1: Input: n=100000, keys=256, observedHotFraction=0.003910, poolParallelism=3, availableProcessors=4
1.662 ms/op
# Warmup Iteration   2: 1.410 ms/op
# Warmup Iteration   3: 1.408 ms/op
# Warmup Iteration   4: 1.408 ms/op
# Warmup Iteration   5: 1.400 ms/op
Iteration   1: 1.390 ms/op
                 gc.alloc.rate:      1114.412 MB/sec
                 gc.alloc.rate.norm: 1624977.756 B/op
                 gc.count:           3.000 counts
                 gc.time:            3.000 ms

Iteration   2: 1.397 ms/op
                 gc.alloc.rate:      1108.483 MB/sec
                 gc.alloc.rate.norm: 1624977.810 B/op
                 gc.count:           4.000 counts
                 gc.time:            3.000 ms

Iteration   3: 1.423 ms/op
                 gc.alloc.rate:      1088.749 MB/sec
                 gc.alloc.rate.norm: 1624933.701 B/op
                 gc.count:           3.000 counts
                 gc.time:            3.000 ms

Iteration   4: 1.429 ms/op
                 gc.alloc.rate:      1084.425 MB/sec
                 gc.alloc.rate.norm: 1624897.929 B/op
                 gc.count:           4.000 counts
                 gc.time:            2.000 ms

Iteration   5: 1.425 ms/op
                 gc.alloc.rate:      1087.233 MB/sec
                 gc.alloc.rate.norm: 1624897.960 B/op
                 gc.count:           4.000 counts
                 gc.time:            5.000 ms


# Run progress: 71.60% complete, ETA 00:04:02
# Fork: 2 of 3
WARNING: A terminally deprecated method in sun.misc.Unsafe has been called
WARNING: sun.misc.Unsafe::objectFieldOffset has been called by org.openjdk.jmh.util.Utils (file:/home/test/Workspaces/JavaWorkspace/JavaStream_KeySkew/.deps/jmh-core-1.37.jar)
WARNING: Please consider reporting this to the maintainers of class org.openjdk.jmh.util.Utils
WARNING: sun.misc.Unsafe::objectFieldOffset will be removed in a future release
# Warmup Iteration   1: Input: n=100000, keys=256, observedHotFraction=0.003910, poolParallelism=3, availableProcessors=4
1.560 ms/op
# Warmup Iteration   2: 1.334 ms/op
# Warmup Iteration   3: 1.331 ms/op
# Warmup Iteration   4: 1.329 ms/op
# Warmup Iteration   5: 1.321 ms/op
Iteration   1: 1.314 ms/op
                 gc.alloc.rate:      1179.260 MB/sec
                 gc.alloc.rate.norm: 1624977.260 B/op
                 gc.count:           3.000 counts
                 gc.time:            2.000 ms

Iteration   2: 1.316 ms/op
                 gc.alloc.rate:      1176.985 MB/sec
                 gc.alloc.rate.norm: 1624977.242 B/op
                 gc.count:           4.000 counts
                 gc.time:            5.000 ms

Iteration   3: 1.350 ms/op
                 gc.alloc.rate:      1147.375 MB/sec
                 gc.alloc.rate.norm: 1624940.642 B/op
                 gc.count:           4.000 counts
                 gc.time:            4.000 ms

Iteration   4: 1.351 ms/op
                 gc.alloc.rate:      1146.529 MB/sec
                 gc.alloc.rate.norm: 1624929.565 B/op
                 gc.count:           4.000 counts
                 gc.time:            4.000 ms

Iteration   5: 1.355 ms/op
                 gc.alloc.rate:      1143.495 MB/sec
                 gc.alloc.rate.norm: 1624929.548 B/op
                 gc.count:           4.000 counts
                 gc.time:            5.000 ms


# Run progress: 72.84% complete, ETA 00:03:51
# Fork: 3 of 3
WARNING: A terminally deprecated method in sun.misc.Unsafe has been called
WARNING: sun.misc.Unsafe::objectFieldOffset has been called by org.openjdk.jmh.util.Utils (file:/home/test/Workspaces/JavaWorkspace/JavaStream_KeySkew/.deps/jmh-core-1.37.jar)
WARNING: Please consider reporting this to the maintainers of class org.openjdk.jmh.util.Utils
WARNING: sun.misc.Unsafe::objectFieldOffset will be removed in a future release
# Warmup Iteration   1: Input: n=100000, keys=256, observedHotFraction=0.003910, poolParallelism=3, availableProcessors=4
1.632 ms/op
# Warmup Iteration   2: 1.365 ms/op
# Warmup Iteration   3: 1.359 ms/op
# Warmup Iteration   4: 1.355 ms/op
# Warmup Iteration   5: 1.355 ms/op
Iteration   1: 1.349 ms/op
                 gc.alloc.rate:      1148.802 MB/sec
                 gc.alloc.rate.norm: 1624977.466 B/op
                 gc.count:           4.000 counts
                 gc.time:            4.000 ms

Iteration   2: 1.355 ms/op
                 gc.alloc.rate:      1143.085 MB/sec
                 gc.alloc.rate.norm: 1624977.505 B/op
                 gc.count:           4.000 counts
                 gc.time:            4.000 ms

Iteration   3: 1.361 ms/op
                 gc.alloc.rate:      1138.743 MB/sec
                 gc.alloc.rate.norm: 1624914.761 B/op
                 gc.count:           3.000 counts
                 gc.time:            3.000 ms

Iteration   4: 1.357 ms/op
                 gc.alloc.rate:      1141.694 MB/sec
                 gc.alloc.rate.norm: 1624897.431 B/op
                 gc.count:           4.000 counts
                 gc.time:            5.000 ms

Iteration   5: 1.361 ms/op
                 gc.alloc.rate:      1137.845 MB/sec
                 gc.alloc.rate.norm: 1624897.513 B/op
                 gc.count:           4.000 counts
                 gc.time:            4.000 ms



Result "research.skew.AggregationBenchmark.sequential":
  1.369 ±(99.9%) 0.039 ms/op [Average]
  (min, avg, max) = (1.314, 1.369, 1.429), stdev = 0.036
  CI (99.9%): [1.330, 1.408] (assumes normal distribution)

Secondary result "research.skew.AggregationBenchmark.sequential:gc.alloc.rate":
  1132.474 ±(99.9%) 31.833 MB/sec [Average]
  (min, avg, max) = (1084.425, 1132.474, 1179.260), stdev = 29.776
  CI (99.9%): [1100.642, 1164.307] (assumes normal distribution)

Secondary result "research.skew.AggregationBenchmark.sequential:gc.alloc.rate.norm":
  1624940.273 ±(99.9%) 36.689 B/op [Average]
  (min, avg, max) = (1624897.431, 1624940.273, 1624977.810), stdev = 34.319
  CI (99.9%): [1624903.583, 1624976.962] (assumes normal distribution)

Secondary result "research.skew.AggregationBenchmark.sequential:gc.count":
  56.000 ±(99.9%) 0.001 counts [Sum]
  (min, avg, max) = (3.000, 3.733, 4.000), stdev = 0.458
  CI (99.9%): [56.000, 56.000] (assumes normal distribution)

Secondary result "research.skew.AggregationBenchmark.sequential:gc.time":
  56.000 ±(99.9%) 0.001 ms [Sum]
  (min, avg, max) = (2.000, 3.733, 5.000), stdev = 1.033
  CI (99.9%): [56.000, 56.000] (assumes normal distribution)


# JMH version: 1.37
# VM version: JDK 25.0.4.1, OpenJDK 64-Bit Server VM, 25.0.4.1+1-LTS
# VM invoker: /home/test/jdk/jdk-25.0.4.1+1/bin/java
# VM options: -Xms512m -Xmx512m -Djava.util.concurrent.ForkJoinPool.common.parallelism=3
# Blackhole mode: compiler (auto-detected, use -Djmh.blackhole.autoDetect=false to disable)
# Warmup: 5 iterations, 1 s each
# Measurement: 5 iterations, 1 s each
# Timeout: 10 min per iteration
# Threads: 1 thread, will synchronize iterations
# Benchmark mode: Average time, time/op
# Benchmark: research.skew.AggregationBenchmark.sequential
# Parameters: (cardinality = 256, distribution = uniform, seed = 20260929, size = 1000000)

# Run progress: 74.07% complete, ETA 00:03:40
# Fork: 1 of 3
WARNING: A terminally deprecated method in sun.misc.Unsafe has been called
WARNING: sun.misc.Unsafe::objectFieldOffset has been called by org.openjdk.jmh.util.Utils (file:/home/test/Workspaces/JavaWorkspace/JavaStream_KeySkew/.deps/jmh-core-1.37.jar)
WARNING: Please consider reporting this to the maintainers of class org.openjdk.jmh.util.Utils
WARNING: sun.misc.Unsafe::objectFieldOffset will be removed in a future release
# Warmup Iteration   1: Input: n=1000000, keys=256, observedHotFraction=0.003907, poolParallelism=3, availableProcessors=4
17.815 ms/op
# Warmup Iteration   2: 15.289 ms/op
# Warmup Iteration   3: 15.354 ms/op
# Warmup Iteration   4: 15.164 ms/op
# Warmup Iteration   5: 14.953 ms/op
Iteration   1: 14.827 ms/op
                 gc.alloc.rate:      1030.494 MB/sec
                 gc.alloc.rate.norm: 16025071.294 B/op
                 gc.count:           4.000 counts
                 gc.time:            5.000 ms

Iteration   2: 14.972 ms/op
                 gc.alloc.rate:      1020.485 MB/sec
                 gc.alloc.rate.norm: 16025072.836 B/op
                 gc.count:           3.000 counts
                 gc.time:            3.000 ms

Iteration   3: 14.915 ms/op
                 gc.alloc.rate:      1024.450 MB/sec
                 gc.alloc.rate.norm: 16025071.294 B/op
                 gc.count:           4.000 counts
                 gc.time:            4.000 ms

Iteration   4: 14.835 ms/op
                 gc.alloc.rate:      1029.882 MB/sec
                 gc.alloc.rate.norm: 16025071.294 B/op
                 gc.count:           3.000 counts
                 gc.time:            4.000 ms

Iteration   5: 14.857 ms/op
                 gc.alloc.rate:      1028.367 MB/sec
                 gc.alloc.rate.norm: 16025071.765 B/op
                 gc.count:           3.000 counts
                 gc.time:            4.000 ms


# Run progress: 75.31% complete, ETA 00:03:30
# Fork: 2 of 3
WARNING: A terminally deprecated method in sun.misc.Unsafe has been called
WARNING: sun.misc.Unsafe::objectFieldOffset has been called by org.openjdk.jmh.util.Utils (file:/home/test/Workspaces/JavaWorkspace/JavaStream_KeySkew/.deps/jmh-core-1.37.jar)
WARNING: Please consider reporting this to the maintainers of class org.openjdk.jmh.util.Utils
WARNING: sun.misc.Unsafe::objectFieldOffset will be removed in a future release
# Warmup Iteration   1: Input: n=1000000, keys=256, observedHotFraction=0.003907, poolParallelism=3, availableProcessors=4
17.812 ms/op
# Warmup Iteration   2: 15.234 ms/op
# Warmup Iteration   3: 15.396 ms/op
# Warmup Iteration   4: 15.240 ms/op
# Warmup Iteration   5: 14.965 ms/op
Iteration   1: 14.859 ms/op
                 gc.alloc.rate:      1028.248 MB/sec
                 gc.alloc.rate.norm: 16025071.294 B/op
                 gc.count:           4.000 counts
                 gc.time:            3.000 ms

Iteration   2: 14.919 ms/op
                 gc.alloc.rate:      1024.032 MB/sec
                 gc.alloc.rate.norm: 16025071.294 B/op
                 gc.count:           3.000 counts
                 gc.time:            4.000 ms

Iteration   3: 14.917 ms/op
                 gc.alloc.rate:      1024.207 MB/sec
                 gc.alloc.rate.norm: 16025071.294 B/op
                 gc.count:           3.000 counts
                 gc.time:            3.000 ms

Iteration   4: 14.857 ms/op
                 gc.alloc.rate:      1028.361 MB/sec
                 gc.alloc.rate.norm: 16025071.294 B/op
                 gc.count:           4.000 counts
                 gc.time:            5.000 ms

Iteration   5: 14.855 ms/op
                 gc.alloc.rate:      1028.343 MB/sec
                 gc.alloc.rate.norm: 16025071.765 B/op
                 gc.count:           3.000 counts
                 gc.time:            3.000 ms


# Run progress: 76.54% complete, ETA 00:03:19
# Fork: 3 of 3
WARNING: A terminally deprecated method in sun.misc.Unsafe has been called
WARNING: sun.misc.Unsafe::objectFieldOffset has been called by org.openjdk.jmh.util.Utils (file:/home/test/Workspaces/JavaWorkspace/JavaStream_KeySkew/.deps/jmh-core-1.37.jar)
WARNING: Please consider reporting this to the maintainers of class org.openjdk.jmh.util.Utils
WARNING: sun.misc.Unsafe::objectFieldOffset will be removed in a future release
# Warmup Iteration   1: Input: n=1000000, keys=256, observedHotFraction=0.003907, poolParallelism=3, availableProcessors=4
17.784 ms/op
# Warmup Iteration   2: 15.268 ms/op
# Warmup Iteration   3: 15.367 ms/op
# Warmup Iteration   4: 15.142 ms/op
# Warmup Iteration   5: 14.982 ms/op
Iteration   1: 14.860 ms/op
                 gc.alloc.rate:      1028.221 MB/sec
                 gc.alloc.rate.norm: 16025071.294 B/op
                 gc.count:           4.000 counts
                 gc.time:            3.000 ms

Iteration   2: 14.933 ms/op
                 gc.alloc.rate:      1023.204 MB/sec
                 gc.alloc.rate.norm: 16025072.836 B/op
                 gc.count:           3.000 counts
                 gc.time:            3.000 ms

Iteration   3: 14.788 ms/op
                 gc.alloc.rate:      1033.256 MB/sec
                 gc.alloc.rate.norm: 16025071.294 B/op
                 gc.count:           3.000 counts
                 gc.time:            2.000 ms

Iteration   4: 14.839 ms/op
                 gc.alloc.rate:      1029.641 MB/sec
                 gc.alloc.rate.norm: 16025071.294 B/op
                 gc.count:           4.000 counts
                 gc.time:            3.000 ms

Iteration   5: 14.842 ms/op
                 gc.alloc.rate:      1029.382 MB/sec
                 gc.alloc.rate.norm: 16025071.765 B/op
                 gc.count:           3.000 counts
                 gc.time:            3.000 ms



Result "research.skew.AggregationBenchmark.sequential":
  14.872 ±(99.9%) 0.052 ms/op [Average]
  (min, avg, max) = (14.788, 14.872, 14.972), stdev = 0.049
  CI (99.9%): [14.820, 14.924] (assumes normal distribution)

Secondary result "research.skew.AggregationBenchmark.sequential:gc.alloc.rate":
  1027.372 ±(99.9%) 3.600 MB/sec [Average]
  (min, avg, max) = (1020.485, 1027.372, 1033.256), stdev = 3.368
  CI (99.9%): [1023.771, 1030.972] (assumes normal distribution)

Secondary result "research.skew.AggregationBenchmark.sequential:gc.alloc.rate.norm":
  16025071.594 ±(99.9%) 0.576 B/op [Average]
  (min, avg, max) = (16025071.294, 16025071.594, 16025072.836), stdev = 0.539
  CI (99.9%): [16025071.017, 16025072.170] (assumes normal distribution)

Secondary result "research.skew.AggregationBenchmark.sequential:gc.count":
  51.000 ±(99.9%) 0.001 counts [Sum]
  (min, avg, max) = (3.000, 3.400, 4.000), stdev = 0.507
  CI (99.9%): [51.000, 51.000] (assumes normal distribution)

Secondary result "research.skew.AggregationBenchmark.sequential:gc.time":
  52.000 ±(99.9%) 0.001 ms [Sum]
  (min, avg, max) = (2.000, 3.467, 5.000), stdev = 0.834
  CI (99.9%): [52.000, 52.000] (assumes normal distribution)


# JMH version: 1.37
# VM version: JDK 25.0.4.1, OpenJDK 64-Bit Server VM, 25.0.4.1+1-LTS
# VM invoker: /home/test/jdk/jdk-25.0.4.1+1/bin/java
# VM options: -Xms512m -Xmx512m -Djava.util.concurrent.ForkJoinPool.common.parallelism=3
# Blackhole mode: compiler (auto-detected, use -Djmh.blackhole.autoDetect=false to disable)
# Warmup: 5 iterations, 1 s each
# Measurement: 5 iterations, 1 s each
# Timeout: 10 min per iteration
# Threads: 1 thread, will synchronize iterations
# Benchmark mode: Average time, time/op
# Benchmark: research.skew.AggregationBenchmark.sequential
# Parameters: (cardinality = 256, distribution = hot50, seed = 20260929, size = 10000)

# Run progress: 77.78% complete, ETA 00:03:09
# Fork: 1 of 3
WARNING: A terminally deprecated method in sun.misc.Unsafe has been called
WARNING: sun.misc.Unsafe::objectFieldOffset has been called by org.openjdk.jmh.util.Utils (file:/home/test/Workspaces/JavaWorkspace/JavaStream_KeySkew/.deps/jmh-core-1.37.jar)
WARNING: Please consider reporting this to the maintainers of class org.openjdk.jmh.util.Utils
WARNING: sun.misc.Unsafe::objectFieldOffset will be removed in a future release
# Warmup Iteration   1: Input: n=10000, keys=256, observedHotFraction=0.500000, poolParallelism=3, availableProcessors=4
0.175 ms/op
# Warmup Iteration   2: 0.158 ms/op
# Warmup Iteration   3: 0.157 ms/op
# Warmup Iteration   4: 0.157 ms/op
# Warmup Iteration   5: 0.155 ms/op
Iteration   1: 0.154 ms/op
                 gc.alloc.rate:      1105.346 MB/sec
                 gc.alloc.rate.norm: 178721.082 B/op
                 gc.count:           4.000 counts
                 gc.time:            4.000 ms

Iteration   2: 0.155 ms/op
                 gc.alloc.rate:      1101.761 MB/sec
                 gc.alloc.rate.norm: 178721.091 B/op
                 gc.count:           4.000 counts
                 gc.time:            4.000 ms

Iteration   3: 0.153 ms/op
                 gc.alloc.rate:      1110.488 MB/sec
                 gc.alloc.rate.norm: 178721.077 B/op
                 gc.count:           3.000 counts
                 gc.time:            3.000 ms

Iteration   4: 0.153 ms/op
                 gc.alloc.rate:      1110.432 MB/sec
                 gc.alloc.rate.norm: 178721.083 B/op
                 gc.count:           4.000 counts
                 gc.time:            3.000 ms

Iteration   5: 0.155 ms/op
                 gc.alloc.rate:      1098.944 MB/sec
                 gc.alloc.rate.norm: 178760.114 B/op
                 gc.count:           4.000 counts
                 gc.time:            5.000 ms


# Run progress: 79.01% complete, ETA 00:02:58
# Fork: 2 of 3
WARNING: A terminally deprecated method in sun.misc.Unsafe has been called
WARNING: sun.misc.Unsafe::objectFieldOffset has been called by org.openjdk.jmh.util.Utils (file:/home/test/Workspaces/JavaWorkspace/JavaStream_KeySkew/.deps/jmh-core-1.37.jar)
WARNING: Please consider reporting this to the maintainers of class org.openjdk.jmh.util.Utils
WARNING: sun.misc.Unsafe::objectFieldOffset will be removed in a future release
# Warmup Iteration   1: Input: n=10000, keys=256, observedHotFraction=0.500000, poolParallelism=3, availableProcessors=4
0.173 ms/op
# Warmup Iteration   2: 0.155 ms/op
# Warmup Iteration   3: 0.152 ms/op
# Warmup Iteration   4: 0.154 ms/op
# Warmup Iteration   5: 0.152 ms/op
Iteration   1: 0.151 ms/op
                 gc.alloc.rate:      1126.142 MB/sec
                 gc.alloc.rate.norm: 178721.062 B/op
                 gc.count:           3.000 counts
                 gc.time:            3.000 ms

Iteration   2: 0.152 ms/op
                 gc.alloc.rate:      1122.091 MB/sec
                 gc.alloc.rate.norm: 178721.066 B/op
                 gc.count:           4.000 counts
                 gc.time:            4.000 ms

Iteration   3: 0.152 ms/op
                 gc.alloc.rate:      1121.940 MB/sec
                 gc.alloc.rate.norm: 178721.067 B/op
                 gc.count:           4.000 counts
                 gc.time:            3.000 ms

Iteration   4: 0.151 ms/op
                 gc.alloc.rate:      1126.061 MB/sec
                 gc.alloc.rate.norm: 178721.067 B/op
                 gc.count:           3.000 counts
                 gc.time:            3.000 ms

Iteration   5: 0.152 ms/op
                 gc.alloc.rate:      1119.312 MB/sec
                 gc.alloc.rate.norm: 178779.270 B/op
                 gc.count:           4.000 counts
                 gc.time:            4.000 ms


# Run progress: 80.25% complete, ETA 00:02:48
# Fork: 3 of 3
WARNING: A terminally deprecated method in sun.misc.Unsafe has been called
WARNING: sun.misc.Unsafe::objectFieldOffset has been called by org.openjdk.jmh.util.Utils (file:/home/test/Workspaces/JavaWorkspace/JavaStream_KeySkew/.deps/jmh-core-1.37.jar)
WARNING: Please consider reporting this to the maintainers of class org.openjdk.jmh.util.Utils
WARNING: sun.misc.Unsafe::objectFieldOffset will be removed in a future release
# Warmup Iteration   1: Input: n=10000, keys=256, observedHotFraction=0.500000, poolParallelism=3, availableProcessors=4
0.174 ms/op
# Warmup Iteration   2: 0.159 ms/op
# Warmup Iteration   3: 0.156 ms/op
# Warmup Iteration   4: 0.156 ms/op
# Warmup Iteration   5: 0.155 ms/op
Iteration   1: 0.155 ms/op
                 gc.alloc.rate:      1102.853 MB/sec
                 gc.alloc.rate.norm: 178721.085 B/op
                 gc.count:           4.000 counts
                 gc.time:            4.000 ms

Iteration   2: 0.155 ms/op
                 gc.alloc.rate:      1100.758 MB/sec
                 gc.alloc.rate.norm: 178721.087 B/op
                 gc.count:           4.000 counts
                 gc.time:            4.000 ms

Iteration   3: 0.154 ms/op
                 gc.alloc.rate:      1106.331 MB/sec
                 gc.alloc.rate.norm: 178721.081 B/op
                 gc.count:           3.000 counts
                 gc.time:            4.000 ms

Iteration   4: 0.154 ms/op
                 gc.alloc.rate:      1106.113 MB/sec
                 gc.alloc.rate.norm: 178721.087 B/op
                 gc.count:           4.000 counts
                 gc.time:            3.000 ms

Iteration   5: 0.158 ms/op
                 gc.alloc.rate:      1081.684 MB/sec
                 gc.alloc.rate.norm: 178760.227 B/op
                 gc.count:           4.000 counts
                 gc.time:            4.000 ms



Result "research.skew.AggregationBenchmark.sequential":
  0.154 ±(99.9%) 0.002 ms/op [Average]
  (min, avg, max) = (0.151, 0.154, 0.158), stdev = 0.002
  CI (99.9%): [0.152, 0.155] (assumes normal distribution)

Secondary result "research.skew.AggregationBenchmark.sequential:gc.alloc.rate":
  1109.350 ±(99.9%) 12.989 MB/sec [Average]
  (min, avg, max) = (1081.684, 1109.350, 1126.142), stdev = 12.150
  CI (99.9%): [1096.361, 1122.339] (assumes normal distribution)

Secondary result "research.skew.AggregationBenchmark.sequential:gc.alloc.rate.norm":
  178730.170 ±(99.9%) 20.609 B/op [Average]
  (min, avg, max) = (178721.062, 178730.170, 178779.270), stdev = 19.278
  CI (99.9%): [178709.561, 178750.779] (assumes normal distribution)

Secondary result "research.skew.AggregationBenchmark.sequential:gc.count":
  56.000 ±(99.9%) 0.001 counts [Sum]
  (min, avg, max) = (3.000, 3.733, 4.000), stdev = 0.458
  CI (99.9%): [56.000, 56.000] (assumes normal distribution)

Secondary result "research.skew.AggregationBenchmark.sequential:gc.time":
  55.000 ±(99.9%) 0.001 ms [Sum]
  (min, avg, max) = (3.000, 3.667, 5.000), stdev = 0.617
  CI (99.9%): [55.000, 55.000] (assumes normal distribution)


# JMH version: 1.37
# VM version: JDK 25.0.4.1, OpenJDK 64-Bit Server VM, 25.0.4.1+1-LTS
# VM invoker: /home/test/jdk/jdk-25.0.4.1+1/bin/java
# VM options: -Xms512m -Xmx512m -Djava.util.concurrent.ForkJoinPool.common.parallelism=3
# Blackhole mode: compiler (auto-detected, use -Djmh.blackhole.autoDetect=false to disable)
# Warmup: 5 iterations, 1 s each
# Measurement: 5 iterations, 1 s each
# Timeout: 10 min per iteration
# Threads: 1 thread, will synchronize iterations
# Benchmark mode: Average time, time/op
# Benchmark: research.skew.AggregationBenchmark.sequential
# Parameters: (cardinality = 256, distribution = hot50, seed = 20260929, size = 100000)

# Run progress: 81.48% complete, ETA 00:02:37
# Fork: 1 of 3
WARNING: A terminally deprecated method in sun.misc.Unsafe has been called
WARNING: sun.misc.Unsafe::objectFieldOffset has been called by org.openjdk.jmh.util.Utils (file:/home/test/Workspaces/JavaWorkspace/JavaStream_KeySkew/.deps/jmh-core-1.37.jar)
WARNING: Please consider reporting this to the maintainers of class org.openjdk.jmh.util.Utils
WARNING: sun.misc.Unsafe::objectFieldOffset will be removed in a future release
# Warmup Iteration   1: Input: n=100000, keys=256, observedHotFraction=0.500000, poolParallelism=3, availableProcessors=4
1.606 ms/op
# Warmup Iteration   2: 1.380 ms/op
# Warmup Iteration   3: 1.374 ms/op
# Warmup Iteration   4: 1.369 ms/op
# Warmup Iteration   5: 1.354 ms/op
Iteration   1: 1.352 ms/op
                 gc.alloc.rate:      1146.041 MB/sec
                 gc.alloc.rate.norm: 1624977.492 B/op
                 gc.count:           4.000 counts
                 gc.time:            4.000 ms

Iteration   2: 1.353 ms/op
                 gc.alloc.rate:      1144.682 MB/sec
                 gc.alloc.rate.norm: 1624977.492 B/op
                 gc.count:           4.000 counts
                 gc.time:            4.000 ms

Iteration   3: 1.377 ms/op
                 gc.alloc.rate:      1125.486 MB/sec
                 gc.alloc.rate.norm: 1624916.633 B/op
                 gc.count:           3.000 counts
                 gc.time:            3.000 ms

Iteration   4: 1.382 ms/op
                 gc.alloc.rate:      1121.334 MB/sec
                 gc.alloc.rate.norm: 1624897.613 B/op
                 gc.count:           4.000 counts
                 gc.time:            4.000 ms

Iteration   5: 1.384 ms/op
                 gc.alloc.rate:      1118.824 MB/sec
                 gc.alloc.rate.norm: 1624897.657 B/op
                 gc.count:           4.000 counts
                 gc.time:            4.000 ms


# Run progress: 82.72% complete, ETA 00:02:27
# Fork: 2 of 3
WARNING: A terminally deprecated method in sun.misc.Unsafe has been called
WARNING: sun.misc.Unsafe::objectFieldOffset has been called by org.openjdk.jmh.util.Utils (file:/home/test/Workspaces/JavaWorkspace/JavaStream_KeySkew/.deps/jmh-core-1.37.jar)
WARNING: Please consider reporting this to the maintainers of class org.openjdk.jmh.util.Utils
WARNING: sun.misc.Unsafe::objectFieldOffset will be removed in a future release
# Warmup Iteration   1: Input: n=100000, keys=256, observedHotFraction=0.500000, poolParallelism=3, availableProcessors=4
1.560 ms/op
# Warmup Iteration   2: 1.335 ms/op
# Warmup Iteration   3: 1.327 ms/op
# Warmup Iteration   4: 1.329 ms/op
# Warmup Iteration   5: 1.322 ms/op
Iteration   1: 1.312 ms/op
                 gc.alloc.rate:      1180.796 MB/sec
                 gc.alloc.rate.norm: 1624977.206 B/op
                 gc.count:           4.000 counts
                 gc.time:            4.000 ms

Iteration   2: 1.312 ms/op
                 gc.alloc.rate:      1180.599 MB/sec
                 gc.alloc.rate.norm: 1624970.873 B/op
                 gc.count:           3.000 counts
                 gc.time:            2.000 ms

Iteration   3: 1.310 ms/op
                 gc.alloc.rate:      1182.961 MB/sec
                 gc.alloc.rate.norm: 1624905.592 B/op
                 gc.count:           4.000 counts
                 gc.time:            4.000 ms

Iteration   4: 1.308 ms/op
                 gc.alloc.rate:      1184.838 MB/sec
                 gc.alloc.rate.norm: 1624897.098 B/op
                 gc.count:           4.000 counts
                 gc.time:            4.000 ms

Iteration   5: 1.311 ms/op
                 gc.alloc.rate:      1181.520 MB/sec
                 gc.alloc.rate.norm: 1624897.164 B/op
                 gc.count:           4.000 counts
                 gc.time:            4.000 ms


# Run progress: 83.95% complete, ETA 00:02:16
# Fork: 3 of 3
WARNING: A terminally deprecated method in sun.misc.Unsafe has been called
WARNING: sun.misc.Unsafe::objectFieldOffset has been called by org.openjdk.jmh.util.Utils (file:/home/test/Workspaces/JavaWorkspace/JavaStream_KeySkew/.deps/jmh-core-1.37.jar)
WARNING: Please consider reporting this to the maintainers of class org.openjdk.jmh.util.Utils
WARNING: sun.misc.Unsafe::objectFieldOffset will be removed in a future release
# Warmup Iteration   1: Input: n=100000, keys=256, observedHotFraction=0.500000, poolParallelism=3, availableProcessors=4
1.663 ms/op
# Warmup Iteration   2: 1.413 ms/op
# Warmup Iteration   3: 1.415 ms/op
# Warmup Iteration   4: 1.406 ms/op
# Warmup Iteration   5: 1.401 ms/op
Iteration   1: 1.397 ms/op
                 gc.alloc.rate:      1109.377 MB/sec
                 gc.alloc.rate.norm: 1624977.841 B/op
                 gc.count:           3.000 counts
                 gc.time:            3.000 ms

Iteration   2: 1.394 ms/op
                 gc.alloc.rate:      1111.124 MB/sec
                 gc.alloc.rate.norm: 1624977.783 B/op
                 gc.count:           4.000 counts
                 gc.time:            4.000 ms

Iteration   3: 1.431 ms/op
                 gc.alloc.rate:      1082.349 MB/sec
                 gc.alloc.rate.norm: 1624962.346 B/op
                 gc.count:           3.000 counts
                 gc.time:            3.000 ms

Iteration   4: 1.463 ms/op
                 gc.alloc.rate:      1058.983 MB/sec
                 gc.alloc.rate.norm: 1624930.269 B/op
                 gc.count:           4.000 counts
                 gc.time:            3.000 ms

Iteration   5: 1.460 ms/op
                 gc.alloc.rate:      1061.021 MB/sec
                 gc.alloc.rate.norm: 1624930.286 B/op
                 gc.count:           3.000 counts
                 gc.time:            3.000 ms



Result "research.skew.AggregationBenchmark.sequential":
  1.370 ±(99.9%) 0.058 ms/op [Average]
  (min, avg, max) = (1.308, 1.370, 1.463), stdev = 0.054
  CI (99.9%): [1.312, 1.427] (assumes normal distribution)

Secondary result "research.skew.AggregationBenchmark.sequential:gc.alloc.rate":
  1132.662 ±(99.9%) 46.990 MB/sec [Average]
  (min, avg, max) = (1058.983, 1132.662, 1184.838), stdev = 43.954
  CI (99.9%): [1085.673, 1179.652] (assumes normal distribution)

Secondary result "research.skew.AggregationBenchmark.sequential:gc.alloc.rate.norm":
  1624939.556 ±(99.9%) 38.000 B/op [Average]
  (min, avg, max) = (1624897.098, 1624939.556, 1624977.841), stdev = 35.545
  CI (99.9%): [1624901.556, 1624977.556] (assumes normal distribution)

Secondary result "research.skew.AggregationBenchmark.sequential:gc.count":
  55.000 ±(99.9%) 0.001 counts [Sum]
  (min, avg, max) = (3.000, 3.667, 4.000), stdev = 0.488
  CI (99.9%): [55.000, 55.000] (assumes normal distribution)

Secondary result "research.skew.AggregationBenchmark.sequential:gc.time":
  53.000 ±(99.9%) 0.001 ms [Sum]
  (min, avg, max) = (2.000, 3.533, 4.000), stdev = 0.640
  CI (99.9%): [53.000, 53.000] (assumes normal distribution)


# JMH version: 1.37
# VM version: JDK 25.0.4.1, OpenJDK 64-Bit Server VM, 25.0.4.1+1-LTS
# VM invoker: /home/test/jdk/jdk-25.0.4.1+1/bin/java
# VM options: -Xms512m -Xmx512m -Djava.util.concurrent.ForkJoinPool.common.parallelism=3
# Blackhole mode: compiler (auto-detected, use -Djmh.blackhole.autoDetect=false to disable)
# Warmup: 5 iterations, 1 s each
# Measurement: 5 iterations, 1 s each
# Timeout: 10 min per iteration
# Threads: 1 thread, will synchronize iterations
# Benchmark mode: Average time, time/op
# Benchmark: research.skew.AggregationBenchmark.sequential
# Parameters: (cardinality = 256, distribution = hot50, seed = 20260929, size = 1000000)

# Run progress: 85.19% complete, ETA 00:02:06
# Fork: 1 of 3
WARNING: A terminally deprecated method in sun.misc.Unsafe has been called
WARNING: sun.misc.Unsafe::objectFieldOffset has been called by org.openjdk.jmh.util.Utils (file:/home/test/Workspaces/JavaWorkspace/JavaStream_KeySkew/.deps/jmh-core-1.37.jar)
WARNING: Please consider reporting this to the maintainers of class org.openjdk.jmh.util.Utils
WARNING: sun.misc.Unsafe::objectFieldOffset will be removed in a future release
# Warmup Iteration   1: Input: n=1000000, keys=256, observedHotFraction=0.500000, poolParallelism=3, availableProcessors=4
17.709 ms/op
# Warmup Iteration   2: 15.242 ms/op
# Warmup Iteration   3: 15.362 ms/op
# Warmup Iteration   4: 15.138 ms/op
# Warmup Iteration   5: 14.987 ms/op
Iteration   1: 14.796 ms/op
                 gc.alloc.rate:      1032.657 MB/sec
                 gc.alloc.rate.norm: 16025071.294 B/op
                 gc.count:           4.000 counts
                 gc.time:            4.000 ms

Iteration   2: 14.847 ms/op
                 gc.alloc.rate:      1028.998 MB/sec
                 gc.alloc.rate.norm: 16025071.294 B/op
                 gc.count:           3.000 counts
                 gc.time:            4.000 ms

Iteration   3: 14.841 ms/op
                 gc.alloc.rate:      1029.554 MB/sec
                 gc.alloc.rate.norm: 16025071.294 B/op
                 gc.count:           4.000 counts
                 gc.time:            4.000 ms

Iteration   4: 14.772 ms/op
                 gc.alloc.rate:      1034.345 MB/sec
                 gc.alloc.rate.norm: 16025071.294 B/op
                 gc.count:           3.000 counts
                 gc.time:            3.000 ms

Iteration   5: 14.823 ms/op
                 gc.alloc.rate:      1030.646 MB/sec
                 gc.alloc.rate.norm: 16025071.765 B/op
                 gc.count:           3.000 counts
                 gc.time:            4.000 ms


# Run progress: 86.42% complete, ETA 00:01:55
# Fork: 2 of 3
WARNING: A terminally deprecated method in sun.misc.Unsafe has been called
WARNING: sun.misc.Unsafe::objectFieldOffset has been called by org.openjdk.jmh.util.Utils (file:/home/test/Workspaces/JavaWorkspace/JavaStream_KeySkew/.deps/jmh-core-1.37.jar)
WARNING: Please consider reporting this to the maintainers of class org.openjdk.jmh.util.Utils
WARNING: sun.misc.Unsafe::objectFieldOffset will be removed in a future release
# Warmup Iteration   1: Input: n=1000000, keys=256, observedHotFraction=0.500000, poolParallelism=3, availableProcessors=4
17.803 ms/op
# Warmup Iteration   2: 15.237 ms/op
# Warmup Iteration   3: 15.324 ms/op
# Warmup Iteration   4: 15.107 ms/op
# Warmup Iteration   5: 15.040 ms/op
Iteration   1: 15.015 ms/op
                 gc.alloc.rate:      1017.576 MB/sec
                 gc.alloc.rate.norm: 16025072.836 B/op
                 gc.count:           4.000 counts
                 gc.time:            5.000 ms

Iteration   2: 14.985 ms/op
                 gc.alloc.rate:      1019.618 MB/sec
                 gc.alloc.rate.norm: 16025072.836 B/op
                 gc.count:           3.000 counts
                 gc.time:            3.000 ms

Iteration   3: 14.978 ms/op
                 gc.alloc.rate:      1020.075 MB/sec
                 gc.alloc.rate.norm: 16025072.836 B/op
                 gc.count:           3.000 counts
                 gc.time:            2.000 ms

Iteration   4: 15.234 ms/op
                 gc.alloc.rate:      1002.946 MB/sec
                 gc.alloc.rate.norm: 16025074.424 B/op
                 gc.count:           4.000 counts
                 gc.time:            4.000 ms

Iteration   5: 15.007 ms/op
                 gc.alloc.rate:      1018.006 MB/sec
                 gc.alloc.rate.norm: 16025073.313 B/op
                 gc.count:           3.000 counts
                 gc.time:            2.000 ms


# Run progress: 87.65% complete, ETA 00:01:45
# Fork: 3 of 3
WARNING: A terminally deprecated method in sun.misc.Unsafe has been called
WARNING: sun.misc.Unsafe::objectFieldOffset has been called by org.openjdk.jmh.util.Utils (file:/home/test/Workspaces/JavaWorkspace/JavaStream_KeySkew/.deps/jmh-core-1.37.jar)
WARNING: Please consider reporting this to the maintainers of class org.openjdk.jmh.util.Utils
WARNING: sun.misc.Unsafe::objectFieldOffset will be removed in a future release
# Warmup Iteration   1: Input: n=1000000, keys=256, observedHotFraction=0.500000, poolParallelism=3, availableProcessors=4
17.816 ms/op
# Warmup Iteration   2: 15.204 ms/op
# Warmup Iteration   3: 15.504 ms/op
# Warmup Iteration   4: 15.118 ms/op
# Warmup Iteration   5: 14.948 ms/op
Iteration   1: 14.797 ms/op
                 gc.alloc.rate:      1032.579 MB/sec
                 gc.alloc.rate.norm: 16025071.294 B/op
                 gc.count:           4.000 counts
                 gc.time:            5.000 ms

Iteration   2: 14.809 ms/op
                 gc.alloc.rate:      1031.564 MB/sec
                 gc.alloc.rate.norm: 16025071.294 B/op
                 gc.count:           3.000 counts
                 gc.time:            3.000 ms

Iteration   3: 14.816 ms/op
                 gc.alloc.rate:      1031.237 MB/sec
                 gc.alloc.rate.norm: 16025071.294 B/op
                 gc.count:           3.000 counts
                 gc.time:            3.000 ms

Iteration   4: 14.889 ms/op
                 gc.alloc.rate:      1026.185 MB/sec
                 gc.alloc.rate.norm: 16025071.294 B/op
                 gc.count:           4.000 counts
                 gc.time:            5.000 ms

Iteration   5: 14.797 ms/op
                 gc.alloc.rate:      1032.588 MB/sec
                 gc.alloc.rate.norm: 16025071.765 B/op
                 gc.count:           3.000 counts
                 gc.time:            2.000 ms



Result "research.skew.AggregationBenchmark.sequential":
  14.894 ±(99.9%) 0.135 ms/op [Average]
  (min, avg, max) = (14.772, 14.894, 15.234), stdev = 0.127
  CI (99.9%): [14.758, 15.029] (assumes normal distribution)

Secondary result "research.skew.AggregationBenchmark.sequential:gc.alloc.rate":
  1025.905 ±(99.9%) 9.233 MB/sec [Average]
  (min, avg, max) = (1002.946, 1025.905, 1034.345), stdev = 8.637
  CI (99.9%): [1016.672, 1035.138] (assumes normal distribution)

Secondary result "research.skew.AggregationBenchmark.sequential:gc.alloc.rate.norm":
  16025072.008 ±(99.9%) 1.061 B/op [Average]
  (min, avg, max) = (16025071.294, 16025072.008, 16025074.424), stdev = 0.993
  CI (99.9%): [16025070.947, 16025073.070] (assumes normal distribution)

Secondary result "research.skew.AggregationBenchmark.sequential:gc.count":
  51.000 ±(99.9%) 0.001 counts [Sum]
  (min, avg, max) = (3.000, 3.400, 4.000), stdev = 0.507
  CI (99.9%): [51.000, 51.000] (assumes normal distribution)

Secondary result "research.skew.AggregationBenchmark.sequential:gc.time":
  53.000 ±(99.9%) 0.001 ms [Sum]
  (min, avg, max) = (2.000, 3.533, 5.000), stdev = 1.060
  CI (99.9%): [53.000, 53.000] (assumes normal distribution)


# JMH version: 1.37
# VM version: JDK 25.0.4.1, OpenJDK 64-Bit Server VM, 25.0.4.1+1-LTS
# VM invoker: /home/test/jdk/jdk-25.0.4.1+1/bin/java
# VM options: -Xms512m -Xmx512m -Djava.util.concurrent.ForkJoinPool.common.parallelism=3
# Blackhole mode: compiler (auto-detected, use -Djmh.blackhole.autoDetect=false to disable)
# Warmup: 5 iterations, 1 s each
# Measurement: 5 iterations, 1 s each
# Timeout: 10 min per iteration
# Threads: 1 thread, will synchronize iterations
# Benchmark mode: Average time, time/op
# Benchmark: research.skew.AggregationBenchmark.sequential
# Parameters: (cardinality = 256, distribution = hot90, seed = 20260929, size = 10000)

# Run progress: 88.89% complete, ETA 00:01:34
# Fork: 1 of 3
WARNING: A terminally deprecated method in sun.misc.Unsafe has been called
WARNING: sun.misc.Unsafe::objectFieldOffset has been called by org.openjdk.jmh.util.Utils (file:/home/test/Workspaces/JavaWorkspace/JavaStream_KeySkew/.deps/jmh-core-1.37.jar)
WARNING: Please consider reporting this to the maintainers of class org.openjdk.jmh.util.Utils
WARNING: sun.misc.Unsafe::objectFieldOffset will be removed in a future release
# Warmup Iteration   1: Input: n=10000, keys=256, observedHotFraction=0.900000, poolParallelism=3, availableProcessors=4
0.167 ms/op
# Warmup Iteration   2: 0.157 ms/op
# Warmup Iteration   3: 0.156 ms/op
# Warmup Iteration   4: 0.155 ms/op
# Warmup Iteration   5: 0.155 ms/op
Iteration   1: 0.154 ms/op
                 gc.alloc.rate:      1105.207 MB/sec
                 gc.alloc.rate.norm: 178769.073 B/op
                 gc.count:           3.000 counts
                 gc.time:            4.000 ms

Iteration   2: 0.154 ms/op
                 gc.alloc.rate:      1103.935 MB/sec
                 gc.alloc.rate.norm: 178769.079 B/op
                 gc.count:           4.000 counts
                 gc.time:            3.000 ms

Iteration   3: 0.154 ms/op
                 gc.alloc.rate:      1104.287 MB/sec
                 gc.alloc.rate.norm: 178769.074 B/op
                 gc.count:           4.000 counts
                 gc.time:            4.000 ms

Iteration   4: 0.154 ms/op
                 gc.alloc.rate:      1104.811 MB/sec
                 gc.alloc.rate.norm: 178769.074 B/op
                 gc.count:           3.000 counts
                 gc.time:            3.000 ms

Iteration   5: 0.155 ms/op
                 gc.alloc.rate:      1099.418 MB/sec
                 gc.alloc.rate.norm: 178782.103 B/op
                 gc.count:           4.000 counts
                 gc.time:            5.000 ms


# Run progress: 90.12% complete, ETA 00:01:24
# Fork: 2 of 3
WARNING: A terminally deprecated method in sun.misc.Unsafe has been called
WARNING: sun.misc.Unsafe::objectFieldOffset has been called by org.openjdk.jmh.util.Utils (file:/home/test/Workspaces/JavaWorkspace/JavaStream_KeySkew/.deps/jmh-core-1.37.jar)
WARNING: Please consider reporting this to the maintainers of class org.openjdk.jmh.util.Utils
WARNING: sun.misc.Unsafe::objectFieldOffset will be removed in a future release
# Warmup Iteration   1: Input: n=10000, keys=256, observedHotFraction=0.900000, poolParallelism=3, availableProcessors=4
0.168 ms/op
# Warmup Iteration   2: 0.154 ms/op
# Warmup Iteration   3: 0.153 ms/op
# Warmup Iteration   4: 0.152 ms/op
# Warmup Iteration   5: 0.152 ms/op
Iteration   1: 0.151 ms/op
                 gc.alloc.rate:      1125.142 MB/sec
                 gc.alloc.rate.norm: 178769.054 B/op
                 gc.count:           4.000 counts
                 gc.time:            4.000 ms

Iteration   2: 0.152 ms/op
                 gc.alloc.rate:      1119.433 MB/sec
                 gc.alloc.rate.norm: 178769.059 B/op
                 gc.count:           3.000 counts
                 gc.time:            4.000 ms

Iteration   3: 0.152 ms/op
                 gc.alloc.rate:      1124.967 MB/sec
                 gc.alloc.rate.norm: 178769.054 B/op
                 gc.count:           4.000 counts
                 gc.time:            4.000 ms

Iteration   4: 0.151 ms/op
                 gc.alloc.rate:      1125.074 MB/sec
                 gc.alloc.rate.norm: 178769.059 B/op
                 gc.count:           4.000 counts
                 gc.time:            4.000 ms

Iteration   5: 0.152 ms/op
                 gc.alloc.rate:      1122.324 MB/sec
                 gc.alloc.rate.norm: 178786.981 B/op
                 gc.count:           3.000 counts
                 gc.time:            2.000 ms


# Run progress: 91.36% complete, ETA 00:01:13
# Fork: 3 of 3
WARNING: A terminally deprecated method in sun.misc.Unsafe has been called
WARNING: sun.misc.Unsafe::objectFieldOffset has been called by org.openjdk.jmh.util.Utils (file:/home/test/Workspaces/JavaWorkspace/JavaStream_KeySkew/.deps/jmh-core-1.37.jar)
WARNING: Please consider reporting this to the maintainers of class org.openjdk.jmh.util.Utils
WARNING: sun.misc.Unsafe::objectFieldOffset will be removed in a future release
# Warmup Iteration   1: Input: n=10000, keys=256, observedHotFraction=0.900000, poolParallelism=3, availableProcessors=4
0.173 ms/op
# Warmup Iteration   2: 0.159 ms/op
# Warmup Iteration   3: 0.158 ms/op
# Warmup Iteration   4: 0.158 ms/op
# Warmup Iteration   5: 0.157 ms/op
Iteration   1: 0.157 ms/op
                 gc.alloc.rate:      1088.936 MB/sec
                 gc.alloc.rate.norm: 178769.089 B/op
                 gc.count:           4.000 counts
                 gc.time:            4.000 ms

Iteration   2: 0.156 ms/op
                 gc.alloc.rate:      1089.099 MB/sec
                 gc.alloc.rate.norm: 178769.089 B/op
                 gc.count:           3.000 counts
                 gc.time:            3.000 ms

Iteration   3: 0.157 ms/op
                 gc.alloc.rate:      1086.728 MB/sec
                 gc.alloc.rate.norm: 178769.091 B/op
                 gc.count:           4.000 counts
                 gc.time:            5.000 ms

Iteration   4: 0.157 ms/op
                 gc.alloc.rate:      1088.193 MB/sec
                 gc.alloc.rate.norm: 178769.090 B/op
                 gc.count:           4.000 counts
                 gc.time:            4.000 ms

Iteration   5: 0.156 ms/op
                 gc.alloc.rate:      1090.853 MB/sec
                 gc.alloc.rate.norm: 178776.925 B/op
                 gc.count:           3.000 counts
                 gc.time:            3.000 ms



Result "research.skew.AggregationBenchmark.sequential":
  0.154 ±(99.9%) 0.002 ms/op [Average]
  (min, avg, max) = (0.151, 0.154, 0.157), stdev = 0.002
  CI (99.9%): [0.152, 0.156] (assumes normal distribution)

Secondary result "research.skew.AggregationBenchmark.sequential:gc.alloc.rate":
  1105.227 ±(99.9%) 15.844 MB/sec [Average]
  (min, avg, max) = (1086.728, 1105.227, 1125.142), stdev = 14.821
  CI (99.9%): [1089.383, 1121.072] (assumes normal distribution)

Secondary result "research.skew.AggregationBenchmark.sequential:gc.alloc.rate.norm":
  178771.660 ±(99.9%) 6.073 B/op [Average]
  (min, avg, max) = (178769.054, 178771.660, 178786.981), stdev = 5.681
  CI (99.9%): [178765.587, 178777.732] (assumes normal distribution)

Secondary result "research.skew.AggregationBenchmark.sequential:gc.count":
  54.000 ±(99.9%) 0.001 counts [Sum]
  (min, avg, max) = (3.000, 3.600, 4.000), stdev = 0.507
  CI (99.9%): [54.000, 54.000] (assumes normal distribution)

Secondary result "research.skew.AggregationBenchmark.sequential:gc.time":
  56.000 ±(99.9%) 0.001 ms [Sum]
  (min, avg, max) = (2.000, 3.733, 5.000), stdev = 0.799
  CI (99.9%): [56.000, 56.000] (assumes normal distribution)


# JMH version: 1.37
# VM version: JDK 25.0.4.1, OpenJDK 64-Bit Server VM, 25.0.4.1+1-LTS
# VM invoker: /home/test/jdk/jdk-25.0.4.1+1/bin/java
# VM options: -Xms512m -Xmx512m -Djava.util.concurrent.ForkJoinPool.common.parallelism=3
# Blackhole mode: compiler (auto-detected, use -Djmh.blackhole.autoDetect=false to disable)
# Warmup: 5 iterations, 1 s each
# Measurement: 5 iterations, 1 s each
# Timeout: 10 min per iteration
# Threads: 1 thread, will synchronize iterations
# Benchmark mode: Average time, time/op
# Benchmark: research.skew.AggregationBenchmark.sequential
# Parameters: (cardinality = 256, distribution = hot90, seed = 20260929, size = 100000)

# Run progress: 92.59% complete, ETA 00:01:03
# Fork: 1 of 3
WARNING: A terminally deprecated method in sun.misc.Unsafe has been called
WARNING: sun.misc.Unsafe::objectFieldOffset has been called by org.openjdk.jmh.util.Utils (file:/home/test/Workspaces/JavaWorkspace/JavaStream_KeySkew/.deps/jmh-core-1.37.jar)
WARNING: Please consider reporting this to the maintainers of class org.openjdk.jmh.util.Utils
WARNING: sun.misc.Unsafe::objectFieldOffset will be removed in a future release
# Warmup Iteration   1: Input: n=100000, keys=256, observedHotFraction=0.900000, poolParallelism=3, availableProcessors=4
1.666 ms/op
# Warmup Iteration   2: 1.410 ms/op
# Warmup Iteration   3: 1.431 ms/op
# Warmup Iteration   4: 1.407 ms/op
# Warmup Iteration   5: 1.396 ms/op
Iteration   1: 1.397 ms/op
                 gc.alloc.rate:      1105.021 MB/sec
                 gc.alloc.rate.norm: 1618857.796 B/op
                 gc.count:           3.000 counts
                 gc.time:            3.000 ms

Iteration   2: 1.396 ms/op
                 gc.alloc.rate:      1105.332 MB/sec
                 gc.alloc.rate.norm: 1618857.841 B/op
                 gc.count:           4.000 counts
                 gc.time:            4.000 ms

Iteration   3: 1.385 ms/op
                 gc.alloc.rate:      1114.296 MB/sec
                 gc.alloc.rate.norm: 1618813.809 B/op
                 gc.count:           3.000 counts
                 gc.time:            3.000 ms

Iteration   4: 1.381 ms/op
                 gc.alloc.rate:      1117.892 MB/sec
                 gc.alloc.rate.norm: 1618777.600 B/op
                 gc.count:           4.000 counts
                 gc.time:            4.000 ms

Iteration   5: 1.383 ms/op
                 gc.alloc.rate:      1116.123 MB/sec
                 gc.alloc.rate.norm: 1618777.657 B/op
                 gc.count:           4.000 counts
                 gc.time:            5.000 ms


# Run progress: 93.83% complete, ETA 00:00:52
# Fork: 2 of 3
WARNING: A terminally deprecated method in sun.misc.Unsafe has been called
WARNING: sun.misc.Unsafe::objectFieldOffset has been called by org.openjdk.jmh.util.Utils (file:/home/test/Workspaces/JavaWorkspace/JavaStream_KeySkew/.deps/jmh-core-1.37.jar)
WARNING: Please consider reporting this to the maintainers of class org.openjdk.jmh.util.Utils
WARNING: sun.misc.Unsafe::objectFieldOffset will be removed in a future release
# Warmup Iteration   1: Input: n=100000, keys=256, observedHotFraction=0.900000, poolParallelism=3, availableProcessors=4
1.744 ms/op
# Warmup Iteration   2: 1.498 ms/op
# Warmup Iteration   3: 1.500 ms/op
# Warmup Iteration   4: 1.496 ms/op
# Warmup Iteration   5: 1.493 ms/op
Iteration   1: 1.483 ms/op
                 gc.alloc.rate:      1040.609 MB/sec
                 gc.alloc.rate.norm: 1618858.453 B/op
                 gc.count:           3.000 counts
                 gc.time:            3.000 ms

Iteration   2: 1.490 ms/op
                 gc.alloc.rate:      1035.664 MB/sec
                 gc.alloc.rate.norm: 1618858.452 B/op
                 gc.count:           3.000 counts
                 gc.time:            3.000 ms

Iteration   3: 1.475 ms/op
                 gc.alloc.rate:      1046.141 MB/sec
                 gc.alloc.rate.norm: 1618858.124 B/op
                 gc.count:           4.000 counts
                 gc.time:            4.000 ms

Iteration   4: 1.392 ms/op
                 gc.alloc.rate:      1108.745 MB/sec
                 gc.alloc.rate.norm: 1618814.954 B/op
                 gc.count:           3.000 counts
                 gc.time:            3.000 ms

Iteration   5: 1.391 ms/op
                 gc.alloc.rate:      1109.378 MB/sec
                 gc.alloc.rate.norm: 1618809.814 B/op
                 gc.count:           4.000 counts
                 gc.time:            4.000 ms


# Run progress: 95.06% complete, ETA 00:00:42
# Fork: 3 of 3
WARNING: A terminally deprecated method in sun.misc.Unsafe has been called
WARNING: sun.misc.Unsafe::objectFieldOffset has been called by org.openjdk.jmh.util.Utils (file:/home/test/Workspaces/JavaWorkspace/JavaStream_KeySkew/.deps/jmh-core-1.37.jar)
WARNING: Please consider reporting this to the maintainers of class org.openjdk.jmh.util.Utils
WARNING: sun.misc.Unsafe::objectFieldOffset will be removed in a future release
# Warmup Iteration   1: Input: n=100000, keys=256, observedHotFraction=0.900000, poolParallelism=3, availableProcessors=4
1.828 ms/op
# Warmup Iteration   2: 1.603 ms/op
# Warmup Iteration   3: 1.590 ms/op
# Warmup Iteration   4: 1.591 ms/op
# Warmup Iteration   5: 1.595 ms/op
Iteration   1: 1.576 ms/op
                 gc.alloc.rate:      979.369 MB/sec
                 gc.alloc.rate.norm: 1618859.061 B/op
                 gc.count:           3.000 counts
                 gc.time:            3.000 ms

Iteration   2: 1.584 ms/op
                 gc.alloc.rate:      974.381 MB/sec
                 gc.alloc.rate.norm: 1618859.114 B/op
                 gc.count:           3.000 counts
                 gc.time:            3.000 ms

Iteration   3: 1.584 ms/op
                 gc.alloc.rate:      974.662 MB/sec
                 gc.alloc.rate.norm: 1618859.114 B/op
                 gc.count:           3.000 counts
                 gc.time:            5.000 ms

Iteration   4: 1.491 ms/op
                 gc.alloc.rate:      1035.263 MB/sec
                 gc.alloc.rate.norm: 1618806.820 B/op
                 gc.count:           4.000 counts
                 gc.time:            4.000 ms

Iteration   5: 1.459 ms/op
                 gc.alloc.rate:      1058.011 MB/sec
                 gc.alloc.rate.norm: 1618778.192 B/op
                 gc.count:           3.000 counts
                 gc.time:            3.000 ms



Result "research.skew.AggregationBenchmark.sequential":
  1.458 ±(99.9%) 0.082 ms/op [Average]
  (min, avg, max) = (1.381, 1.458, 1.584), stdev = 0.077
  CI (99.9%): [1.376, 1.540] (assumes normal distribution)

Secondary result "research.skew.AggregationBenchmark.sequential:gc.alloc.rate":
  1061.392 ±(99.9%) 58.000 MB/sec [Average]
  (min, avg, max) = (974.381, 1061.392, 1117.892), stdev = 54.253
  CI (99.9%): [1003.393, 1119.392] (assumes normal distribution)

Secondary result "research.skew.AggregationBenchmark.sequential:gc.alloc.rate.norm":
  1618829.787 ±(99.9%) 36.253 B/op [Average]
  (min, avg, max) = (1618777.600, 1618829.787, 1618859.114), stdev = 33.911
  CI (99.9%): [1618793.533, 1618866.040] (assumes normal distribution)

Secondary result "research.skew.AggregationBenchmark.sequential:gc.count":
  51.000 ±(99.9%) 0.001 counts [Sum]
  (min, avg, max) = (3.000, 3.400, 4.000), stdev = 0.507
  CI (99.9%): [51.000, 51.000] (assumes normal distribution)

Secondary result "research.skew.AggregationBenchmark.sequential:gc.time":
  54.000 ±(99.9%) 0.001 ms [Sum]
  (min, avg, max) = (3.000, 3.600, 5.000), stdev = 0.737
  CI (99.9%): [54.000, 54.000] (assumes normal distribution)


# JMH version: 1.37
# VM version: JDK 25.0.4.1, OpenJDK 64-Bit Server VM, 25.0.4.1+1-LTS
# VM invoker: /home/test/jdk/jdk-25.0.4.1+1/bin/java
# VM options: -Xms512m -Xmx512m -Djava.util.concurrent.ForkJoinPool.common.parallelism=3
# Blackhole mode: compiler (auto-detected, use -Djmh.blackhole.autoDetect=false to disable)
# Warmup: 5 iterations, 1 s each
# Measurement: 5 iterations, 1 s each
# Timeout: 10 min per iteration
# Threads: 1 thread, will synchronize iterations
# Benchmark mode: Average time, time/op
# Benchmark: research.skew.AggregationBenchmark.sequential
# Parameters: (cardinality = 256, distribution = hot90, seed = 20260929, size = 1000000)

# Run progress: 96.30% complete, ETA 00:00:31
# Fork: 1 of 3
WARNING: A terminally deprecated method in sun.misc.Unsafe has been called
WARNING: sun.misc.Unsafe::objectFieldOffset has been called by org.openjdk.jmh.util.Utils (file:/home/test/Workspaces/JavaWorkspace/JavaStream_KeySkew/.deps/jmh-core-1.37.jar)
WARNING: Please consider reporting this to the maintainers of class org.openjdk.jmh.util.Utils
WARNING: sun.misc.Unsafe::objectFieldOffset will be removed in a future release
# Warmup Iteration   1: Input: n=1000000, keys=256, observedHotFraction=0.900000, poolParallelism=3, availableProcessors=4
19.000 ms/op
# Warmup Iteration   2: 16.027 ms/op
# Warmup Iteration   3: 15.981 ms/op
# Warmup Iteration   4: 15.898 ms/op
# Warmup Iteration   5: 15.834 ms/op
Iteration   1: 15.555 ms/op
                 gc.alloc.rate:      982.191 MB/sec
                 gc.alloc.rate.norm: 16025076.554 B/op
                 gc.count:           3.000 counts
                 gc.time:            4.000 ms

Iteration   2: 15.598 ms/op
                 gc.alloc.rate:      979.463 MB/sec
                 gc.alloc.rate.norm: 16025076.062 B/op
                 gc.count:           3.000 counts
                 gc.time:            3.000 ms

Iteration   3: 15.571 ms/op
                 gc.alloc.rate:      981.270 MB/sec
                 gc.alloc.rate.norm: 16025076.062 B/op
                 gc.count:           3.000 counts
                 gc.time:            3.000 ms

Iteration   4: 15.648 ms/op
                 gc.alloc.rate:      976.423 MB/sec
                 gc.alloc.rate.norm: 16025077.750 B/op
                 gc.count:           3.000 counts
                 gc.time:            3.000 ms

Iteration   5: 15.600 ms/op
                 gc.alloc.rate:      979.274 MB/sec
                 gc.alloc.rate.norm: 16025076.554 B/op
                 gc.count:           4.000 counts
                 gc.time:            4.000 ms


# Run progress: 97.53% complete, ETA 00:00:21
# Fork: 2 of 3
WARNING: A terminally deprecated method in sun.misc.Unsafe has been called
WARNING: sun.misc.Unsafe::objectFieldOffset has been called by org.openjdk.jmh.util.Utils (file:/home/test/Workspaces/JavaWorkspace/JavaStream_KeySkew/.deps/jmh-core-1.37.jar)
WARNING: Please consider reporting this to the maintainers of class org.openjdk.jmh.util.Utils
WARNING: sun.misc.Unsafe::objectFieldOffset will be removed in a future release
# Warmup Iteration   1: Input: n=1000000, keys=256, observedHotFraction=0.900000, poolParallelism=3, availableProcessors=4
18.789 ms/op
# Warmup Iteration   2: 16.486 ms/op
# Warmup Iteration   3: 16.387 ms/op
# Warmup Iteration   4: 16.352 ms/op
# Warmup Iteration   5: 16.300 ms/op
Iteration   1: 16.092 ms/op
                 gc.alloc.rate:      949.447 MB/sec
                 gc.alloc.rate.norm: 16025079.492 B/op
                 gc.count:           3.000 counts
                 gc.time:            3.000 ms

Iteration   2: 16.120 ms/op
                 gc.alloc.rate:      947.831 MB/sec
                 gc.alloc.rate.norm: 16025079.492 B/op
                 gc.count:           4.000 counts
                 gc.time:            4.000 ms

Iteration   3: 15.976 ms/op
                 gc.alloc.rate:      956.430 MB/sec
                 gc.alloc.rate.norm: 16025079.492 B/op
                 gc.count:           3.000 counts
                 gc.time:            3.000 ms

Iteration   4: 15.986 ms/op
                 gc.alloc.rate:      955.737 MB/sec
                 gc.alloc.rate.norm: 16025080.000 B/op
                 gc.count:           3.000 counts
                 gc.time:            3.000 ms

Iteration   5: 16.037 ms/op
                 gc.alloc.rate:      952.594 MB/sec
                 gc.alloc.rate.norm: 16025080.000 B/op
                 gc.count:           3.000 counts
                 gc.time:            4.000 ms


# Run progress: 98.77% complete, ETA 00:00:10
# Fork: 3 of 3
WARNING: A terminally deprecated method in sun.misc.Unsafe has been called
WARNING: sun.misc.Unsafe::objectFieldOffset has been called by org.openjdk.jmh.util.Utils (file:/home/test/Workspaces/JavaWorkspace/JavaStream_KeySkew/.deps/jmh-core-1.37.jar)
WARNING: Please consider reporting this to the maintainers of class org.openjdk.jmh.util.Utils
WARNING: sun.misc.Unsafe::objectFieldOffset will be removed in a future release
# Warmup Iteration   1: Input: n=1000000, keys=256, observedHotFraction=0.900000, poolParallelism=3, availableProcessors=4
18.245 ms/op
# Warmup Iteration   2: 15.634 ms/op
# Warmup Iteration   3: 15.641 ms/op
# Warmup Iteration   4: 15.701 ms/op
# Warmup Iteration   5: 15.465 ms/op
Iteration   1: 15.348 ms/op
                 gc.alloc.rate:      995.374 MB/sec
                 gc.alloc.rate.norm: 16025074.424 B/op
                 gc.count:           3.000 counts
                 gc.time:            3.000 ms

Iteration   2: 15.320 ms/op
                 gc.alloc.rate:      997.261 MB/sec
                 gc.alloc.rate.norm: 16025074.424 B/op
                 gc.count:           3.000 counts
                 gc.time:            2.000 ms

Iteration   3: 15.369 ms/op
                 gc.alloc.rate:      994.217 MB/sec
                 gc.alloc.rate.norm: 16025074.424 B/op
                 gc.count:           4.000 counts
                 gc.time:            5.000 ms

Iteration   4: 15.332 ms/op
                 gc.alloc.rate:      996.586 MB/sec
                 gc.alloc.rate.norm: 16025074.424 B/op
                 gc.count:           3.000 counts
                 gc.time:            3.000 ms

Iteration   5: 15.321 ms/op
                 gc.alloc.rate:      997.116 MB/sec
                 gc.alloc.rate.norm: 16025074.909 B/op
                 gc.count:           3.000 counts
                 gc.time:            2.000 ms



Result "research.skew.AggregationBenchmark.sequential":
  15.658 ±(99.9%) 0.325 ms/op [Average]
  (min, avg, max) = (15.320, 15.658, 16.120), stdev = 0.304
  CI (99.9%): [15.333, 15.983] (assumes normal distribution)

Secondary result "research.skew.AggregationBenchmark.sequential:gc.alloc.rate":
  976.081 ±(99.9%) 20.118 MB/sec [Average]
  (min, avg, max) = (947.831, 976.081, 997.261), stdev = 18.818
  CI (99.9%): [955.963, 996.199] (assumes normal distribution)

Secondary result "research.skew.AggregationBenchmark.sequential:gc.alloc.rate.norm":
  16025076.938 ±(99.9%) 2.394 B/op [Average]
  (min, avg, max) = (16025074.424, 16025076.938, 16025080.000), stdev = 2.239
  CI (99.9%): [16025074.544, 16025079.332] (assumes normal distribution)

Secondary result "research.skew.AggregationBenchmark.sequential:gc.count":
  48.000 ±(99.9%) 0.001 counts [Sum]
  (min, avg, max) = (3.000, 3.200, 4.000), stdev = 0.414
  CI (99.9%): [48.000, 48.000] (assumes normal distribution)

Secondary result "research.skew.AggregationBenchmark.sequential:gc.time":
  49.000 ±(99.9%) 0.001 ms [Sum]
  (min, avg, max) = (2.000, 3.267, 5.000), stdev = 0.799
  CI (99.9%): [49.000, 49.000] (assumes normal distribution)


# Run complete. Total time: 00:14:11

REMEMBER: The numbers below are just data. To gain reusable insights, you need to follow up on
why the numbers are the way they are. Use profilers (see -prof, -lprof), design factorial
experiments, perform baseline and negative tests that provide experimental control, make sure
the benchmarking environment is safe on JVM/OS/HW level, ask for reviews from the domain experts.
Do not assume the numbers tell you what you want them to tell.

NOTE: Current JVM experimentally supports Compiler Blackholes, and they are in use. Please exercise
extra caution when trusting the results, look into the generated code to check the benchmark still
works, and factor in a small probability of new VM bugs. Additionally, while comparisons between
different JVMs are already problematic, the performance difference caused by different Blackhole
modes can be very significant. Please make sure you use the consistent Blackhole mode for comparisons.

Benchmark                                                   (cardinality)  (distribution)    (seed)   (size)  Mode  Cnt         Score      Error   Units
AggregationBenchmark.parallelConcurrent                               256         uniform  20260929    10000  avgt   15         0.261 ±    0.011   ms/op
AggregationBenchmark.parallelConcurrent:gc.alloc.rate                 256         uniform  20260929    10000  avgt   15       664.714 ±   26.667  MB/sec
AggregationBenchmark.parallelConcurrent:gc.alloc.rate.norm            256         uniform  20260929    10000  avgt   15    182062.170 ±   25.838    B/op
AggregationBenchmark.parallelConcurrent:gc.count                      256         uniform  20260929    10000  avgt   15        32.000             counts
AggregationBenchmark.parallelConcurrent:gc.time                       256         uniform  20260929    10000  avgt   15        45.000                 ms
AggregationBenchmark.parallelConcurrent                               256         uniform  20260929   100000  avgt   15         2.578 ±    0.102   ms/op
AggregationBenchmark.parallelConcurrent:gc.alloc.rate                 256         uniform  20260929   100000  avgt   15       603.340 ±   24.863  MB/sec
AggregationBenchmark.parallelConcurrent:gc.alloc.rate.norm            256         uniform  20260929   100000  avgt   15   1629383.960 ± 1152.450    B/op
AggregationBenchmark.parallelConcurrent:gc.count                      256         uniform  20260929   100000  avgt   15        31.000             counts
AggregationBenchmark.parallelConcurrent:gc.time                       256         uniform  20260929   100000  avgt   15        60.000                 ms
AggregationBenchmark.parallelConcurrent                               256         uniform  20260929  1000000  avgt   15        21.199 ±    0.510   ms/op
AggregationBenchmark.parallelConcurrent:gc.alloc.rate                 256         uniform  20260929  1000000  avgt   15       721.458 ±   17.395  MB/sec
AggregationBenchmark.parallelConcurrent:gc.alloc.rate.norm            256         uniform  20260929  1000000  avgt   15  16033560.224 ±  590.273    B/op
AggregationBenchmark.parallelConcurrent:gc.count                      256         uniform  20260929  1000000  avgt   15        36.000             counts
AggregationBenchmark.parallelConcurrent:gc.time                       256         uniform  20260929  1000000  avgt   15        75.000                 ms
AggregationBenchmark.parallelConcurrent                               256           hot50  20260929    10000  avgt   15         0.832 ±    0.004   ms/op
AggregationBenchmark.parallelConcurrent:gc.alloc.rate                 256           hot50  20260929    10000  avgt   15       209.569 ±    0.926  MB/sec
AggregationBenchmark.parallelConcurrent:gc.alloc.rate.norm            256           hot50  20260929    10000  avgt   15    182846.185 ±  127.249    B/op
AggregationBenchmark.parallelConcurrent:gc.count                      256           hot50  20260929    10000  avgt   15        12.000             counts
AggregationBenchmark.parallelConcurrent:gc.time                       256           hot50  20260929    10000  avgt   15        23.000                 ms
AggregationBenchmark.parallelConcurrent                               256           hot50  20260929   100000  avgt   15         8.169 ±    0.086   ms/op
AggregationBenchmark.parallelConcurrent:gc.alloc.rate                 256           hot50  20260929   100000  avgt   15       190.168 ±    2.040  MB/sec
AggregationBenchmark.parallelConcurrent:gc.alloc.rate.norm            256           hot50  20260929   100000  avgt   15   1629393.716 ±  286.268    B/op
AggregationBenchmark.parallelConcurrent:gc.count                      256           hot50  20260929   100000  avgt   15         9.000             counts
AggregationBenchmark.parallelConcurrent:gc.time                       256           hot50  20260929   100000  avgt   15        26.000                 ms
AggregationBenchmark.parallelConcurrent                               256           hot50  20260929  1000000  avgt   15        81.915 ±    1.267   ms/op
AggregationBenchmark.parallelConcurrent:gc.alloc.rate                 256           hot50  20260929  1000000  avgt   15       186.590 ±    2.939  MB/sec
AggregationBenchmark.parallelConcurrent:gc.alloc.rate.norm            256           hot50  20260929  1000000  avgt   15  16031778.376 ±  799.936    B/op
AggregationBenchmark.parallelConcurrent:gc.count                      256           hot50  20260929  1000000  avgt   15        12.000             counts
AggregationBenchmark.parallelConcurrent:gc.time                       256           hot50  20260929  1000000  avgt   15        95.000                 ms
AggregationBenchmark.parallelConcurrent                               256           hot90  20260929    10000  avgt   15         1.154 ±    0.029   ms/op
AggregationBenchmark.parallelConcurrent:gc.alloc.rate                 256           hot90  20260929    10000  avgt   15       154.715 ±    3.959  MB/sec
AggregationBenchmark.parallelConcurrent:gc.alloc.rate.norm            256           hot90  20260929    10000  avgt   15    187231.965 ±  138.818    B/op
AggregationBenchmark.parallelConcurrent:gc.count                      256           hot90  20260929    10000  avgt   15         8.000             counts
AggregationBenchmark.parallelConcurrent:gc.time                       256           hot90  20260929    10000  avgt   15        17.000                 ms
AggregationBenchmark.parallelConcurrent                               256           hot90  20260929   100000  avgt   15        10.449 ±    0.452   ms/op
AggregationBenchmark.parallelConcurrent:gc.alloc.rate                 256           hot90  20260929   100000  avgt   15       148.713 ±    6.700  MB/sec
AggregationBenchmark.parallelConcurrent:gc.alloc.rate.norm            256           hot90  20260929   100000  avgt   15   1627306.296 ±  301.946    B/op
AggregationBenchmark.parallelConcurrent:gc.count                      256           hot90  20260929   100000  avgt   15         6.000             counts
AggregationBenchmark.parallelConcurrent:gc.time                       256           hot90  20260929   100000  avgt   15        15.000                 ms
AggregationBenchmark.parallelConcurrent                               256           hot90  20260929  1000000  avgt   15       106.507 ±    3.020   ms/op
AggregationBenchmark.parallelConcurrent:gc.alloc.rate                 256           hot90  20260929  1000000  avgt   15       143.613 ±    4.111  MB/sec
AggregationBenchmark.parallelConcurrent:gc.alloc.rate.norm            256           hot90  20260929  1000000  avgt   15  16034346.858 ±  939.281    B/op
AggregationBenchmark.parallelConcurrent:gc.count                      256           hot90  20260929  1000000  avgt   15         6.000             counts
AggregationBenchmark.parallelConcurrent:gc.time                       256           hot90  20260929  1000000  avgt   15        42.000                 ms
AggregationBenchmark.parallelMerge                                    256         uniform  20260929    10000  avgt   15         0.137 ±    0.001   ms/op
AggregationBenchmark.parallelMerge:gc.alloc.rate                      256         uniform  20260929    10000  avgt   15      3097.110 ±   20.084  MB/sec
AggregationBenchmark.parallelMerge:gc.alloc.rate.norm                 256         uniform  20260929    10000  avgt   15    446423.150 ±   13.787    B/op
AggregationBenchmark.parallelMerge:gc.count                           256         uniform  20260929    10000  avgt   15       152.000             counts
AggregationBenchmark.parallelMerge:gc.time                            256         uniform  20260929    10000  avgt   15        91.000                 ms
AggregationBenchmark.parallelMerge                                    256         uniform  20260929   100000  avgt   15         0.584 ±    0.010   ms/op
AggregationBenchmark.parallelMerge:gc.alloc.rate                      256         uniform  20260929   100000  avgt   15      3110.858 ±   51.158  MB/sec
AggregationBenchmark.parallelMerge:gc.alloc.rate.norm                 256         uniform  20260929   100000  avgt   15   1905931.610 ±    0.310    B/op
AggregationBenchmark.parallelMerge:gc.count                           256         uniform  20260929   100000  avgt   15       154.000             counts
AggregationBenchmark.parallelMerge:gc.time                            256         uniform  20260929   100000  avgt   15       100.000                 ms
AggregationBenchmark.parallelMerge                                    256         uniform  20260929  1000000  avgt   15         4.718 ±    0.043   ms/op
AggregationBenchmark.parallelMerge:gc.alloc.rate                      256         uniform  20260929  1000000  avgt   15      3295.802 ±   30.152  MB/sec
AggregationBenchmark.parallelMerge:gc.alloc.rate.norm                 256         uniform  20260929  1000000  avgt   15  16306006.437 ±    0.782    B/op
AggregationBenchmark.parallelMerge:gc.count                           256         uniform  20260929  1000000  avgt   15       163.000             counts
AggregationBenchmark.parallelMerge:gc.time                            256         uniform  20260929  1000000  avgt   15       112.000                 ms
AggregationBenchmark.parallelMerge                                    256           hot50  20260929    10000  avgt   15         0.136 ±    0.002   ms/op
AggregationBenchmark.parallelMerge:gc.alloc.rate                      256           hot50  20260929    10000  avgt   15      2759.264 ±   29.850  MB/sec
AggregationBenchmark.parallelMerge:gc.alloc.rate.norm                 256           hot50  20260929    10000  avgt   15    394584.748 ±   13.843    B/op
AggregationBenchmark.parallelMerge:gc.count                           256           hot50  20260929    10000  avgt   15       136.000             counts
AggregationBenchmark.parallelMerge:gc.time                            256           hot50  20260929    10000  avgt   15        81.000                 ms
AggregationBenchmark.parallelMerge                                    256           hot50  20260929   100000  avgt   15         0.584 ±    0.016   ms/op
AggregationBenchmark.parallelMerge:gc.alloc.rate                      256           hot50  20260929   100000  avgt   15      3111.143 ±   81.303  MB/sec
AggregationBenchmark.parallelMerge:gc.alloc.rate.norm                 256           hot50  20260929   100000  avgt   15   1905931.700 ±    0.216    B/op
AggregationBenchmark.parallelMerge:gc.count                           256           hot50  20260929   100000  avgt   15       153.000             counts
AggregationBenchmark.parallelMerge:gc.time                            256           hot50  20260929   100000  avgt   15       101.000                 ms
AggregationBenchmark.parallelMerge                                    256           hot50  20260929  1000000  avgt   15         4.990 ±    0.207   ms/op
AggregationBenchmark.parallelMerge:gc.alloc.rate                      256           hot50  20260929  1000000  avgt   15      3119.884 ±  133.142  MB/sec
AggregationBenchmark.parallelMerge:gc.alloc.rate.norm                 256           hot50  20260929  1000000  avgt   15  16306007.469 ±    4.379    B/op
AggregationBenchmark.parallelMerge:gc.count                           256           hot50  20260929  1000000  avgt   15       154.000             counts
AggregationBenchmark.parallelMerge:gc.time                            256           hot50  20260929  1000000  avgt   15       105.000                 ms
AggregationBenchmark.parallelMerge                                    256           hot90  20260929    10000  avgt   15         0.107 ±    0.002   ms/op
AggregationBenchmark.parallelMerge:gc.alloc.rate                      256           hot90  20260929    10000  avgt   15      2396.217 ±   48.283  MB/sec
AggregationBenchmark.parallelMerge:gc.alloc.rate.norm                 256           hot90  20260929    10000  avgt   15    268168.212 ±   15.826    B/op
AggregationBenchmark.parallelMerge:gc.count                           256           hot90  20260929    10000  avgt   15       118.000             counts
AggregationBenchmark.parallelMerge:gc.time                            256           hot90  20260929    10000  avgt   15        73.000                 ms
AggregationBenchmark.parallelMerge                                    256           hot90  20260929   100000  avgt   15         0.615 ±    0.007   ms/op
AggregationBenchmark.parallelMerge:gc.alloc.rate                      256           hot90  20260929   100000  avgt   15      2925.508 ±   33.051  MB/sec
AggregationBenchmark.parallelMerge:gc.alloc.rate.norm                 256           hot90  20260929   100000  avgt   15   1887555.659 ±    0.283    B/op
AggregationBenchmark.parallelMerge:gc.count                           256           hot90  20260929   100000  avgt   15       145.000             counts
AggregationBenchmark.parallelMerge:gc.time                            256           hot90  20260929   100000  avgt   15        92.000                 ms
AggregationBenchmark.parallelMerge                                    256           hot90  20260929  1000000  avgt   15         5.132 ±    0.203   ms/op
AggregationBenchmark.parallelMerge:gc.alloc.rate                      256           hot90  20260929  1000000  avgt   15      3032.988 ±  118.831  MB/sec
AggregationBenchmark.parallelMerge:gc.alloc.rate.norm                 256           hot90  20260929  1000000  avgt   15  16306009.673 ±    1.151    B/op
AggregationBenchmark.parallelMerge:gc.count                           256           hot90  20260929  1000000  avgt   15       150.000             counts
AggregationBenchmark.parallelMerge:gc.time                            256           hot90  20260929  1000000  avgt   15       102.000                 ms
AggregationBenchmark.sequential                                       256         uniform  20260929    10000  avgt   15         0.154 ±    0.002   ms/op
AggregationBenchmark.sequential:gc.alloc.rate                         256         uniform  20260929    10000  avgt   15      1105.334 ±   14.881  MB/sec
AggregationBenchmark.sequential:gc.alloc.rate.norm                    256         uniform  20260929    10000  avgt   15    178732.246 ±   24.930    B/op
AggregationBenchmark.sequential:gc.count                              256         uniform  20260929    10000  avgt   15        54.000             counts
AggregationBenchmark.sequential:gc.time                               256         uniform  20260929    10000  avgt   15        53.000                 ms
AggregationBenchmark.sequential                                       256         uniform  20260929   100000  avgt   15         1.369 ±    0.039   ms/op
AggregationBenchmark.sequential:gc.alloc.rate                         256         uniform  20260929   100000  avgt   15      1132.474 ±   31.833  MB/sec
AggregationBenchmark.sequential:gc.alloc.rate.norm                    256         uniform  20260929   100000  avgt   15   1624940.273 ±   36.689    B/op
AggregationBenchmark.sequential:gc.count                              256         uniform  20260929   100000  avgt   15        56.000             counts
AggregationBenchmark.sequential:gc.time                               256         uniform  20260929   100000  avgt   15        56.000                 ms
AggregationBenchmark.sequential                                       256         uniform  20260929  1000000  avgt   15        14.872 ±    0.052   ms/op
AggregationBenchmark.sequential:gc.alloc.rate                         256         uniform  20260929  1000000  avgt   15      1027.372 ±    3.600  MB/sec
AggregationBenchmark.sequential:gc.alloc.rate.norm                    256         uniform  20260929  1000000  avgt   15  16025071.594 ±    0.576    B/op
AggregationBenchmark.sequential:gc.count                              256         uniform  20260929  1000000  avgt   15        51.000             counts
AggregationBenchmark.sequential:gc.time                               256         uniform  20260929  1000000  avgt   15        52.000                 ms
AggregationBenchmark.sequential                                       256           hot50  20260929    10000  avgt   15         0.154 ±    0.002   ms/op
AggregationBenchmark.sequential:gc.alloc.rate                         256           hot50  20260929    10000  avgt   15      1109.350 ±   12.989  MB/sec
AggregationBenchmark.sequential:gc.alloc.rate.norm                    256           hot50  20260929    10000  avgt   15    178730.170 ±   20.609    B/op
AggregationBenchmark.sequential:gc.count                              256           hot50  20260929    10000  avgt   15        56.000             counts
AggregationBenchmark.sequential:gc.time                               256           hot50  20260929    10000  avgt   15        55.000                 ms
AggregationBenchmark.sequential                                       256           hot50  20260929   100000  avgt   15         1.370 ±    0.058   ms/op
AggregationBenchmark.sequential:gc.alloc.rate                         256           hot50  20260929   100000  avgt   15      1132.662 ±   46.990  MB/sec
AggregationBenchmark.sequential:gc.alloc.rate.norm                    256           hot50  20260929   100000  avgt   15   1624939.556 ±   38.000    B/op
AggregationBenchmark.sequential:gc.count                              256           hot50  20260929   100000  avgt   15        55.000             counts
AggregationBenchmark.sequential:gc.time                               256           hot50  20260929   100000  avgt   15        53.000                 ms
AggregationBenchmark.sequential                                       256           hot50  20260929  1000000  avgt   15        14.894 ±    0.135   ms/op
AggregationBenchmark.sequential:gc.alloc.rate                         256           hot50  20260929  1000000  avgt   15      1025.905 ±    9.233  MB/sec
AggregationBenchmark.sequential:gc.alloc.rate.norm                    256           hot50  20260929  1000000  avgt   15  16025072.008 ±    1.061    B/op
AggregationBenchmark.sequential:gc.count                              256           hot50  20260929  1000000  avgt   15        51.000             counts
AggregationBenchmark.sequential:gc.time                               256           hot50  20260929  1000000  avgt   15        53.000                 ms
AggregationBenchmark.sequential                                       256           hot90  20260929    10000  avgt   15         0.154 ±    0.002   ms/op
AggregationBenchmark.sequential:gc.alloc.rate                         256           hot90  20260929    10000  avgt   15      1105.227 ±   15.844  MB/sec
AggregationBenchmark.sequential:gc.alloc.rate.norm                    256           hot90  20260929    10000  avgt   15    178771.660 ±    6.073    B/op
AggregationBenchmark.sequential:gc.count                              256           hot90  20260929    10000  avgt   15        54.000             counts
AggregationBenchmark.sequential:gc.time                               256           hot90  20260929    10000  avgt   15        56.000                 ms
AggregationBenchmark.sequential                                       256           hot90  20260929   100000  avgt   15         1.458 ±    0.082   ms/op
AggregationBenchmark.sequential:gc.alloc.rate                         256           hot90  20260929   100000  avgt   15      1061.392 ±   58.000  MB/sec
AggregationBenchmark.sequential:gc.alloc.rate.norm                    256           hot90  20260929   100000  avgt   15   1618829.787 ±   36.253    B/op
AggregationBenchmark.sequential:gc.count                              256           hot90  20260929   100000  avgt   15        51.000             counts
AggregationBenchmark.sequential:gc.time                               256           hot90  20260929   100000  avgt   15        54.000                 ms
AggregationBenchmark.sequential                                       256           hot90  20260929  1000000  avgt   15        15.658 ±    0.325   ms/op
AggregationBenchmark.sequential:gc.alloc.rate                         256           hot90  20260929  1000000  avgt   15       976.081 ±   20.118  MB/sec
AggregationBenchmark.sequential:gc.alloc.rate.norm                    256           hot90  20260929  1000000  avgt   15  16025076.938 ±    2.394    B/op
AggregationBenchmark.sequential:gc.count                              256           hot90  20260929  1000000  avgt   15        48.000             counts
AggregationBenchmark.sequential:gc.time                               256           hot90  20260929  1000000  avgt   15        49.000                 ms

Benchmark result is saved to results-envB/full-20260929T221044Z.auBohi/jmh.json
