WARNING: A terminally deprecated method in sun.misc.Unsafe has been called
WARNING: sun.misc.Unsafe::objectFieldOffset has been called by org.openjdk.jmh.util.Utils (file:/Users/jaehyeon/Documents/Obsidian%20Vault/2026/04.%ed%98%b8%ec%84%9c%eb%8c%80%ed%95%99%ea%b5%90/11.%ec%b0%a8%ec%84%b8%eb%8c%80%ec%bb%b4%ed%93%a8%ed%8c%85%ed%95%99%ed%9a%8c%eb%85%bc%eb%ac%b8/JavaStream_%ed%82%a4%ed%8e%b8%ed%96%a5/.deps/jmh-core-1.37.jar)
WARNING: Please consider reporting this to the maintainers of class org.openjdk.jmh.util.Utils
WARNING: sun.misc.Unsafe::objectFieldOffset will be removed in a future release
# JMH version: 1.37
# VM version: JDK 25.0.4.1, OpenJDK 64-Bit Server VM, 25.0.4.1+1-LTS
# VM invoker: /Users/jaehyeon/Library/Java/JavaVirtualMachines/temurin-25.0.4.1/Contents/Home/bin/java
# VM options: -Xms512m -Xmx512m -Djava.util.concurrent.ForkJoinPool.common.parallelism=3
# Blackhole mode: compiler (auto-detected, use -Djmh.blackhole.autoDetect=false to disable)
# Warmup: 5 iterations, 1 s each
# Measurement: 5 iterations, 1 s each
# Timeout: 10 min per iteration
# Threads: 1 thread, will synchronize iterations
# Benchmark mode: Average time, time/op
# Benchmark: research.skew.AggregationBenchmark.parallelConcurrent
# Parameters: (cardinality = 1024, distribution = uniform, seed = 20260929, size = 100000)

# Run progress: 0.00% complete, ETA 00:18:00
# Fork: 1 of 3
WARNING: A terminally deprecated method in sun.misc.Unsafe has been called
WARNING: sun.misc.Unsafe::objectFieldOffset has been called by org.openjdk.jmh.util.Utils (file:/Users/jaehyeon/Documents/Obsidian%20Vault/2026/04.%ed%98%b8%ec%84%9c%eb%8c%80%ed%95%99%ea%b5%90/11.%ec%b0%a8%ec%84%b8%eb%8c%80%ec%bb%b4%ed%93%a8%ed%8c%85%ed%95%99%ed%9a%8c%eb%85%bc%eb%ac%b8/JavaStream_%ed%82%a4%ed%8e%b8%ed%96%a5/.deps/jmh-core-1.37.jar)
WARNING: Please consider reporting this to the maintainers of class org.openjdk.jmh.util.Utils
WARNING: sun.misc.Unsafe::objectFieldOffset will be removed in a future release
# Warmup Iteration   1: Input: n=100000, keys=1024, observedHotFraction=0.000980, poolParallelism=3, availableProcessors=10
1.406 ms/op
# Warmup Iteration   2: 1.368 ms/op
# Warmup Iteration   3: 1.356 ms/op
# Warmup Iteration   4: 1.357 ms/op
# Warmup Iteration   5: 1.358 ms/op
Iteration   1: 1.351 ms/op
                 gc.alloc.rate:      1187.089 MB/sec
                 gc.alloc.rate.norm: 1681585.925 B/op
                 gc.count:           4.000 counts
                 gc.time:            2.000 ms

Iteration   2: 1.355 ms/op
                 gc.alloc.rate:      1183.783 MB/sec
                 gc.alloc.rate.norm: 1681599.253 B/op
                 gc.count:           4.000 counts
                 gc.time:            2.000 ms

Iteration   3: 1.359 ms/op
                 gc.alloc.rate:      1179.616 MB/sec
                 gc.alloc.rate.norm: 1681527.645 B/op
                 gc.count:           4.000 counts
                 gc.time:            1.000 ms

Iteration   4: 1.360 ms/op
                 gc.alloc.rate:      1178.651 MB/sec
                 gc.alloc.rate.norm: 1681526.493 B/op
                 gc.count:           4.000 counts
                 gc.time:            2.000 ms

Iteration   5: 1.353 ms/op
                 gc.alloc.rate:      1184.987 MB/sec
                 gc.alloc.rate.norm: 1681546.056 B/op
                 gc.count:           4.000 counts
                 gc.time:            2.000 ms


# Run progress: 0.93% complete, ETA 00:18:18
# Fork: 2 of 3
WARNING: A terminally deprecated method in sun.misc.Unsafe has been called
WARNING: sun.misc.Unsafe::objectFieldOffset has been called by org.openjdk.jmh.util.Utils (file:/Users/jaehyeon/Documents/Obsidian%20Vault/2026/04.%ed%98%b8%ec%84%9c%eb%8c%80%ed%95%99%ea%b5%90/11.%ec%b0%a8%ec%84%b8%eb%8c%80%ec%bb%b4%ed%93%a8%ed%8c%85%ed%95%99%ed%9a%8c%eb%85%bc%eb%ac%b8/JavaStream_%ed%82%a4%ed%8e%b8%ed%96%a5/.deps/jmh-core-1.37.jar)
WARNING: Please consider reporting this to the maintainers of class org.openjdk.jmh.util.Utils
WARNING: sun.misc.Unsafe::objectFieldOffset will be removed in a future release
# Warmup Iteration   1: Input: n=100000, keys=1024, observedHotFraction=0.000980, poolParallelism=3, availableProcessors=10
1.411 ms/op
# Warmup Iteration   2: 1.374 ms/op
# Warmup Iteration   3: 1.361 ms/op
# Warmup Iteration   4: 1.371 ms/op
# Warmup Iteration   5: 1.361 ms/op
Iteration   1: 1.362 ms/op
                 gc.alloc.rate:      1177.618 MB/sec
                 gc.alloc.rate.norm: 1681653.854 B/op
                 gc.count:           4.000 counts
                 gc.time:            2.000 ms

Iteration   2: 1.362 ms/op
                 gc.alloc.rate:      1177.142 MB/sec
                 gc.alloc.rate.norm: 1681582.163 B/op
                 gc.count:           4.000 counts
                 gc.time:            2.000 ms

Iteration   3: 1.365 ms/op
                 gc.alloc.rate:      1174.580 MB/sec
                 gc.alloc.rate.norm: 1681629.665 B/op
                 gc.count:           4.000 counts
                 gc.time:            2.000 ms

Iteration   4: 1.361 ms/op
                 gc.alloc.rate:      1177.865 MB/sec
                 gc.alloc.rate.norm: 1681567.957 B/op
                 gc.count:           4.000 counts
                 gc.time:            2.000 ms

Iteration   5: 1.368 ms/op
                 gc.alloc.rate:      1172.028 MB/sec
                 gc.alloc.rate.norm: 1681581.326 B/op
                 gc.count:           4.000 counts
                 gc.time:            2.000 ms


# Run progress: 1.85% complete, ETA 00:18:07
# Fork: 3 of 3
WARNING: A terminally deprecated method in sun.misc.Unsafe has been called
WARNING: sun.misc.Unsafe::objectFieldOffset has been called by org.openjdk.jmh.util.Utils (file:/Users/jaehyeon/Documents/Obsidian%20Vault/2026/04.%ed%98%b8%ec%84%9c%eb%8c%80%ed%95%99%ea%b5%90/11.%ec%b0%a8%ec%84%b8%eb%8c%80%ec%bb%b4%ed%93%a8%ed%8c%85%ed%95%99%ed%9a%8c%eb%85%bc%eb%ac%b8/JavaStream_%ed%82%a4%ed%8e%b8%ed%96%a5/.deps/jmh-core-1.37.jar)
WARNING: Please consider reporting this to the maintainers of class org.openjdk.jmh.util.Utils
WARNING: sun.misc.Unsafe::objectFieldOffset will be removed in a future release
# Warmup Iteration   1: Input: n=100000, keys=1024, observedHotFraction=0.000980, poolParallelism=3, availableProcessors=10
1.404 ms/op
# Warmup Iteration   2: 1.375 ms/op
# Warmup Iteration   3: 1.352 ms/op
# Warmup Iteration   4: 1.389 ms/op
# Warmup Iteration   5: 1.348 ms/op
Iteration   1: 1.357 ms/op
                 gc.alloc.rate:      1181.556 MB/sec
                 gc.alloc.rate.norm: 1681652.725 B/op
                 gc.count:           4.000 counts
                 gc.time:            2.000 ms

Iteration   2: 1.364 ms/op
                 gc.alloc.rate:      1175.291 MB/sec
                 gc.alloc.rate.norm: 1681638.888 B/op
                 gc.count:           4.000 counts
                 gc.time:            1.000 ms

Iteration   3: 1.365 ms/op
                 gc.alloc.rate:      1174.763 MB/sec
                 gc.alloc.rate.norm: 1681587.935 B/op
                 gc.count:           4.000 counts
                 gc.time:            2.000 ms

Iteration   4: 1.346 ms/op
                 gc.alloc.rate:      1191.183 MB/sec
                 gc.alloc.rate.norm: 1681627.068 B/op
                 gc.count:           4.000 counts
                 gc.time:            2.000 ms

Iteration   5: 1.348 ms/op
                 gc.alloc.rate:      1189.860 MB/sec
                 gc.alloc.rate.norm: 1681528.333 B/op
                 gc.count:           4.000 counts
                 gc.time:            2.000 ms



Result "research.skew.AggregationBenchmark.parallelConcurrent":
  1.358 ±(99.9%) 0.007 ms/op [Average]
  (min, avg, max) = (1.346, 1.358, 1.368), stdev = 0.007
  CI (99.9%): [1.351, 1.366] (assumes normal distribution)

Secondary result "research.skew.AggregationBenchmark.parallelConcurrent:gc.alloc.rate":
  1180.401 ±(99.9%) 6.225 MB/sec [Average]
  (min, avg, max) = (1172.028, 1180.401, 1191.183), stdev = 5.822
  CI (99.9%): [1174.176, 1186.625] (assumes normal distribution)

Secondary result "research.skew.AggregationBenchmark.parallelConcurrent:gc.alloc.rate.norm":
  1681589.019 ±(99.9%) 47.569 B/op [Average]
  (min, avg, max) = (1681526.493, 1681589.019, 1681653.854), stdev = 44.496
  CI (99.9%): [1681541.450, 1681636.588] (assumes normal distribution)

Secondary result "research.skew.AggregationBenchmark.parallelConcurrent:gc.count":
  60.000 ±(99.9%) 0.001 counts [Sum]
  (min, avg, max) = (4.000, 4.000, 4.000), stdev = 0.001
  CI (99.9%): [60.000, 60.000] (assumes normal distribution)

Secondary result "research.skew.AggregationBenchmark.parallelConcurrent:gc.time":
  28.000 ±(99.9%) 0.001 ms [Sum]
  (min, avg, max) = (1.000, 1.867, 2.000), stdev = 0.352
  CI (99.9%): [28.000, 28.000] (assumes normal distribution)


# JMH version: 1.37
# VM version: JDK 25.0.4.1, OpenJDK 64-Bit Server VM, 25.0.4.1+1-LTS
# VM invoker: /Users/jaehyeon/Library/Java/JavaVirtualMachines/temurin-25.0.4.1/Contents/Home/bin/java
# VM options: -Xms512m -Xmx512m -Djava.util.concurrent.ForkJoinPool.common.parallelism=3
# Blackhole mode: compiler (auto-detected, use -Djmh.blackhole.autoDetect=false to disable)
# Warmup: 5 iterations, 1 s each
# Measurement: 5 iterations, 1 s each
# Timeout: 10 min per iteration
# Threads: 1 thread, will synchronize iterations
# Benchmark mode: Average time, time/op
# Benchmark: research.skew.AggregationBenchmark.parallelConcurrent
# Parameters: (cardinality = 1024, distribution = hot50, seed = 20260929, size = 100000)

# Run progress: 2.78% complete, ETA 00:17:56
# Fork: 1 of 3
WARNING: A terminally deprecated method in sun.misc.Unsafe has been called
WARNING: sun.misc.Unsafe::objectFieldOffset has been called by org.openjdk.jmh.util.Utils (file:/Users/jaehyeon/Documents/Obsidian%20Vault/2026/04.%ed%98%b8%ec%84%9c%eb%8c%80%ed%95%99%ea%b5%90/11.%ec%b0%a8%ec%84%b8%eb%8c%80%ec%bb%b4%ed%93%a8%ed%8c%85%ed%95%99%ed%9a%8c%eb%85%bc%eb%ac%b8/JavaStream_%ed%82%a4%ed%8e%b8%ed%96%a5/.deps/jmh-core-1.37.jar)
WARNING: Please consider reporting this to the maintainers of class org.openjdk.jmh.util.Utils
WARNING: sun.misc.Unsafe::objectFieldOffset will be removed in a future release
# Warmup Iteration   1: Input: n=100000, keys=1024, observedHotFraction=0.500000, poolParallelism=3, availableProcessors=10
5.039 ms/op
# Warmup Iteration   2: 4.839 ms/op
# Warmup Iteration   3: 4.783 ms/op
# Warmup Iteration   4: 4.809 ms/op
# Warmup Iteration   5: 4.847 ms/op
Iteration   1: 4.863 ms/op
                 gc.alloc.rate:      329.679 MB/sec
                 gc.alloc.rate.norm: 1681093.654 B/op
                 gc.count:           1.000 counts
                 gc.time:            1.000 ms

Iteration   2: 4.857 ms/op
                 gc.alloc.rate:      330.013 MB/sec
                 gc.alloc.rate.norm: 1680985.808 B/op
                 gc.count:           2.000 counts
                 gc.time:            2.000 ms

Iteration   3: 4.826 ms/op
                 gc.alloc.rate:      332.142 MB/sec
                 gc.alloc.rate.norm: 1680978.895 B/op
                 gc.count:           1.000 counts
                 gc.time:            1.000 ms

Iteration   4: 4.850 ms/op
                 gc.alloc.rate:      330.511 MB/sec
                 gc.alloc.rate.norm: 1681072.957 B/op
                 gc.count:           1.000 counts
                 gc.time:            1.000 ms

Iteration   5: 4.791 ms/op
                 gc.alloc.rate:      334.638 MB/sec
                 gc.alloc.rate.norm: 1681263.090 B/op
                 gc.count:           1.000 counts
                 gc.time:            1.000 ms


# Run progress: 3.70% complete, ETA 00:17:47
# Fork: 2 of 3
WARNING: A terminally deprecated method in sun.misc.Unsafe has been called
WARNING: sun.misc.Unsafe::objectFieldOffset has been called by org.openjdk.jmh.util.Utils (file:/Users/jaehyeon/Documents/Obsidian%20Vault/2026/04.%ed%98%b8%ec%84%9c%eb%8c%80%ed%95%99%ea%b5%90/11.%ec%b0%a8%ec%84%b8%eb%8c%80%ec%bb%b4%ed%93%a8%ed%8c%85%ed%95%99%ed%9a%8c%eb%85%bc%eb%ac%b8/JavaStream_%ed%82%a4%ed%8e%b8%ed%96%a5/.deps/jmh-core-1.37.jar)
WARNING: Please consider reporting this to the maintainers of class org.openjdk.jmh.util.Utils
WARNING: sun.misc.Unsafe::objectFieldOffset will be removed in a future release
# Warmup Iteration   1: Input: n=100000, keys=1024, observedHotFraction=0.500000, poolParallelism=3, availableProcessors=10
4.934 ms/op
# Warmup Iteration   2: 4.774 ms/op
# Warmup Iteration   3: 4.718 ms/op
# Warmup Iteration   4: 4.738 ms/op
# Warmup Iteration   5: 4.736 ms/op
Iteration   1: 4.661 ms/op
                 gc.alloc.rate:      343.883 MB/sec
                 gc.alloc.rate.norm: 1680980.829 B/op
                 gc.count:           2.000 counts
                 gc.time:            2.000 ms

Iteration   2: 4.683 ms/op
                 gc.alloc.rate:      342.294 MB/sec
                 gc.alloc.rate.norm: 1680981.852 B/op
                 gc.count:           1.000 counts
                 gc.time:            1.000 ms

Iteration   3: 4.700 ms/op
                 gc.alloc.rate:      341.063 MB/sec
                 gc.alloc.rate.norm: 1680968.447 B/op
                 gc.count:           1.000 counts
                 gc.time:            1.000 ms

Iteration   4: 4.751 ms/op
                 gc.alloc.rate:      337.388 MB/sec
                 gc.alloc.rate.norm: 1680991.775 B/op
                 gc.count:           1.000 counts
                 gc.time:            1.000 ms

Iteration   5: 4.659 ms/op
                 gc.alloc.rate:      344.079 MB/sec
                 gc.alloc.rate.norm: 1681002.839 B/op
                 gc.count:           1.000 counts
                 gc.time:            1.000 ms


# Run progress: 4.63% complete, ETA 00:17:37
# Fork: 3 of 3
WARNING: A terminally deprecated method in sun.misc.Unsafe has been called
WARNING: sun.misc.Unsafe::objectFieldOffset has been called by org.openjdk.jmh.util.Utils (file:/Users/jaehyeon/Documents/Obsidian%20Vault/2026/04.%ed%98%b8%ec%84%9c%eb%8c%80%ed%95%99%ea%b5%90/11.%ec%b0%a8%ec%84%b8%eb%8c%80%ec%bb%b4%ed%93%a8%ed%8c%85%ed%95%99%ed%9a%8c%eb%85%bc%eb%ac%b8/JavaStream_%ed%82%a4%ed%8e%b8%ed%96%a5/.deps/jmh-core-1.37.jar)
WARNING: Please consider reporting this to the maintainers of class org.openjdk.jmh.util.Utils
WARNING: sun.misc.Unsafe::objectFieldOffset will be removed in a future release
# Warmup Iteration   1: Input: n=100000, keys=1024, observedHotFraction=0.500000, poolParallelism=3, availableProcessors=10
4.763 ms/op
# Warmup Iteration   2: 4.600 ms/op
# Warmup Iteration   3: 4.562 ms/op
# Warmup Iteration   4: 4.573 ms/op
# Warmup Iteration   5: 4.590 ms/op
Iteration   1: 4.642 ms/op
                 gc.alloc.rate:      345.309 MB/sec
                 gc.alloc.rate.norm: 1680960.917 B/op
                 gc.count:           1.000 counts
                 gc.time:            1.000 ms

Iteration   2: 4.541 ms/op
                 gc.alloc.rate:      353.017 MB/sec
                 gc.alloc.rate.norm: 1681107.480 B/op
                 gc.count:           1.000 counts
                 gc.time:            1.000 ms

Iteration   3: 4.541 ms/op
                 gc.alloc.rate:      352.998 MB/sec
                 gc.alloc.rate.norm: 1681032.825 B/op
                 gc.count:           1.000 counts
                 gc.time:            1.000 ms

Iteration   4: 4.606 ms/op
                 gc.alloc.rate:      347.994 MB/sec
                 gc.alloc.rate.norm: 1680951.236 B/op
                 gc.count:           1.000 counts
                 gc.time:            1.000 ms

Iteration   5: 4.540 ms/op
                 gc.alloc.rate:      353.096 MB/sec
                 gc.alloc.rate.norm: 1680941.309 B/op
                 gc.count:           2.000 counts
                 gc.time:            3.000 ms



Result "research.skew.AggregationBenchmark.parallelConcurrent":
  4.701 ±(99.9%) 0.125 ms/op [Average]
  (min, avg, max) = (4.540, 4.701, 4.863), stdev = 0.117
  CI (99.9%): [4.575, 4.826] (assumes normal distribution)

Secondary result "research.skew.AggregationBenchmark.parallelConcurrent:gc.alloc.rate":
  341.207 ±(99.9%) 9.089 MB/sec [Average]
  (min, avg, max) = (329.679, 341.207, 353.096), stdev = 8.502
  CI (99.9%): [332.118, 350.296] (assumes normal distribution)

Secondary result "research.skew.AggregationBenchmark.parallelConcurrent:gc.alloc.rate.norm":
  1681020.928 ±(99.9%) 89.961 B/op [Average]
  (min, avg, max) = (1680941.309, 1681020.928, 1681263.090), stdev = 84.149
  CI (99.9%): [1680930.967, 1681110.888] (assumes normal distribution)

Secondary result "research.skew.AggregationBenchmark.parallelConcurrent:gc.count":
  18.000 ±(99.9%) 0.001 counts [Sum]
  (min, avg, max) = (1.000, 1.200, 2.000), stdev = 0.414
  CI (99.9%): [18.000, 18.000] (assumes normal distribution)

Secondary result "research.skew.AggregationBenchmark.parallelConcurrent:gc.time":
  19.000 ±(99.9%) 0.001 ms [Sum]
  (min, avg, max) = (1.000, 1.267, 3.000), stdev = 0.594
  CI (99.9%): [19.000, 19.000] (assumes normal distribution)


# JMH version: 1.37
# VM version: JDK 25.0.4.1, OpenJDK 64-Bit Server VM, 25.0.4.1+1-LTS
# VM invoker: /Users/jaehyeon/Library/Java/JavaVirtualMachines/temurin-25.0.4.1/Contents/Home/bin/java
# VM options: -Xms512m -Xmx512m -Djava.util.concurrent.ForkJoinPool.common.parallelism=3
# Blackhole mode: compiler (auto-detected, use -Djmh.blackhole.autoDetect=false to disable)
# Warmup: 5 iterations, 1 s each
# Measurement: 5 iterations, 1 s each
# Timeout: 10 min per iteration
# Threads: 1 thread, will synchronize iterations
# Benchmark mode: Average time, time/op
# Benchmark: research.skew.AggregationBenchmark.parallelConcurrent
# Parameters: (cardinality = 1024, distribution = hot90, seed = 20260929, size = 100000)

# Run progress: 5.56% complete, ETA 00:17:27
# Fork: 1 of 3
WARNING: A terminally deprecated method in sun.misc.Unsafe has been called
WARNING: sun.misc.Unsafe::objectFieldOffset has been called by org.openjdk.jmh.util.Utils (file:/Users/jaehyeon/Documents/Obsidian%20Vault/2026/04.%ed%98%b8%ec%84%9c%eb%8c%80%ed%95%99%ea%b5%90/11.%ec%b0%a8%ec%84%b8%eb%8c%80%ec%bb%b4%ed%93%a8%ed%8c%85%ed%95%99%ed%9a%8c%eb%85%bc%eb%ac%b8/JavaStream_%ed%82%a4%ed%8e%b8%ed%96%a5/.deps/jmh-core-1.37.jar)
WARNING: Please consider reporting this to the maintainers of class org.openjdk.jmh.util.Utils
WARNING: sun.misc.Unsafe::objectFieldOffset will be removed in a future release
# Warmup Iteration   1: Input: n=100000, keys=1024, observedHotFraction=0.900000, poolParallelism=3, availableProcessors=10
7.791 ms/op
# Warmup Iteration   2: 8.147 ms/op
# Warmup Iteration   3: 7.969 ms/op
# Warmup Iteration   4: 7.979 ms/op
# Warmup Iteration   5: 8.848 ms/op
Iteration   1: 8.075 ms/op
                 gc.alloc.rate:      199.405 MB/sec
                 gc.alloc.rate.norm: 1688663.746 B/op
                 gc.count:           1.000 counts
                 gc.time:            1.000 ms

Iteration   2: 7.830 ms/op
                 gc.alloc.rate:      205.756 MB/sec
                 gc.alloc.rate.norm: 1689452.985 B/op
                 gc.count:           ≈ 0 counts

Iteration   3: 8.128 ms/op
                 gc.alloc.rate:      198.251 MB/sec
                 gc.alloc.rate.norm: 1689784.323 B/op
                 gc.count:           1.000 counts
                 gc.time:            1.000 ms

Iteration   4: 8.294 ms/op
                 gc.alloc.rate:      194.369 MB/sec
                 gc.alloc.rate.norm: 1690645.770 B/op
                 gc.count:           1.000 counts
                 gc.time:            1.000 ms

Iteration   5: 8.061 ms/op
                 gc.alloc.rate:      199.723 MB/sec
                 gc.alloc.rate.norm: 1688332.381 B/op
                 gc.count:           ≈ 0 counts


# Run progress: 6.48% complete, ETA 00:17:17
# Fork: 2 of 3
WARNING: A terminally deprecated method in sun.misc.Unsafe has been called
WARNING: sun.misc.Unsafe::objectFieldOffset has been called by org.openjdk.jmh.util.Utils (file:/Users/jaehyeon/Documents/Obsidian%20Vault/2026/04.%ed%98%b8%ec%84%9c%eb%8c%80%ed%95%99%ea%b5%90/11.%ec%b0%a8%ec%84%b8%eb%8c%80%ec%bb%b4%ed%93%a8%ed%8c%85%ed%95%99%ed%9a%8c%eb%85%bc%eb%ac%b8/JavaStream_%ed%82%a4%ed%8e%b8%ed%96%a5/.deps/jmh-core-1.37.jar)
WARNING: Please consider reporting this to the maintainers of class org.openjdk.jmh.util.Utils
WARNING: sun.misc.Unsafe::objectFieldOffset will be removed in a future release
# Warmup Iteration   1: Input: n=100000, keys=1024, observedHotFraction=0.900000, poolParallelism=3, availableProcessors=10
7.753 ms/op
# Warmup Iteration   2: 8.031 ms/op
# Warmup Iteration   3: 7.792 ms/op
# Warmup Iteration   4: 8.379 ms/op
# Warmup Iteration   5: 8.036 ms/op
Iteration   1: 8.304 ms/op
                 gc.alloc.rate:      194.385 MB/sec
                 gc.alloc.rate.norm: 1692843.082 B/op
                 gc.count:           1.000 counts
                 gc.time:            1.000 ms

Iteration   2: 8.719 ms/op
                 gc.alloc.rate:      184.741 MB/sec
                 gc.alloc.rate.norm: 1689221.517 B/op
                 gc.count:           ≈ 0 counts

Iteration   3: 7.935 ms/op
                 gc.alloc.rate:      203.145 MB/sec
                 gc.alloc.rate.norm: 1690383.442 B/op
                 gc.count:           1.000 counts
                 gc.time:            1.000 ms

Iteration   4: 7.756 ms/op
                 gc.alloc.rate:      207.574 MB/sec
                 gc.alloc.rate.norm: 1688218.748 B/op
                 gc.count:           1.000 counts
                 gc.time:            1.000 ms

Iteration   5: 8.044 ms/op
                 gc.alloc.rate:      200.240 MB/sec
                 gc.alloc.rate.norm: 1689241.651 B/op
                 gc.count:           1.000 counts
                 gc.time:            1.000 ms


# Run progress: 7.41% complete, ETA 00:17:07
# Fork: 3 of 3
WARNING: A terminally deprecated method in sun.misc.Unsafe has been called
WARNING: sun.misc.Unsafe::objectFieldOffset has been called by org.openjdk.jmh.util.Utils (file:/Users/jaehyeon/Documents/Obsidian%20Vault/2026/04.%ed%98%b8%ec%84%9c%eb%8c%80%ed%95%99%ea%b5%90/11.%ec%b0%a8%ec%84%b8%eb%8c%80%ec%bb%b4%ed%93%a8%ed%8c%85%ed%95%99%ed%9a%8c%eb%85%bc%eb%ac%b8/JavaStream_%ed%82%a4%ed%8e%b8%ed%96%a5/.deps/jmh-core-1.37.jar)
WARNING: Please consider reporting this to the maintainers of class org.openjdk.jmh.util.Utils
WARNING: sun.misc.Unsafe::objectFieldOffset will be removed in a future release
# Warmup Iteration   1: Input: n=100000, keys=1024, observedHotFraction=0.900000, poolParallelism=3, availableProcessors=10
7.617 ms/op
# Warmup Iteration   2: 7.690 ms/op
# Warmup Iteration   3: 7.820 ms/op
# Warmup Iteration   4: 7.945 ms/op
# Warmup Iteration   5: 7.554 ms/op
Iteration   1: 7.852 ms/op
                 gc.alloc.rate:      205.104 MB/sec
                 gc.alloc.rate.norm: 1688859.535 B/op
                 gc.count:           1.000 counts
                 gc.time:            1.000 ms

Iteration   2: 7.680 ms/op
                 gc.alloc.rate:      209.672 MB/sec
                 gc.alloc.rate.norm: 1688625.805 B/op
                 gc.count:           1.000 counts
                 gc.time:            1.000 ms

Iteration   3: 7.713 ms/op
                 gc.alloc.rate:      208.655 MB/sec
                 gc.alloc.rate.norm: 1687683.176 B/op
                 gc.count:           ≈ 0 counts

Iteration   4: 6.799 ms/op
                 gc.alloc.rate:      236.767 MB/sec
                 gc.alloc.rate.norm: 1688080.483 B/op
                 gc.count:           1.000 counts
                 gc.time:            1.000 ms

Iteration   5: 8.035 ms/op
                 gc.alloc.rate:      200.705 MB/sec
                 gc.alloc.rate.norm: 1691213.039 B/op
                 gc.count:           1.000 counts
                 gc.time:            1.000 ms



Result "research.skew.AggregationBenchmark.parallelConcurrent":
  7.948 ±(99.9%) 0.445 ms/op [Average]
  (min, avg, max) = (6.799, 7.948, 8.719), stdev = 0.416
  CI (99.9%): [7.503, 8.394] (assumes normal distribution)

Secondary result "research.skew.AggregationBenchmark.parallelConcurrent:gc.alloc.rate":
  203.233 ±(99.9%) 12.088 MB/sec [Average]
  (min, avg, max) = (184.741, 203.233, 236.767), stdev = 11.308
  CI (99.9%): [191.144, 215.321] (assumes normal distribution)

Secondary result "research.skew.AggregationBenchmark.parallelConcurrent:gc.alloc.rate.norm":
  1689416.645 ±(99.9%) 1471.426 B/op [Average]
  (min, avg, max) = (1687683.176, 1689416.645, 1692843.082), stdev = 1376.373
  CI (99.9%): [1687945.219, 1690888.072] (assumes normal distribution)

Secondary result "research.skew.AggregationBenchmark.parallelConcurrent:gc.count":
  11.000 ±(99.9%) 0.001 counts [Sum]
  (min, avg, max) = (≈ 0, 0.733, 1.000), stdev = 0.458
  CI (99.9%): [11.000, 11.000] (assumes normal distribution)

Secondary result "research.skew.AggregationBenchmark.parallelConcurrent:gc.time":
  11.000 ±(99.9%) 0.001 ms [Sum]
  (min, avg, max) = (≈ 0, 0.733, 1.000), stdev = 0.458
  CI (99.9%): [11.000, 11.000] (assumes normal distribution)


# JMH version: 1.37
# VM version: JDK 25.0.4.1, OpenJDK 64-Bit Server VM, 25.0.4.1+1-LTS
# VM invoker: /Users/jaehyeon/Library/Java/JavaVirtualMachines/temurin-25.0.4.1/Contents/Home/bin/java
# VM options: -Xms512m -Xmx512m -Djava.util.concurrent.ForkJoinPool.common.parallelism=3
# Blackhole mode: compiler (auto-detected, use -Djmh.blackhole.autoDetect=false to disable)
# Warmup: 5 iterations, 1 s each
# Measurement: 5 iterations, 1 s each
# Timeout: 10 min per iteration
# Threads: 1 thread, will synchronize iterations
# Benchmark mode: Average time, time/op
# Benchmark: research.skew.AggregationBenchmark.parallelConcurrent
# Parameters: (cardinality = 2048, distribution = uniform, seed = 20260929, size = 100000)

# Run progress: 8.33% complete, ETA 00:16:58
# Fork: 1 of 3
WARNING: A terminally deprecated method in sun.misc.Unsafe has been called
WARNING: sun.misc.Unsafe::objectFieldOffset has been called by org.openjdk.jmh.util.Utils (file:/Users/jaehyeon/Documents/Obsidian%20Vault/2026/04.%ed%98%b8%ec%84%9c%eb%8c%80%ed%95%99%ea%b5%90/11.%ec%b0%a8%ec%84%b8%eb%8c%80%ec%bb%b4%ed%93%a8%ed%8c%85%ed%95%99%ed%9a%8c%eb%85%bc%eb%ac%b8/JavaStream_%ed%82%a4%ed%8e%b8%ed%96%a5/.deps/jmh-core-1.37.jar)
WARNING: Please consider reporting this to the maintainers of class org.openjdk.jmh.util.Utils
WARNING: sun.misc.Unsafe::objectFieldOffset will be removed in a future release
# Warmup Iteration   1: Input: n=100000, keys=2048, observedHotFraction=0.000490, poolParallelism=3, availableProcessors=10
1.378 ms/op
# Warmup Iteration   2: 1.332 ms/op
# Warmup Iteration   3: 1.329 ms/op
# Warmup Iteration   4: 1.324 ms/op
# Warmup Iteration   5: 1.322 ms/op
Iteration   1: 1.327 ms/op
                 gc.alloc.rate:      1264.800 MB/sec
                 gc.alloc.rate.norm: 1759920.462 B/op
                 gc.count:           4.000 counts
                 gc.time:            3.000 ms

Iteration   2: 1.328 ms/op
                 gc.alloc.rate:      1264.075 MB/sec
                 gc.alloc.rate.norm: 1759928.284 B/op
                 gc.count:           4.000 counts
                 gc.time:            2.000 ms

Iteration   3: 1.336 ms/op
                 gc.alloc.rate:      1255.919 MB/sec
                 gc.alloc.rate.norm: 1759849.746 B/op
                 gc.count:           4.000 counts
                 gc.time:            2.000 ms

Iteration   4: 1.328 ms/op
                 gc.alloc.rate:      1263.404 MB/sec
                 gc.alloc.rate.norm: 1759845.120 B/op
                 gc.count:           5.000 counts
                 gc.time:            2.000 ms

Iteration   5: 1.329 ms/op
                 gc.alloc.rate:      1262.525 MB/sec
                 gc.alloc.rate.norm: 1759922.316 B/op
                 gc.count:           4.000 counts
                 gc.time:            2.000 ms


# Run progress: 9.26% complete, ETA 00:16:47
# Fork: 2 of 3
WARNING: A terminally deprecated method in sun.misc.Unsafe has been called
WARNING: sun.misc.Unsafe::objectFieldOffset has been called by org.openjdk.jmh.util.Utils (file:/Users/jaehyeon/Documents/Obsidian%20Vault/2026/04.%ed%98%b8%ec%84%9c%eb%8c%80%ed%95%99%ea%b5%90/11.%ec%b0%a8%ec%84%b8%eb%8c%80%ec%bb%b4%ed%93%a8%ed%8c%85%ed%95%99%ed%9a%8c%eb%85%bc%eb%ac%b8/JavaStream_%ed%82%a4%ed%8e%b8%ed%96%a5/.deps/jmh-core-1.37.jar)
WARNING: Please consider reporting this to the maintainers of class org.openjdk.jmh.util.Utils
WARNING: sun.misc.Unsafe::objectFieldOffset will be removed in a future release
# Warmup Iteration   1: Input: n=100000, keys=2048, observedHotFraction=0.000490, poolParallelism=3, availableProcessors=10
1.391 ms/op
# Warmup Iteration   2: 1.350 ms/op
# Warmup Iteration   3: 1.369 ms/op
# Warmup Iteration   4: 1.351 ms/op
# Warmup Iteration   5: 1.364 ms/op
Iteration   1: 1.350 ms/op
                 gc.alloc.rate:      1242.913 MB/sec
                 gc.alloc.rate.norm: 1759964.134 B/op
                 gc.count:           4.000 counts
                 gc.time:            2.000 ms

Iteration   2: 1.353 ms/op
                 gc.alloc.rate:      1240.465 MB/sec
                 gc.alloc.rate.norm: 1759905.344 B/op
                 gc.count:           5.000 counts
                 gc.time:            2.000 ms

Iteration   3: 1.353 ms/op
                 gc.alloc.rate:      1240.687 MB/sec
                 gc.alloc.rate.norm: 1759919.133 B/op
                 gc.count:           4.000 counts
                 gc.time:            2.000 ms

Iteration   4: 1.340 ms/op
                 gc.alloc.rate:      1252.227 MB/sec
                 gc.alloc.rate.norm: 1759888.170 B/op
                 gc.count:           4.000 counts
                 gc.time:            2.000 ms

Iteration   5: 1.339 ms/op
                 gc.alloc.rate:      1253.362 MB/sec
                 gc.alloc.rate.norm: 1759936.127 B/op
                 gc.count:           4.000 counts
                 gc.time:            2.000 ms


# Run progress: 10.19% complete, ETA 00:16:37
# Fork: 3 of 3
WARNING: A terminally deprecated method in sun.misc.Unsafe has been called
WARNING: sun.misc.Unsafe::objectFieldOffset has been called by org.openjdk.jmh.util.Utils (file:/Users/jaehyeon/Documents/Obsidian%20Vault/2026/04.%ed%98%b8%ec%84%9c%eb%8c%80%ed%95%99%ea%b5%90/11.%ec%b0%a8%ec%84%b8%eb%8c%80%ec%bb%b4%ed%93%a8%ed%8c%85%ed%95%99%ed%9a%8c%eb%85%bc%eb%ac%b8/JavaStream_%ed%82%a4%ed%8e%b8%ed%96%a5/.deps/jmh-core-1.37.jar)
WARNING: Please consider reporting this to the maintainers of class org.openjdk.jmh.util.Utils
WARNING: sun.misc.Unsafe::objectFieldOffset will be removed in a future release
# Warmup Iteration   1: Input: n=100000, keys=2048, observedHotFraction=0.000490, poolParallelism=3, availableProcessors=10
1.417 ms/op
# Warmup Iteration   2: 1.353 ms/op
# Warmup Iteration   3: 1.350 ms/op
# Warmup Iteration   4: 1.346 ms/op
# Warmup Iteration   5: 1.359 ms/op
Iteration   1: 1.347 ms/op
                 gc.alloc.rate:      1245.661 MB/sec
                 gc.alloc.rate.norm: 1759920.011 B/op
                 gc.count:           5.000 counts
                 gc.time:            2.000 ms

Iteration   2: 1.343 ms/op
                 gc.alloc.rate:      1249.453 MB/sec
                 gc.alloc.rate.norm: 1759910.772 B/op
                 gc.count:           4.000 counts
                 gc.time:            2.000 ms

Iteration   3: 1.346 ms/op
                 gc.alloc.rate:      1246.699 MB/sec
                 gc.alloc.rate.norm: 1759934.029 B/op
                 gc.count:           4.000 counts
                 gc.time:            3.000 ms

Iteration   4: 1.345 ms/op
                 gc.alloc.rate:      1247.251 MB/sec
                 gc.alloc.rate.norm: 1759930.827 B/op
                 gc.count:           4.000 counts
                 gc.time:            2.000 ms

Iteration   5: 1.342 ms/op
                 gc.alloc.rate:      1250.094 MB/sec
                 gc.alloc.rate.norm: 1759867.708 B/op
                 gc.count:           4.000 counts
                 gc.time:            2.000 ms



Result "research.skew.AggregationBenchmark.parallelConcurrent":
  1.340 ±(99.9%) 0.010 ms/op [Average]
  (min, avg, max) = (1.327, 1.340, 1.353), stdev = 0.009
  CI (99.9%): [1.331, 1.350] (assumes normal distribution)

Secondary result "research.skew.AggregationBenchmark.parallelConcurrent:gc.alloc.rate":
  1251.969 ±(99.9%) 9.091 MB/sec [Average]
  (min, avg, max) = (1240.465, 1251.969, 1264.800), stdev = 8.503
  CI (99.9%): [1242.878, 1261.060] (assumes normal distribution)

Secondary result "research.skew.AggregationBenchmark.parallelConcurrent:gc.alloc.rate.norm":
  1759909.479 ±(99.9%) 35.602 B/op [Average]
  (min, avg, max) = (1759845.120, 1759909.479, 1759964.134), stdev = 33.302
  CI (99.9%): [1759873.876, 1759945.081] (assumes normal distribution)

Secondary result "research.skew.AggregationBenchmark.parallelConcurrent:gc.count":
  63.000 ±(99.9%) 0.001 counts [Sum]
  (min, avg, max) = (4.000, 4.200, 5.000), stdev = 0.414
  CI (99.9%): [63.000, 63.000] (assumes normal distribution)

Secondary result "research.skew.AggregationBenchmark.parallelConcurrent:gc.time":
  32.000 ±(99.9%) 0.001 ms [Sum]
  (min, avg, max) = (2.000, 2.133, 3.000), stdev = 0.352
  CI (99.9%): [32.000, 32.000] (assumes normal distribution)


# JMH version: 1.37
# VM version: JDK 25.0.4.1, OpenJDK 64-Bit Server VM, 25.0.4.1+1-LTS
# VM invoker: /Users/jaehyeon/Library/Java/JavaVirtualMachines/temurin-25.0.4.1/Contents/Home/bin/java
# VM options: -Xms512m -Xmx512m -Djava.util.concurrent.ForkJoinPool.common.parallelism=3
# Blackhole mode: compiler (auto-detected, use -Djmh.blackhole.autoDetect=false to disable)
# Warmup: 5 iterations, 1 s each
# Measurement: 5 iterations, 1 s each
# Timeout: 10 min per iteration
# Threads: 1 thread, will synchronize iterations
# Benchmark mode: Average time, time/op
# Benchmark: research.skew.AggregationBenchmark.parallelConcurrent
# Parameters: (cardinality = 2048, distribution = hot50, seed = 20260929, size = 100000)

# Run progress: 11.11% complete, ETA 00:16:26
# Fork: 1 of 3
WARNING: A terminally deprecated method in sun.misc.Unsafe has been called
WARNING: sun.misc.Unsafe::objectFieldOffset has been called by org.openjdk.jmh.util.Utils (file:/Users/jaehyeon/Documents/Obsidian%20Vault/2026/04.%ed%98%b8%ec%84%9c%eb%8c%80%ed%95%99%ea%b5%90/11.%ec%b0%a8%ec%84%b8%eb%8c%80%ec%bb%b4%ed%93%a8%ed%8c%85%ed%95%99%ed%9a%8c%eb%85%bc%eb%ac%b8/JavaStream_%ed%82%a4%ed%8e%b8%ed%96%a5/.deps/jmh-core-1.37.jar)
WARNING: Please consider reporting this to the maintainers of class org.openjdk.jmh.util.Utils
WARNING: sun.misc.Unsafe::objectFieldOffset will be removed in a future release
# Warmup Iteration   1: Input: n=100000, keys=2048, observedHotFraction=0.500000, poolParallelism=3, availableProcessors=10
4.587 ms/op
# Warmup Iteration   2: 4.469 ms/op
# Warmup Iteration   3: 4.436 ms/op
# Warmup Iteration   4: 4.460 ms/op
# Warmup Iteration   5: 4.485 ms/op
Iteration   1: 4.457 ms/op
                 gc.alloc.rate:      376.377 MB/sec
                 gc.alloc.rate.norm: 1759169.621 B/op
                 gc.count:           1.000 counts
                 gc.time:            1.000 ms

Iteration   2: 4.476 ms/op
                 gc.alloc.rate:      374.767 MB/sec
                 gc.alloc.rate.norm: 1759181.239 B/op
                 gc.count:           2.000 counts
                 gc.time:            2.000 ms

Iteration   3: 4.473 ms/op
                 gc.alloc.rate:      375.026 MB/sec
                 gc.alloc.rate.norm: 1759183.363 B/op
                 gc.count:           1.000 counts
                 gc.time:            1.000 ms

Iteration   4: 4.341 ms/op
                 gc.alloc.rate:      386.476 MB/sec
                 gc.alloc.rate.norm: 1759294.798 B/op
                 gc.count:           1.000 counts
                 gc.time:            1.000 ms

Iteration   5: 4.376 ms/op
                 gc.alloc.rate:      383.366 MB/sec
                 gc.alloc.rate.norm: 1759407.826 B/op
                 gc.count:           1.000 counts
                 gc.time:            1.000 ms


# Run progress: 12.04% complete, ETA 00:16:16
# Fork: 2 of 3
WARNING: A terminally deprecated method in sun.misc.Unsafe has been called
WARNING: sun.misc.Unsafe::objectFieldOffset has been called by org.openjdk.jmh.util.Utils (file:/Users/jaehyeon/Documents/Obsidian%20Vault/2026/04.%ed%98%b8%ec%84%9c%eb%8c%80%ed%95%99%ea%b5%90/11.%ec%b0%a8%ec%84%b8%eb%8c%80%ec%bb%b4%ed%93%a8%ed%8c%85%ed%95%99%ed%9a%8c%eb%85%bc%eb%ac%b8/JavaStream_%ed%82%a4%ed%8e%b8%ed%96%a5/.deps/jmh-core-1.37.jar)
WARNING: Please consider reporting this to the maintainers of class org.openjdk.jmh.util.Utils
WARNING: sun.misc.Unsafe::objectFieldOffset will be removed in a future release
# Warmup Iteration   1: Input: n=100000, keys=2048, observedHotFraction=0.500000, poolParallelism=3, availableProcessors=10
4.664 ms/op
# Warmup Iteration   2: 4.552 ms/op
# Warmup Iteration   3: 4.511 ms/op
# Warmup Iteration   4: 4.529 ms/op
# Warmup Iteration   5: 4.562 ms/op
Iteration   1: 4.561 ms/op
                 gc.alloc.rate:      367.758 MB/sec
                 gc.alloc.rate.norm: 1759164.577 B/op
                 gc.count:           1.000 counts
                 gc.time:            1.000 ms

Iteration   2: 4.545 ms/op
                 gc.alloc.rate:      369.061 MB/sec
                 gc.alloc.rate.norm: 1759172.742 B/op
                 gc.count:           1.000 counts
                 gc.time:            1.000 ms

Iteration   3: 4.523 ms/op
                 gc.alloc.rate:      370.897 MB/sec
                 gc.alloc.rate.norm: 1759194.893 B/op
                 gc.count:           2.000 counts
                 gc.time:            2.000 ms

Iteration   4: 4.537 ms/op
                 gc.alloc.rate:      369.726 MB/sec
                 gc.alloc.rate.norm: 1759187.336 B/op
                 gc.count:           1.000 counts
                 gc.time:            1.000 ms

Iteration   5: 4.539 ms/op
                 gc.alloc.rate:      369.623 MB/sec
                 gc.alloc.rate.norm: 1759380.597 B/op
                 gc.count:           1.000 counts
                 gc.time:            1.000 ms


# Run progress: 12.96% complete, ETA 00:16:06
# Fork: 3 of 3
WARNING: A terminally deprecated method in sun.misc.Unsafe has been called
WARNING: sun.misc.Unsafe::objectFieldOffset has been called by org.openjdk.jmh.util.Utils (file:/Users/jaehyeon/Documents/Obsidian%20Vault/2026/04.%ed%98%b8%ec%84%9c%eb%8c%80%ed%95%99%ea%b5%90/11.%ec%b0%a8%ec%84%b8%eb%8c%80%ec%bb%b4%ed%93%a8%ed%8c%85%ed%95%99%ed%9a%8c%eb%85%bc%eb%ac%b8/JavaStream_%ed%82%a4%ed%8e%b8%ed%96%a5/.deps/jmh-core-1.37.jar)
WARNING: Please consider reporting this to the maintainers of class org.openjdk.jmh.util.Utils
WARNING: sun.misc.Unsafe::objectFieldOffset will be removed in a future release
# Warmup Iteration   1: Input: n=100000, keys=2048, observedHotFraction=0.500000, poolParallelism=3, availableProcessors=10
4.811 ms/op
# Warmup Iteration   2: 4.672 ms/op
# Warmup Iteration   3: 4.606 ms/op
# Warmup Iteration   4: 4.634 ms/op
# Warmup Iteration   5: 4.652 ms/op
Iteration   1: 4.651 ms/op
                 gc.alloc.rate:      360.694 MB/sec
                 gc.alloc.rate.norm: 1759389.493 B/op
                 gc.count:           1.000 counts
                 gc.time:            1.000 ms

Iteration   2: 4.691 ms/op
                 gc.alloc.rate:      357.623 MB/sec
                 gc.alloc.rate.norm: 1759203.889 B/op
                 gc.count:           1.000 counts
                 gc.time:            1.000 ms

Iteration   3: 4.627 ms/op
                 gc.alloc.rate:      362.576 MB/sec
                 gc.alloc.rate.norm: 1759214.466 B/op
                 gc.count:           1.000 counts
                 gc.time:            1.000 ms

Iteration   4: 4.638 ms/op
                 gc.alloc.rate:      361.665 MB/sec
                 gc.alloc.rate.norm: 1759207.743 B/op
                 gc.count:           2.000 counts
                 gc.time:            2.000 ms

Iteration   5: 4.664 ms/op
                 gc.alloc.rate:      359.706 MB/sec
                 gc.alloc.rate.norm: 1759486.931 B/op
                 gc.count:           1.000 counts
                 gc.time:            1.000 ms



Result "research.skew.AggregationBenchmark.parallelConcurrent":
  4.540 ±(99.9%) 0.111 ms/op [Average]
  (min, avg, max) = (4.341, 4.540, 4.691), stdev = 0.104
  CI (99.9%): [4.429, 4.651] (assumes normal distribution)

Secondary result "research.skew.AggregationBenchmark.parallelConcurrent:gc.alloc.rate":
  369.689 ±(99.9%) 9.101 MB/sec [Average]
  (min, avg, max) = (357.623, 369.689, 386.476), stdev = 8.513
  CI (99.9%): [360.588, 378.790] (assumes normal distribution)

Secondary result "research.skew.AggregationBenchmark.parallelConcurrent:gc.alloc.rate.norm":
  1759255.968 ±(99.9%) 114.311 B/op [Average]
  (min, avg, max) = (1759164.577, 1759255.968, 1759486.931), stdev = 106.926
  CI (99.9%): [1759141.657, 1759370.278] (assumes normal distribution)

Secondary result "research.skew.AggregationBenchmark.parallelConcurrent:gc.count":
  18.000 ±(99.9%) 0.001 counts [Sum]
  (min, avg, max) = (1.000, 1.200, 2.000), stdev = 0.414
  CI (99.9%): [18.000, 18.000] (assumes normal distribution)

Secondary result "research.skew.AggregationBenchmark.parallelConcurrent:gc.time":
  18.000 ±(99.9%) 0.001 ms [Sum]
  (min, avg, max) = (1.000, 1.200, 2.000), stdev = 0.414
  CI (99.9%): [18.000, 18.000] (assumes normal distribution)


# JMH version: 1.37
# VM version: JDK 25.0.4.1, OpenJDK 64-Bit Server VM, 25.0.4.1+1-LTS
# VM invoker: /Users/jaehyeon/Library/Java/JavaVirtualMachines/temurin-25.0.4.1/Contents/Home/bin/java
# VM options: -Xms512m -Xmx512m -Djava.util.concurrent.ForkJoinPool.common.parallelism=3
# Blackhole mode: compiler (auto-detected, use -Djmh.blackhole.autoDetect=false to disable)
# Warmup: 5 iterations, 1 s each
# Measurement: 5 iterations, 1 s each
# Timeout: 10 min per iteration
# Threads: 1 thread, will synchronize iterations
# Benchmark mode: Average time, time/op
# Benchmark: research.skew.AggregationBenchmark.parallelConcurrent
# Parameters: (cardinality = 2048, distribution = hot90, seed = 20260929, size = 100000)

# Run progress: 13.89% complete, ETA 00:15:55
# Fork: 1 of 3
WARNING: A terminally deprecated method in sun.misc.Unsafe has been called
WARNING: sun.misc.Unsafe::objectFieldOffset has been called by org.openjdk.jmh.util.Utils (file:/Users/jaehyeon/Documents/Obsidian%20Vault/2026/04.%ed%98%b8%ec%84%9c%eb%8c%80%ed%95%99%ea%b5%90/11.%ec%b0%a8%ec%84%b8%eb%8c%80%ec%bb%b4%ed%93%a8%ed%8c%85%ed%95%99%ed%9a%8c%eb%85%bc%eb%ac%b8/JavaStream_%ed%82%a4%ed%8e%b8%ed%96%a5/.deps/jmh-core-1.37.jar)
WARNING: Please consider reporting this to the maintainers of class org.openjdk.jmh.util.Utils
WARNING: sun.misc.Unsafe::objectFieldOffset will be removed in a future release
# Warmup Iteration   1: Input: n=100000, keys=2048, observedHotFraction=0.900000, poolParallelism=3, availableProcessors=10
7.582 ms/op
# Warmup Iteration   2: 7.595 ms/op
# Warmup Iteration   3: 7.667 ms/op
# Warmup Iteration   4: 7.605 ms/op
# Warmup Iteration   5: 7.706 ms/op
Iteration   1: 7.661 ms/op
                 gc.alloc.rate:      219.520 MB/sec
                 gc.alloc.rate.norm: 1763631.152 B/op
                 gc.count:           ≈ 0 counts

Iteration   2: 7.575 ms/op
                 gc.alloc.rate:      222.034 MB/sec
                 gc.alloc.rate.norm: 1763679.459 B/op
                 gc.count:           1.000 counts
                 gc.time:            1.000 ms

Iteration   3: 7.955 ms/op
                 gc.alloc.rate:      211.403 MB/sec
                 gc.alloc.rate.norm: 1763617.953 B/op
                 gc.count:           1.000 counts
                 gc.time:            1.000 ms

Iteration   4: 7.810 ms/op
                 gc.alloc.rate:      215.376 MB/sec
                 gc.alloc.rate.norm: 1763899.446 B/op
                 gc.count:           ≈ 0 counts

Iteration   5: 8.247 ms/op
                 gc.alloc.rate:      203.905 MB/sec
                 gc.alloc.rate.norm: 1763417.886 B/op
                 gc.count:           1.000 counts
                 gc.time:            1.000 ms


# Run progress: 14.81% complete, ETA 00:15:45
# Fork: 2 of 3
WARNING: A terminally deprecated method in sun.misc.Unsafe has been called
WARNING: sun.misc.Unsafe::objectFieldOffset has been called by org.openjdk.jmh.util.Utils (file:/Users/jaehyeon/Documents/Obsidian%20Vault/2026/04.%ed%98%b8%ec%84%9c%eb%8c%80%ed%95%99%ea%b5%90/11.%ec%b0%a8%ec%84%b8%eb%8c%80%ec%bb%b4%ed%93%a8%ed%8c%85%ed%95%99%ed%9a%8c%eb%85%bc%eb%ac%b8/JavaStream_%ed%82%a4%ed%8e%b8%ed%96%a5/.deps/jmh-core-1.37.jar)
WARNING: Please consider reporting this to the maintainers of class org.openjdk.jmh.util.Utils
WARNING: sun.misc.Unsafe::objectFieldOffset will be removed in a future release
# Warmup Iteration   1: Input: n=100000, keys=2048, observedHotFraction=0.900000, poolParallelism=3, availableProcessors=10
7.791 ms/op
# Warmup Iteration   2: 8.377 ms/op
# Warmup Iteration   3: 7.830 ms/op
# Warmup Iteration   4: 7.935 ms/op
# Warmup Iteration   5: 7.930 ms/op
Iteration   1: 7.894 ms/op
                 gc.alloc.rate:      212.951 MB/sec
                 gc.alloc.rate.norm: 1762826.813 B/op
                 gc.count:           1.000 counts
                 gc.time:            1.000 ms

Iteration   2: 6.440 ms/op
                 gc.alloc.rate:      260.670 MB/sec
                 gc.alloc.rate.norm: 1760414.025 B/op
                 gc.count:           1.000 counts
                 gc.time:            1.000 ms

Iteration   3: 7.658 ms/op
                 gc.alloc.rate:      219.766 MB/sec
                 gc.alloc.rate.norm: 1764820.848 B/op
                 gc.count:           1.000 counts
                 gc.time:            1.000 ms

Iteration   4: 7.908 ms/op
                 gc.alloc.rate:      212.578 MB/sec
                 gc.alloc.rate.norm: 1762849.674 B/op
                 gc.count:           ≈ 0 counts

Iteration   5: 8.010 ms/op
                 gc.alloc.rate:      209.753 MB/sec
                 gc.alloc.rate.norm: 1761924.850 B/op
                 gc.count:           1.000 counts
                 gc.time:            1.000 ms


# Run progress: 15.74% complete, ETA 00:15:35
# Fork: 3 of 3
WARNING: A terminally deprecated method in sun.misc.Unsafe has been called
WARNING: sun.misc.Unsafe::objectFieldOffset has been called by org.openjdk.jmh.util.Utils (file:/Users/jaehyeon/Documents/Obsidian%20Vault/2026/04.%ed%98%b8%ec%84%9c%eb%8c%80%ed%95%99%ea%b5%90/11.%ec%b0%a8%ec%84%b8%eb%8c%80%ec%bb%b4%ed%93%a8%ed%8c%85%ed%95%99%ed%9a%8c%eb%85%bc%eb%ac%b8/JavaStream_%ed%82%a4%ed%8e%b8%ed%96%a5/.deps/jmh-core-1.37.jar)
WARNING: Please consider reporting this to the maintainers of class org.openjdk.jmh.util.Utils
WARNING: sun.misc.Unsafe::objectFieldOffset will be removed in a future release
# Warmup Iteration   1: Input: n=100000, keys=2048, observedHotFraction=0.900000, poolParallelism=3, availableProcessors=10
7.561 ms/op
# Warmup Iteration   2: 7.482 ms/op
# Warmup Iteration   3: 7.793 ms/op
# Warmup Iteration   4: 7.616 ms/op
# Warmup Iteration   5: 7.301 ms/op
Iteration   1: 7.272 ms/op
                 gc.alloc.rate:      231.234 MB/sec
                 gc.alloc.rate.norm: 1763334.446 B/op
                 gc.count:           ≈ 0 counts

Iteration   2: 6.977 ms/op
                 gc.alloc.rate:      240.891 MB/sec
                 gc.alloc.rate.norm: 1762564.469 B/op
                 gc.count:           1.000 counts
                 gc.time:            1.000 ms

Iteration   3: 7.404 ms/op
                 gc.alloc.rate:      227.179 MB/sec
                 gc.alloc.rate.norm: 1763844.438 B/op
                 gc.count:           1.000 counts
                 gc.time:            1.000 ms

Iteration   4: 7.726 ms/op
                 gc.alloc.rate:      217.705 MB/sec
                 gc.alloc.rate.norm: 1763927.511 B/op
                 gc.count:           1.000 counts
                 gc.time:            1.000 ms

Iteration   5: 7.371 ms/op
                 gc.alloc.rate:      228.093 MB/sec
                 gc.alloc.rate.norm: 1763232.928 B/op
                 gc.count:           ≈ 0 counts



Result "research.skew.AggregationBenchmark.parallelConcurrent":
  7.594 ±(99.9%) 0.486 ms/op [Average]
  (min, avg, max) = (6.440, 7.594, 8.247), stdev = 0.455
  CI (99.9%): [7.108, 8.080] (assumes normal distribution)

Secondary result "research.skew.AggregationBenchmark.parallelConcurrent:gc.alloc.rate":
  222.204 ±(99.9%) 15.212 MB/sec [Average]
  (min, avg, max) = (203.905, 222.204, 260.670), stdev = 14.229
  CI (99.9%): [206.992, 237.416] (assumes normal distribution)

Secondary result "research.skew.AggregationBenchmark.parallelConcurrent:gc.alloc.rate.norm":
  1763199.060 ±(99.9%) 1098.125 B/op [Average]
  (min, avg, max) = (1760414.025, 1763199.060, 1764820.848), stdev = 1027.187
  CI (99.9%): [1762100.935, 1764297.185] (assumes normal distribution)

Secondary result "research.skew.AggregationBenchmark.parallelConcurrent:gc.count":
  10.000 ±(99.9%) 0.001 counts [Sum]
  (min, avg, max) = (≈ 0, 0.667, 1.000), stdev = 0.488
  CI (99.9%): [10.000, 10.000] (assumes normal distribution)

Secondary result "research.skew.AggregationBenchmark.parallelConcurrent:gc.time":
  10.000 ±(99.9%) 0.001 ms [Sum]
  (min, avg, max) = (≈ 0, 0.667, 1.000), stdev = 0.488
  CI (99.9%): [10.000, 10.000] (assumes normal distribution)


# JMH version: 1.37
# VM version: JDK 25.0.4.1, OpenJDK 64-Bit Server VM, 25.0.4.1+1-LTS
# VM invoker: /Users/jaehyeon/Library/Java/JavaVirtualMachines/temurin-25.0.4.1/Contents/Home/bin/java
# VM options: -Xms512m -Xmx512m -Djava.util.concurrent.ForkJoinPool.common.parallelism=3
# Blackhole mode: compiler (auto-detected, use -Djmh.blackhole.autoDetect=false to disable)
# Warmup: 5 iterations, 1 s each
# Measurement: 5 iterations, 1 s each
# Timeout: 10 min per iteration
# Threads: 1 thread, will synchronize iterations
# Benchmark mode: Average time, time/op
# Benchmark: research.skew.AggregationBenchmark.parallelConcurrent
# Parameters: (cardinality = 4096, distribution = uniform, seed = 20260929, size = 100000)

# Run progress: 16.67% complete, ETA 00:15:25
# Fork: 1 of 3
WARNING: A terminally deprecated method in sun.misc.Unsafe has been called
WARNING: sun.misc.Unsafe::objectFieldOffset has been called by org.openjdk.jmh.util.Utils (file:/Users/jaehyeon/Documents/Obsidian%20Vault/2026/04.%ed%98%b8%ec%84%9c%eb%8c%80%ed%95%99%ea%b5%90/11.%ec%b0%a8%ec%84%b8%eb%8c%80%ec%bb%b4%ed%93%a8%ed%8c%85%ed%95%99%ed%9a%8c%eb%85%bc%eb%ac%b8/JavaStream_%ed%82%a4%ed%8e%b8%ed%96%a5/.deps/jmh-core-1.37.jar)
WARNING: Please consider reporting this to the maintainers of class org.openjdk.jmh.util.Utils
WARNING: sun.misc.Unsafe::objectFieldOffset will be removed in a future release
# Warmup Iteration   1: Input: n=100000, keys=4096, observedHotFraction=0.000250, poolParallelism=3, availableProcessors=10
1.400 ms/op
# Warmup Iteration   2: 1.371 ms/op
# Warmup Iteration   3: 1.365 ms/op
# Warmup Iteration   4: 1.358 ms/op
# Warmup Iteration   5: 1.355 ms/op
Iteration   1: 1.365 ms/op
                 gc.alloc.rate:      1338.933 MB/sec
                 gc.alloc.rate.norm: 1916658.692 B/op
                 gc.count:           5.000 counts
                 gc.time:            3.000 ms

Iteration   2: 1.347 ms/op
                 gc.alloc.rate:      1357.234 MB/sec
                 gc.alloc.rate.norm: 1916583.776 B/op
                 gc.count:           4.000 counts
                 gc.time:            2.000 ms

Iteration   3: 1.356 ms/op
                 gc.alloc.rate:      1348.274 MB/sec
                 gc.alloc.rate.norm: 1916668.686 B/op
                 gc.count:           5.000 counts
                 gc.time:            3.000 ms

Iteration   4: 1.353 ms/op
                 gc.alloc.rate:      1350.291 MB/sec
                 gc.alloc.rate.norm: 1916440.193 B/op
                 gc.count:           4.000 counts
                 gc.time:            2.000 ms

Iteration   5: 1.349 ms/op
                 gc.alloc.rate:      1354.719 MB/sec
                 gc.alloc.rate.norm: 1916457.176 B/op
                 gc.count:           5.000 counts
                 gc.time:            2.000 ms


# Run progress: 17.59% complete, ETA 00:15:14
# Fork: 2 of 3
WARNING: A terminally deprecated method in sun.misc.Unsafe has been called
WARNING: sun.misc.Unsafe::objectFieldOffset has been called by org.openjdk.jmh.util.Utils (file:/Users/jaehyeon/Documents/Obsidian%20Vault/2026/04.%ed%98%b8%ec%84%9c%eb%8c%80%ed%95%99%ea%b5%90/11.%ec%b0%a8%ec%84%b8%eb%8c%80%ec%bb%b4%ed%93%a8%ed%8c%85%ed%95%99%ed%9a%8c%eb%85%bc%eb%ac%b8/JavaStream_%ed%82%a4%ed%8e%b8%ed%96%a5/.deps/jmh-core-1.37.jar)
WARNING: Please consider reporting this to the maintainers of class org.openjdk.jmh.util.Utils
WARNING: sun.misc.Unsafe::objectFieldOffset will be removed in a future release
# Warmup Iteration   1: Input: n=100000, keys=4096, observedHotFraction=0.000250, poolParallelism=3, availableProcessors=10
1.393 ms/op
# Warmup Iteration   2: 1.350 ms/op
# Warmup Iteration   3: 1.346 ms/op
# Warmup Iteration   4: 1.343 ms/op
# Warmup Iteration   5: 1.368 ms/op
Iteration   1: 1.346 ms/op
                 gc.alloc.rate:      1357.411 MB/sec
                 gc.alloc.rate.norm: 1916492.570 B/op
                 gc.count:           5.000 counts
                 gc.time:            3.000 ms

Iteration   2: 1.344 ms/op
                 gc.alloc.rate:      1360.156 MB/sec
                 gc.alloc.rate.norm: 1916513.394 B/op
                 gc.count:           4.000 counts
                 gc.time:            2.000 ms

Iteration   3: 1.347 ms/op
                 gc.alloc.rate:      1356.863 MB/sec
                 gc.alloc.rate.norm: 1916466.741 B/op
                 gc.count:           5.000 counts
                 gc.time:            3.000 ms

Iteration   4: 1.340 ms/op
                 gc.alloc.rate:      1363.434 MB/sec
                 gc.alloc.rate.norm: 1916461.167 B/op
                 gc.count:           4.000 counts
                 gc.time:            2.000 ms

Iteration   5: 1.349 ms/op
                 gc.alloc.rate:      1354.249 MB/sec
                 gc.alloc.rate.norm: 1916477.565 B/op
                 gc.count:           5.000 counts
                 gc.time:            3.000 ms


# Run progress: 18.52% complete, ETA 00:15:04
# Fork: 3 of 3
WARNING: A terminally deprecated method in sun.misc.Unsafe has been called
WARNING: sun.misc.Unsafe::objectFieldOffset has been called by org.openjdk.jmh.util.Utils (file:/Users/jaehyeon/Documents/Obsidian%20Vault/2026/04.%ed%98%b8%ec%84%9c%eb%8c%80%ed%95%99%ea%b5%90/11.%ec%b0%a8%ec%84%b8%eb%8c%80%ec%bb%b4%ed%93%a8%ed%8c%85%ed%95%99%ed%9a%8c%eb%85%bc%eb%ac%b8/JavaStream_%ed%82%a4%ed%8e%b8%ed%96%a5/.deps/jmh-core-1.37.jar)
WARNING: Please consider reporting this to the maintainers of class org.openjdk.jmh.util.Utils
WARNING: sun.misc.Unsafe::objectFieldOffset will be removed in a future release
# Warmup Iteration   1: Input: n=100000, keys=4096, observedHotFraction=0.000250, poolParallelism=3, availableProcessors=10
1.394 ms/op
# Warmup Iteration   2: 1.360 ms/op
# Warmup Iteration   3: 1.328 ms/op
# Warmup Iteration   4: 1.324 ms/op
# Warmup Iteration   5: 1.323 ms/op
Iteration   1: 1.326 ms/op
                 gc.alloc.rate:      1378.457 MB/sec
                 gc.alloc.rate.norm: 1916481.950 B/op
                 gc.count:           4.000 counts
                 gc.time:            2.000 ms

Iteration   2: 1.338 ms/op
                 gc.alloc.rate:      1365.399 MB/sec
                 gc.alloc.rate.norm: 1916509.330 B/op
                 gc.count:           5.000 counts
                 gc.time:            3.000 ms

Iteration   3: 1.325 ms/op
                 gc.alloc.rate:      1379.392 MB/sec
                 gc.alloc.rate.norm: 1916439.895 B/op
                 gc.count:           4.000 counts
                 gc.time:            2.000 ms

Iteration   4: 1.328 ms/op
                 gc.alloc.rate:      1375.872 MB/sec
                 gc.alloc.rate.norm: 1916454.991 B/op
                 gc.count:           5.000 counts
                 gc.time:            3.000 ms

Iteration   5: 1.331 ms/op
                 gc.alloc.rate:      1373.122 MB/sec
                 gc.alloc.rate.norm: 1916833.676 B/op
                 gc.count:           4.000 counts
                 gc.time:            2.000 ms



Result "research.skew.AggregationBenchmark.parallelConcurrent":
  1.343 ±(99.9%) 0.012 ms/op [Average]
  (min, avg, max) = (1.325, 1.343, 1.365), stdev = 0.012
  CI (99.9%): [1.331, 1.355] (assumes normal distribution)

Secondary result "research.skew.AggregationBenchmark.parallelConcurrent:gc.alloc.rate":
  1360.920 ±(99.9%) 12.552 MB/sec [Average]
  (min, avg, max) = (1338.933, 1360.920, 1379.392), stdev = 11.741
  CI (99.9%): [1348.369, 1373.472] (assumes normal distribution)

Secondary result "research.skew.AggregationBenchmark.parallelConcurrent:gc.alloc.rate.norm":
  1916529.320 ±(99.9%) 119.154 B/op [Average]
  (min, avg, max) = (1916439.895, 1916529.320, 1916833.676), stdev = 111.456
  CI (99.9%): [1916410.167, 1916648.474] (assumes normal distribution)

Secondary result "research.skew.AggregationBenchmark.parallelConcurrent:gc.count":
  68.000 ±(99.9%) 0.001 counts [Sum]
  (min, avg, max) = (4.000, 4.533, 5.000), stdev = 0.516
  CI (99.9%): [68.000, 68.000] (assumes normal distribution)

Secondary result "research.skew.AggregationBenchmark.parallelConcurrent:gc.time":
  37.000 ±(99.9%) 0.001 ms [Sum]
  (min, avg, max) = (2.000, 2.467, 3.000), stdev = 0.516
  CI (99.9%): [37.000, 37.000] (assumes normal distribution)


# JMH version: 1.37
# VM version: JDK 25.0.4.1, OpenJDK 64-Bit Server VM, 25.0.4.1+1-LTS
# VM invoker: /Users/jaehyeon/Library/Java/JavaVirtualMachines/temurin-25.0.4.1/Contents/Home/bin/java
# VM options: -Xms512m -Xmx512m -Djava.util.concurrent.ForkJoinPool.common.parallelism=3
# Blackhole mode: compiler (auto-detected, use -Djmh.blackhole.autoDetect=false to disable)
# Warmup: 5 iterations, 1 s each
# Measurement: 5 iterations, 1 s each
# Timeout: 10 min per iteration
# Threads: 1 thread, will synchronize iterations
# Benchmark mode: Average time, time/op
# Benchmark: research.skew.AggregationBenchmark.parallelConcurrent
# Parameters: (cardinality = 4096, distribution = hot50, seed = 20260929, size = 100000)

# Run progress: 19.44% complete, ETA 00:14:54
# Fork: 1 of 3
WARNING: A terminally deprecated method in sun.misc.Unsafe has been called
WARNING: sun.misc.Unsafe::objectFieldOffset has been called by org.openjdk.jmh.util.Utils (file:/Users/jaehyeon/Documents/Obsidian%20Vault/2026/04.%ed%98%b8%ec%84%9c%eb%8c%80%ed%95%99%ea%b5%90/11.%ec%b0%a8%ec%84%b8%eb%8c%80%ec%bb%b4%ed%93%a8%ed%8c%85%ed%95%99%ed%9a%8c%eb%85%bc%eb%ac%b8/JavaStream_%ed%82%a4%ed%8e%b8%ed%96%a5/.deps/jmh-core-1.37.jar)
WARNING: Please consider reporting this to the maintainers of class org.openjdk.jmh.util.Utils
WARNING: sun.misc.Unsafe::objectFieldOffset will be removed in a future release
# Warmup Iteration   1: Input: n=100000, keys=4096, observedHotFraction=0.500000, poolParallelism=3, availableProcessors=10
4.621 ms/op
# Warmup Iteration   2: 4.496 ms/op
# Warmup Iteration   3: 4.440 ms/op
# Warmup Iteration   4: 4.430 ms/op
# Warmup Iteration   5: 4.488 ms/op
Iteration   1: 4.545 ms/op
                 gc.alloc.rate:      401.948 MB/sec
                 gc.alloc.rate.norm: 1915860.197 B/op
                 gc.count:           1.000 counts
                 gc.time:            1.000 ms

Iteration   2: 4.433 ms/op
                 gc.alloc.rate:      412.134 MB/sec
                 gc.alloc.rate.norm: 1915958.105 B/op
                 gc.count:           1.000 counts
                 gc.time:            1.000 ms

Iteration   3: 4.463 ms/op
                 gc.alloc.rate:      409.347 MB/sec
                 gc.alloc.rate.norm: 1915847.330 B/op
                 gc.count:           2.000 counts
                 gc.time:            3.000 ms

Iteration   4: 4.426 ms/op
                 gc.alloc.rate:      412.733 MB/sec
                 gc.alloc.rate.norm: 1915849.188 B/op
                 gc.count:           1.000 counts
                 gc.time:            1.000 ms

Iteration   5: 4.481 ms/op
                 gc.alloc.rate:      407.712 MB/sec
                 gc.alloc.rate.norm: 1915862.053 B/op
                 gc.count:           2.000 counts
                 gc.time:            2.000 ms


# Run progress: 20.37% complete, ETA 00:14:43
# Fork: 2 of 3
WARNING: A terminally deprecated method in sun.misc.Unsafe has been called
WARNING: sun.misc.Unsafe::objectFieldOffset has been called by org.openjdk.jmh.util.Utils (file:/Users/jaehyeon/Documents/Obsidian%20Vault/2026/04.%ed%98%b8%ec%84%9c%eb%8c%80%ed%95%99%ea%b5%90/11.%ec%b0%a8%ec%84%b8%eb%8c%80%ec%bb%b4%ed%93%a8%ed%8c%85%ed%95%99%ed%9a%8c%eb%85%bc%eb%ac%b8/JavaStream_%ed%82%a4%ed%8e%b8%ed%96%a5/.deps/jmh-core-1.37.jar)
WARNING: Please consider reporting this to the maintainers of class org.openjdk.jmh.util.Utils
WARNING: sun.misc.Unsafe::objectFieldOffset will be removed in a future release
# Warmup Iteration   1: Input: n=100000, keys=4096, observedHotFraction=0.500000, poolParallelism=3, availableProcessors=10
4.625 ms/op
# Warmup Iteration   2: 4.500 ms/op
# Warmup Iteration   3: 4.469 ms/op
# Warmup Iteration   4: 4.552 ms/op
# Warmup Iteration   5: 4.582 ms/op
Iteration   1: 4.474 ms/op
                 gc.alloc.rate:      408.234 MB/sec
                 gc.alloc.rate.norm: 1915830.442 B/op
                 gc.count:           1.000 counts
                 gc.time:            1.000 ms

Iteration   2: 4.506 ms/op
                 gc.alloc.rate:      405.471 MB/sec
                 gc.alloc.rate.norm: 1915838.436 B/op
                 gc.count:           1.000 counts
                 gc.time:            2.000 ms

Iteration   3: 4.477 ms/op
                 gc.alloc.rate:      408.063 MB/sec
                 gc.alloc.rate.norm: 1915833.487 B/op
                 gc.count:           2.000 counts
                 gc.time:            2.000 ms

Iteration   4: 4.460 ms/op
                 gc.alloc.rate:      409.580 MB/sec
                 gc.alloc.rate.norm: 1915842.150 B/op
                 gc.count:           1.000 counts
                 gc.time:            1.000 ms

Iteration   5: 4.482 ms/op
                 gc.alloc.rate:      407.606 MB/sec
                 gc.alloc.rate.norm: 1915845.982 B/op
                 gc.count:           1.000 counts
                 gc.time:            1.000 ms


# Run progress: 21.30% complete, ETA 00:14:33
# Fork: 3 of 3
WARNING: A terminally deprecated method in sun.misc.Unsafe has been called
WARNING: sun.misc.Unsafe::objectFieldOffset has been called by org.openjdk.jmh.util.Utils (file:/Users/jaehyeon/Documents/Obsidian%20Vault/2026/04.%ed%98%b8%ec%84%9c%eb%8c%80%ed%95%99%ea%b5%90/11.%ec%b0%a8%ec%84%b8%eb%8c%80%ec%bb%b4%ed%93%a8%ed%8c%85%ed%95%99%ed%9a%8c%eb%85%bc%eb%ac%b8/JavaStream_%ed%82%a4%ed%8e%b8%ed%96%a5/.deps/jmh-core-1.37.jar)
WARNING: Please consider reporting this to the maintainers of class org.openjdk.jmh.util.Utils
WARNING: sun.misc.Unsafe::objectFieldOffset will be removed in a future release
# Warmup Iteration   1: Input: n=100000, keys=4096, observedHotFraction=0.500000, poolParallelism=3, availableProcessors=10
4.582 ms/op
# Warmup Iteration   2: 4.466 ms/op
# Warmup Iteration   3: 4.404 ms/op
# Warmup Iteration   4: 4.446 ms/op
# Warmup Iteration   5: 4.450 ms/op
Iteration   1: 4.545 ms/op
                 gc.alloc.rate:      401.932 MB/sec
                 gc.alloc.rate.norm: 1915830.852 B/op
                 gc.count:           1.000 counts
                 gc.time:            1.000 ms

Iteration   2: 4.463 ms/op
                 gc.alloc.rate:      409.308 MB/sec
                 gc.alloc.rate.norm: 1915843.877 B/op
                 gc.count:           1.000 counts
                 gc.time:            1.000 ms

Iteration   3: 4.461 ms/op
                 gc.alloc.rate:      409.560 MB/sec
                 gc.alloc.rate.norm: 1915834.185 B/op
                 gc.count:           2.000 counts
                 gc.time:            2.000 ms

Iteration   4: 4.462 ms/op
                 gc.alloc.rate:      409.467 MB/sec
                 gc.alloc.rate.norm: 1915883.806 B/op
                 gc.count:           1.000 counts
                 gc.time:            1.000 ms

Iteration   5: 4.485 ms/op
                 gc.alloc.rate:      407.316 MB/sec
                 gc.alloc.rate.norm: 1915916.708 B/op
                 gc.count:           2.000 counts
                 gc.time:            2.000 ms



Result "research.skew.AggregationBenchmark.parallelConcurrent":
  4.478 ±(99.9%) 0.036 ms/op [Average]
  (min, avg, max) = (4.426, 4.478, 4.545), stdev = 0.034
  CI (99.9%): [4.442, 4.514] (assumes normal distribution)

Secondary result "research.skew.AggregationBenchmark.parallelConcurrent:gc.alloc.rate":
  408.027 ±(99.9%) 3.266 MB/sec [Average]
  (min, avg, max) = (401.932, 408.027, 412.733), stdev = 3.055
  CI (99.9%): [404.761, 411.294] (assumes normal distribution)

Secondary result "research.skew.AggregationBenchmark.parallelConcurrent:gc.alloc.rate.norm":
  1915858.453 ±(99.9%) 38.318 B/op [Average]
  (min, avg, max) = (1915830.442, 1915858.453, 1915958.105), stdev = 35.843
  CI (99.9%): [1915820.135, 1915896.771] (assumes normal distribution)

Secondary result "research.skew.AggregationBenchmark.parallelConcurrent:gc.count":
  20.000 ±(99.9%) 0.001 counts [Sum]
  (min, avg, max) = (1.000, 1.333, 2.000), stdev = 0.488
  CI (99.9%): [20.000, 20.000] (assumes normal distribution)

Secondary result "research.skew.AggregationBenchmark.parallelConcurrent:gc.time":
  22.000 ±(99.9%) 0.001 ms [Sum]
  (min, avg, max) = (1.000, 1.467, 3.000), stdev = 0.640
  CI (99.9%): [22.000, 22.000] (assumes normal distribution)


# JMH version: 1.37
# VM version: JDK 25.0.4.1, OpenJDK 64-Bit Server VM, 25.0.4.1+1-LTS
# VM invoker: /Users/jaehyeon/Library/Java/JavaVirtualMachines/temurin-25.0.4.1/Contents/Home/bin/java
# VM options: -Xms512m -Xmx512m -Djava.util.concurrent.ForkJoinPool.common.parallelism=3
# Blackhole mode: compiler (auto-detected, use -Djmh.blackhole.autoDetect=false to disable)
# Warmup: 5 iterations, 1 s each
# Measurement: 5 iterations, 1 s each
# Timeout: 10 min per iteration
# Threads: 1 thread, will synchronize iterations
# Benchmark mode: Average time, time/op
# Benchmark: research.skew.AggregationBenchmark.parallelConcurrent
# Parameters: (cardinality = 4096, distribution = hot90, seed = 20260929, size = 100000)

# Run progress: 22.22% complete, ETA 00:14:23
# Fork: 1 of 3
WARNING: A terminally deprecated method in sun.misc.Unsafe has been called
WARNING: sun.misc.Unsafe::objectFieldOffset has been called by org.openjdk.jmh.util.Utils (file:/Users/jaehyeon/Documents/Obsidian%20Vault/2026/04.%ed%98%b8%ec%84%9c%eb%8c%80%ed%95%99%ea%b5%90/11.%ec%b0%a8%ec%84%b8%eb%8c%80%ec%bb%b4%ed%93%a8%ed%8c%85%ed%95%99%ed%9a%8c%eb%85%bc%eb%ac%b8/JavaStream_%ed%82%a4%ed%8e%b8%ed%96%a5/.deps/jmh-core-1.37.jar)
WARNING: Please consider reporting this to the maintainers of class org.openjdk.jmh.util.Utils
WARNING: sun.misc.Unsafe::objectFieldOffset will be removed in a future release
# Warmup Iteration   1: Input: n=100000, keys=4096, observedHotFraction=0.900000, poolParallelism=3, availableProcessors=10
7.261 ms/op
# Warmup Iteration   2: 8.091 ms/op
# Warmup Iteration   3: 7.512 ms/op
# Warmup Iteration   4: 7.224 ms/op
# Warmup Iteration   5: 7.176 ms/op
Iteration   1: 7.197 ms/op
                 gc.alloc.rate:      253.958 MB/sec
                 gc.alloc.rate.norm: 1916719.262 B/op
                 gc.count:           1.000 counts
                 gc.time:            1.000 ms

Iteration   2: 7.126 ms/op
                 gc.alloc.rate:      256.474 MB/sec
                 gc.alloc.rate.norm: 1916727.664 B/op
                 gc.count:           1.000 counts
                 gc.time:            1.000 ms

Iteration   3: 6.880 ms/op
                 gc.alloc.rate:      265.653 MB/sec
                 gc.alloc.rate.norm: 1916707.918 B/op
                 gc.count:           1.000 counts
                 gc.time:            1.000 ms

Iteration   4: 7.177 ms/op
                 gc.alloc.rate:      254.768 MB/sec
                 gc.alloc.rate.norm: 1917329.305 B/op
                 gc.count:           ≈ 0 counts

Iteration   5: 7.379 ms/op
                 gc.alloc.rate:      247.706 MB/sec
                 gc.alloc.rate.norm: 1916801.941 B/op
                 gc.count:           1.000 counts
                 gc.time:            1.000 ms


# Run progress: 23.15% complete, ETA 00:14:13
# Fork: 2 of 3
WARNING: A terminally deprecated method in sun.misc.Unsafe has been called
WARNING: sun.misc.Unsafe::objectFieldOffset has been called by org.openjdk.jmh.util.Utils (file:/Users/jaehyeon/Documents/Obsidian%20Vault/2026/04.%ed%98%b8%ec%84%9c%eb%8c%80%ed%95%99%ea%b5%90/11.%ec%b0%a8%ec%84%b8%eb%8c%80%ec%bb%b4%ed%93%a8%ed%8c%85%ed%95%99%ed%9a%8c%eb%85%bc%eb%ac%b8/JavaStream_%ed%82%a4%ed%8e%b8%ed%96%a5/.deps/jmh-core-1.37.jar)
WARNING: Please consider reporting this to the maintainers of class org.openjdk.jmh.util.Utils
WARNING: sun.misc.Unsafe::objectFieldOffset will be removed in a future release
# Warmup Iteration   1: Input: n=100000, keys=4096, observedHotFraction=0.900000, poolParallelism=3, availableProcessors=10
8.030 ms/op
# Warmup Iteration   2: 7.694 ms/op
# Warmup Iteration   3: 7.807 ms/op
# Warmup Iteration   4: 8.009 ms/op
# Warmup Iteration   5: 8.196 ms/op
Iteration   1: 8.352 ms/op
                 gc.alloc.rate:      218.800 MB/sec
                 gc.alloc.rate.norm: 1916279.868 B/op
                 gc.count:           ≈ 0 counts

Iteration   2: 7.752 ms/op
                 gc.alloc.rate:      235.712 MB/sec
                 gc.alloc.rate.norm: 1916221.679 B/op
                 gc.count:           1.000 counts
                 gc.time:            1.000 ms

Iteration   3: 8.405 ms/op
                 gc.alloc.rate:      217.409 MB/sec
                 gc.alloc.rate.norm: 1916274.314 B/op
                 gc.count:           1.000 counts
                 gc.time:            1.000 ms

Iteration   4: 8.062 ms/op
                 gc.alloc.rate:      226.740 MB/sec
                 gc.alloc.rate.norm: 1916889.905 B/op
                 gc.count:           1.000 counts
                 gc.time:            1.000 ms

Iteration   5: 8.223 ms/op
                 gc.alloc.rate:      222.642 MB/sec
                 gc.alloc.rate.norm: 1919871.805 B/op
                 gc.count:           ≈ 0 counts


# Run progress: 24.07% complete, ETA 00:14:03
# Fork: 3 of 3
WARNING: A terminally deprecated method in sun.misc.Unsafe has been called
WARNING: sun.misc.Unsafe::objectFieldOffset has been called by org.openjdk.jmh.util.Utils (file:/Users/jaehyeon/Documents/Obsidian%20Vault/2026/04.%ed%98%b8%ec%84%9c%eb%8c%80%ed%95%99%ea%b5%90/11.%ec%b0%a8%ec%84%b8%eb%8c%80%ec%bb%b4%ed%93%a8%ed%8c%85%ed%95%99%ed%9a%8c%eb%85%bc%eb%ac%b8/JavaStream_%ed%82%a4%ed%8e%b8%ed%96%a5/.deps/jmh-core-1.37.jar)
WARNING: Please consider reporting this to the maintainers of class org.openjdk.jmh.util.Utils
WARNING: sun.misc.Unsafe::objectFieldOffset will be removed in a future release
# Warmup Iteration   1: Input: n=100000, keys=4096, observedHotFraction=0.900000, poolParallelism=3, availableProcessors=10
8.020 ms/op
# Warmup Iteration   2: 8.160 ms/op
# Warmup Iteration   3: 8.652 ms/op
# Warmup Iteration   4: 7.871 ms/op
# Warmup Iteration   5: 7.641 ms/op
Iteration   1: 7.990 ms/op
                 gc.alloc.rate:      228.615 MB/sec
                 gc.alloc.rate.norm: 1915603.780 B/op
                 gc.count:           ≈ 0 counts

Iteration   2: 8.502 ms/op
                 gc.alloc.rate:      214.938 MB/sec
                 gc.alloc.rate.norm: 1916309.513 B/op
                 gc.count:           1.000 counts
                 gc.time:            1.000 ms

Iteration   3: 8.327 ms/op
                 gc.alloc.rate:      219.515 MB/sec
                 gc.alloc.rate.norm: 1916963.279 B/op
                 gc.count:           1.000 counts
                 gc.time:            1.000 ms

Iteration   4: 8.323 ms/op
                 gc.alloc.rate:      219.701 MB/sec
                 gc.alloc.rate.norm: 1917635.279 B/op
                 gc.count:           1.000 counts
                 gc.time:            1.000 ms

Iteration   5: 8.049 ms/op
                 gc.alloc.rate:      226.936 MB/sec
                 gc.alloc.rate.norm: 1915565.841 B/op
                 gc.count:           ≈ 0 counts



Result "research.skew.AggregationBenchmark.parallelConcurrent":
  7.850 ±(99.9%) 0.589 ms/op [Average]
  (min, avg, max) = (6.880, 7.850, 8.502), stdev = 0.551
  CI (99.9%): [7.260, 8.439] (assumes normal distribution)

Secondary result "research.skew.AggregationBenchmark.parallelConcurrent:gc.alloc.rate":
  233.971 ±(99.9%) 18.232 MB/sec [Average]
  (min, avg, max) = (214.938, 233.971, 265.653), stdev = 17.055
  CI (99.9%): [215.739, 252.204] (assumes normal distribution)

Secondary result "research.skew.AggregationBenchmark.parallelConcurrent:gc.alloc.rate.norm":
  1916793.424 ±(99.9%) 1089.640 B/op [Average]
  (min, avg, max) = (1915565.841, 1916793.424, 1919871.805), stdev = 1019.250
  CI (99.9%): [1915703.784, 1917883.063] (assumes normal distribution)

Secondary result "research.skew.AggregationBenchmark.parallelConcurrent:gc.count":
  10.000 ±(99.9%) 0.001 counts [Sum]
  (min, avg, max) = (≈ 0, 0.667, 1.000), stdev = 0.488
  CI (99.9%): [10.000, 10.000] (assumes normal distribution)

Secondary result "research.skew.AggregationBenchmark.parallelConcurrent:gc.time":
  10.000 ±(99.9%) 0.001 ms [Sum]
  (min, avg, max) = (≈ 0, 0.667, 1.000), stdev = 0.488
  CI (99.9%): [10.000, 10.000] (assumes normal distribution)


# JMH version: 1.37
# VM version: JDK 25.0.4.1, OpenJDK 64-Bit Server VM, 25.0.4.1+1-LTS
# VM invoker: /Users/jaehyeon/Library/Java/JavaVirtualMachines/temurin-25.0.4.1/Contents/Home/bin/java
# VM options: -Xms512m -Xmx512m -Djava.util.concurrent.ForkJoinPool.common.parallelism=3
# Blackhole mode: compiler (auto-detected, use -Djmh.blackhole.autoDetect=false to disable)
# Warmup: 5 iterations, 1 s each
# Measurement: 5 iterations, 1 s each
# Timeout: 10 min per iteration
# Threads: 1 thread, will synchronize iterations
# Benchmark mode: Average time, time/op
# Benchmark: research.skew.AggregationBenchmark.parallelConcurrentAdder
# Parameters: (cardinality = 1024, distribution = uniform, seed = 20260929, size = 100000)

# Run progress: 25.00% complete, ETA 00:13:52
# Fork: 1 of 3
WARNING: A terminally deprecated method in sun.misc.Unsafe has been called
WARNING: sun.misc.Unsafe::objectFieldOffset has been called by org.openjdk.jmh.util.Utils (file:/Users/jaehyeon/Documents/Obsidian%20Vault/2026/04.%ed%98%b8%ec%84%9c%eb%8c%80%ed%95%99%ea%b5%90/11.%ec%b0%a8%ec%84%b8%eb%8c%80%ec%bb%b4%ed%93%a8%ed%8c%85%ed%95%99%ed%9a%8c%eb%85%bc%eb%ac%b8/JavaStream_%ed%82%a4%ed%8e%b8%ed%96%a5/.deps/jmh-core-1.37.jar)
WARNING: Please consider reporting this to the maintainers of class org.openjdk.jmh.util.Utils
WARNING: sun.misc.Unsafe::objectFieldOffset will be removed in a future release
# Warmup Iteration   1: Input: n=100000, keys=1024, observedHotFraction=0.000980, poolParallelism=3, availableProcessors=10
1.261 ms/op
# Warmup Iteration   2: 1.218 ms/op
# Warmup Iteration   3: 1.208 ms/op
# Warmup Iteration   4: 1.208 ms/op
# Warmup Iteration   5: 1.209 ms/op
Iteration   1: 1.217 ms/op
                 gc.alloc.rate:      1357.280 MB/sec
                 gc.alloc.rate.norm: 1731654.537 B/op
                 gc.count:           5.000 counts
                 gc.time:            3.000 ms

Iteration   2: 1.215 ms/op
                 gc.alloc.rate:      1358.874 MB/sec
                 gc.alloc.rate.norm: 1731766.702 B/op
                 gc.count:           4.000 counts
                 gc.time:            1.000 ms

Iteration   3: 1.208 ms/op
                 gc.alloc.rate:      1366.981 MB/sec
                 gc.alloc.rate.norm: 1731678.977 B/op
                 gc.count:           5.000 counts
                 gc.time:            2.000 ms

Iteration   4: 1.206 ms/op
                 gc.alloc.rate:      1369.758 MB/sec
                 gc.alloc.rate.norm: 1731640.153 B/op
                 gc.count:           4.000 counts
                 gc.time:            2.000 ms

Iteration   5: 1.206 ms/op
                 gc.alloc.rate:      1368.912 MB/sec
                 gc.alloc.rate.norm: 1731563.167 B/op
                 gc.count:           5.000 counts
                 gc.time:            2.000 ms


# Run progress: 25.93% complete, ETA 00:13:42
# Fork: 2 of 3
WARNING: A terminally deprecated method in sun.misc.Unsafe has been called
WARNING: sun.misc.Unsafe::objectFieldOffset has been called by org.openjdk.jmh.util.Utils (file:/Users/jaehyeon/Documents/Obsidian%20Vault/2026/04.%ed%98%b8%ec%84%9c%eb%8c%80%ed%95%99%ea%b5%90/11.%ec%b0%a8%ec%84%b8%eb%8c%80%ec%bb%b4%ed%93%a8%ed%8c%85%ed%95%99%ed%9a%8c%eb%85%bc%eb%ac%b8/JavaStream_%ed%82%a4%ed%8e%b8%ed%96%a5/.deps/jmh-core-1.37.jar)
WARNING: Please consider reporting this to the maintainers of class org.openjdk.jmh.util.Utils
WARNING: sun.misc.Unsafe::objectFieldOffset will be removed in a future release
# Warmup Iteration   1: Input: n=100000, keys=1024, observedHotFraction=0.000980, poolParallelism=3, availableProcessors=10
1.267 ms/op
# Warmup Iteration   2: 1.239 ms/op
# Warmup Iteration   3: 1.229 ms/op
# Warmup Iteration   4: 1.226 ms/op
# Warmup Iteration   5: 1.229 ms/op
Iteration   1: 1.250 ms/op
                 gc.alloc.rate:      1320.810 MB/sec
                 gc.alloc.rate.norm: 1732068.238 B/op
                 gc.count:           4.000 counts
                 gc.time:            2.000 ms

Iteration   2: 1.231 ms/op
                 gc.alloc.rate:      1341.613 MB/sec
                 gc.alloc.rate.norm: 1732281.978 B/op
                 gc.count:           5.000 counts
                 gc.time:            2.000 ms

Iteration   3: 1.235 ms/op
                 gc.alloc.rate:      1337.991 MB/sec
                 gc.alloc.rate.norm: 1732542.543 B/op
                 gc.count:           4.000 counts
                 gc.time:            2.000 ms

Iteration   4: 1.225 ms/op
                 gc.alloc.rate:      1348.348 MB/sec
                 gc.alloc.rate.norm: 1732526.429 B/op
                 gc.count:           5.000 counts
                 gc.time:            2.000 ms

Iteration   5: 1.227 ms/op
                 gc.alloc.rate:      1346.425 MB/sec
                 gc.alloc.rate.norm: 1732451.650 B/op
                 gc.count:           4.000 counts
                 gc.time:            2.000 ms


# Run progress: 26.85% complete, ETA 00:13:32
# Fork: 3 of 3
WARNING: A terminally deprecated method in sun.misc.Unsafe has been called
WARNING: sun.misc.Unsafe::objectFieldOffset has been called by org.openjdk.jmh.util.Utils (file:/Users/jaehyeon/Documents/Obsidian%20Vault/2026/04.%ed%98%b8%ec%84%9c%eb%8c%80%ed%95%99%ea%b5%90/11.%ec%b0%a8%ec%84%b8%eb%8c%80%ec%bb%b4%ed%93%a8%ed%8c%85%ed%95%99%ed%9a%8c%eb%85%bc%eb%ac%b8/JavaStream_%ed%82%a4%ed%8e%b8%ed%96%a5/.deps/jmh-core-1.37.jar)
WARNING: Please consider reporting this to the maintainers of class org.openjdk.jmh.util.Utils
WARNING: sun.misc.Unsafe::objectFieldOffset will be removed in a future release
# Warmup Iteration   1: Input: n=100000, keys=1024, observedHotFraction=0.000980, poolParallelism=3, availableProcessors=10
1.263 ms/op
# Warmup Iteration   2: 1.240 ms/op
# Warmup Iteration   3: 1.237 ms/op
# Warmup Iteration   4: 1.232 ms/op
# Warmup Iteration   5: 1.227 ms/op
Iteration   1: 1.266 ms/op
                 gc.alloc.rate:      1304.148 MB/sec
                 gc.alloc.rate.norm: 1731712.501 B/op
                 gc.count:           4.000 counts
                 gc.time:            2.000 ms

Iteration   2: 1.354 ms/op
                 gc.alloc.rate:      1220.874 MB/sec
                 gc.alloc.rate.norm: 1733613.233 B/op
                 gc.count:           4.000 counts
                 gc.time:            2.000 ms

Iteration   3: 1.257 ms/op
                 gc.alloc.rate:      1314.464 MB/sec
                 gc.alloc.rate.norm: 1732306.050 B/op
                 gc.count:           5.000 counts
                 gc.time:            2.000 ms

Iteration   4: 1.225 ms/op
                 gc.alloc.rate:      1348.185 MB/sec
                 gc.alloc.rate.norm: 1732289.745 B/op
                 gc.count:           4.000 counts
                 gc.time:            1.000 ms

Iteration   5: 1.219 ms/op
                 gc.alloc.rate:      1354.854 MB/sec
                 gc.alloc.rate.norm: 1732159.064 B/op
                 gc.count:           5.000 counts
                 gc.time:            3.000 ms



Result "research.skew.AggregationBenchmark.parallelConcurrentAdder":
  1.236 ±(99.9%) 0.040 ms/op [Average]
  (min, avg, max) = (1.206, 1.236, 1.354), stdev = 0.037
  CI (99.9%): [1.196, 1.276] (assumes normal distribution)

Secondary result "research.skew.AggregationBenchmark.parallelConcurrentAdder:gc.alloc.rate":
  1337.301 ±(99.9%) 40.302 MB/sec [Average]
  (min, avg, max) = (1220.874, 1337.301, 1369.758), stdev = 37.699
  CI (99.9%): [1296.999, 1377.604] (assumes normal distribution)

Secondary result "research.skew.AggregationBenchmark.parallelConcurrentAdder:gc.alloc.rate.norm":
  1732150.331 ±(99.9%) 571.857 B/op [Average]
  (min, avg, max) = (1731563.167, 1732150.331, 1733613.233), stdev = 534.915
  CI (99.9%): [1731578.474, 1732722.188] (assumes normal distribution)

Secondary result "research.skew.AggregationBenchmark.parallelConcurrentAdder:gc.count":
  67.000 ±(99.9%) 0.001 counts [Sum]
  (min, avg, max) = (4.000, 4.467, 5.000), stdev = 0.516
  CI (99.9%): [67.000, 67.000] (assumes normal distribution)

Secondary result "research.skew.AggregationBenchmark.parallelConcurrentAdder:gc.time":
  30.000 ±(99.9%) 0.001 ms [Sum]
  (min, avg, max) = (1.000, 2.000, 3.000), stdev = 0.535
  CI (99.9%): [30.000, 30.000] (assumes normal distribution)


# JMH version: 1.37
# VM version: JDK 25.0.4.1, OpenJDK 64-Bit Server VM, 25.0.4.1+1-LTS
# VM invoker: /Users/jaehyeon/Library/Java/JavaVirtualMachines/temurin-25.0.4.1/Contents/Home/bin/java
# VM options: -Xms512m -Xmx512m -Djava.util.concurrent.ForkJoinPool.common.parallelism=3
# Blackhole mode: compiler (auto-detected, use -Djmh.blackhole.autoDetect=false to disable)
# Warmup: 5 iterations, 1 s each
# Measurement: 5 iterations, 1 s each
# Timeout: 10 min per iteration
# Threads: 1 thread, will synchronize iterations
# Benchmark mode: Average time, time/op
# Benchmark: research.skew.AggregationBenchmark.parallelConcurrentAdder
# Parameters: (cardinality = 1024, distribution = hot50, seed = 20260929, size = 100000)

# Run progress: 27.78% complete, ETA 00:13:21
# Fork: 1 of 3
WARNING: A terminally deprecated method in sun.misc.Unsafe has been called
WARNING: sun.misc.Unsafe::objectFieldOffset has been called by org.openjdk.jmh.util.Utils (file:/Users/jaehyeon/Documents/Obsidian%20Vault/2026/04.%ed%98%b8%ec%84%9c%eb%8c%80%ed%95%99%ea%b5%90/11.%ec%b0%a8%ec%84%b8%eb%8c%80%ec%bb%b4%ed%93%a8%ed%8c%85%ed%95%99%ed%9a%8c%eb%85%bc%eb%ac%b8/JavaStream_%ed%82%a4%ed%8e%b8%ed%96%a5/.deps/jmh-core-1.37.jar)
WARNING: Please consider reporting this to the maintainers of class org.openjdk.jmh.util.Utils
WARNING: sun.misc.Unsafe::objectFieldOffset will be removed in a future release
# Warmup Iteration   1: Input: n=100000, keys=1024, observedHotFraction=0.500000, poolParallelism=3, availableProcessors=10
0.824 ms/op
# Warmup Iteration   2: 0.805 ms/op
# Warmup Iteration   3: 0.797 ms/op
# Warmup Iteration   4: 0.797 ms/op
# Warmup Iteration   5: 0.813 ms/op
Iteration   1: 0.799 ms/op
                 gc.alloc.rate:      2038.347 MB/sec
                 gc.alloc.rate.norm: 1708865.735 B/op
                 gc.count:           7.000 counts
                 gc.time:            3.000 ms

Iteration   2: 0.799 ms/op
                 gc.alloc.rate:      2040.696 MB/sec
                 gc.alloc.rate.norm: 1709235.434 B/op
                 gc.count:           7.000 counts
                 gc.time:            3.000 ms

Iteration   3: 0.805 ms/op
                 gc.alloc.rate:      2024.980 MB/sec
                 gc.alloc.rate.norm: 1708951.911 B/op
                 gc.count:           7.000 counts
                 gc.time:            3.000 ms

Iteration   4: 0.798 ms/op
                 gc.alloc.rate:      2042.246 MB/sec
                 gc.alloc.rate.norm: 1709074.900 B/op
                 gc.count:           6.000 counts
                 gc.time:            3.000 ms

Iteration   5: 0.801 ms/op
                 gc.alloc.rate:      2035.447 MB/sec
                 gc.alloc.rate.norm: 1708886.922 B/op
                 gc.count:           7.000 counts
                 gc.time:            3.000 ms


# Run progress: 28.70% complete, ETA 00:13:11
# Fork: 2 of 3
WARNING: A terminally deprecated method in sun.misc.Unsafe has been called
WARNING: sun.misc.Unsafe::objectFieldOffset has been called by org.openjdk.jmh.util.Utils (file:/Users/jaehyeon/Documents/Obsidian%20Vault/2026/04.%ed%98%b8%ec%84%9c%eb%8c%80%ed%95%99%ea%b5%90/11.%ec%b0%a8%ec%84%b8%eb%8c%80%ec%bb%b4%ed%93%a8%ed%8c%85%ed%95%99%ed%9a%8c%eb%85%bc%eb%ac%b8/JavaStream_%ed%82%a4%ed%8e%b8%ed%96%a5/.deps/jmh-core-1.37.jar)
WARNING: Please consider reporting this to the maintainers of class org.openjdk.jmh.util.Utils
WARNING: sun.misc.Unsafe::objectFieldOffset will be removed in a future release
# Warmup Iteration   1: Input: n=100000, keys=1024, observedHotFraction=0.500000, poolParallelism=3, availableProcessors=10
0.827 ms/op
# Warmup Iteration   2: 0.753 ms/op
# Warmup Iteration   3: 0.728 ms/op
# Warmup Iteration   4: 0.740 ms/op
# Warmup Iteration   5: 0.743 ms/op
Iteration   1: 0.735 ms/op
                 gc.alloc.rate:      2218.225 MB/sec
                 gc.alloc.rate.norm: 1709106.531 B/op
                 gc.count:           7.000 counts
                 gc.time:            3.000 ms

Iteration   2: 0.740 ms/op
                 gc.alloc.rate:      2201.355 MB/sec
                 gc.alloc.rate.norm: 1709374.793 B/op
                 gc.count:           7.000 counts
                 gc.time:            3.000 ms

Iteration   3: 0.727 ms/op
                 gc.alloc.rate:      2241.642 MB/sec
                 gc.alloc.rate.norm: 1709122.711 B/op
                 gc.count:           8.000 counts
                 gc.time:            3.000 ms

Iteration   4: 0.752 ms/op
                 gc.alloc.rate:      2166.415 MB/sec
                 gc.alloc.rate.norm: 1709094.630 B/op
                 gc.count:           7.000 counts
                 gc.time:            3.000 ms

Iteration   5: 0.732 ms/op
                 gc.alloc.rate:      2226.067 MB/sec
                 gc.alloc.rate.norm: 1709137.043 B/op
                 gc.count:           7.000 counts
                 gc.time:            3.000 ms


# Run progress: 29.63% complete, ETA 00:13:01
# Fork: 3 of 3
WARNING: A terminally deprecated method in sun.misc.Unsafe has been called
WARNING: sun.misc.Unsafe::objectFieldOffset has been called by org.openjdk.jmh.util.Utils (file:/Users/jaehyeon/Documents/Obsidian%20Vault/2026/04.%ed%98%b8%ec%84%9c%eb%8c%80%ed%95%99%ea%b5%90/11.%ec%b0%a8%ec%84%b8%eb%8c%80%ec%bb%b4%ed%93%a8%ed%8c%85%ed%95%99%ed%9a%8c%eb%85%bc%eb%ac%b8/JavaStream_%ed%82%a4%ed%8e%b8%ed%96%a5/.deps/jmh-core-1.37.jar)
WARNING: Please consider reporting this to the maintainers of class org.openjdk.jmh.util.Utils
WARNING: sun.misc.Unsafe::objectFieldOffset will be removed in a future release
# Warmup Iteration   1: Input: n=100000, keys=1024, observedHotFraction=0.500000, poolParallelism=3, availableProcessors=10
0.823 ms/op
# Warmup Iteration   2: 0.748 ms/op
# Warmup Iteration   3: 0.731 ms/op
# Warmup Iteration   4: 0.734 ms/op
# Warmup Iteration   5: 0.731 ms/op
Iteration   1: 0.744 ms/op
                 gc.alloc.rate:      2191.902 MB/sec
                 gc.alloc.rate.norm: 1709145.401 B/op
                 gc.count:           7.000 counts
                 gc.time:            3.000 ms

Iteration   2: 0.773 ms/op
                 gc.alloc.rate:      2108.868 MB/sec
                 gc.alloc.rate.norm: 1709074.522 B/op
                 gc.count:           7.000 counts
                 gc.time:            3.000 ms

Iteration   3: 0.800 ms/op
                 gc.alloc.rate:      2036.937 MB/sec
                 gc.alloc.rate.norm: 1708937.476 B/op
                 gc.count:           7.000 counts
                 gc.time:            3.000 ms

Iteration   4: 0.825 ms/op
                 gc.alloc.rate:      1976.420 MB/sec
                 gc.alloc.rate.norm: 1708933.022 B/op
                 gc.count:           6.000 counts
                 gc.time:            2.000 ms

Iteration   5: 0.810 ms/op
                 gc.alloc.rate:      2012.813 MB/sec
                 gc.alloc.rate.norm: 1709045.994 B/op
                 gc.count:           7.000 counts
                 gc.time:            3.000 ms



Result "research.skew.AggregationBenchmark.parallelConcurrentAdder":
  0.776 ±(99.9%) 0.036 ms/op [Average]
  (min, avg, max) = (0.727, 0.776, 0.825), stdev = 0.034
  CI (99.9%): [0.740, 0.812] (assumes normal distribution)

Secondary result "research.skew.AggregationBenchmark.parallelConcurrentAdder:gc.alloc.rate":
  2104.157 ±(99.9%) 99.050 MB/sec [Average]
  (min, avg, max) = (1976.420, 2104.157, 2241.642), stdev = 92.652
  CI (99.9%): [2005.107, 2203.208] (assumes normal distribution)

Secondary result "research.skew.AggregationBenchmark.parallelConcurrentAdder:gc.alloc.rate.norm":
  1709065.802 ±(99.9%) 145.978 B/op [Average]
  (min, avg, max) = (1708865.735, 1709065.802, 1709374.793), stdev = 136.548
  CI (99.9%): [1708919.823, 1709211.780] (assumes normal distribution)

Secondary result "research.skew.AggregationBenchmark.parallelConcurrentAdder:gc.count":
  104.000 ±(99.9%) 0.001 counts [Sum]
  (min, avg, max) = (6.000, 6.933, 8.000), stdev = 0.458
  CI (99.9%): [104.000, 104.000] (assumes normal distribution)

Secondary result "research.skew.AggregationBenchmark.parallelConcurrentAdder:gc.time":
  44.000 ±(99.9%) 0.001 ms [Sum]
  (min, avg, max) = (2.000, 2.933, 3.000), stdev = 0.258
  CI (99.9%): [44.000, 44.000] (assumes normal distribution)


# JMH version: 1.37
# VM version: JDK 25.0.4.1, OpenJDK 64-Bit Server VM, 25.0.4.1+1-LTS
# VM invoker: /Users/jaehyeon/Library/Java/JavaVirtualMachines/temurin-25.0.4.1/Contents/Home/bin/java
# VM options: -Xms512m -Xmx512m -Djava.util.concurrent.ForkJoinPool.common.parallelism=3
# Blackhole mode: compiler (auto-detected, use -Djmh.blackhole.autoDetect=false to disable)
# Warmup: 5 iterations, 1 s each
# Measurement: 5 iterations, 1 s each
# Timeout: 10 min per iteration
# Threads: 1 thread, will synchronize iterations
# Benchmark mode: Average time, time/op
# Benchmark: research.skew.AggregationBenchmark.parallelConcurrentAdder
# Parameters: (cardinality = 1024, distribution = hot90, seed = 20260929, size = 100000)

# Run progress: 30.56% complete, ETA 00:12:50
# Fork: 1 of 3
WARNING: A terminally deprecated method in sun.misc.Unsafe has been called
WARNING: sun.misc.Unsafe::objectFieldOffset has been called by org.openjdk.jmh.util.Utils (file:/Users/jaehyeon/Documents/Obsidian%20Vault/2026/04.%ed%98%b8%ec%84%9c%eb%8c%80%ed%95%99%ea%b5%90/11.%ec%b0%a8%ec%84%b8%eb%8c%80%ec%bb%b4%ed%93%a8%ed%8c%85%ed%95%99%ed%9a%8c%eb%85%bc%eb%ac%b8/JavaStream_%ed%82%a4%ed%8e%b8%ed%96%a5/.deps/jmh-core-1.37.jar)
WARNING: Please consider reporting this to the maintainers of class org.openjdk.jmh.util.Utils
WARNING: sun.misc.Unsafe::objectFieldOffset will be removed in a future release
# Warmup Iteration   1: Input: n=100000, keys=1024, observedHotFraction=0.900000, poolParallelism=3, availableProcessors=10
1.089 ms/op
# Warmup Iteration   2: 1.966 ms/op
# Warmup Iteration   3: 1.820 ms/op
# Warmup Iteration   4: 1.848 ms/op
# Warmup Iteration   5: 1.773 ms/op
Iteration   1: 1.865 ms/op
                 gc.alloc.rate:      865.523 MB/sec
                 gc.alloc.rate.norm: 1693035.720 B/op
                 gc.count:           3.000 counts
                 gc.time:            1.000 ms

Iteration   2: 1.783 ms/op
                 gc.alloc.rate:      905.656 MB/sec
                 gc.alloc.rate.norm: 1693080.028 B/op
                 gc.count:           3.000 counts
                 gc.time:            2.000 ms

Iteration   3: 1.796 ms/op
                 gc.alloc.rate:      899.043 MB/sec
                 gc.alloc.rate.norm: 1693007.162 B/op
                 gc.count:           3.000 counts
                 gc.time:            1.000 ms

Iteration   4: 1.776 ms/op
                 gc.alloc.rate:      909.341 MB/sec
                 gc.alloc.rate.norm: 1693112.070 B/op
                 gc.count:           3.000 counts
                 gc.time:            1.000 ms

Iteration   5: 2.031 ms/op
                 gc.alloc.rate:      794.725 MB/sec
                 gc.alloc.rate.norm: 1692927.054 B/op
                 gc.count:           3.000 counts
                 gc.time:            2.000 ms


# Run progress: 31.48% complete, ETA 00:12:40
# Fork: 2 of 3
WARNING: A terminally deprecated method in sun.misc.Unsafe has been called
WARNING: sun.misc.Unsafe::objectFieldOffset has been called by org.openjdk.jmh.util.Utils (file:/Users/jaehyeon/Documents/Obsidian%20Vault/2026/04.%ed%98%b8%ec%84%9c%eb%8c%80%ed%95%99%ea%b5%90/11.%ec%b0%a8%ec%84%b8%eb%8c%80%ec%bb%b4%ed%93%a8%ed%8c%85%ed%95%99%ed%9a%8c%eb%85%bc%eb%ac%b8/JavaStream_%ed%82%a4%ed%8e%b8%ed%96%a5/.deps/jmh-core-1.37.jar)
WARNING: Please consider reporting this to the maintainers of class org.openjdk.jmh.util.Utils
WARNING: sun.misc.Unsafe::objectFieldOffset will be removed in a future release
# Warmup Iteration   1: Input: n=100000, keys=1024, observedHotFraction=0.900000, poolParallelism=3, availableProcessors=10
1.763 ms/op
# Warmup Iteration   2: 1.547 ms/op
# Warmup Iteration   3: 1.659 ms/op
# Warmup Iteration   4: 1.706 ms/op
# Warmup Iteration   5: 1.801 ms/op
Iteration   1: 1.864 ms/op
                 gc.alloc.rate:      866.038 MB/sec
                 gc.alloc.rate.norm: 1692958.821 B/op
                 gc.count:           3.000 counts
                 gc.time:            1.000 ms

Iteration   2: 1.719 ms/op
                 gc.alloc.rate:      939.176 MB/sec
                 gc.alloc.rate.norm: 1692894.886 B/op
                 gc.count:           3.000 counts
                 gc.time:            1.000 ms

Iteration   3: 1.762 ms/op
                 gc.alloc.rate:      916.352 MB/sec
                 gc.alloc.rate.norm: 1692808.070 B/op
                 gc.count:           3.000 counts
                 gc.time:            2.000 ms

Iteration   4: 1.681 ms/op
                 gc.alloc.rate:      960.343 MB/sec
                 gc.alloc.rate.norm: 1692918.166 B/op
                 gc.count:           3.000 counts
                 gc.time:            1.000 ms

Iteration   5: 1.512 ms/op
                 gc.alloc.rate:      1068.103 MB/sec
                 gc.alloc.rate.norm: 1693135.505 B/op
                 gc.count:           4.000 counts
                 gc.time:            2.000 ms


# Run progress: 32.41% complete, ETA 00:12:30
# Fork: 3 of 3
WARNING: A terminally deprecated method in sun.misc.Unsafe has been called
WARNING: sun.misc.Unsafe::objectFieldOffset has been called by org.openjdk.jmh.util.Utils (file:/Users/jaehyeon/Documents/Obsidian%20Vault/2026/04.%ed%98%b8%ec%84%9c%eb%8c%80%ed%95%99%ea%b5%90/11.%ec%b0%a8%ec%84%b8%eb%8c%80%ec%bb%b4%ed%93%a8%ed%8c%85%ed%95%99%ed%9a%8c%eb%85%bc%eb%ac%b8/JavaStream_%ed%82%a4%ed%8e%b8%ed%96%a5/.deps/jmh-core-1.37.jar)
WARNING: Please consider reporting this to the maintainers of class org.openjdk.jmh.util.Utils
WARNING: sun.misc.Unsafe::objectFieldOffset will be removed in a future release
# Warmup Iteration   1: Input: n=100000, keys=1024, observedHotFraction=0.900000, poolParallelism=3, availableProcessors=10
2.215 ms/op
# Warmup Iteration   2: 2.677 ms/op
# Warmup Iteration   3: 2.516 ms/op
# Warmup Iteration   4: 2.651 ms/op
# Warmup Iteration   5: 2.744 ms/op
Iteration   1: 2.764 ms/op
                 gc.alloc.rate:      584.064 MB/sec
                 gc.alloc.rate.norm: 1692712.372 B/op
                 gc.count:           2.000 counts
                 gc.time:            2.000 ms

Iteration   2: 2.566 ms/op
                 gc.alloc.rate:      629.101 MB/sec
                 gc.alloc.rate.norm: 1692857.262 B/op
                 gc.count:           3.000 counts
                 gc.time:            3.000 ms

Iteration   3: 2.165 ms/op
                 gc.alloc.rate:      745.615 MB/sec
                 gc.alloc.rate.norm: 1693068.188 B/op
                 gc.count:           2.000 counts
                 gc.time:            1.000 ms

Iteration   4: 2.775 ms/op
                 gc.alloc.rate:      581.617 MB/sec
                 gc.alloc.rate.norm: 1692808.175 B/op
                 gc.count:           2.000 counts
                 gc.time:            ≈ 0 ms

Iteration   5: 2.684 ms/op
                 gc.alloc.rate:      601.406 MB/sec
                 gc.alloc.rate.norm: 1692868.466 B/op
                 gc.count:           2.000 counts
                 gc.time:            1.000 ms



Result "research.skew.AggregationBenchmark.parallelConcurrentAdder":
  2.049 ±(99.9%) 0.462 ms/op [Average]
  (min, avg, max) = (1.512, 2.049, 2.775), stdev = 0.432
  CI (99.9%): [1.587, 2.512] (assumes normal distribution)

Secondary result "research.skew.AggregationBenchmark.parallelConcurrentAdder:gc.alloc.rate":
  817.740 ±(99.9%) 164.954 MB/sec [Average]
  (min, avg, max) = (581.617, 817.740, 1068.103), stdev = 154.298
  CI (99.9%): [652.786, 982.694] (assumes normal distribution)

Secondary result "research.skew.AggregationBenchmark.parallelConcurrentAdder:gc.alloc.rate.norm":
  1692946.130 ±(99.9%) 133.579 B/op [Average]
  (min, avg, max) = (1692712.372, 1692946.130, 1693135.505), stdev = 124.950
  CI (99.9%): [1692812.551, 1693079.708] (assumes normal distribution)

Secondary result "research.skew.AggregationBenchmark.parallelConcurrentAdder:gc.count":
  42.000 ±(99.9%) 0.001 counts [Sum]
  (min, avg, max) = (2.000, 2.800, 4.000), stdev = 0.561
  CI (99.9%): [42.000, 42.000] (assumes normal distribution)

Secondary result "research.skew.AggregationBenchmark.parallelConcurrentAdder:gc.time":
  21.000 ±(99.9%) 0.001 ms [Sum]
  (min, avg, max) = (≈ 0, 1.400, 3.000), stdev = 0.737
  CI (99.9%): [21.000, 21.000] (assumes normal distribution)


# JMH version: 1.37
# VM version: JDK 25.0.4.1, OpenJDK 64-Bit Server VM, 25.0.4.1+1-LTS
# VM invoker: /Users/jaehyeon/Library/Java/JavaVirtualMachines/temurin-25.0.4.1/Contents/Home/bin/java
# VM options: -Xms512m -Xmx512m -Djava.util.concurrent.ForkJoinPool.common.parallelism=3
# Blackhole mode: compiler (auto-detected, use -Djmh.blackhole.autoDetect=false to disable)
# Warmup: 5 iterations, 1 s each
# Measurement: 5 iterations, 1 s each
# Timeout: 10 min per iteration
# Threads: 1 thread, will synchronize iterations
# Benchmark mode: Average time, time/op
# Benchmark: research.skew.AggregationBenchmark.parallelConcurrentAdder
# Parameters: (cardinality = 2048, distribution = uniform, seed = 20260929, size = 100000)

# Run progress: 33.33% complete, ETA 00:12:20
# Fork: 1 of 3
WARNING: A terminally deprecated method in sun.misc.Unsafe has been called
WARNING: sun.misc.Unsafe::objectFieldOffset has been called by org.openjdk.jmh.util.Utils (file:/Users/jaehyeon/Documents/Obsidian%20Vault/2026/04.%ed%98%b8%ec%84%9c%eb%8c%80%ed%95%99%ea%b5%90/11.%ec%b0%a8%ec%84%b8%eb%8c%80%ec%bb%b4%ed%93%a8%ed%8c%85%ed%95%99%ed%9a%8c%eb%85%bc%eb%ac%b8/JavaStream_%ed%82%a4%ed%8e%b8%ed%96%a5/.deps/jmh-core-1.37.jar)
WARNING: Please consider reporting this to the maintainers of class org.openjdk.jmh.util.Utils
WARNING: sun.misc.Unsafe::objectFieldOffset will be removed in a future release
# Warmup Iteration   1: Input: n=100000, keys=2048, observedHotFraction=0.000490, poolParallelism=3, availableProcessors=10
1.257 ms/op
# Warmup Iteration   2: 1.201 ms/op
# Warmup Iteration   3: 1.205 ms/op
# Warmup Iteration   4: 1.212 ms/op
# Warmup Iteration   5: 1.191 ms/op
Iteration   1: 1.190 ms/op
                 gc.alloc.rate:      1441.039 MB/sec
                 gc.alloc.rate.norm: 1798596.363 B/op
                 gc.count:           5.000 counts
                 gc.time:            3.000 ms

Iteration   2: 1.210 ms/op
                 gc.alloc.rate:      1417.636 MB/sec
                 gc.alloc.rate.norm: 1798404.474 B/op
                 gc.count:           5.000 counts
                 gc.time:            2.000 ms

Iteration   3: 1.195 ms/op
                 gc.alloc.rate:      1434.934 MB/sec
                 gc.alloc.rate.norm: 1798598.931 B/op
                 gc.count:           5.000 counts
                 gc.time:            3.000 ms

Iteration   4: 1.191 ms/op
                 gc.alloc.rate:      1439.443 MB/sec
                 gc.alloc.rate.norm: 1798241.131 B/op
                 gc.count:           4.000 counts
                 gc.time:            2.000 ms

Iteration   5: 1.198 ms/op
                 gc.alloc.rate:      1431.307 MB/sec
                 gc.alloc.rate.norm: 1798271.895 B/op
                 gc.count:           5.000 counts
                 gc.time:            2.000 ms


# Run progress: 34.26% complete, ETA 00:12:09
# Fork: 2 of 3
WARNING: A terminally deprecated method in sun.misc.Unsafe has been called
WARNING: sun.misc.Unsafe::objectFieldOffset has been called by org.openjdk.jmh.util.Utils (file:/Users/jaehyeon/Documents/Obsidian%20Vault/2026/04.%ed%98%b8%ec%84%9c%eb%8c%80%ed%95%99%ea%b5%90/11.%ec%b0%a8%ec%84%b8%eb%8c%80%ec%bb%b4%ed%93%a8%ed%8c%85%ed%95%99%ed%9a%8c%eb%85%bc%eb%ac%b8/JavaStream_%ed%82%a4%ed%8e%b8%ed%96%a5/.deps/jmh-core-1.37.jar)
WARNING: Please consider reporting this to the maintainers of class org.openjdk.jmh.util.Utils
WARNING: sun.misc.Unsafe::objectFieldOffset will be removed in a future release
# Warmup Iteration   1: Input: n=100000, keys=2048, observedHotFraction=0.000490, poolParallelism=3, availableProcessors=10
1.233 ms/op
# Warmup Iteration   2: 1.201 ms/op
# Warmup Iteration   3: 1.206 ms/op
# Warmup Iteration   4: 1.191 ms/op
# Warmup Iteration   5: 1.200 ms/op
Iteration   1: 1.191 ms/op
                 gc.alloc.rate:      1439.531 MB/sec
                 gc.alloc.rate.norm: 1798392.972 B/op
                 gc.count:           4.000 counts
                 gc.time:            2.000 ms

Iteration   2: 1.253 ms/op
                 gc.alloc.rate:      1368.596 MB/sec
                 gc.alloc.rate.norm: 1798493.254 B/op
                 gc.count:           5.000 counts
                 gc.time:            3.000 ms

Iteration   3: 1.199 ms/op
                 gc.alloc.rate:      1430.354 MB/sec
                 gc.alloc.rate.norm: 1798722.458 B/op
                 gc.count:           5.000 counts
                 gc.time:            2.000 ms

Iteration   4: 1.192 ms/op
                 gc.alloc.rate:      1439.095 MB/sec
                 gc.alloc.rate.norm: 1798436.708 B/op
                 gc.count:           4.000 counts
                 gc.time:            2.000 ms

Iteration   5: 1.192 ms/op
                 gc.alloc.rate:      1438.468 MB/sec
                 gc.alloc.rate.norm: 1798338.830 B/op
                 gc.count:           5.000 counts
                 gc.time:            3.000 ms


# Run progress: 35.19% complete, ETA 00:11:59
# Fork: 3 of 3
WARNING: A terminally deprecated method in sun.misc.Unsafe has been called
WARNING: sun.misc.Unsafe::objectFieldOffset has been called by org.openjdk.jmh.util.Utils (file:/Users/jaehyeon/Documents/Obsidian%20Vault/2026/04.%ed%98%b8%ec%84%9c%eb%8c%80%ed%95%99%ea%b5%90/11.%ec%b0%a8%ec%84%b8%eb%8c%80%ec%bb%b4%ed%93%a8%ed%8c%85%ed%95%99%ed%9a%8c%eb%85%bc%eb%ac%b8/JavaStream_%ed%82%a4%ed%8e%b8%ed%96%a5/.deps/jmh-core-1.37.jar)
WARNING: Please consider reporting this to the maintainers of class org.openjdk.jmh.util.Utils
WARNING: sun.misc.Unsafe::objectFieldOffset will be removed in a future release
# Warmup Iteration   1: Input: n=100000, keys=2048, observedHotFraction=0.000490, poolParallelism=3, availableProcessors=10
1.247 ms/op
# Warmup Iteration   2: 1.202 ms/op
# Warmup Iteration   3: 1.199 ms/op
# Warmup Iteration   4: 1.202 ms/op
# Warmup Iteration   5: 1.192 ms/op
Iteration   1: 1.191 ms/op
                 gc.alloc.rate:      1439.688 MB/sec
                 gc.alloc.rate.norm: 1798133.635 B/op
                 gc.count:           5.000 counts
                 gc.time:            3.000 ms

Iteration   2: 1.202 ms/op
                 gc.alloc.rate:      1426.491 MB/sec
                 gc.alloc.rate.norm: 1798419.139 B/op
                 gc.count:           5.000 counts
                 gc.time:            2.000 ms

Iteration   3: 1.194 ms/op
                 gc.alloc.rate:      1435.975 MB/sec
                 gc.alloc.rate.norm: 1798226.288 B/op
                 gc.count:           5.000 counts
                 gc.time:            3.000 ms

Iteration   4: 1.191 ms/op
                 gc.alloc.rate:      1440.505 MB/sec
                 gc.alloc.rate.norm: 1798584.998 B/op
                 gc.count:           5.000 counts
                 gc.time:            2.000 ms

Iteration   5: 1.191 ms/op
                 gc.alloc.rate:      1439.338 MB/sec
                 gc.alloc.rate.norm: 1798422.829 B/op
                 gc.count:           4.000 counts
                 gc.time:            2.000 ms



Result "research.skew.AggregationBenchmark.parallelConcurrentAdder":
  1.199 ±(99.9%) 0.017 ms/op [Average]
  (min, avg, max) = (1.190, 1.199, 1.253), stdev = 0.016
  CI (99.9%): [1.182, 1.216] (assumes normal distribution)

Secondary result "research.skew.AggregationBenchmark.parallelConcurrentAdder:gc.alloc.rate":
  1430.827 ±(99.9%) 19.660 MB/sec [Average]
  (min, avg, max) = (1368.596, 1430.827, 1441.039), stdev = 18.390
  CI (99.9%): [1411.166, 1450.487] (assumes normal distribution)

Secondary result "research.skew.AggregationBenchmark.parallelConcurrentAdder:gc.alloc.rate.norm":
  1798418.927 ±(99.9%) 173.439 B/op [Average]
  (min, avg, max) = (1798133.635, 1798418.927, 1798722.458), stdev = 162.235
  CI (99.9%): [1798245.488, 1798592.366] (assumes normal distribution)

Secondary result "research.skew.AggregationBenchmark.parallelConcurrentAdder:gc.count":
  71.000 ±(99.9%) 0.001 counts [Sum]
  (min, avg, max) = (4.000, 4.733, 5.000), stdev = 0.458
  CI (99.9%): [71.000, 71.000] (assumes normal distribution)

Secondary result "research.skew.AggregationBenchmark.parallelConcurrentAdder:gc.time":
  36.000 ±(99.9%) 0.001 ms [Sum]
  (min, avg, max) = (2.000, 2.400, 3.000), stdev = 0.507
  CI (99.9%): [36.000, 36.000] (assumes normal distribution)


# JMH version: 1.37
# VM version: JDK 25.0.4.1, OpenJDK 64-Bit Server VM, 25.0.4.1+1-LTS
# VM invoker: /Users/jaehyeon/Library/Java/JavaVirtualMachines/temurin-25.0.4.1/Contents/Home/bin/java
# VM options: -Xms512m -Xmx512m -Djava.util.concurrent.ForkJoinPool.common.parallelism=3
# Blackhole mode: compiler (auto-detected, use -Djmh.blackhole.autoDetect=false to disable)
# Warmup: 5 iterations, 1 s each
# Measurement: 5 iterations, 1 s each
# Timeout: 10 min per iteration
# Threads: 1 thread, will synchronize iterations
# Benchmark mode: Average time, time/op
# Benchmark: research.skew.AggregationBenchmark.parallelConcurrentAdder
# Parameters: (cardinality = 2048, distribution = hot50, seed = 20260929, size = 100000)

# Run progress: 36.11% complete, ETA 00:11:49
# Fork: 1 of 3
WARNING: A terminally deprecated method in sun.misc.Unsafe has been called
WARNING: sun.misc.Unsafe::objectFieldOffset has been called by org.openjdk.jmh.util.Utils (file:/Users/jaehyeon/Documents/Obsidian%20Vault/2026/04.%ed%98%b8%ec%84%9c%eb%8c%80%ed%95%99%ea%b5%90/11.%ec%b0%a8%ec%84%b8%eb%8c%80%ec%bb%b4%ed%93%a8%ed%8c%85%ed%95%99%ed%9a%8c%eb%85%bc%eb%ac%b8/JavaStream_%ed%82%a4%ed%8e%b8%ed%96%a5/.deps/jmh-core-1.37.jar)
WARNING: Please consider reporting this to the maintainers of class org.openjdk.jmh.util.Utils
WARNING: sun.misc.Unsafe::objectFieldOffset will be removed in a future release
# Warmup Iteration   1: Input: n=100000, keys=2048, observedHotFraction=0.500000, poolParallelism=3, availableProcessors=10
0.774 ms/op
# Warmup Iteration   2: 0.774 ms/op
# Warmup Iteration   3: 0.772 ms/op
# Warmup Iteration   4: 0.768 ms/op
# Warmup Iteration   5: 0.771 ms/op
Iteration   1: 0.769 ms/op
                 gc.alloc.rate:      2214.034 MB/sec
                 gc.alloc.rate.norm: 1786415.573 B/op
                 gc.count:           7.000 counts
                 gc.time:            3.000 ms

Iteration   2: 0.771 ms/op
                 gc.alloc.rate:      2209.323 MB/sec
                 gc.alloc.rate.norm: 1786325.339 B/op
                 gc.count:           7.000 counts
                 gc.time:            3.000 ms

Iteration   3: 0.776 ms/op
                 gc.alloc.rate:      2194.733 MB/sec
                 gc.alloc.rate.norm: 1786399.521 B/op
                 gc.count:           7.000 counts
                 gc.time:            3.000 ms

Iteration   4: 0.773 ms/op
                 gc.alloc.rate:      2203.892 MB/sec
                 gc.alloc.rate.norm: 1786354.185 B/op
                 gc.count:           8.000 counts
                 gc.time:            4.000 ms

Iteration   5: 0.774 ms/op
                 gc.alloc.rate:      2200.505 MB/sec
                 gc.alloc.rate.norm: 1786284.402 B/op
                 gc.count:           7.000 counts
                 gc.time:            3.000 ms


# Run progress: 37.04% complete, ETA 00:11:38
# Fork: 2 of 3
WARNING: A terminally deprecated method in sun.misc.Unsafe has been called
WARNING: sun.misc.Unsafe::objectFieldOffset has been called by org.openjdk.jmh.util.Utils (file:/Users/jaehyeon/Documents/Obsidian%20Vault/2026/04.%ed%98%b8%ec%84%9c%eb%8c%80%ed%95%99%ea%b5%90/11.%ec%b0%a8%ec%84%b8%eb%8c%80%ec%bb%b4%ed%93%a8%ed%8c%85%ed%95%99%ed%9a%8c%eb%85%bc%eb%ac%b8/JavaStream_%ed%82%a4%ed%8e%b8%ed%96%a5/.deps/jmh-core-1.37.jar)
WARNING: Please consider reporting this to the maintainers of class org.openjdk.jmh.util.Utils
WARNING: sun.misc.Unsafe::objectFieldOffset will be removed in a future release
# Warmup Iteration   1: Input: n=100000, keys=2048, observedHotFraction=0.500000, poolParallelism=3, availableProcessors=10
0.806 ms/op
# Warmup Iteration   2: 0.838 ms/op
# Warmup Iteration   3: 0.821 ms/op
# Warmup Iteration   4: 0.829 ms/op
# Warmup Iteration   5: 0.827 ms/op
Iteration   1: 0.820 ms/op
                 gc.alloc.rate:      2075.952 MB/sec
                 gc.alloc.rate.norm: 1786181.026 B/op
                 gc.count:           7.000 counts
                 gc.time:            2.000 ms

Iteration   2: 0.840 ms/op
                 gc.alloc.rate:      2026.439 MB/sec
                 gc.alloc.rate.norm: 1786130.436 B/op
                 gc.count:           7.000 counts
                 gc.time:            3.000 ms

Iteration   3: 0.830 ms/op
                 gc.alloc.rate:      2051.107 MB/sec
                 gc.alloc.rate.norm: 1786248.618 B/op
                 gc.count:           7.000 counts
                 gc.time:            3.000 ms

Iteration   4: 0.831 ms/op
                 gc.alloc.rate:      2050.074 MB/sec
                 gc.alloc.rate.norm: 1786215.250 B/op
                 gc.count:           6.000 counts
                 gc.time:            3.000 ms

Iteration   5: 0.827 ms/op
                 gc.alloc.rate:      2058.587 MB/sec
                 gc.alloc.rate.norm: 1786146.671 B/op
                 gc.count:           7.000 counts
                 gc.time:            3.000 ms


# Run progress: 37.96% complete, ETA 00:11:28
# Fork: 3 of 3
WARNING: A terminally deprecated method in sun.misc.Unsafe has been called
WARNING: sun.misc.Unsafe::objectFieldOffset has been called by org.openjdk.jmh.util.Utils (file:/Users/jaehyeon/Documents/Obsidian%20Vault/2026/04.%ed%98%b8%ec%84%9c%eb%8c%80%ed%95%99%ea%b5%90/11.%ec%b0%a8%ec%84%b8%eb%8c%80%ec%bb%b4%ed%93%a8%ed%8c%85%ed%95%99%ed%9a%8c%eb%85%bc%eb%ac%b8/JavaStream_%ed%82%a4%ed%8e%b8%ed%96%a5/.deps/jmh-core-1.37.jar)
WARNING: Please consider reporting this to the maintainers of class org.openjdk.jmh.util.Utils
WARNING: sun.misc.Unsafe::objectFieldOffset will be removed in a future release
# Warmup Iteration   1: Input: n=100000, keys=2048, observedHotFraction=0.500000, poolParallelism=3, availableProcessors=10
0.816 ms/op
# Warmup Iteration   2: 0.833 ms/op
# Warmup Iteration   3: 0.823 ms/op
# Warmup Iteration   4: 0.823 ms/op
# Warmup Iteration   5: 0.826 ms/op
Iteration   1: 0.820 ms/op
                 gc.alloc.rate:      2075.928 MB/sec
                 gc.alloc.rate.norm: 1786147.675 B/op
                 gc.count:           7.000 counts
                 gc.time:            3.000 ms

Iteration   2: 0.823 ms/op
                 gc.alloc.rate:      2069.046 MB/sec
                 gc.alloc.rate.norm: 1786029.818 B/op
                 gc.count:           7.000 counts
                 gc.time:            3.000 ms

Iteration   3: 0.819 ms/op
                 gc.alloc.rate:      2079.989 MB/sec
                 gc.alloc.rate.norm: 1786120.830 B/op
                 gc.count:           7.000 counts
                 gc.time:            3.000 ms

Iteration   4: 0.817 ms/op
                 gc.alloc.rate:      2083.811 MB/sec
                 gc.alloc.rate.norm: 1786180.699 B/op
                 gc.count:           7.000 counts
                 gc.time:            3.000 ms

Iteration   5: 0.817 ms/op
                 gc.alloc.rate:      2085.019 MB/sec
                 gc.alloc.rate.norm: 1786087.825 B/op
                 gc.count:           7.000 counts
                 gc.time:            3.000 ms



Result "research.skew.AggregationBenchmark.parallelConcurrentAdder":
  0.807 ±(99.9%) 0.028 ms/op [Average]
  (min, avg, max) = (0.769, 0.807, 0.840), stdev = 0.026
  CI (99.9%): [0.779, 0.835] (assumes normal distribution)

Secondary result "research.skew.AggregationBenchmark.parallelConcurrentAdder:gc.alloc.rate":
  2111.896 ±(99.9%) 74.349 MB/sec [Average]
  (min, avg, max) = (2026.439, 2111.896, 2214.034), stdev = 69.546
  CI (99.9%): [2037.547, 2186.245] (assumes normal distribution)

Secondary result "research.skew.AggregationBenchmark.parallelConcurrentAdder:gc.alloc.rate.norm":
  1786217.858 ±(99.9%) 124.432 B/op [Average]
  (min, avg, max) = (1786029.818, 1786217.858, 1786415.573), stdev = 116.394
  CI (99.9%): [1786093.425, 1786342.290] (assumes normal distribution)

Secondary result "research.skew.AggregationBenchmark.parallelConcurrentAdder:gc.count":
  105.000 ±(99.9%) 0.001 counts [Sum]
  (min, avg, max) = (6.000, 7.000, 8.000), stdev = 0.378
  CI (99.9%): [105.000, 105.000] (assumes normal distribution)

Secondary result "research.skew.AggregationBenchmark.parallelConcurrentAdder:gc.time":
  45.000 ±(99.9%) 0.001 ms [Sum]
  (min, avg, max) = (2.000, 3.000, 4.000), stdev = 0.378
  CI (99.9%): [45.000, 45.000] (assumes normal distribution)


# JMH version: 1.37
# VM version: JDK 25.0.4.1, OpenJDK 64-Bit Server VM, 25.0.4.1+1-LTS
# VM invoker: /Users/jaehyeon/Library/Java/JavaVirtualMachines/temurin-25.0.4.1/Contents/Home/bin/java
# VM options: -Xms512m -Xmx512m -Djava.util.concurrent.ForkJoinPool.common.parallelism=3
# Blackhole mode: compiler (auto-detected, use -Djmh.blackhole.autoDetect=false to disable)
# Warmup: 5 iterations, 1 s each
# Measurement: 5 iterations, 1 s each
# Timeout: 10 min per iteration
# Threads: 1 thread, will synchronize iterations
# Benchmark mode: Average time, time/op
# Benchmark: research.skew.AggregationBenchmark.parallelConcurrentAdder
# Parameters: (cardinality = 2048, distribution = hot90, seed = 20260929, size = 100000)

# Run progress: 38.89% complete, ETA 00:11:18
# Fork: 1 of 3
WARNING: A terminally deprecated method in sun.misc.Unsafe has been called
WARNING: sun.misc.Unsafe::objectFieldOffset has been called by org.openjdk.jmh.util.Utils (file:/Users/jaehyeon/Documents/Obsidian%20Vault/2026/04.%ed%98%b8%ec%84%9c%eb%8c%80%ed%95%99%ea%b5%90/11.%ec%b0%a8%ec%84%b8%eb%8c%80%ec%bb%b4%ed%93%a8%ed%8c%85%ed%95%99%ed%9a%8c%eb%85%bc%eb%ac%b8/JavaStream_%ed%82%a4%ed%8e%b8%ed%96%a5/.deps/jmh-core-1.37.jar)
WARNING: Please consider reporting this to the maintainers of class org.openjdk.jmh.util.Utils
WARNING: sun.misc.Unsafe::objectFieldOffset will be removed in a future release
# Warmup Iteration   1: Input: n=100000, keys=2048, observedHotFraction=0.900000, poolParallelism=3, availableProcessors=10
2.138 ms/op
# Warmup Iteration   2: 2.690 ms/op
# Warmup Iteration   3: 3.293 ms/op
# Warmup Iteration   4: 2.904 ms/op
# Warmup Iteration   5: 2.884 ms/op
Iteration   1: 2.923 ms/op
                 gc.alloc.rate:      580.392 MB/sec
                 gc.alloc.rate.norm: 1779062.478 B/op
                 gc.count:           2.000 counts
                 gc.time:            2.000 ms

Iteration   2: 2.762 ms/op
                 gc.alloc.rate:      614.404 MB/sec
                 gc.alloc.rate.norm: 1779268.905 B/op
                 gc.count:           2.000 counts
                 gc.time:            2.000 ms

Iteration   3: 2.716 ms/op
                 gc.alloc.rate:      624.722 MB/sec
                 gc.alloc.rate.norm: 1779158.688 B/op
                 gc.count:           2.000 counts
                 gc.time:            2.000 ms

Iteration   4: 2.811 ms/op
                 gc.alloc.rate:      603.577 MB/sec
                 gc.alloc.rate.norm: 1779151.667 B/op
                 gc.count:           2.000 counts
                 gc.time:            1.000 ms

Iteration   5: 2.450 ms/op
                 gc.alloc.rate:      692.623 MB/sec
                 gc.alloc.rate.norm: 1779295.554 B/op
                 gc.count:           3.000 counts
                 gc.time:            1.000 ms


# Run progress: 39.81% complete, ETA 00:11:08
# Fork: 2 of 3
WARNING: A terminally deprecated method in sun.misc.Unsafe has been called
WARNING: sun.misc.Unsafe::objectFieldOffset has been called by org.openjdk.jmh.util.Utils (file:/Users/jaehyeon/Documents/Obsidian%20Vault/2026/04.%ed%98%b8%ec%84%9c%eb%8c%80%ed%95%99%ea%b5%90/11.%ec%b0%a8%ec%84%b8%eb%8c%80%ec%bb%b4%ed%93%a8%ed%8c%85%ed%95%99%ed%9a%8c%eb%85%bc%eb%ac%b8/JavaStream_%ed%82%a4%ed%8e%b8%ed%96%a5/.deps/jmh-core-1.37.jar)
WARNING: Please consider reporting this to the maintainers of class org.openjdk.jmh.util.Utils
WARNING: sun.misc.Unsafe::objectFieldOffset will be removed in a future release
# Warmup Iteration   1: Input: n=100000, keys=2048, observedHotFraction=0.900000, poolParallelism=3, availableProcessors=10
2.597 ms/op
# Warmup Iteration   2: 2.525 ms/op
# Warmup Iteration   3: 2.805 ms/op
# Warmup Iteration   4: 2.923 ms/op
# Warmup Iteration   5: 2.933 ms/op
Iteration   1: 2.982 ms/op
                 gc.alloc.rate:      568.966 MB/sec
                 gc.alloc.rate.norm: 1779005.059 B/op
                 gc.count:           2.000 counts
                 gc.time:            2.000 ms

Iteration   2: 2.695 ms/op
                 gc.alloc.rate:      629.413 MB/sec
                 gc.alloc.rate.norm: 1779129.447 B/op
                 gc.count:           2.000 counts
                 gc.time:            2.000 ms

Iteration   3: 2.525 ms/op
                 gc.alloc.rate:      671.922 MB/sec
                 gc.alloc.rate.norm: 1779284.480 B/op
                 gc.count:           2.000 counts
                 gc.time:            1.000 ms

Iteration   4: 2.719 ms/op
                 gc.alloc.rate:      624.056 MB/sec
                 gc.alloc.rate.norm: 1779180.173 B/op
                 gc.count:           2.000 counts
                 gc.time:            1.000 ms

Iteration   5: 2.591 ms/op
                 gc.alloc.rate:      654.916 MB/sec
                 gc.alloc.rate.norm: 1779325.388 B/op
                 gc.count:           3.000 counts
                 gc.time:            1.000 ms


# Run progress: 40.74% complete, ETA 00:10:57
# Fork: 3 of 3
WARNING: A terminally deprecated method in sun.misc.Unsafe has been called
WARNING: sun.misc.Unsafe::objectFieldOffset has been called by org.openjdk.jmh.util.Utils (file:/Users/jaehyeon/Documents/Obsidian%20Vault/2026/04.%ed%98%b8%ec%84%9c%eb%8c%80%ed%95%99%ea%b5%90/11.%ec%b0%a8%ec%84%b8%eb%8c%80%ec%bb%b4%ed%93%a8%ed%8c%85%ed%95%99%ed%9a%8c%eb%85%bc%eb%ac%b8/JavaStream_%ed%82%a4%ed%8e%b8%ed%96%a5/.deps/jmh-core-1.37.jar)
WARNING: Please consider reporting this to the maintainers of class org.openjdk.jmh.util.Utils
WARNING: sun.misc.Unsafe::objectFieldOffset will be removed in a future release
# Warmup Iteration   1: Input: n=100000, keys=2048, observedHotFraction=0.900000, poolParallelism=3, availableProcessors=10
2.036 ms/op
# Warmup Iteration   2: 2.545 ms/op
# Warmup Iteration   3: 2.620 ms/op
# Warmup Iteration   4: 2.547 ms/op
# Warmup Iteration   5: 2.561 ms/op
Iteration   1: 2.411 ms/op
                 gc.alloc.rate:      703.799 MB/sec
                 gc.alloc.rate.norm: 1779256.171 B/op
                 gc.count:           3.000 counts
                 gc.time:            3.000 ms

Iteration   2: 2.502 ms/op
                 gc.alloc.rate:      678.031 MB/sec
                 gc.alloc.rate.norm: 1779192.733 B/op
                 gc.count:           2.000 counts
                 gc.time:            1.000 ms

Iteration   3: 2.375 ms/op
                 gc.alloc.rate:      714.518 MB/sec
                 gc.alloc.rate.norm: 1779395.653 B/op
                 gc.count:           2.000 counts
                 gc.time:            1.000 ms

Iteration   4: 2.192 ms/op
                 gc.alloc.rate:      774.181 MB/sec
                 gc.alloc.rate.norm: 1779231.861 B/op
                 gc.count:           3.000 counts
                 gc.time:            2.000 ms

Iteration   5: 2.339 ms/op
                 gc.alloc.rate:      725.371 MB/sec
                 gc.alloc.rate.norm: 1779257.463 B/op
                 gc.count:           2.000 counts
                 gc.time:            ≈ 0 ms



Result "research.skew.AggregationBenchmark.parallelConcurrentAdder":
  2.599 ±(99.9%) 0.242 ms/op [Average]
  (min, avg, max) = (2.192, 2.599, 2.982), stdev = 0.226
  CI (99.9%): [2.358, 2.841] (assumes normal distribution)

Secondary result "research.skew.AggregationBenchmark.parallelConcurrentAdder:gc.alloc.rate":
  657.393 ±(99.9%) 61.953 MB/sec [Average]
  (min, avg, max) = (568.966, 657.393, 774.181), stdev = 57.951
  CI (99.9%): [595.440, 719.345] (assumes normal distribution)

Secondary result "research.skew.AggregationBenchmark.parallelConcurrentAdder:gc.alloc.rate.norm":
  1779213.048 ±(99.9%) 109.291 B/op [Average]
  (min, avg, max) = (1779005.059, 1779213.048, 1779395.653), stdev = 102.231
  CI (99.9%): [1779103.757, 1779322.339] (assumes normal distribution)

Secondary result "research.skew.AggregationBenchmark.parallelConcurrentAdder:gc.count":
  34.000 ±(99.9%) 0.001 counts [Sum]
  (min, avg, max) = (2.000, 2.267, 3.000), stdev = 0.458
  CI (99.9%): [34.000, 34.000] (assumes normal distribution)

Secondary result "research.skew.AggregationBenchmark.parallelConcurrentAdder:gc.time":
  22.000 ±(99.9%) 0.001 ms [Sum]
  (min, avg, max) = (≈ 0, 1.467, 3.000), stdev = 0.743
  CI (99.9%): [22.000, 22.000] (assumes normal distribution)


# JMH version: 1.37
# VM version: JDK 25.0.4.1, OpenJDK 64-Bit Server VM, 25.0.4.1+1-LTS
# VM invoker: /Users/jaehyeon/Library/Java/JavaVirtualMachines/temurin-25.0.4.1/Contents/Home/bin/java
# VM options: -Xms512m -Xmx512m -Djava.util.concurrent.ForkJoinPool.common.parallelism=3
# Blackhole mode: compiler (auto-detected, use -Djmh.blackhole.autoDetect=false to disable)
# Warmup: 5 iterations, 1 s each
# Measurement: 5 iterations, 1 s each
# Timeout: 10 min per iteration
# Threads: 1 thread, will synchronize iterations
# Benchmark mode: Average time, time/op
# Benchmark: research.skew.AggregationBenchmark.parallelConcurrentAdder
# Parameters: (cardinality = 4096, distribution = uniform, seed = 20260929, size = 100000)

# Run progress: 41.67% complete, ETA 00:10:47
# Fork: 1 of 3
WARNING: A terminally deprecated method in sun.misc.Unsafe has been called
WARNING: sun.misc.Unsafe::objectFieldOffset has been called by org.openjdk.jmh.util.Utils (file:/Users/jaehyeon/Documents/Obsidian%20Vault/2026/04.%ed%98%b8%ec%84%9c%eb%8c%80%ed%95%99%ea%b5%90/11.%ec%b0%a8%ec%84%b8%eb%8c%80%ec%bb%b4%ed%93%a8%ed%8c%85%ed%95%99%ed%9a%8c%eb%85%bc%eb%ac%b8/JavaStream_%ed%82%a4%ed%8e%b8%ed%96%a5/.deps/jmh-core-1.37.jar)
WARNING: Please consider reporting this to the maintainers of class org.openjdk.jmh.util.Utils
WARNING: sun.misc.Unsafe::objectFieldOffset will be removed in a future release
# Warmup Iteration   1: Input: n=100000, keys=4096, observedHotFraction=0.000250, poolParallelism=3, availableProcessors=10
1.257 ms/op
# Warmup Iteration   2: 1.218 ms/op
# Warmup Iteration   3: 1.201 ms/op
# Warmup Iteration   4: 1.199 ms/op
# Warmup Iteration   5: 1.206 ms/op
Iteration   1: 1.197 ms/op
                 gc.alloc.rate:      1561.093 MB/sec
                 gc.alloc.rate.norm: 1959958.768 B/op
                 gc.count:           6.000 counts
                 gc.time:            3.000 ms

Iteration   2: 1.213 ms/op
                 gc.alloc.rate:      1540.201 MB/sec
                 gc.alloc.rate.norm: 1959784.912 B/op
                 gc.count:           5.000 counts
                 gc.time:            3.000 ms

Iteration   3: 1.226 ms/op
                 gc.alloc.rate:      1524.687 MB/sec
                 gc.alloc.rate.norm: 1959634.696 B/op
                 gc.count:           5.000 counts
                 gc.time:            2.000 ms

Iteration   4: 1.207 ms/op
                 gc.alloc.rate:      1548.153 MB/sec
                 gc.alloc.rate.norm: 1959882.485 B/op
                 gc.count:           5.000 counts
                 gc.time:            3.000 ms

Iteration   5: 1.206 ms/op
                 gc.alloc.rate:      1549.812 MB/sec
                 gc.alloc.rate.norm: 1959795.952 B/op
                 gc.count:           5.000 counts
                 gc.time:            2.000 ms


# Run progress: 42.59% complete, ETA 00:10:37
# Fork: 2 of 3
WARNING: A terminally deprecated method in sun.misc.Unsafe has been called
WARNING: sun.misc.Unsafe::objectFieldOffset has been called by org.openjdk.jmh.util.Utils (file:/Users/jaehyeon/Documents/Obsidian%20Vault/2026/04.%ed%98%b8%ec%84%9c%eb%8c%80%ed%95%99%ea%b5%90/11.%ec%b0%a8%ec%84%b8%eb%8c%80%ec%bb%b4%ed%93%a8%ed%8c%85%ed%95%99%ed%9a%8c%eb%85%bc%eb%ac%b8/JavaStream_%ed%82%a4%ed%8e%b8%ed%96%a5/.deps/jmh-core-1.37.jar)
WARNING: Please consider reporting this to the maintainers of class org.openjdk.jmh.util.Utils
WARNING: sun.misc.Unsafe::objectFieldOffset will be removed in a future release
# Warmup Iteration   1: Input: n=100000, keys=4096, observedHotFraction=0.000250, poolParallelism=3, availableProcessors=10
1.261 ms/op
# Warmup Iteration   2: 1.234 ms/op
# Warmup Iteration   3: 1.224 ms/op
# Warmup Iteration   4: 1.215 ms/op
# Warmup Iteration   5: 1.238 ms/op
Iteration   1: 1.214 ms/op
                 gc.alloc.rate:      1539.192 MB/sec
                 gc.alloc.rate.norm: 1959885.750 B/op
                 gc.count:           5.000 counts
                 gc.time:            3.000 ms

Iteration   2: 1.241 ms/op
                 gc.alloc.rate:      1505.830 MB/sec
                 gc.alloc.rate.norm: 1959951.538 B/op
                 gc.count:           5.000 counts
                 gc.time:            2.000 ms

Iteration   3: 1.217 ms/op
                 gc.alloc.rate:      1535.904 MB/sec
                 gc.alloc.rate.norm: 1959710.768 B/op
                 gc.count:           5.000 counts
                 gc.time:            3.000 ms

Iteration   4: 1.229 ms/op
                 gc.alloc.rate:      1520.778 MB/sec
                 gc.alloc.rate.norm: 1959901.616 B/op
                 gc.count:           5.000 counts
                 gc.time:            2.000 ms

Iteration   5: 1.215 ms/op
                 gc.alloc.rate:      1537.704 MB/sec
                 gc.alloc.rate.norm: 1959819.779 B/op
                 gc.count:           5.000 counts
                 gc.time:            3.000 ms


# Run progress: 43.52% complete, ETA 00:10:26
# Fork: 3 of 3
WARNING: A terminally deprecated method in sun.misc.Unsafe has been called
WARNING: sun.misc.Unsafe::objectFieldOffset has been called by org.openjdk.jmh.util.Utils (file:/Users/jaehyeon/Documents/Obsidian%20Vault/2026/04.%ed%98%b8%ec%84%9c%eb%8c%80%ed%95%99%ea%b5%90/11.%ec%b0%a8%ec%84%b8%eb%8c%80%ec%bb%b4%ed%93%a8%ed%8c%85%ed%95%99%ed%9a%8c%eb%85%bc%eb%ac%b8/JavaStream_%ed%82%a4%ed%8e%b8%ed%96%a5/.deps/jmh-core-1.37.jar)
WARNING: Please consider reporting this to the maintainers of class org.openjdk.jmh.util.Utils
WARNING: sun.misc.Unsafe::objectFieldOffset will be removed in a future release
# Warmup Iteration   1: Input: n=100000, keys=4096, observedHotFraction=0.000250, poolParallelism=3, availableProcessors=10
1.239 ms/op
# Warmup Iteration   2: 1.197 ms/op
# Warmup Iteration   3: 1.186 ms/op
# Warmup Iteration   4: 1.185 ms/op
# Warmup Iteration   5: 1.190 ms/op
Iteration   1: 1.195 ms/op
                 gc.alloc.rate:      1563.965 MB/sec
                 gc.alloc.rate.norm: 1959798.465 B/op
                 gc.count:           5.000 counts
                 gc.time:            2.000 ms

Iteration   2: 1.192 ms/op
                 gc.alloc.rate:      1567.738 MB/sec
                 gc.alloc.rate.norm: 1959614.906 B/op
                 gc.count:           5.000 counts
                 gc.time:            3.000 ms

Iteration   3: 1.185 ms/op
                 gc.alloc.rate:      1576.729 MB/sec
                 gc.alloc.rate.norm: 1959499.414 B/op
                 gc.count:           5.000 counts
                 gc.time:            3.000 ms

Iteration   4: 1.184 ms/op
                 gc.alloc.rate:      1577.885 MB/sec
                 gc.alloc.rate.norm: 1959556.821 B/op
                 gc.count:           6.000 counts
                 gc.time:            3.000 ms

Iteration   5: 1.191 ms/op
                 gc.alloc.rate:      1568.843 MB/sec
                 gc.alloc.rate.norm: 1959727.925 B/op
                 gc.count:           5.000 counts
                 gc.time:            2.000 ms



Result "research.skew.AggregationBenchmark.parallelConcurrentAdder":
  1.207 ±(99.9%) 0.018 ms/op [Average]
  (min, avg, max) = (1.184, 1.207, 1.241), stdev = 0.017
  CI (99.9%): [1.189, 1.225] (assumes normal distribution)

Secondary result "research.skew.AggregationBenchmark.parallelConcurrentAdder:gc.alloc.rate":
  1547.901 ±(99.9%) 22.903 MB/sec [Average]
  (min, avg, max) = (1505.830, 1547.901, 1577.885), stdev = 21.424
  CI (99.9%): [1524.998, 1570.804] (assumes normal distribution)

Secondary result "research.skew.AggregationBenchmark.parallelConcurrentAdder:gc.alloc.rate.norm":
  1959768.253 ±(99.9%) 151.836 B/op [Average]
  (min, avg, max) = (1959499.414, 1959768.253, 1959958.768), stdev = 142.027
  CI (99.9%): [1959616.417, 1959920.088] (assumes normal distribution)

Secondary result "research.skew.AggregationBenchmark.parallelConcurrentAdder:gc.count":
  77.000 ±(99.9%) 0.001 counts [Sum]
  (min, avg, max) = (5.000, 5.133, 6.000), stdev = 0.352
  CI (99.9%): [77.000, 77.000] (assumes normal distribution)

Secondary result "research.skew.AggregationBenchmark.parallelConcurrentAdder:gc.time":
  39.000 ±(99.9%) 0.001 ms [Sum]
  (min, avg, max) = (2.000, 2.600, 3.000), stdev = 0.507
  CI (99.9%): [39.000, 39.000] (assumes normal distribution)


# JMH version: 1.37
# VM version: JDK 25.0.4.1, OpenJDK 64-Bit Server VM, 25.0.4.1+1-LTS
# VM invoker: /Users/jaehyeon/Library/Java/JavaVirtualMachines/temurin-25.0.4.1/Contents/Home/bin/java
# VM options: -Xms512m -Xmx512m -Djava.util.concurrent.ForkJoinPool.common.parallelism=3
# Blackhole mode: compiler (auto-detected, use -Djmh.blackhole.autoDetect=false to disable)
# Warmup: 5 iterations, 1 s each
# Measurement: 5 iterations, 1 s each
# Timeout: 10 min per iteration
# Threads: 1 thread, will synchronize iterations
# Benchmark mode: Average time, time/op
# Benchmark: research.skew.AggregationBenchmark.parallelConcurrentAdder
# Parameters: (cardinality = 4096, distribution = hot50, seed = 20260929, size = 100000)

# Run progress: 44.44% complete, ETA 00:10:16
# Fork: 1 of 3
WARNING: A terminally deprecated method in sun.misc.Unsafe has been called
WARNING: sun.misc.Unsafe::objectFieldOffset has been called by org.openjdk.jmh.util.Utils (file:/Users/jaehyeon/Documents/Obsidian%20Vault/2026/04.%ed%98%b8%ec%84%9c%eb%8c%80%ed%95%99%ea%b5%90/11.%ec%b0%a8%ec%84%b8%eb%8c%80%ec%bb%b4%ed%93%a8%ed%8c%85%ed%95%99%ed%9a%8c%eb%85%bc%eb%ac%b8/JavaStream_%ed%82%a4%ed%8e%b8%ed%96%a5/.deps/jmh-core-1.37.jar)
WARNING: Please consider reporting this to the maintainers of class org.openjdk.jmh.util.Utils
WARNING: sun.misc.Unsafe::objectFieldOffset will be removed in a future release
# Warmup Iteration   1: Input: n=100000, keys=4096, observedHotFraction=0.500000, poolParallelism=3, availableProcessors=10
0.793 ms/op
# Warmup Iteration   2: 0.794 ms/op
# Warmup Iteration   3: 0.786 ms/op
# Warmup Iteration   4: 0.789 ms/op
# Warmup Iteration   5: 0.792 ms/op
Iteration   1: 0.791 ms/op
                 gc.alloc.rate:      2355.666 MB/sec
                 gc.alloc.rate.norm: 1954523.944 B/op
                 gc.count:           8.000 counts
                 gc.time:            3.000 ms

Iteration   2: 0.790 ms/op
                 gc.alloc.rate:      2359.534 MB/sec
                 gc.alloc.rate.norm: 1954427.346 B/op
                 gc.count:           8.000 counts
                 gc.time:            4.000 ms

Iteration   3: 0.786 ms/op
                 gc.alloc.rate:      2369.702 MB/sec
                 gc.alloc.rate.norm: 1954464.772 B/op
                 gc.count:           7.000 counts
                 gc.time:            3.000 ms

Iteration   4: 0.789 ms/op
                 gc.alloc.rate:      2362.868 MB/sec
                 gc.alloc.rate.norm: 1954586.336 B/op
                 gc.count:           8.000 counts
                 gc.time:            4.000 ms

Iteration   5: 0.790 ms/op
                 gc.alloc.rate:      2359.686 MB/sec
                 gc.alloc.rate.norm: 1954481.774 B/op
                 gc.count:           8.000 counts
                 gc.time:            3.000 ms


# Run progress: 45.37% complete, ETA 00:10:06
# Fork: 2 of 3
WARNING: A terminally deprecated method in sun.misc.Unsafe has been called
WARNING: sun.misc.Unsafe::objectFieldOffset has been called by org.openjdk.jmh.util.Utils (file:/Users/jaehyeon/Documents/Obsidian%20Vault/2026/04.%ed%98%b8%ec%84%9c%eb%8c%80%ed%95%99%ea%b5%90/11.%ec%b0%a8%ec%84%b8%eb%8c%80%ec%bb%b4%ed%93%a8%ed%8c%85%ed%95%99%ed%9a%8c%eb%85%bc%eb%ac%b8/JavaStream_%ed%82%a4%ed%8e%b8%ed%96%a5/.deps/jmh-core-1.37.jar)
WARNING: Please consider reporting this to the maintainers of class org.openjdk.jmh.util.Utils
WARNING: sun.misc.Unsafe::objectFieldOffset will be removed in a future release
# Warmup Iteration   1: Input: n=100000, keys=4096, observedHotFraction=0.500000, poolParallelism=3, availableProcessors=10
0.834 ms/op
# Warmup Iteration   2: 0.783 ms/op
# Warmup Iteration   3: 0.769 ms/op
# Warmup Iteration   4: 0.784 ms/op
# Warmup Iteration   5: 0.774 ms/op
Iteration   1: 0.768 ms/op
                 gc.alloc.rate:      2426.673 MB/sec
                 gc.alloc.rate.norm: 1954572.973 B/op
                 gc.count:           8.000 counts
                 gc.time:            4.000 ms

Iteration   2: 0.768 ms/op
                 gc.alloc.rate:      2426.266 MB/sec
                 gc.alloc.rate.norm: 1954483.449 B/op
                 gc.count:           8.000 counts
                 gc.time:            4.000 ms

Iteration   3: 0.772 ms/op
                 gc.alloc.rate:      2414.316 MB/sec
                 gc.alloc.rate.norm: 1954546.176 B/op
                 gc.count:           8.000 counts
                 gc.time:            4.000 ms

Iteration   4: 0.767 ms/op
                 gc.alloc.rate:      2429.807 MB/sec
                 gc.alloc.rate.norm: 1954528.814 B/op
                 gc.count:           8.000 counts
                 gc.time:            3.000 ms

Iteration   5: 0.769 ms/op
                 gc.alloc.rate:      2423.069 MB/sec
                 gc.alloc.rate.norm: 1954472.775 B/op
                 gc.count:           8.000 counts
                 gc.time:            4.000 ms


# Run progress: 46.30% complete, ETA 00:09:55
# Fork: 3 of 3
WARNING: A terminally deprecated method in sun.misc.Unsafe has been called
WARNING: sun.misc.Unsafe::objectFieldOffset has been called by org.openjdk.jmh.util.Utils (file:/Users/jaehyeon/Documents/Obsidian%20Vault/2026/04.%ed%98%b8%ec%84%9c%eb%8c%80%ed%95%99%ea%b5%90/11.%ec%b0%a8%ec%84%b8%eb%8c%80%ec%bb%b4%ed%93%a8%ed%8c%85%ed%95%99%ed%9a%8c%eb%85%bc%eb%ac%b8/JavaStream_%ed%82%a4%ed%8e%b8%ed%96%a5/.deps/jmh-core-1.37.jar)
WARNING: Please consider reporting this to the maintainers of class org.openjdk.jmh.util.Utils
WARNING: sun.misc.Unsafe::objectFieldOffset will be removed in a future release
# Warmup Iteration   1: Input: n=100000, keys=4096, observedHotFraction=0.500000, poolParallelism=3, availableProcessors=10
0.838 ms/op
# Warmup Iteration   2: 0.783 ms/op
# Warmup Iteration   3: 0.773 ms/op
# Warmup Iteration   4: 0.774 ms/op
# Warmup Iteration   5: 0.779 ms/op
Iteration   1: 0.772 ms/op
                 gc.alloc.rate:      2414.959 MB/sec
                 gc.alloc.rate.norm: 1954473.962 B/op
                 gc.count:           8.000 counts
                 gc.time:            3.000 ms

Iteration   2: 0.776 ms/op
                 gc.alloc.rate:      2402.940 MB/sec
                 gc.alloc.rate.norm: 1954504.724 B/op
                 gc.count:           8.000 counts
                 gc.time:            4.000 ms

Iteration   3: 0.776 ms/op
                 gc.alloc.rate:      2402.846 MB/sec
                 gc.alloc.rate.norm: 1954481.363 B/op
                 gc.count:           8.000 counts
                 gc.time:            4.000 ms

Iteration   4: 0.770 ms/op
                 gc.alloc.rate:      2421.531 MB/sec
                 gc.alloc.rate.norm: 1954545.078 B/op
                 gc.count:           8.000 counts
                 gc.time:            4.000 ms

Iteration   5: 0.778 ms/op
                 gc.alloc.rate:      2395.914 MB/sec
                 gc.alloc.rate.norm: 1954619.008 B/op
                 gc.count:           8.000 counts
                 gc.time:            4.000 ms



Result "research.skew.AggregationBenchmark.parallelConcurrentAdder":
  0.777 ±(99.9%) 0.010 ms/op [Average]
  (min, avg, max) = (0.767, 0.777, 0.791), stdev = 0.009
  CI (99.9%): [0.768, 0.787] (assumes normal distribution)

Secondary result "research.skew.AggregationBenchmark.parallelConcurrentAdder:gc.alloc.rate":
  2397.718 ±(99.9%) 30.230 MB/sec [Average]
  (min, avg, max) = (2355.666, 2397.718, 2429.807), stdev = 28.278
  CI (99.9%): [2367.488, 2427.949] (assumes normal distribution)

Secondary result "research.skew.AggregationBenchmark.parallelConcurrentAdder:gc.alloc.rate.norm":
  1954514.166 ±(99.9%) 55.999 B/op [Average]
  (min, avg, max) = (1954427.346, 1954514.166, 1954619.008), stdev = 52.382
  CI (99.9%): [1954458.167, 1954570.165] (assumes normal distribution)

Secondary result "research.skew.AggregationBenchmark.parallelConcurrentAdder:gc.count":
  119.000 ±(99.9%) 0.001 counts [Sum]
  (min, avg, max) = (7.000, 7.933, 8.000), stdev = 0.258
  CI (99.9%): [119.000, 119.000] (assumes normal distribution)

Secondary result "research.skew.AggregationBenchmark.parallelConcurrentAdder:gc.time":
  55.000 ±(99.9%) 0.001 ms [Sum]
  (min, avg, max) = (3.000, 3.667, 4.000), stdev = 0.488
  CI (99.9%): [55.000, 55.000] (assumes normal distribution)


# JMH version: 1.37
# VM version: JDK 25.0.4.1, OpenJDK 64-Bit Server VM, 25.0.4.1+1-LTS
# VM invoker: /Users/jaehyeon/Library/Java/JavaVirtualMachines/temurin-25.0.4.1/Contents/Home/bin/java
# VM options: -Xms512m -Xmx512m -Djava.util.concurrent.ForkJoinPool.common.parallelism=3
# Blackhole mode: compiler (auto-detected, use -Djmh.blackhole.autoDetect=false to disable)
# Warmup: 5 iterations, 1 s each
# Measurement: 5 iterations, 1 s each
# Timeout: 10 min per iteration
# Threads: 1 thread, will synchronize iterations
# Benchmark mode: Average time, time/op
# Benchmark: research.skew.AggregationBenchmark.parallelConcurrentAdder
# Parameters: (cardinality = 4096, distribution = hot90, seed = 20260929, size = 100000)

# Run progress: 47.22% complete, ETA 00:09:45
# Fork: 1 of 3
WARNING: A terminally deprecated method in sun.misc.Unsafe has been called
WARNING: sun.misc.Unsafe::objectFieldOffset has been called by org.openjdk.jmh.util.Utils (file:/Users/jaehyeon/Documents/Obsidian%20Vault/2026/04.%ed%98%b8%ec%84%9c%eb%8c%80%ed%95%99%ea%b5%90/11.%ec%b0%a8%ec%84%b8%eb%8c%80%ec%bb%b4%ed%93%a8%ed%8c%85%ed%95%99%ed%9a%8c%eb%85%bc%eb%ac%b8/JavaStream_%ed%82%a4%ed%8e%b8%ed%96%a5/.deps/jmh-core-1.37.jar)
WARNING: Please consider reporting this to the maintainers of class org.openjdk.jmh.util.Utils
WARNING: sun.misc.Unsafe::objectFieldOffset will be removed in a future release
# Warmup Iteration   1: Input: n=100000, keys=4096, observedHotFraction=0.900000, poolParallelism=3, availableProcessors=10
0.433 ms/op
# Warmup Iteration   2: 0.436 ms/op
# Warmup Iteration   3: 0.439 ms/op
# Warmup Iteration   4: 0.436 ms/op
# Warmup Iteration   5: 0.437 ms/op
Iteration   1: 0.435 ms/op
                 gc.alloc.rate:      4283.770 MB/sec
                 gc.alloc.rate.norm: 1952462.289 B/op
                 gc.count:           14.000 counts
                 gc.time:            6.000 ms

Iteration   2: 0.435 ms/op
                 gc.alloc.rate:      4280.506 MB/sec
                 gc.alloc.rate.norm: 1952454.401 B/op
                 gc.count:           14.000 counts
                 gc.time:            6.000 ms

Iteration   3: 0.433 ms/op
                 gc.alloc.rate:      4295.511 MB/sec
                 gc.alloc.rate.norm: 1952397.440 B/op
                 gc.count:           14.000 counts
                 gc.time:            6.000 ms

Iteration   4: 0.433 ms/op
                 gc.alloc.rate:      4296.453 MB/sec
                 gc.alloc.rate.norm: 1952458.190 B/op
                 gc.count:           15.000 counts
                 gc.time:            7.000 ms

Iteration   5: 0.437 ms/op
                 gc.alloc.rate:      4261.308 MB/sec
                 gc.alloc.rate.norm: 1952454.301 B/op
                 gc.count:           14.000 counts
                 gc.time:            5.000 ms


# Run progress: 48.15% complete, ETA 00:09:35
# Fork: 2 of 3
WARNING: A terminally deprecated method in sun.misc.Unsafe has been called
WARNING: sun.misc.Unsafe::objectFieldOffset has been called by org.openjdk.jmh.util.Utils (file:/Users/jaehyeon/Documents/Obsidian%20Vault/2026/04.%ed%98%b8%ec%84%9c%eb%8c%80%ed%95%99%ea%b5%90/11.%ec%b0%a8%ec%84%b8%eb%8c%80%ec%bb%b4%ed%93%a8%ed%8c%85%ed%95%99%ed%9a%8c%eb%85%bc%eb%ac%b8/JavaStream_%ed%82%a4%ed%8e%b8%ed%96%a5/.deps/jmh-core-1.37.jar)
WARNING: Please consider reporting this to the maintainers of class org.openjdk.jmh.util.Utils
WARNING: sun.misc.Unsafe::objectFieldOffset will be removed in a future release
# Warmup Iteration   1: Input: n=100000, keys=4096, observedHotFraction=0.900000, poolParallelism=3, availableProcessors=10
0.437 ms/op
# Warmup Iteration   2: 0.434 ms/op
# Warmup Iteration   3: 0.439 ms/op
# Warmup Iteration   4: 0.436 ms/op
# Warmup Iteration   5: 0.432 ms/op
Iteration   1: 0.432 ms/op
                 gc.alloc.rate:      4309.563 MB/sec
                 gc.alloc.rate.norm: 1952372.754 B/op
                 gc.count:           14.000 counts
                 gc.time:            6.000 ms

Iteration   2: 0.434 ms/op
                 gc.alloc.rate:      4289.068 MB/sec
                 gc.alloc.rate.norm: 1952432.509 B/op
                 gc.count:           14.000 counts
                 gc.time:            6.000 ms

Iteration   3: 0.431 ms/op
                 gc.alloc.rate:      4314.717 MB/sec
                 gc.alloc.rate.norm: 1952364.203 B/op
                 gc.count:           15.000 counts
                 gc.time:            6.000 ms

Iteration   4: 0.431 ms/op
                 gc.alloc.rate:      4315.818 MB/sec
                 gc.alloc.rate.norm: 1952422.360 B/op
                 gc.count:           14.000 counts
                 gc.time:            6.000 ms

Iteration   5: 0.435 ms/op
                 gc.alloc.rate:      4275.868 MB/sec
                 gc.alloc.rate.norm: 1952380.062 B/op
                 gc.count:           14.000 counts
                 gc.time:            6.000 ms


# Run progress: 49.07% complete, ETA 00:09:25
# Fork: 3 of 3
WARNING: A terminally deprecated method in sun.misc.Unsafe has been called
WARNING: sun.misc.Unsafe::objectFieldOffset has been called by org.openjdk.jmh.util.Utils (file:/Users/jaehyeon/Documents/Obsidian%20Vault/2026/04.%ed%98%b8%ec%84%9c%eb%8c%80%ed%95%99%ea%b5%90/11.%ec%b0%a8%ec%84%b8%eb%8c%80%ec%bb%b4%ed%93%a8%ed%8c%85%ed%95%99%ed%9a%8c%eb%85%bc%eb%ac%b8/JavaStream_%ed%82%a4%ed%8e%b8%ed%96%a5/.deps/jmh-core-1.37.jar)
WARNING: Please consider reporting this to the maintainers of class org.openjdk.jmh.util.Utils
WARNING: sun.misc.Unsafe::objectFieldOffset will be removed in a future release
# Warmup Iteration   1: Input: n=100000, keys=4096, observedHotFraction=0.900000, poolParallelism=3, availableProcessors=10
0.429 ms/op
# Warmup Iteration   2: 0.433 ms/op
# Warmup Iteration   3: 0.438 ms/op
# Warmup Iteration   4: 0.430 ms/op
# Warmup Iteration   5: 0.430 ms/op
Iteration   1: 0.430 ms/op
                 gc.alloc.rate:      4331.807 MB/sec
                 gc.alloc.rate.norm: 1952401.831 B/op
                 gc.count:           15.000 counts
                 gc.time:            6.000 ms

Iteration   2: 0.430 ms/op
                 gc.alloc.rate:      4334.583 MB/sec
                 gc.alloc.rate.norm: 1952372.881 B/op
                 gc.count:           14.000 counts
                 gc.time:            6.000 ms

Iteration   3: 0.429 ms/op
                 gc.alloc.rate:      4340.417 MB/sec
                 gc.alloc.rate.norm: 1952414.193 B/op
                 gc.count:           14.000 counts
                 gc.time:            6.000 ms

Iteration   4: 0.431 ms/op
                 gc.alloc.rate:      4315.653 MB/sec
                 gc.alloc.rate.norm: 1952365.107 B/op
                 gc.count:           15.000 counts
                 gc.time:            7.000 ms

Iteration   5: 0.431 ms/op
                 gc.alloc.rate:      4320.622 MB/sec
                 gc.alloc.rate.norm: 1952368.304 B/op
                 gc.count:           14.000 counts
                 gc.time:            6.000 ms



Result "research.skew.AggregationBenchmark.parallelConcurrentAdder":
  0.433 ±(99.9%) 0.003 ms/op [Average]
  (min, avg, max) = (0.429, 0.433, 0.437), stdev = 0.002
  CI (99.9%): [0.430, 0.435] (assumes normal distribution)

Secondary result "research.skew.AggregationBenchmark.parallelConcurrentAdder:gc.alloc.rate":
  4304.378 ±(99.9%) 25.002 MB/sec [Average]
  (min, avg, max) = (4261.308, 4304.378, 4340.417), stdev = 23.387
  CI (99.9%): [4279.375, 4329.380] (assumes normal distribution)

Secondary result "research.skew.AggregationBenchmark.parallelConcurrentAdder:gc.alloc.rate.norm":
  1952408.055 ±(99.9%) 39.743 B/op [Average]
  (min, avg, max) = (1952364.203, 1952408.055, 1952462.289), stdev = 37.175
  CI (99.9%): [1952368.312, 1952447.797] (assumes normal distribution)

Secondary result "research.skew.AggregationBenchmark.parallelConcurrentAdder:gc.count":
  214.000 ±(99.9%) 0.001 counts [Sum]
  (min, avg, max) = (14.000, 14.267, 15.000), stdev = 0.458
  CI (99.9%): [214.000, 214.000] (assumes normal distribution)

Secondary result "research.skew.AggregationBenchmark.parallelConcurrentAdder:gc.time":
  91.000 ±(99.9%) 0.001 ms [Sum]
  (min, avg, max) = (5.000, 6.067, 7.000), stdev = 0.458
  CI (99.9%): [91.000, 91.000] (assumes normal distribution)


# JMH version: 1.37
# VM version: JDK 25.0.4.1, OpenJDK 64-Bit Server VM, 25.0.4.1+1-LTS
# VM invoker: /Users/jaehyeon/Library/Java/JavaVirtualMachines/temurin-25.0.4.1/Contents/Home/bin/java
# VM options: -Xms512m -Xmx512m -Djava.util.concurrent.ForkJoinPool.common.parallelism=3
# Blackhole mode: compiler (auto-detected, use -Djmh.blackhole.autoDetect=false to disable)
# Warmup: 5 iterations, 1 s each
# Measurement: 5 iterations, 1 s each
# Timeout: 10 min per iteration
# Threads: 1 thread, will synchronize iterations
# Benchmark mode: Average time, time/op
# Benchmark: research.skew.AggregationBenchmark.parallelMerge
# Parameters: (cardinality = 1024, distribution = uniform, seed = 20260929, size = 100000)

# Run progress: 50.00% complete, ETA 00:09:14
# Fork: 1 of 3
WARNING: A terminally deprecated method in sun.misc.Unsafe has been called
WARNING: sun.misc.Unsafe::objectFieldOffset has been called by org.openjdk.jmh.util.Utils (file:/Users/jaehyeon/Documents/Obsidian%20Vault/2026/04.%ed%98%b8%ec%84%9c%eb%8c%80%ed%95%99%ea%b5%90/11.%ec%b0%a8%ec%84%b8%eb%8c%80%ec%bb%b4%ed%93%a8%ed%8c%85%ed%95%99%ed%9a%8c%eb%85%bc%eb%ac%b8/JavaStream_%ed%82%a4%ed%8e%b8%ed%96%a5/.deps/jmh-core-1.37.jar)
WARNING: Please consider reporting this to the maintainers of class org.openjdk.jmh.util.Utils
WARNING: sun.misc.Unsafe::objectFieldOffset will be removed in a future release
# Warmup Iteration   1: Input: n=100000, keys=1024, observedHotFraction=0.000980, poolParallelism=3, availableProcessors=10
0.297 ms/op
# Warmup Iteration   2: 0.274 ms/op
# Warmup Iteration   3: 0.272 ms/op
# Warmup Iteration   4: 0.273 ms/op
# Warmup Iteration   5: 0.273 ms/op
Iteration   1: 0.272 ms/op
                 gc.alloc.rate:      9755.989 MB/sec
                 gc.alloc.rate.norm: 2783863.347 B/op
                 gc.count:           33.000 counts
                 gc.time:            14.000 ms

Iteration   2: 0.272 ms/op
                 gc.alloc.rate:      9771.449 MB/sec
                 gc.alloc.rate.norm: 2783863.225 B/op
                 gc.count:           32.000 counts
                 gc.time:            14.000 ms

Iteration   3: 0.271 ms/op
                 gc.alloc.rate:      9782.076 MB/sec
                 gc.alloc.rate.norm: 2783863.168 B/op
                 gc.count:           33.000 counts
                 gc.time:            14.000 ms

Iteration   4: 0.271 ms/op
                 gc.alloc.rate:      9809.057 MB/sec
                 gc.alloc.rate.norm: 2783863.222 B/op
                 gc.count:           32.000 counts
                 gc.time:            13.000 ms

Iteration   5: 0.273 ms/op
                 gc.alloc.rate:      9730.185 MB/sec
                 gc.alloc.rate.norm: 2783863.054 B/op
                 gc.count:           33.000 counts
                 gc.time:            14.000 ms


# Run progress: 50.93% complete, ETA 00:09:04
# Fork: 2 of 3
WARNING: A terminally deprecated method in sun.misc.Unsafe has been called
WARNING: sun.misc.Unsafe::objectFieldOffset has been called by org.openjdk.jmh.util.Utils (file:/Users/jaehyeon/Documents/Obsidian%20Vault/2026/04.%ed%98%b8%ec%84%9c%eb%8c%80%ed%95%99%ea%b5%90/11.%ec%b0%a8%ec%84%b8%eb%8c%80%ec%bb%b4%ed%93%a8%ed%8c%85%ed%95%99%ed%9a%8c%eb%85%bc%eb%ac%b8/JavaStream_%ed%82%a4%ed%8e%b8%ed%96%a5/.deps/jmh-core-1.37.jar)
WARNING: Please consider reporting this to the maintainers of class org.openjdk.jmh.util.Utils
WARNING: sun.misc.Unsafe::objectFieldOffset will be removed in a future release
# Warmup Iteration   1: Input: n=100000, keys=1024, observedHotFraction=0.000980, poolParallelism=3, availableProcessors=10
0.292 ms/op
# Warmup Iteration   2: 0.270 ms/op
# Warmup Iteration   3: 0.267 ms/op
# Warmup Iteration   4: 0.266 ms/op
# Warmup Iteration   5: 0.266 ms/op
Iteration   1: 0.268 ms/op
                 gc.alloc.rate:      9915.517 MB/sec
                 gc.alloc.rate.norm: 2783863.370 B/op
                 gc.count:           33.000 counts
                 gc.time:            14.000 ms

Iteration   2: 0.266 ms/op
                 gc.alloc.rate:      9973.582 MB/sec
                 gc.alloc.rate.norm: 2783863.431 B/op
                 gc.count:           33.000 counts
                 gc.time:            14.000 ms

Iteration   3: 0.266 ms/op
                 gc.alloc.rate:      9974.471 MB/sec
                 gc.alloc.rate.norm: 2783863.349 B/op
                 gc.count:           33.000 counts
                 gc.time:            14.000 ms

Iteration   4: 0.265 ms/op
                 gc.alloc.rate:      10010.589 MB/sec
                 gc.alloc.rate.norm: 2783863.470 B/op
                 gc.count:           33.000 counts
                 gc.time:            14.000 ms

Iteration   5: 0.268 ms/op
                 gc.alloc.rate:      9904.977 MB/sec
                 gc.alloc.rate.norm: 2783862.988 B/op
                 gc.count:           33.000 counts
                 gc.time:            14.000 ms


# Run progress: 51.85% complete, ETA 00:08:54
# Fork: 3 of 3
WARNING: A terminally deprecated method in sun.misc.Unsafe has been called
WARNING: sun.misc.Unsafe::objectFieldOffset has been called by org.openjdk.jmh.util.Utils (file:/Users/jaehyeon/Documents/Obsidian%20Vault/2026/04.%ed%98%b8%ec%84%9c%eb%8c%80%ed%95%99%ea%b5%90/11.%ec%b0%a8%ec%84%b8%eb%8c%80%ec%bb%b4%ed%93%a8%ed%8c%85%ed%95%99%ed%9a%8c%eb%85%bc%eb%ac%b8/JavaStream_%ed%82%a4%ed%8e%b8%ed%96%a5/.deps/jmh-core-1.37.jar)
WARNING: Please consider reporting this to the maintainers of class org.openjdk.jmh.util.Utils
WARNING: sun.misc.Unsafe::objectFieldOffset will be removed in a future release
# Warmup Iteration   1: Input: n=100000, keys=1024, observedHotFraction=0.000980, poolParallelism=3, availableProcessors=10
0.291 ms/op
# Warmup Iteration   2: 0.272 ms/op
# Warmup Iteration   3: 0.269 ms/op
# Warmup Iteration   4: 0.269 ms/op
# Warmup Iteration   5: 0.269 ms/op
Iteration   1: 0.268 ms/op
                 gc.alloc.rate:      9907.088 MB/sec
                 gc.alloc.rate.norm: 2783862.733 B/op
                 gc.count:           33.000 counts
                 gc.time:            14.000 ms

Iteration   2: 0.268 ms/op
                 gc.alloc.rate:      9898.674 MB/sec
                 gc.alloc.rate.norm: 2783862.783 B/op
                 gc.count:           33.000 counts
                 gc.time:            14.000 ms

Iteration   3: 0.269 ms/op
                 gc.alloc.rate:      9874.476 MB/sec
                 gc.alloc.rate.norm: 2783862.486 B/op
                 gc.count:           33.000 counts
                 gc.time:            14.000 ms

Iteration   4: 0.266 ms/op
                 gc.alloc.rate:      9976.905 MB/sec
                 gc.alloc.rate.norm: 2783862.748 B/op
                 gc.count:           33.000 counts
                 gc.time:            13.000 ms

Iteration   5: 0.268 ms/op
                 gc.alloc.rate:      9902.000 MB/sec
                 gc.alloc.rate.norm: 2783862.828 B/op
                 gc.count:           33.000 counts
                 gc.time:            14.000 ms



Result "research.skew.AggregationBenchmark.parallelMerge":
  0.269 ±(99.9%) 0.003 ms/op [Average]
  (min, avg, max) = (0.265, 0.269, 0.273), stdev = 0.002
  CI (99.9%): [0.266, 0.271] (assumes normal distribution)

Secondary result "research.skew.AggregationBenchmark.parallelMerge:gc.alloc.rate":
  9879.136 ±(99.9%) 95.546 MB/sec [Average]
  (min, avg, max) = (9730.185, 9879.136, 10010.589), stdev = 89.373
  CI (99.9%): [9783.590, 9974.681] (assumes normal distribution)

Secondary result "research.skew.AggregationBenchmark.parallelMerge:gc.alloc.rate.norm":
  2783863.080 ±(99.9%) 0.325 B/op [Average]
  (min, avg, max) = (2783862.486, 2783863.080, 2783863.470), stdev = 0.304
  CI (99.9%): [2783862.755, 2783863.405] (assumes normal distribution)

Secondary result "research.skew.AggregationBenchmark.parallelMerge:gc.count":
  493.000 ±(99.9%) 0.001 counts [Sum]
  (min, avg, max) = (32.000, 32.867, 33.000), stdev = 0.352
  CI (99.9%): [493.000, 493.000] (assumes normal distribution)

Secondary result "research.skew.AggregationBenchmark.parallelMerge:gc.time":
  208.000 ±(99.9%) 0.001 ms [Sum]
  (min, avg, max) = (13.000, 13.867, 14.000), stdev = 0.352
  CI (99.9%): [208.000, 208.000] (assumes normal distribution)


# JMH version: 1.37
# VM version: JDK 25.0.4.1, OpenJDK 64-Bit Server VM, 25.0.4.1+1-LTS
# VM invoker: /Users/jaehyeon/Library/Java/JavaVirtualMachines/temurin-25.0.4.1/Contents/Home/bin/java
# VM options: -Xms512m -Xmx512m -Djava.util.concurrent.ForkJoinPool.common.parallelism=3
# Blackhole mode: compiler (auto-detected, use -Djmh.blackhole.autoDetect=false to disable)
# Warmup: 5 iterations, 1 s each
# Measurement: 5 iterations, 1 s each
# Timeout: 10 min per iteration
# Threads: 1 thread, will synchronize iterations
# Benchmark mode: Average time, time/op
# Benchmark: research.skew.AggregationBenchmark.parallelMerge
# Parameters: (cardinality = 1024, distribution = hot50, seed = 20260929, size = 100000)

# Run progress: 52.78% complete, ETA 00:08:43
# Fork: 1 of 3
WARNING: A terminally deprecated method in sun.misc.Unsafe has been called
WARNING: sun.misc.Unsafe::objectFieldOffset has been called by org.openjdk.jmh.util.Utils (file:/Users/jaehyeon/Documents/Obsidian%20Vault/2026/04.%ed%98%b8%ec%84%9c%eb%8c%80%ed%95%99%ea%b5%90/11.%ec%b0%a8%ec%84%b8%eb%8c%80%ec%bb%b4%ed%93%a8%ed%8c%85%ed%95%99%ed%9a%8c%eb%85%bc%eb%ac%b8/JavaStream_%ed%82%a4%ed%8e%b8%ed%96%a5/.deps/jmh-core-1.37.jar)
WARNING: Please consider reporting this to the maintainers of class org.openjdk.jmh.util.Utils
WARNING: sun.misc.Unsafe::objectFieldOffset will be removed in a future release
# Warmup Iteration   1: Input: n=100000, keys=1024, observedHotFraction=0.500000, poolParallelism=3, availableProcessors=10
0.294 ms/op
# Warmup Iteration   2: 0.272 ms/op
# Warmup Iteration   3: 0.269 ms/op
# Warmup Iteration   4: 0.272 ms/op
# Warmup Iteration   5: 0.275 ms/op
Iteration   1: 0.270 ms/op
                 gc.alloc.rate:      9747.230 MB/sec
                 gc.alloc.rate.norm: 2756391.500 B/op
                 gc.count:           32.000 counts
                 gc.time:            14.000 ms

Iteration   2: 0.270 ms/op
                 gc.alloc.rate:      9752.816 MB/sec
                 gc.alloc.rate.norm: 2756391.821 B/op
                 gc.count:           32.000 counts
                 gc.time:            14.000 ms

Iteration   3: 0.271 ms/op
                 gc.alloc.rate:      9707.922 MB/sec
                 gc.alloc.rate.norm: 2756391.638 B/op
                 gc.count:           33.000 counts
                 gc.time:            14.000 ms

Iteration   4: 0.271 ms/op
                 gc.alloc.rate:      9709.038 MB/sec
                 gc.alloc.rate.norm: 2756391.146 B/op
                 gc.count:           32.000 counts
                 gc.time:            13.000 ms

Iteration   5: 0.271 ms/op
                 gc.alloc.rate:      9707.469 MB/sec
                 gc.alloc.rate.norm: 2756391.357 B/op
                 gc.count:           32.000 counts
                 gc.time:            14.000 ms


# Run progress: 53.70% complete, ETA 00:08:33
# Fork: 2 of 3
WARNING: A terminally deprecated method in sun.misc.Unsafe has been called
WARNING: sun.misc.Unsafe::objectFieldOffset has been called by org.openjdk.jmh.util.Utils (file:/Users/jaehyeon/Documents/Obsidian%20Vault/2026/04.%ed%98%b8%ec%84%9c%eb%8c%80%ed%95%99%ea%b5%90/11.%ec%b0%a8%ec%84%b8%eb%8c%80%ec%bb%b4%ed%93%a8%ed%8c%85%ed%95%99%ed%9a%8c%eb%85%bc%eb%ac%b8/JavaStream_%ed%82%a4%ed%8e%b8%ed%96%a5/.deps/jmh-core-1.37.jar)
WARNING: Please consider reporting this to the maintainers of class org.openjdk.jmh.util.Utils
WARNING: sun.misc.Unsafe::objectFieldOffset will be removed in a future release
# Warmup Iteration   1: Input: n=100000, keys=1024, observedHotFraction=0.500000, poolParallelism=3, availableProcessors=10
0.296 ms/op
# Warmup Iteration   2: 0.277 ms/op
# Warmup Iteration   3: 0.271 ms/op
# Warmup Iteration   4: 0.271 ms/op
# Warmup Iteration   5: 0.272 ms/op
Iteration   1: 0.270 ms/op
                 gc.alloc.rate:      9741.496 MB/sec
                 gc.alloc.rate.norm: 2756392.148 B/op
                 gc.count:           32.000 counts
                 gc.time:            14.000 ms

Iteration   2: 0.270 ms/op
                 gc.alloc.rate:      9744.000 MB/sec
                 gc.alloc.rate.norm: 2756391.974 B/op
                 gc.count:           32.000 counts
                 gc.time:            13.000 ms

Iteration   3: 0.271 ms/op
                 gc.alloc.rate:      9716.239 MB/sec
                 gc.alloc.rate.norm: 2756392.058 B/op
                 gc.count:           33.000 counts
                 gc.time:            14.000 ms

Iteration   4: 0.270 ms/op
                 gc.alloc.rate:      9726.420 MB/sec
                 gc.alloc.rate.norm: 2756391.916 B/op
                 gc.count:           32.000 counts
                 gc.time:            14.000 ms

Iteration   5: 0.270 ms/op
                 gc.alloc.rate:      9741.547 MB/sec
                 gc.alloc.rate.norm: 2756392.077 B/op
                 gc.count:           32.000 counts
                 gc.time:            13.000 ms


# Run progress: 54.63% complete, ETA 00:08:23
# Fork: 3 of 3
WARNING: A terminally deprecated method in sun.misc.Unsafe has been called
WARNING: sun.misc.Unsafe::objectFieldOffset has been called by org.openjdk.jmh.util.Utils (file:/Users/jaehyeon/Documents/Obsidian%20Vault/2026/04.%ed%98%b8%ec%84%9c%eb%8c%80%ed%95%99%ea%b5%90/11.%ec%b0%a8%ec%84%b8%eb%8c%80%ec%bb%b4%ed%93%a8%ed%8c%85%ed%95%99%ed%9a%8c%eb%85%bc%eb%ac%b8/JavaStream_%ed%82%a4%ed%8e%b8%ed%96%a5/.deps/jmh-core-1.37.jar)
WARNING: Please consider reporting this to the maintainers of class org.openjdk.jmh.util.Utils
WARNING: sun.misc.Unsafe::objectFieldOffset will be removed in a future release
# Warmup Iteration   1: Input: n=100000, keys=1024, observedHotFraction=0.500000, poolParallelism=3, availableProcessors=10
0.296 ms/op
# Warmup Iteration   2: 0.274 ms/op
# Warmup Iteration   3: 0.271 ms/op
# Warmup Iteration   4: 0.271 ms/op
# Warmup Iteration   5: 0.271 ms/op
Iteration   1: 0.273 ms/op
                 gc.alloc.rate:      9642.372 MB/sec
                 gc.alloc.rate.norm: 2756392.078 B/op
                 gc.count:           32.000 counts
                 gc.time:            14.000 ms

Iteration   2: 0.272 ms/op
                 gc.alloc.rate:      9669.004 MB/sec
                 gc.alloc.rate.norm: 2756392.142 B/op
                 gc.count:           32.000 counts
                 gc.time:            14.000 ms

Iteration   3: 0.271 ms/op
                 gc.alloc.rate:      9714.482 MB/sec
                 gc.alloc.rate.norm: 2756392.084 B/op
                 gc.count:           33.000 counts
                 gc.time:            14.000 ms

Iteration   4: 0.271 ms/op
                 gc.alloc.rate:      9703.247 MB/sec
                 gc.alloc.rate.norm: 2756391.884 B/op
                 gc.count:           32.000 counts
                 gc.time:            14.000 ms

Iteration   5: 0.270 ms/op
                 gc.alloc.rate:      9728.222 MB/sec
                 gc.alloc.rate.norm: 2756392.315 B/op
                 gc.count:           32.000 counts
                 gc.time:            13.000 ms



Result "research.skew.AggregationBenchmark.parallelMerge":
  0.271 ±(99.9%) 0.001 ms/op [Average]
  (min, avg, max) = (0.270, 0.271, 0.273), stdev = 0.001
  CI (99.9%): [0.270, 0.271] (assumes normal distribution)

Secondary result "research.skew.AggregationBenchmark.parallelMerge:gc.alloc.rate":
  9716.767 ±(99.9%) 32.133 MB/sec [Average]
  (min, avg, max) = (9642.372, 9716.767, 9752.816), stdev = 30.057
  CI (99.9%): [9684.634, 9748.900] (assumes normal distribution)

Secondary result "research.skew.AggregationBenchmark.parallelMerge:gc.alloc.rate.norm":
  2756391.876 ±(99.9%) 0.351 B/op [Average]
  (min, avg, max) = (2756391.146, 2756391.876, 2756392.315), stdev = 0.328
  CI (99.9%): [2756391.525, 2756392.227] (assumes normal distribution)

Secondary result "research.skew.AggregationBenchmark.parallelMerge:gc.count":
  483.000 ±(99.9%) 0.001 counts [Sum]
  (min, avg, max) = (32.000, 32.200, 33.000), stdev = 0.414
  CI (99.9%): [483.000, 483.000] (assumes normal distribution)

Secondary result "research.skew.AggregationBenchmark.parallelMerge:gc.time":
  206.000 ±(99.9%) 0.001 ms [Sum]
  (min, avg, max) = (13.000, 13.733, 14.000), stdev = 0.458
  CI (99.9%): [206.000, 206.000] (assumes normal distribution)


# JMH version: 1.37
# VM version: JDK 25.0.4.1, OpenJDK 64-Bit Server VM, 25.0.4.1+1-LTS
# VM invoker: /Users/jaehyeon/Library/Java/JavaVirtualMachines/temurin-25.0.4.1/Contents/Home/bin/java
# VM options: -Xms512m -Xmx512m -Djava.util.concurrent.ForkJoinPool.common.parallelism=3
# Blackhole mode: compiler (auto-detected, use -Djmh.blackhole.autoDetect=false to disable)
# Warmup: 5 iterations, 1 s each
# Measurement: 5 iterations, 1 s each
# Timeout: 10 min per iteration
# Threads: 1 thread, will synchronize iterations
# Benchmark mode: Average time, time/op
# Benchmark: research.skew.AggregationBenchmark.parallelMerge
# Parameters: (cardinality = 1024, distribution = hot90, seed = 20260929, size = 100000)

# Run progress: 55.56% complete, ETA 00:08:13
# Fork: 1 of 3
WARNING: A terminally deprecated method in sun.misc.Unsafe has been called
WARNING: sun.misc.Unsafe::objectFieldOffset has been called by org.openjdk.jmh.util.Utils (file:/Users/jaehyeon/Documents/Obsidian%20Vault/2026/04.%ed%98%b8%ec%84%9c%eb%8c%80%ed%95%99%ea%b5%90/11.%ec%b0%a8%ec%84%b8%eb%8c%80%ec%bb%b4%ed%93%a8%ed%8c%85%ed%95%99%ed%9a%8c%eb%85%bc%eb%ac%b8/JavaStream_%ed%82%a4%ed%8e%b8%ed%96%a5/.deps/jmh-core-1.37.jar)
WARNING: Please consider reporting this to the maintainers of class org.openjdk.jmh.util.Utils
WARNING: sun.misc.Unsafe::objectFieldOffset will be removed in a future release
# Warmup Iteration   1: Input: n=100000, keys=1024, observedHotFraction=0.900000, poolParallelism=3, availableProcessors=10
0.269 ms/op
# Warmup Iteration   2: 0.251 ms/op
# Warmup Iteration   3: 0.251 ms/op
# Warmup Iteration   4: 0.250 ms/op
# Warmup Iteration   5: 0.249 ms/op
Iteration   1: 0.250 ms/op
                 gc.alloc.rate:      8780.249 MB/sec
                 gc.alloc.rate.norm: 2298960.747 B/op
                 gc.count:           29.000 counts
                 gc.time:            12.000 ms

Iteration   2: 0.249 ms/op
                 gc.alloc.rate:      8807.612 MB/sec
                 gc.alloc.rate.norm: 2298960.597 B/op
                 gc.count:           29.000 counts
                 gc.time:            12.000 ms

Iteration   3: 0.250 ms/op
                 gc.alloc.rate:      8786.536 MB/sec
                 gc.alloc.rate.norm: 2298960.563 B/op
                 gc.count:           30.000 counts
                 gc.time:            12.000 ms

Iteration   4: 0.251 ms/op
                 gc.alloc.rate:      8717.340 MB/sec
                 gc.alloc.rate.norm: 2298959.994 B/op
                 gc.count:           28.000 counts
                 gc.time:            11.000 ms

Iteration   5: 0.249 ms/op
                 gc.alloc.rate:      8794.102 MB/sec
                 gc.alloc.rate.norm: 2298960.652 B/op
                 gc.count:           30.000 counts
                 gc.time:            13.000 ms


# Run progress: 56.48% complete, ETA 00:08:02
# Fork: 2 of 3
WARNING: A terminally deprecated method in sun.misc.Unsafe has been called
WARNING: sun.misc.Unsafe::objectFieldOffset has been called by org.openjdk.jmh.util.Utils (file:/Users/jaehyeon/Documents/Obsidian%20Vault/2026/04.%ed%98%b8%ec%84%9c%eb%8c%80%ed%95%99%ea%b5%90/11.%ec%b0%a8%ec%84%b8%eb%8c%80%ec%bb%b4%ed%93%a8%ed%8c%85%ed%95%99%ed%9a%8c%eb%85%bc%eb%ac%b8/JavaStream_%ed%82%a4%ed%8e%b8%ed%96%a5/.deps/jmh-core-1.37.jar)
WARNING: Please consider reporting this to the maintainers of class org.openjdk.jmh.util.Utils
WARNING: sun.misc.Unsafe::objectFieldOffset will be removed in a future release
# Warmup Iteration   1: Input: n=100000, keys=1024, observedHotFraction=0.900000, poolParallelism=3, availableProcessors=10
0.273 ms/op
# Warmup Iteration   2: 0.251 ms/op
# Warmup Iteration   3: 0.256 ms/op
# Warmup Iteration   4: 0.251 ms/op
# Warmup Iteration   5: 0.252 ms/op
Iteration   1: 0.251 ms/op
                 gc.alloc.rate:      8719.753 MB/sec
                 gc.alloc.rate.norm: 2298960.756 B/op
                 gc.count:           29.000 counts
                 gc.time:            12.000 ms

Iteration   2: 0.252 ms/op
                 gc.alloc.rate:      8698.170 MB/sec
                 gc.alloc.rate.norm: 2298960.713 B/op
                 gc.count:           28.000 counts
                 gc.time:            12.000 ms

Iteration   3: 0.251 ms/op
                 gc.alloc.rate:      8733.425 MB/sec
                 gc.alloc.rate.norm: 2298960.722 B/op
                 gc.count:           29.000 counts
                 gc.time:            12.000 ms

Iteration   4: 0.252 ms/op
                 gc.alloc.rate:      8695.037 MB/sec
                 gc.alloc.rate.norm: 2298960.312 B/op
                 gc.count:           29.000 counts
                 gc.time:            12.000 ms

Iteration   5: 0.250 ms/op
                 gc.alloc.rate:      8765.992 MB/sec
                 gc.alloc.rate.norm: 2298960.654 B/op
                 gc.count:           29.000 counts
                 gc.time:            12.000 ms


# Run progress: 57.41% complete, ETA 00:07:52
# Fork: 3 of 3
WARNING: A terminally deprecated method in sun.misc.Unsafe has been called
WARNING: sun.misc.Unsafe::objectFieldOffset has been called by org.openjdk.jmh.util.Utils (file:/Users/jaehyeon/Documents/Obsidian%20Vault/2026/04.%ed%98%b8%ec%84%9c%eb%8c%80%ed%95%99%ea%b5%90/11.%ec%b0%a8%ec%84%b8%eb%8c%80%ec%bb%b4%ed%93%a8%ed%8c%85%ed%95%99%ed%9a%8c%eb%85%bc%eb%ac%b8/JavaStream_%ed%82%a4%ed%8e%b8%ed%96%a5/.deps/jmh-core-1.37.jar)
WARNING: Please consider reporting this to the maintainers of class org.openjdk.jmh.util.Utils
WARNING: sun.misc.Unsafe::objectFieldOffset will be removed in a future release
# Warmup Iteration   1: Input: n=100000, keys=1024, observedHotFraction=0.900000, poolParallelism=3, availableProcessors=10
0.269 ms/op
# Warmup Iteration   2: 0.251 ms/op
# Warmup Iteration   3: 0.250 ms/op
# Warmup Iteration   4: 0.252 ms/op
# Warmup Iteration   5: 0.269 ms/op
Iteration   1: 0.270 ms/op
                 gc.alloc.rate:      8108.797 MB/sec
                 gc.alloc.rate.norm: 2298960.642 B/op
                 gc.count:           26.000 counts
                 gc.time:            10.000 ms

Iteration   2: 0.272 ms/op
                 gc.alloc.rate:      8057.824 MB/sec
                 gc.alloc.rate.norm: 2298990.464 B/op
                 gc.count:           27.000 counts
                 gc.time:            11.000 ms

Iteration   3: 0.270 ms/op
                 gc.alloc.rate:      8133.986 MB/sec
                 gc.alloc.rate.norm: 2298975.178 B/op
                 gc.count:           27.000 counts
                 gc.time:            10.000 ms

Iteration   4: 0.270 ms/op
                 gc.alloc.rate:      8125.567 MB/sec
                 gc.alloc.rate.norm: 2298960.457 B/op
                 gc.count:           27.000 counts
                 gc.time:            11.000 ms

Iteration   5: 0.268 ms/op
                 gc.alloc.rate:      8182.643 MB/sec
                 gc.alloc.rate.norm: 2298960.726 B/op
                 gc.count:           27.000 counts
                 gc.time:            11.000 ms



Result "research.skew.AggregationBenchmark.parallelMerge":
  0.257 ±(99.9%) 0.010 ms/op [Average]
  (min, avg, max) = (0.249, 0.257, 0.272), stdev = 0.010
  CI (99.9%): [0.247, 0.267] (assumes normal distribution)

Secondary result "research.skew.AggregationBenchmark.parallelMerge:gc.alloc.rate":
  8540.469 ±(99.9%) 330.585 MB/sec [Average]
  (min, avg, max) = (8057.824, 8540.469, 8807.612), stdev = 309.229
  CI (99.9%): [8209.884, 8871.054] (assumes normal distribution)

Secondary result "research.skew.AggregationBenchmark.parallelMerge:gc.alloc.rate.norm":
  2298963.545 ±(99.9%) 8.921 B/op [Average]
  (min, avg, max) = (2298959.994, 2298963.545, 2298990.464), stdev = 8.345
  CI (99.9%): [2298954.624, 2298972.466] (assumes normal distribution)

Secondary result "research.skew.AggregationBenchmark.parallelMerge:gc.count":
  424.000 ±(99.9%) 0.001 counts [Sum]
  (min, avg, max) = (26.000, 28.267, 30.000), stdev = 1.223
  CI (99.9%): [424.000, 424.000] (assumes normal distribution)

Secondary result "research.skew.AggregationBenchmark.parallelMerge:gc.time":
  173.000 ±(99.9%) 0.001 ms [Sum]
  (min, avg, max) = (10.000, 11.533, 13.000), stdev = 0.834
  CI (99.9%): [173.000, 173.000] (assumes normal distribution)


# JMH version: 1.37
# VM version: JDK 25.0.4.1, OpenJDK 64-Bit Server VM, 25.0.4.1+1-LTS
# VM invoker: /Users/jaehyeon/Library/Java/JavaVirtualMachines/temurin-25.0.4.1/Contents/Home/bin/java
# VM options: -Xms512m -Xmx512m -Djava.util.concurrent.ForkJoinPool.common.parallelism=3
# Blackhole mode: compiler (auto-detected, use -Djmh.blackhole.autoDetect=false to disable)
# Warmup: 5 iterations, 1 s each
# Measurement: 5 iterations, 1 s each
# Timeout: 10 min per iteration
# Threads: 1 thread, will synchronize iterations
# Benchmark mode: Average time, time/op
# Benchmark: research.skew.AggregationBenchmark.parallelMerge
# Parameters: (cardinality = 2048, distribution = uniform, seed = 20260929, size = 100000)

# Run progress: 58.33% complete, ETA 00:07:42
# Fork: 1 of 3
WARNING: A terminally deprecated method in sun.misc.Unsafe has been called
WARNING: sun.misc.Unsafe::objectFieldOffset has been called by org.openjdk.jmh.util.Utils (file:/Users/jaehyeon/Documents/Obsidian%20Vault/2026/04.%ed%98%b8%ec%84%9c%eb%8c%80%ed%95%99%ea%b5%90/11.%ec%b0%a8%ec%84%b8%eb%8c%80%ec%bb%b4%ed%93%a8%ed%8c%85%ed%95%99%ed%9a%8c%eb%85%bc%eb%ac%b8/JavaStream_%ed%82%a4%ed%8e%b8%ed%96%a5/.deps/jmh-core-1.37.jar)
WARNING: Please consider reporting this to the maintainers of class org.openjdk.jmh.util.Utils
WARNING: sun.misc.Unsafe::objectFieldOffset will be removed in a future release
# Warmup Iteration   1: Input: n=100000, keys=2048, observedHotFraction=0.000490, poolParallelism=3, availableProcessors=10
0.435 ms/op
# Warmup Iteration   2: 0.404 ms/op
# Warmup Iteration   3: 0.402 ms/op
# Warmup Iteration   4: 0.398 ms/op
# Warmup Iteration   5: 0.398 ms/op
Iteration   1: 0.399 ms/op
                 gc.alloc.rate:      9352.974 MB/sec
                 gc.alloc.rate.norm: 3909500.340 B/op
                 gc.count:           32.000 counts
                 gc.time:            14.000 ms

Iteration   2: 0.403 ms/op
                 gc.alloc.rate:      9246.330 MB/sec
                 gc.alloc.rate.norm: 3909519.381 B/op
                 gc.count:           30.000 counts
                 gc.time:            14.000 ms

Iteration   3: 0.399 ms/op
                 gc.alloc.rate:      9339.588 MB/sec
                 gc.alloc.rate.norm: 3909532.074 B/op
                 gc.count:           31.000 counts
                 gc.time:            14.000 ms

Iteration   4: 0.396 ms/op
                 gc.alloc.rate:      9411.645 MB/sec
                 gc.alloc.rate.norm: 3909513.305 B/op
                 gc.count:           31.000 counts
                 gc.time:            14.000 ms

Iteration   5: 0.399 ms/op
                 gc.alloc.rate:      9354.009 MB/sec
                 gc.alloc.rate.norm: 3909499.725 B/op
                 gc.count:           31.000 counts
                 gc.time:            14.000 ms


# Run progress: 59.26% complete, ETA 00:07:31
# Fork: 2 of 3
WARNING: A terminally deprecated method in sun.misc.Unsafe has been called
WARNING: sun.misc.Unsafe::objectFieldOffset has been called by org.openjdk.jmh.util.Utils (file:/Users/jaehyeon/Documents/Obsidian%20Vault/2026/04.%ed%98%b8%ec%84%9c%eb%8c%80%ed%95%99%ea%b5%90/11.%ec%b0%a8%ec%84%b8%eb%8c%80%ec%bb%b4%ed%93%a8%ed%8c%85%ed%95%99%ed%9a%8c%eb%85%bc%eb%ac%b8/JavaStream_%ed%82%a4%ed%8e%b8%ed%96%a5/.deps/jmh-core-1.37.jar)
WARNING: Please consider reporting this to the maintainers of class org.openjdk.jmh.util.Utils
WARNING: sun.misc.Unsafe::objectFieldOffset will be removed in a future release
# Warmup Iteration   1: Input: n=100000, keys=2048, observedHotFraction=0.000490, poolParallelism=3, availableProcessors=10
0.442 ms/op
# Warmup Iteration   2: 0.405 ms/op
# Warmup Iteration   3: 0.427 ms/op
# Warmup Iteration   4: 0.424 ms/op
# Warmup Iteration   5: 0.419 ms/op
Iteration   1: 0.422 ms/op
                 gc.alloc.rate:      8826.025 MB/sec
                 gc.alloc.rate.norm: 3909500.849 B/op
                 gc.count:           29.000 counts
                 gc.time:            13.000 ms

Iteration   2: 0.419 ms/op
                 gc.alloc.rate:      8891.311 MB/sec
                 gc.alloc.rate.norm: 3909499.965 B/op
                 gc.count:           30.000 counts
                 gc.time:            14.000 ms

Iteration   3: 0.422 ms/op
                 gc.alloc.rate:      8827.165 MB/sec
                 gc.alloc.rate.norm: 3909500.448 B/op
                 gc.count:           29.000 counts
                 gc.time:            13.000 ms

Iteration   4: 0.420 ms/op
                 gc.alloc.rate:      8886.080 MB/sec
                 gc.alloc.rate.norm: 3909500.362 B/op
                 gc.count:           29.000 counts
                 gc.time:            13.000 ms

Iteration   5: 0.422 ms/op
                 gc.alloc.rate:      8835.922 MB/sec
                 gc.alloc.rate.norm: 3909500.315 B/op
                 gc.count:           30.000 counts
                 gc.time:            14.000 ms


# Run progress: 60.19% complete, ETA 00:07:21
# Fork: 3 of 3
WARNING: A terminally deprecated method in sun.misc.Unsafe has been called
WARNING: sun.misc.Unsafe::objectFieldOffset has been called by org.openjdk.jmh.util.Utils (file:/Users/jaehyeon/Documents/Obsidian%20Vault/2026/04.%ed%98%b8%ec%84%9c%eb%8c%80%ed%95%99%ea%b5%90/11.%ec%b0%a8%ec%84%b8%eb%8c%80%ec%bb%b4%ed%93%a8%ed%8c%85%ed%95%99%ed%9a%8c%eb%85%bc%eb%ac%b8/JavaStream_%ed%82%a4%ed%8e%b8%ed%96%a5/.deps/jmh-core-1.37.jar)
WARNING: Please consider reporting this to the maintainers of class org.openjdk.jmh.util.Utils
WARNING: sun.misc.Unsafe::objectFieldOffset will be removed in a future release
# Warmup Iteration   1: Input: n=100000, keys=2048, observedHotFraction=0.000490, poolParallelism=3, availableProcessors=10
0.429 ms/op
# Warmup Iteration   2: 0.399 ms/op
# Warmup Iteration   3: 0.396 ms/op
# Warmup Iteration   4: 0.394 ms/op
# Warmup Iteration   5: 0.393 ms/op
Iteration   1: 0.398 ms/op
                 gc.alloc.rate:      9366.338 MB/sec
                 gc.alloc.rate.norm: 3909499.527 B/op
                 gc.count:           31.000 counts
                 gc.time:            15.000 ms

Iteration   2: 0.394 ms/op
                 gc.alloc.rate:      9468.834 MB/sec
                 gc.alloc.rate.norm: 3909500.072 B/op
                 gc.count:           31.000 counts
                 gc.time:            14.000 ms

Iteration   3: 0.395 ms/op
                 gc.alloc.rate:      9437.881 MB/sec
                 gc.alloc.rate.norm: 3909500.200 B/op
                 gc.count:           31.000 counts
                 gc.time:            14.000 ms

Iteration   4: 0.394 ms/op
                 gc.alloc.rate:      9466.309 MB/sec
                 gc.alloc.rate.norm: 3909500.239 B/op
                 gc.count:           32.000 counts
                 gc.time:            14.000 ms

Iteration   5: 0.394 ms/op
                 gc.alloc.rate:      9455.395 MB/sec
                 gc.alloc.rate.norm: 3909500.048 B/op
                 gc.count:           31.000 counts
                 gc.time:            14.000 ms



Result "research.skew.AggregationBenchmark.parallelMerge":
  0.405 ±(99.9%) 0.013 ms/op [Average]
  (min, avg, max) = (0.394, 0.405, 0.422), stdev = 0.012
  CI (99.9%): [0.392, 0.418] (assumes normal distribution)

Secondary result "research.skew.AggregationBenchmark.parallelMerge:gc.alloc.rate":
  9211.054 ±(99.9%) 287.092 MB/sec [Average]
  (min, avg, max) = (8826.025, 9211.054, 9468.834), stdev = 268.546
  CI (99.9%): [8923.962, 9498.146] (assumes normal distribution)

Secondary result "research.skew.AggregationBenchmark.parallelMerge:gc.alloc.rate.norm":
  3909504.457 ±(99.9%) 10.243 B/op [Average]
  (min, avg, max) = (3909499.527, 3909504.457, 3909532.074), stdev = 9.581
  CI (99.9%): [3909494.214, 3909514.699] (assumes normal distribution)

Secondary result "research.skew.AggregationBenchmark.parallelMerge:gc.count":
  458.000 ±(99.9%) 0.001 counts [Sum]
  (min, avg, max) = (29.000, 30.533, 32.000), stdev = 0.990
  CI (99.9%): [458.000, 458.000] (assumes normal distribution)

Secondary result "research.skew.AggregationBenchmark.parallelMerge:gc.time":
  208.000 ±(99.9%) 0.001 ms [Sum]
  (min, avg, max) = (13.000, 13.867, 15.000), stdev = 0.516
  CI (99.9%): [208.000, 208.000] (assumes normal distribution)


# JMH version: 1.37
# VM version: JDK 25.0.4.1, OpenJDK 64-Bit Server VM, 25.0.4.1+1-LTS
# VM invoker: /Users/jaehyeon/Library/Java/JavaVirtualMachines/temurin-25.0.4.1/Contents/Home/bin/java
# VM options: -Xms512m -Xmx512m -Djava.util.concurrent.ForkJoinPool.common.parallelism=3
# Blackhole mode: compiler (auto-detected, use -Djmh.blackhole.autoDetect=false to disable)
# Warmup: 5 iterations, 1 s each
# Measurement: 5 iterations, 1 s each
# Timeout: 10 min per iteration
# Threads: 1 thread, will synchronize iterations
# Benchmark mode: Average time, time/op
# Benchmark: research.skew.AggregationBenchmark.parallelMerge
# Parameters: (cardinality = 2048, distribution = hot50, seed = 20260929, size = 100000)

# Run progress: 61.11% complete, ETA 00:07:11
# Fork: 1 of 3
WARNING: A terminally deprecated method in sun.misc.Unsafe has been called
WARNING: sun.misc.Unsafe::objectFieldOffset has been called by org.openjdk.jmh.util.Utils (file:/Users/jaehyeon/Documents/Obsidian%20Vault/2026/04.%ed%98%b8%ec%84%9c%eb%8c%80%ed%95%99%ea%b5%90/11.%ec%b0%a8%ec%84%b8%eb%8c%80%ec%bb%b4%ed%93%a8%ed%8c%85%ed%95%99%ed%9a%8c%eb%85%bc%eb%ac%b8/JavaStream_%ed%82%a4%ed%8e%b8%ed%96%a5/.deps/jmh-core-1.37.jar)
WARNING: Please consider reporting this to the maintainers of class org.openjdk.jmh.util.Utils
WARNING: sun.misc.Unsafe::objectFieldOffset will be removed in a future release
# Warmup Iteration   1: Input: n=100000, keys=2048, observedHotFraction=0.500000, poolParallelism=3, availableProcessors=10
0.446 ms/op
# Warmup Iteration   2: 0.415 ms/op
# Warmup Iteration   3: 0.411 ms/op
# Warmup Iteration   4: 0.398 ms/op
# Warmup Iteration   5: 0.395 ms/op
Iteration   1: 0.396 ms/op
                 gc.alloc.rate:      8876.656 MB/sec
                 gc.alloc.rate.norm: 3683244.275 B/op
                 gc.count:           30.000 counts
                 gc.time:            13.000 ms

Iteration   2: 0.397 ms/op
                 gc.alloc.rate:      8838.154 MB/sec
                 gc.alloc.rate.norm: 3683243.874 B/op
                 gc.count:           29.000 counts
                 gc.time:            13.000 ms

Iteration   3: 0.396 ms/op
                 gc.alloc.rate:      8866.063 MB/sec
                 gc.alloc.rate.norm: 3683244.452 B/op
                 gc.count:           29.000 counts
                 gc.time:            13.000 ms

Iteration   4: 0.396 ms/op
                 gc.alloc.rate:      8873.556 MB/sec
                 gc.alloc.rate.norm: 3683244.210 B/op
                 gc.count:           30.000 counts
                 gc.time:            13.000 ms

Iteration   5: 0.400 ms/op
                 gc.alloc.rate:      8773.052 MB/sec
                 gc.alloc.rate.norm: 3683244.506 B/op
                 gc.count:           29.000 counts
                 gc.time:            13.000 ms


# Run progress: 62.04% complete, ETA 00:07:01
# Fork: 2 of 3
WARNING: A terminally deprecated method in sun.misc.Unsafe has been called
WARNING: sun.misc.Unsafe::objectFieldOffset has been called by org.openjdk.jmh.util.Utils (file:/Users/jaehyeon/Documents/Obsidian%20Vault/2026/04.%ed%98%b8%ec%84%9c%eb%8c%80%ed%95%99%ea%b5%90/11.%ec%b0%a8%ec%84%b8%eb%8c%80%ec%bb%b4%ed%93%a8%ed%8c%85%ed%95%99%ed%9a%8c%eb%85%bc%eb%ac%b8/JavaStream_%ed%82%a4%ed%8e%b8%ed%96%a5/.deps/jmh-core-1.37.jar)
WARNING: Please consider reporting this to the maintainers of class org.openjdk.jmh.util.Utils
WARNING: sun.misc.Unsafe::objectFieldOffset will be removed in a future release
# Warmup Iteration   1: Input: n=100000, keys=2048, observedHotFraction=0.500000, poolParallelism=3, availableProcessors=10
0.454 ms/op
# Warmup Iteration   2: 0.425 ms/op
# Warmup Iteration   3: 0.427 ms/op
# Warmup Iteration   4: 0.418 ms/op
# Warmup Iteration   5: 0.418 ms/op
Iteration   1: 0.407 ms/op
                 gc.alloc.rate:      8619.160 MB/sec
                 gc.alloc.rate.norm: 3683246.318 B/op
                 gc.count:           29.000 counts
                 gc.time:            13.000 ms

Iteration   2: 0.402 ms/op
                 gc.alloc.rate:      8732.243 MB/sec
                 gc.alloc.rate.norm: 3683244.998 B/op
                 gc.count:           29.000 counts
                 gc.time:            13.000 ms

Iteration   3: 0.404 ms/op
                 gc.alloc.rate:      8695.732 MB/sec
                 gc.alloc.rate.norm: 3683245.092 B/op
                 gc.count:           28.000 counts
                 gc.time:            12.000 ms

Iteration   4: 0.405 ms/op
                 gc.alloc.rate:      8680.614 MB/sec
                 gc.alloc.rate.norm: 3683245.020 B/op
                 gc.count:           29.000 counts
                 gc.time:            13.000 ms

Iteration   5: 0.402 ms/op
                 gc.alloc.rate:      8737.838 MB/sec
                 gc.alloc.rate.norm: 3683245.011 B/op
                 gc.count:           29.000 counts
                 gc.time:            13.000 ms


# Run progress: 62.96% complete, ETA 00:06:50
# Fork: 3 of 3
WARNING: A terminally deprecated method in sun.misc.Unsafe has been called
WARNING: sun.misc.Unsafe::objectFieldOffset has been called by org.openjdk.jmh.util.Utils (file:/Users/jaehyeon/Documents/Obsidian%20Vault/2026/04.%ed%98%b8%ec%84%9c%eb%8c%80%ed%95%99%ea%b5%90/11.%ec%b0%a8%ec%84%b8%eb%8c%80%ec%bb%b4%ed%93%a8%ed%8c%85%ed%95%99%ed%9a%8c%eb%85%bc%eb%ac%b8/JavaStream_%ed%82%a4%ed%8e%b8%ed%96%a5/.deps/jmh-core-1.37.jar)
WARNING: Please consider reporting this to the maintainers of class org.openjdk.jmh.util.Utils
WARNING: sun.misc.Unsafe::objectFieldOffset will be removed in a future release
# Warmup Iteration   1: Input: n=100000, keys=2048, observedHotFraction=0.500000, poolParallelism=3, availableProcessors=10
0.435 ms/op
# Warmup Iteration   2: 0.399 ms/op
# Warmup Iteration   3: 0.396 ms/op
# Warmup Iteration   4: 0.395 ms/op
# Warmup Iteration   5: 0.405 ms/op
Iteration   1: 0.395 ms/op
                 gc.alloc.rate:      8884.577 MB/sec
                 gc.alloc.rate.norm: 3683244.241 B/op
                 gc.count:           30.000 counts
                 gc.time:            14.000 ms

Iteration   2: 0.396 ms/op
                 gc.alloc.rate:      8873.064 MB/sec
                 gc.alloc.rate.norm: 3683244.803 B/op
                 gc.count:           29.000 counts
                 gc.time:            13.000 ms

Iteration   3: 0.397 ms/op
                 gc.alloc.rate:      8845.533 MB/sec
                 gc.alloc.rate.norm: 3683244.019 B/op
                 gc.count:           29.000 counts
                 gc.time:            12.000 ms

Iteration   4: 0.395 ms/op
                 gc.alloc.rate:      8893.761 MB/sec
                 gc.alloc.rate.norm: 3683244.697 B/op
                 gc.count:           30.000 counts
                 gc.time:            13.000 ms

Iteration   5: 0.396 ms/op
                 gc.alloc.rate:      8871.586 MB/sec
                 gc.alloc.rate.norm: 3683244.906 B/op
                 gc.count:           29.000 counts
                 gc.time:            13.000 ms



Result "research.skew.AggregationBenchmark.parallelMerge":
  0.399 ±(99.9%) 0.004 ms/op [Average]
  (min, avg, max) = (0.395, 0.399, 0.407), stdev = 0.004
  CI (99.9%): [0.395, 0.403] (assumes normal distribution)

Secondary result "research.skew.AggregationBenchmark.parallelMerge:gc.alloc.rate":
  8804.106 ±(99.9%) 95.766 MB/sec [Average]
  (min, avg, max) = (8619.160, 8804.106, 8893.761), stdev = 89.580
  CI (99.9%): [8708.340, 8899.872] (assumes normal distribution)

Secondary result "research.skew.AggregationBenchmark.parallelMerge:gc.alloc.rate.norm":
  3683244.695 ±(99.9%) 0.638 B/op [Average]
  (min, avg, max) = (3683243.874, 3683244.695, 3683246.318), stdev = 0.597
  CI (99.9%): [3683244.057, 3683245.333] (assumes normal distribution)

Secondary result "research.skew.AggregationBenchmark.parallelMerge:gc.count":
  438.000 ±(99.9%) 0.001 counts [Sum]
  (min, avg, max) = (28.000, 29.200, 30.000), stdev = 0.561
  CI (99.9%): [438.000, 438.000] (assumes normal distribution)

Secondary result "research.skew.AggregationBenchmark.parallelMerge:gc.time":
  194.000 ±(99.9%) 0.001 ms [Sum]
  (min, avg, max) = (12.000, 12.933, 14.000), stdev = 0.458
  CI (99.9%): [194.000, 194.000] (assumes normal distribution)


# JMH version: 1.37
# VM version: JDK 25.0.4.1, OpenJDK 64-Bit Server VM, 25.0.4.1+1-LTS
# VM invoker: /Users/jaehyeon/Library/Java/JavaVirtualMachines/temurin-25.0.4.1/Contents/Home/bin/java
# VM options: -Xms512m -Xmx512m -Djava.util.concurrent.ForkJoinPool.common.parallelism=3
# Blackhole mode: compiler (auto-detected, use -Djmh.blackhole.autoDetect=false to disable)
# Warmup: 5 iterations, 1 s each
# Measurement: 5 iterations, 1 s each
# Timeout: 10 min per iteration
# Threads: 1 thread, will synchronize iterations
# Benchmark mode: Average time, time/op
# Benchmark: research.skew.AggregationBenchmark.parallelMerge
# Parameters: (cardinality = 2048, distribution = hot90, seed = 20260929, size = 100000)

# Run progress: 63.89% complete, ETA 00:06:40
# Fork: 1 of 3
WARNING: A terminally deprecated method in sun.misc.Unsafe has been called
WARNING: sun.misc.Unsafe::objectFieldOffset has been called by org.openjdk.jmh.util.Utils (file:/Users/jaehyeon/Documents/Obsidian%20Vault/2026/04.%ed%98%b8%ec%84%9c%eb%8c%80%ed%95%99%ea%b5%90/11.%ec%b0%a8%ec%84%b8%eb%8c%80%ec%bb%b4%ed%93%a8%ed%8c%85%ed%95%99%ed%9a%8c%eb%85%bc%eb%ac%b8/JavaStream_%ed%82%a4%ed%8e%b8%ed%96%a5/.deps/jmh-core-1.37.jar)
WARNING: Please consider reporting this to the maintainers of class org.openjdk.jmh.util.Utils
WARNING: sun.misc.Unsafe::objectFieldOffset will be removed in a future release
# Warmup Iteration   1: Input: n=100000, keys=2048, observedHotFraction=0.900000, poolParallelism=3, availableProcessors=10
0.332 ms/op
# Warmup Iteration   2: 0.307 ms/op
# Warmup Iteration   3: 0.307 ms/op
# Warmup Iteration   4: 0.305 ms/op
# Warmup Iteration   5: 0.307 ms/op
Iteration   1: 0.310 ms/op
                 gc.alloc.rate:      7925.578 MB/sec
                 gc.alloc.rate.norm: 2577110.549 B/op
                 gc.count:           26.000 counts
                 gc.time:            10.000 ms

Iteration   2: 0.310 ms/op
                 gc.alloc.rate:      7915.654 MB/sec
                 gc.alloc.rate.norm: 2577110.650 B/op
                 gc.count:           26.000 counts
                 gc.time:            9.000 ms

Iteration   3: 0.307 ms/op
                 gc.alloc.rate:      8008.694 MB/sec
                 gc.alloc.rate.norm: 2577110.374 B/op
                 gc.count:           27.000 counts
                 gc.time:            11.000 ms

Iteration   4: 0.306 ms/op
                 gc.alloc.rate:      8038.604 MB/sec
                 gc.alloc.rate.norm: 2577110.505 B/op
                 gc.count:           27.000 counts
                 gc.time:            11.000 ms

Iteration   5: 0.305 ms/op
                 gc.alloc.rate:      8044.443 MB/sec
                 gc.alloc.rate.norm: 2577110.705 B/op
                 gc.count:           26.000 counts
                 gc.time:            10.000 ms


# Run progress: 64.81% complete, ETA 00:06:30
# Fork: 2 of 3
WARNING: A terminally deprecated method in sun.misc.Unsafe has been called
WARNING: sun.misc.Unsafe::objectFieldOffset has been called by org.openjdk.jmh.util.Utils (file:/Users/jaehyeon/Documents/Obsidian%20Vault/2026/04.%ed%98%b8%ec%84%9c%eb%8c%80%ed%95%99%ea%b5%90/11.%ec%b0%a8%ec%84%b8%eb%8c%80%ec%bb%b4%ed%93%a8%ed%8c%85%ed%95%99%ed%9a%8c%eb%85%bc%eb%ac%b8/JavaStream_%ed%82%a4%ed%8e%b8%ed%96%a5/.deps/jmh-core-1.37.jar)
WARNING: Please consider reporting this to the maintainers of class org.openjdk.jmh.util.Utils
WARNING: sun.misc.Unsafe::objectFieldOffset will be removed in a future release
# Warmup Iteration   1: Input: n=100000, keys=2048, observedHotFraction=0.900000, poolParallelism=3, availableProcessors=10
0.344 ms/op
# Warmup Iteration   2: 0.311 ms/op
# Warmup Iteration   3: 0.305 ms/op
# Warmup Iteration   4: 0.304 ms/op
# Warmup Iteration   5: 0.304 ms/op
Iteration   1: 0.304 ms/op
                 gc.alloc.rate:      8090.828 MB/sec
                 gc.alloc.rate.norm: 2577110.398 B/op
                 gc.count:           27.000 counts
                 gc.time:            11.000 ms

Iteration   2: 0.305 ms/op
                 gc.alloc.rate:      8056.731 MB/sec
                 gc.alloc.rate.norm: 2577110.319 B/op
                 gc.count:           26.000 counts
                 gc.time:            11.000 ms

Iteration   3: 0.305 ms/op
                 gc.alloc.rate:      8063.544 MB/sec
                 gc.alloc.rate.norm: 2577110.545 B/op
                 gc.count:           27.000 counts
                 gc.time:            11.000 ms

Iteration   4: 0.304 ms/op
                 gc.alloc.rate:      8071.529 MB/sec
                 gc.alloc.rate.norm: 2577110.264 B/op
                 gc.count:           27.000 counts
                 gc.time:            11.000 ms

Iteration   5: 0.305 ms/op
                 gc.alloc.rate:      8067.009 MB/sec
                 gc.alloc.rate.norm: 2577110.298 B/op
                 gc.count:           26.000 counts
                 gc.time:            11.000 ms


# Run progress: 65.74% complete, ETA 00:06:19
# Fork: 3 of 3
WARNING: A terminally deprecated method in sun.misc.Unsafe has been called
WARNING: sun.misc.Unsafe::objectFieldOffset has been called by org.openjdk.jmh.util.Utils (file:/Users/jaehyeon/Documents/Obsidian%20Vault/2026/04.%ed%98%b8%ec%84%9c%eb%8c%80%ed%95%99%ea%b5%90/11.%ec%b0%a8%ec%84%b8%eb%8c%80%ec%bb%b4%ed%93%a8%ed%8c%85%ed%95%99%ed%9a%8c%eb%85%bc%eb%ac%b8/JavaStream_%ed%82%a4%ed%8e%b8%ed%96%a5/.deps/jmh-core-1.37.jar)
WARNING: Please consider reporting this to the maintainers of class org.openjdk.jmh.util.Utils
WARNING: sun.misc.Unsafe::objectFieldOffset will be removed in a future release
# Warmup Iteration   1: Input: n=100000, keys=2048, observedHotFraction=0.900000, poolParallelism=3, availableProcessors=10
0.335 ms/op
# Warmup Iteration   2: 0.308 ms/op
# Warmup Iteration   3: 0.306 ms/op
# Warmup Iteration   4: 0.316 ms/op
# Warmup Iteration   5: 0.311 ms/op
Iteration   1: 0.305 ms/op
                 gc.alloc.rate:      8044.929 MB/sec
                 gc.alloc.rate.norm: 2577110.549 B/op
                 gc.count:           27.000 counts
                 gc.time:            11.000 ms

Iteration   2: 0.307 ms/op
                 gc.alloc.rate:      8013.786 MB/sec
                 gc.alloc.rate.norm: 2577110.689 B/op
                 gc.count:           26.000 counts
                 gc.time:            11.000 ms

Iteration   3: 0.306 ms/op
                 gc.alloc.rate:      8041.028 MB/sec
                 gc.alloc.rate.norm: 2577110.598 B/op
                 gc.count:           27.000 counts
                 gc.time:            11.000 ms

Iteration   4: 0.306 ms/op
                 gc.alloc.rate:      8034.757 MB/sec
                 gc.alloc.rate.norm: 2577110.380 B/op
                 gc.count:           27.000 counts
                 gc.time:            11.000 ms

Iteration   5: 0.308 ms/op
                 gc.alloc.rate:      7984.907 MB/sec
                 gc.alloc.rate.norm: 2577110.485 B/op
                 gc.count:           26.000 counts
                 gc.time:            11.000 ms



Result "research.skew.AggregationBenchmark.parallelMerge":
  0.306 ±(99.9%) 0.002 ms/op [Average]
  (min, avg, max) = (0.304, 0.306, 0.310), stdev = 0.002
  CI (99.9%): [0.304, 0.308] (assumes normal distribution)

Secondary result "research.skew.AggregationBenchmark.parallelMerge:gc.alloc.rate":
  8026.802 ±(99.9%) 54.106 MB/sec [Average]
  (min, avg, max) = (7915.654, 8026.802, 8090.828), stdev = 50.610
  CI (99.9%): [7972.696, 8080.907] (assumes normal distribution)

Secondary result "research.skew.AggregationBenchmark.parallelMerge:gc.alloc.rate.norm":
  2577110.487 ±(99.9%) 0.152 B/op [Average]
  (min, avg, max) = (2577110.264, 2577110.487, 2577110.705), stdev = 0.143
  CI (99.9%): [2577110.335, 2577110.639] (assumes normal distribution)

Secondary result "research.skew.AggregationBenchmark.parallelMerge:gc.count":
  398.000 ±(99.9%) 0.001 counts [Sum]
  (min, avg, max) = (26.000, 26.533, 27.000), stdev = 0.516
  CI (99.9%): [398.000, 398.000] (assumes normal distribution)

Secondary result "research.skew.AggregationBenchmark.parallelMerge:gc.time":
  161.000 ±(99.9%) 0.001 ms [Sum]
  (min, avg, max) = (9.000, 10.733, 11.000), stdev = 0.594
  CI (99.9%): [161.000, 161.000] (assumes normal distribution)


# JMH version: 1.37
# VM version: JDK 25.0.4.1, OpenJDK 64-Bit Server VM, 25.0.4.1+1-LTS
# VM invoker: /Users/jaehyeon/Library/Java/JavaVirtualMachines/temurin-25.0.4.1/Contents/Home/bin/java
# VM options: -Xms512m -Xmx512m -Djava.util.concurrent.ForkJoinPool.common.parallelism=3
# Blackhole mode: compiler (auto-detected, use -Djmh.blackhole.autoDetect=false to disable)
# Warmup: 5 iterations, 1 s each
# Measurement: 5 iterations, 1 s each
# Timeout: 10 min per iteration
# Threads: 1 thread, will synchronize iterations
# Benchmark mode: Average time, time/op
# Benchmark: research.skew.AggregationBenchmark.parallelMerge
# Parameters: (cardinality = 4096, distribution = uniform, seed = 20260929, size = 100000)

# Run progress: 66.67% complete, ETA 00:06:09
# Fork: 1 of 3
WARNING: A terminally deprecated method in sun.misc.Unsafe has been called
WARNING: sun.misc.Unsafe::objectFieldOffset has been called by org.openjdk.jmh.util.Utils (file:/Users/jaehyeon/Documents/Obsidian%20Vault/2026/04.%ed%98%b8%ec%84%9c%eb%8c%80%ed%95%99%ea%b5%90/11.%ec%b0%a8%ec%84%b8%eb%8c%80%ec%bb%b4%ed%93%a8%ed%8c%85%ed%95%99%ed%9a%8c%eb%85%bc%eb%ac%b8/JavaStream_%ed%82%a4%ed%8e%b8%ed%96%a5/.deps/jmh-core-1.37.jar)
WARNING: Please consider reporting this to the maintainers of class org.openjdk.jmh.util.Utils
WARNING: sun.misc.Unsafe::objectFieldOffset will be removed in a future release
# Warmup Iteration   1: Input: n=100000, keys=4096, observedHotFraction=0.000250, poolParallelism=3, availableProcessors=10
0.746 ms/op
# Warmup Iteration   2: 0.716 ms/op
# Warmup Iteration   3: 0.716 ms/op
# Warmup Iteration   4: 0.719 ms/op
# Warmup Iteration   5: 0.714 ms/op
Iteration   1: 0.714 ms/op
                 gc.alloc.rate:      7694.836 MB/sec
                 gc.alloc.rate.norm: 5757863.813 B/op
                 gc.count:           25.000 counts
                 gc.time:            13.000 ms

Iteration   2: 0.713 ms/op
                 gc.alloc.rate:      7697.808 MB/sec
                 gc.alloc.rate.norm: 5757863.424 B/op
                 gc.count:           26.000 counts
                 gc.time:            13.000 ms

Iteration   3: 0.715 ms/op
                 gc.alloc.rate:      7676.085 MB/sec
                 gc.alloc.rate.norm: 5757864.238 B/op
                 gc.count:           25.000 counts
                 gc.time:            13.000 ms

Iteration   4: 0.720 ms/op
                 gc.alloc.rate:      7626.023 MB/sec
                 gc.alloc.rate.norm: 5757864.395 B/op
                 gc.count:           26.000 counts
                 gc.time:            13.000 ms

Iteration   5: 0.712 ms/op
                 gc.alloc.rate:      7712.200 MB/sec
                 gc.alloc.rate.norm: 5757864.169 B/op
                 gc.count:           25.000 counts
                 gc.time:            13.000 ms


# Run progress: 67.59% complete, ETA 00:05:59
# Fork: 2 of 3
WARNING: A terminally deprecated method in sun.misc.Unsafe has been called
WARNING: sun.misc.Unsafe::objectFieldOffset has been called by org.openjdk.jmh.util.Utils (file:/Users/jaehyeon/Documents/Obsidian%20Vault/2026/04.%ed%98%b8%ec%84%9c%eb%8c%80%ed%95%99%ea%b5%90/11.%ec%b0%a8%ec%84%b8%eb%8c%80%ec%bb%b4%ed%93%a8%ed%8c%85%ed%95%99%ed%9a%8c%eb%85%bc%eb%ac%b8/JavaStream_%ed%82%a4%ed%8e%b8%ed%96%a5/.deps/jmh-core-1.37.jar)
WARNING: Please consider reporting this to the maintainers of class org.openjdk.jmh.util.Utils
WARNING: sun.misc.Unsafe::objectFieldOffset will be removed in a future release
# Warmup Iteration   1: Input: n=100000, keys=4096, observedHotFraction=0.000250, poolParallelism=3, availableProcessors=10
0.736 ms/op
# Warmup Iteration   2: 0.679 ms/op
# Warmup Iteration   3: 0.679 ms/op
# Warmup Iteration   4: 0.682 ms/op
# Warmup Iteration   5: 0.675 ms/op
Iteration   1: 0.678 ms/op
                 gc.alloc.rate:      8097.362 MB/sec
                 gc.alloc.rate.norm: 5757861.922 B/op
                 gc.count:           27.000 counts
                 gc.time:            14.000 ms

Iteration   2: 0.684 ms/op
                 gc.alloc.rate:      8026.191 MB/sec
                 gc.alloc.rate.norm: 5757861.758 B/op
                 gc.count:           27.000 counts
                 gc.time:            14.000 ms

Iteration   3: 0.675 ms/op
                 gc.alloc.rate:      8131.217 MB/sec
                 gc.alloc.rate.norm: 5757861.898 B/op
                 gc.count:           27.000 counts
                 gc.time:            14.000 ms

Iteration   4: 0.675 ms/op
                 gc.alloc.rate:      8138.932 MB/sec
                 gc.alloc.rate.norm: 5757862.478 B/op
                 gc.count:           27.000 counts
                 gc.time:            14.000 ms

Iteration   5: 0.675 ms/op
                 gc.alloc.rate:      8138.614 MB/sec
                 gc.alloc.rate.norm: 5757862.366 B/op
                 gc.count:           27.000 counts
                 gc.time:            14.000 ms


# Run progress: 68.52% complete, ETA 00:05:49
# Fork: 3 of 3
WARNING: A terminally deprecated method in sun.misc.Unsafe has been called
WARNING: sun.misc.Unsafe::objectFieldOffset has been called by org.openjdk.jmh.util.Utils (file:/Users/jaehyeon/Documents/Obsidian%20Vault/2026/04.%ed%98%b8%ec%84%9c%eb%8c%80%ed%95%99%ea%b5%90/11.%ec%b0%a8%ec%84%b8%eb%8c%80%ec%bb%b4%ed%93%a8%ed%8c%85%ed%95%99%ed%9a%8c%eb%85%bc%eb%ac%b8/JavaStream_%ed%82%a4%ed%8e%b8%ed%96%a5/.deps/jmh-core-1.37.jar)
WARNING: Please consider reporting this to the maintainers of class org.openjdk.jmh.util.Utils
WARNING: sun.misc.Unsafe::objectFieldOffset will be removed in a future release
# Warmup Iteration   1: Input: n=100000, keys=4096, observedHotFraction=0.000250, poolParallelism=3, availableProcessors=10
0.726 ms/op
# Warmup Iteration   2: 0.674 ms/op
# Warmup Iteration   3: 0.675 ms/op
# Warmup Iteration   4: 0.675 ms/op
# Warmup Iteration   5: 0.668 ms/op
Iteration   1: 0.669 ms/op
                 gc.alloc.rate:      8211.311 MB/sec
                 gc.alloc.rate.norm: 5757861.856 B/op
                 gc.count:           27.000 counts
                 gc.time:            14.000 ms

Iteration   2: 0.675 ms/op
                 gc.alloc.rate:      8136.627 MB/sec
                 gc.alloc.rate.norm: 5757861.547 B/op
                 gc.count:           27.000 counts
                 gc.time:            14.000 ms

Iteration   3: 0.669 ms/op
                 gc.alloc.rate:      8204.661 MB/sec
                 gc.alloc.rate.norm: 5757862.029 B/op
                 gc.count:           27.000 counts
                 gc.time:            13.000 ms

Iteration   4: 0.672 ms/op
                 gc.alloc.rate:      8172.329 MB/sec
                 gc.alloc.rate.norm: 5757861.846 B/op
                 gc.count:           27.000 counts
                 gc.time:            14.000 ms

Iteration   5: 0.668 ms/op
                 gc.alloc.rate:      8213.391 MB/sec
                 gc.alloc.rate.norm: 5757861.935 B/op
                 gc.count:           28.000 counts
                 gc.time:            15.000 ms



Result "research.skew.AggregationBenchmark.parallelMerge":
  0.688 ±(99.9%) 0.022 ms/op [Average]
  (min, avg, max) = (0.668, 0.688, 0.720), stdev = 0.020
  CI (99.9%): [0.666, 0.709] (assumes normal distribution)

Secondary result "research.skew.AggregationBenchmark.parallelMerge:gc.alloc.rate":
  7991.839 ±(99.9%) 248.656 MB/sec [Average]
  (min, avg, max) = (7626.023, 7991.839, 8213.391), stdev = 232.593
  CI (99.9%): [7743.183, 8240.495] (assumes normal distribution)

Secondary result "research.skew.AggregationBenchmark.parallelMerge:gc.alloc.rate.norm":
  5757862.645 ±(99.9%) 1.115 B/op [Average]
  (min, avg, max) = (5757861.547, 5757862.645, 5757864.395), stdev = 1.043
  CI (99.9%): [5757861.530, 5757863.760] (assumes normal distribution)

Secondary result "research.skew.AggregationBenchmark.parallelMerge:gc.count":
  398.000 ±(99.9%) 0.001 counts [Sum]
  (min, avg, max) = (25.000, 26.533, 28.000), stdev = 0.915
  CI (99.9%): [398.000, 398.000] (assumes normal distribution)

Secondary result "research.skew.AggregationBenchmark.parallelMerge:gc.time":
  205.000 ±(99.9%) 0.001 ms [Sum]
  (min, avg, max) = (13.000, 13.667, 15.000), stdev = 0.617
  CI (99.9%): [205.000, 205.000] (assumes normal distribution)


# JMH version: 1.37
# VM version: JDK 25.0.4.1, OpenJDK 64-Bit Server VM, 25.0.4.1+1-LTS
# VM invoker: /Users/jaehyeon/Library/Java/JavaVirtualMachines/temurin-25.0.4.1/Contents/Home/bin/java
# VM options: -Xms512m -Xmx512m -Djava.util.concurrent.ForkJoinPool.common.parallelism=3
# Blackhole mode: compiler (auto-detected, use -Djmh.blackhole.autoDetect=false to disable)
# Warmup: 5 iterations, 1 s each
# Measurement: 5 iterations, 1 s each
# Timeout: 10 min per iteration
# Threads: 1 thread, will synchronize iterations
# Benchmark mode: Average time, time/op
# Benchmark: research.skew.AggregationBenchmark.parallelMerge
# Parameters: (cardinality = 4096, distribution = hot50, seed = 20260929, size = 100000)

# Run progress: 69.44% complete, ETA 00:05:38
# Fork: 1 of 3
WARNING: A terminally deprecated method in sun.misc.Unsafe has been called
WARNING: sun.misc.Unsafe::objectFieldOffset has been called by org.openjdk.jmh.util.Utils (file:/Users/jaehyeon/Documents/Obsidian%20Vault/2026/04.%ed%98%b8%ec%84%9c%eb%8c%80%ed%95%99%ea%b5%90/11.%ec%b0%a8%ec%84%b8%eb%8c%80%ec%bb%b4%ed%93%a8%ed%8c%85%ed%95%99%ed%9a%8c%eb%85%bc%eb%ac%b8/JavaStream_%ed%82%a4%ed%8e%b8%ed%96%a5/.deps/jmh-core-1.37.jar)
WARNING: Please consider reporting this to the maintainers of class org.openjdk.jmh.util.Utils
WARNING: sun.misc.Unsafe::objectFieldOffset will be removed in a future release
# Warmup Iteration   1: Input: n=100000, keys=4096, observedHotFraction=0.500000, poolParallelism=3, availableProcessors=10
0.690 ms/op
# Warmup Iteration   2: 0.631 ms/op
# Warmup Iteration   3: 0.631 ms/op
# Warmup Iteration   4: 0.637 ms/op
# Warmup Iteration   5: 0.641 ms/op
Iteration   1: 0.656 ms/op
                 gc.alloc.rate:      6922.212 MB/sec
                 gc.alloc.rate.norm: 4760646.863 B/op
                 gc.count:           23.000 counts
                 gc.time:            10.000 ms

Iteration   2: 0.655 ms/op
                 gc.alloc.rate:      6929.119 MB/sec
                 gc.alloc.rate.norm: 4760646.693 B/op
                 gc.count:           23.000 counts
                 gc.time:            11.000 ms

Iteration   3: 0.660 ms/op
                 gc.alloc.rate:      6879.439 MB/sec
                 gc.alloc.rate.norm: 4760646.542 B/op
                 gc.count:           23.000 counts
                 gc.time:            11.000 ms

Iteration   4: 0.653 ms/op
                 gc.alloc.rate:      6953.527 MB/sec
                 gc.alloc.rate.norm: 4760646.682 B/op
                 gc.count:           23.000 counts
                 gc.time:            10.000 ms

Iteration   5: 0.650 ms/op
                 gc.alloc.rate:      6984.813 MB/sec
                 gc.alloc.rate.norm: 4760646.518 B/op
                 gc.count:           24.000 counts
                 gc.time:            11.000 ms


# Run progress: 70.37% complete, ETA 00:05:28
# Fork: 2 of 3
WARNING: A terminally deprecated method in sun.misc.Unsafe has been called
WARNING: sun.misc.Unsafe::objectFieldOffset has been called by org.openjdk.jmh.util.Utils (file:/Users/jaehyeon/Documents/Obsidian%20Vault/2026/04.%ed%98%b8%ec%84%9c%eb%8c%80%ed%95%99%ea%b5%90/11.%ec%b0%a8%ec%84%b8%eb%8c%80%ec%bb%b4%ed%93%a8%ed%8c%85%ed%95%99%ed%9a%8c%eb%85%bc%eb%ac%b8/JavaStream_%ed%82%a4%ed%8e%b8%ed%96%a5/.deps/jmh-core-1.37.jar)
WARNING: Please consider reporting this to the maintainers of class org.openjdk.jmh.util.Utils
WARNING: sun.misc.Unsafe::objectFieldOffset will be removed in a future release
# Warmup Iteration   1: Input: n=100000, keys=4096, observedHotFraction=0.500000, poolParallelism=3, availableProcessors=10
0.689 ms/op
# Warmup Iteration   2: 0.628 ms/op
# Warmup Iteration   3: 0.628 ms/op
# Warmup Iteration   4: 0.630 ms/op
# Warmup Iteration   5: 0.628 ms/op
Iteration   1: 0.629 ms/op
                 gc.alloc.rate:      7222.224 MB/sec
                 gc.alloc.rate.norm: 4760646.880 B/op
                 gc.count:           24.000 counts
                 gc.time:            11.000 ms

Iteration   2: 0.628 ms/op
                 gc.alloc.rate:      7228.047 MB/sec
                 gc.alloc.rate.norm: 4760647.001 B/op
                 gc.count:           24.000 counts
                 gc.time:            11.000 ms

Iteration   3: 0.625 ms/op
                 gc.alloc.rate:      7260.643 MB/sec
                 gc.alloc.rate.norm: 4760647.302 B/op
                 gc.count:           24.000 counts
                 gc.time:            11.000 ms

Iteration   4: 0.626 ms/op
                 gc.alloc.rate:      7246.898 MB/sec
                 gc.alloc.rate.norm: 4760647.211 B/op
                 gc.count:           24.000 counts
                 gc.time:            11.000 ms

Iteration   5: 0.624 ms/op
                 gc.alloc.rate:      7272.676 MB/sec
                 gc.alloc.rate.norm: 4760646.958 B/op
                 gc.count:           24.000 counts
                 gc.time:            12.000 ms


# Run progress: 71.30% complete, ETA 00:05:18
# Fork: 3 of 3
WARNING: A terminally deprecated method in sun.misc.Unsafe has been called
WARNING: sun.misc.Unsafe::objectFieldOffset has been called by org.openjdk.jmh.util.Utils (file:/Users/jaehyeon/Documents/Obsidian%20Vault/2026/04.%ed%98%b8%ec%84%9c%eb%8c%80%ed%95%99%ea%b5%90/11.%ec%b0%a8%ec%84%b8%eb%8c%80%ec%bb%b4%ed%93%a8%ed%8c%85%ed%95%99%ed%9a%8c%eb%85%bc%eb%ac%b8/JavaStream_%ed%82%a4%ed%8e%b8%ed%96%a5/.deps/jmh-core-1.37.jar)
WARNING: Please consider reporting this to the maintainers of class org.openjdk.jmh.util.Utils
WARNING: sun.misc.Unsafe::objectFieldOffset will be removed in a future release
# Warmup Iteration   1: Input: n=100000, keys=4096, observedHotFraction=0.500000, poolParallelism=3, availableProcessors=10
0.690 ms/op
# Warmup Iteration   2: 0.635 ms/op
# Warmup Iteration   3: 0.626 ms/op
# Warmup Iteration   4: 0.629 ms/op
# Warmup Iteration   5: 0.624 ms/op
Iteration   1: 0.627 ms/op
                 gc.alloc.rate:      7234.849 MB/sec
                 gc.alloc.rate.norm: 4760647.195 B/op
                 gc.count:           24.000 counts
                 gc.time:            12.000 ms

Iteration   2: 0.624 ms/op
                 gc.alloc.rate:      7277.214 MB/sec
                 gc.alloc.rate.norm: 4760647.357 B/op
                 gc.count:           24.000 counts
                 gc.time:            11.000 ms

Iteration   3: 0.629 ms/op
                 gc.alloc.rate:      7213.130 MB/sec
                 gc.alloc.rate.norm: 4760647.313 B/op
                 gc.count:           24.000 counts
                 gc.time:            11.000 ms

Iteration   4: 0.625 ms/op
                 gc.alloc.rate:      7267.192 MB/sec
                 gc.alloc.rate.norm: 4760647.837 B/op
                 gc.count:           24.000 counts
                 gc.time:            11.000 ms

Iteration   5: 0.624 ms/op
                 gc.alloc.rate:      7272.102 MB/sec
                 gc.alloc.rate.norm: 4760647.420 B/op
                 gc.count:           24.000 counts
                 gc.time:            11.000 ms



Result "research.skew.AggregationBenchmark.parallelMerge":
  0.636 ±(99.9%) 0.015 ms/op [Average]
  (min, avg, max) = (0.624, 0.636, 0.660), stdev = 0.014
  CI (99.9%): [0.621, 0.651] (assumes normal distribution)

Secondary result "research.skew.AggregationBenchmark.parallelMerge:gc.alloc.rate":
  7144.272 ±(99.9%) 167.401 MB/sec [Average]
  (min, avg, max) = (6879.439, 7144.272, 7277.214), stdev = 156.587
  CI (99.9%): [6976.871, 7311.674] (assumes normal distribution)

Secondary result "research.skew.AggregationBenchmark.parallelMerge:gc.alloc.rate.norm":
  4760647.051 ±(99.9%) 0.395 B/op [Average]
  (min, avg, max) = (4760646.518, 4760647.051, 4760647.837), stdev = 0.369
  CI (99.9%): [4760646.657, 4760647.446] (assumes normal distribution)

Secondary result "research.skew.AggregationBenchmark.parallelMerge:gc.count":
  356.000 ±(99.9%) 0.001 counts [Sum]
  (min, avg, max) = (23.000, 23.733, 24.000), stdev = 0.458
  CI (99.9%): [356.000, 356.000] (assumes normal distribution)

Secondary result "research.skew.AggregationBenchmark.parallelMerge:gc.time":
  165.000 ±(99.9%) 0.001 ms [Sum]
  (min, avg, max) = (10.000, 11.000, 12.000), stdev = 0.535
  CI (99.9%): [165.000, 165.000] (assumes normal distribution)


# JMH version: 1.37
# VM version: JDK 25.0.4.1, OpenJDK 64-Bit Server VM, 25.0.4.1+1-LTS
# VM invoker: /Users/jaehyeon/Library/Java/JavaVirtualMachines/temurin-25.0.4.1/Contents/Home/bin/java
# VM options: -Xms512m -Xmx512m -Djava.util.concurrent.ForkJoinPool.common.parallelism=3
# Blackhole mode: compiler (auto-detected, use -Djmh.blackhole.autoDetect=false to disable)
# Warmup: 5 iterations, 1 s each
# Measurement: 5 iterations, 1 s each
# Timeout: 10 min per iteration
# Threads: 1 thread, will synchronize iterations
# Benchmark mode: Average time, time/op
# Benchmark: research.skew.AggregationBenchmark.parallelMerge
# Parameters: (cardinality = 4096, distribution = hot90, seed = 20260929, size = 100000)

# Run progress: 72.22% complete, ETA 00:05:08
# Fork: 1 of 3
WARNING: A terminally deprecated method in sun.misc.Unsafe has been called
WARNING: sun.misc.Unsafe::objectFieldOffset has been called by org.openjdk.jmh.util.Utils (file:/Users/jaehyeon/Documents/Obsidian%20Vault/2026/04.%ed%98%b8%ec%84%9c%eb%8c%80%ed%95%99%ea%b5%90/11.%ec%b0%a8%ec%84%b8%eb%8c%80%ec%bb%b4%ed%93%a8%ed%8c%85%ed%95%99%ed%9a%8c%eb%85%bc%eb%ac%b8/JavaStream_%ed%82%a4%ed%8e%b8%ed%96%a5/.deps/jmh-core-1.37.jar)
WARNING: Please consider reporting this to the maintainers of class org.openjdk.jmh.util.Utils
WARNING: sun.misc.Unsafe::objectFieldOffset will be removed in a future release
# Warmup Iteration   1: Input: n=100000, keys=4096, observedHotFraction=0.900000, poolParallelism=3, availableProcessors=10
0.396 ms/op
# Warmup Iteration   2: 0.362 ms/op
# Warmup Iteration   3: 0.362 ms/op
# Warmup Iteration   4: 0.361 ms/op
# Warmup Iteration   5: 0.360 ms/op
Iteration   1: 0.361 ms/op
                 gc.alloc.rate:      7477.577 MB/sec
                 gc.alloc.rate.norm: 2829235.594 B/op
                 gc.count:           25.000 counts
                 gc.time:            10.000 ms

Iteration   2: 0.363 ms/op
                 gc.alloc.rate:      7437.565 MB/sec
                 gc.alloc.rate.norm: 2829235.415 B/op
                 gc.count:           25.000 counts
                 gc.time:            10.000 ms

Iteration   3: 0.360 ms/op
                 gc.alloc.rate:      7493.447 MB/sec
                 gc.alloc.rate.norm: 2829235.236 B/op
                 gc.count:           25.000 counts
                 gc.time:            11.000 ms

Iteration   4: 0.359 ms/op
                 gc.alloc.rate:      7509.462 MB/sec
                 gc.alloc.rate.norm: 2829235.349 B/op
                 gc.count:           24.000 counts
                 gc.time:            10.000 ms

Iteration   5: 0.361 ms/op
                 gc.alloc.rate:      7479.604 MB/sec
                 gc.alloc.rate.norm: 2829235.629 B/op
                 gc.count:           25.000 counts
                 gc.time:            11.000 ms


# Run progress: 73.15% complete, ETA 00:04:57
# Fork: 2 of 3
WARNING: A terminally deprecated method in sun.misc.Unsafe has been called
WARNING: sun.misc.Unsafe::objectFieldOffset has been called by org.openjdk.jmh.util.Utils (file:/Users/jaehyeon/Documents/Obsidian%20Vault/2026/04.%ed%98%b8%ec%84%9c%eb%8c%80%ed%95%99%ea%b5%90/11.%ec%b0%a8%ec%84%b8%eb%8c%80%ec%bb%b4%ed%93%a8%ed%8c%85%ed%95%99%ed%9a%8c%eb%85%bc%eb%ac%b8/JavaStream_%ed%82%a4%ed%8e%b8%ed%96%a5/.deps/jmh-core-1.37.jar)
WARNING: Please consider reporting this to the maintainers of class org.openjdk.jmh.util.Utils
WARNING: sun.misc.Unsafe::objectFieldOffset will be removed in a future release
# Warmup Iteration   1: Input: n=100000, keys=4096, observedHotFraction=0.900000, poolParallelism=3, availableProcessors=10
0.394 ms/op
# Warmup Iteration   2: 0.362 ms/op
# Warmup Iteration   3: 0.361 ms/op
# Warmup Iteration   4: 0.358 ms/op
# Warmup Iteration   5: 0.359 ms/op
Iteration   1: 0.361 ms/op
                 gc.alloc.rate:      7470.488 MB/sec
                 gc.alloc.rate.norm: 2829237.194 B/op
                 gc.count:           25.000 counts
                 gc.time:            11.000 ms

Iteration   2: 0.360 ms/op
                 gc.alloc.rate:      7497.421 MB/sec
                 gc.alloc.rate.norm: 2829237.486 B/op
                 gc.count:           25.000 counts
                 gc.time:            10.000 ms

Iteration   3: 0.359 ms/op
                 gc.alloc.rate:      7524.838 MB/sec
                 gc.alloc.rate.norm: 2829237.445 B/op
                 gc.count:           25.000 counts
                 gc.time:            11.000 ms

Iteration   4: 0.360 ms/op
                 gc.alloc.rate:      7485.367 MB/sec
                 gc.alloc.rate.norm: 2829237.543 B/op
                 gc.count:           25.000 counts
                 gc.time:            10.000 ms

Iteration   5: 0.359 ms/op
                 gc.alloc.rate:      7505.204 MB/sec
                 gc.alloc.rate.norm: 2829237.394 B/op
                 gc.count:           25.000 counts
                 gc.time:            11.000 ms


# Run progress: 74.07% complete, ETA 00:04:47
# Fork: 3 of 3
WARNING: A terminally deprecated method in sun.misc.Unsafe has been called
WARNING: sun.misc.Unsafe::objectFieldOffset has been called by org.openjdk.jmh.util.Utils (file:/Users/jaehyeon/Documents/Obsidian%20Vault/2026/04.%ed%98%b8%ec%84%9c%eb%8c%80%ed%95%99%ea%b5%90/11.%ec%b0%a8%ec%84%b8%eb%8c%80%ec%bb%b4%ed%93%a8%ed%8c%85%ed%95%99%ed%9a%8c%eb%85%bc%eb%ac%b8/JavaStream_%ed%82%a4%ed%8e%b8%ed%96%a5/.deps/jmh-core-1.37.jar)
WARNING: Please consider reporting this to the maintainers of class org.openjdk.jmh.util.Utils
WARNING: sun.misc.Unsafe::objectFieldOffset will be removed in a future release
# Warmup Iteration   1: Input: n=100000, keys=4096, observedHotFraction=0.900000, poolParallelism=3, availableProcessors=10
0.394 ms/op
# Warmup Iteration   2: 0.363 ms/op
# Warmup Iteration   3: 0.360 ms/op
# Warmup Iteration   4: 0.357 ms/op
# Warmup Iteration   5: 0.356 ms/op
Iteration   1: 0.359 ms/op
                 gc.alloc.rate:      7523.503 MB/sec
                 gc.alloc.rate.norm: 2829237.350 B/op
                 gc.count:           25.000 counts
                 gc.time:            11.000 ms

Iteration   2: 0.357 ms/op
                 gc.alloc.rate:      7546.853 MB/sec
                 gc.alloc.rate.norm: 2829237.231 B/op
                 gc.count:           25.000 counts
                 gc.time:            10.000 ms

Iteration   3: 0.360 ms/op
                 gc.alloc.rate:      7486.733 MB/sec
                 gc.alloc.rate.norm: 2829237.448 B/op
                 gc.count:           25.000 counts
                 gc.time:            10.000 ms

Iteration   4: 0.358 ms/op
                 gc.alloc.rate:      7535.757 MB/sec
                 gc.alloc.rate.norm: 2829237.916 B/op
                 gc.count:           25.000 counts
                 gc.time:            11.000 ms

Iteration   5: 0.358 ms/op
                 gc.alloc.rate:      7540.630 MB/sec
                 gc.alloc.rate.norm: 2829237.280 B/op
                 gc.count:           25.000 counts
                 gc.time:            10.000 ms



Result "research.skew.AggregationBenchmark.parallelMerge":
  0.360 ±(99.9%) 0.002 ms/op [Average]
  (min, avg, max) = (0.357, 0.360, 0.363), stdev = 0.001
  CI (99.9%): [0.358, 0.361] (assumes normal distribution)

Secondary result "research.skew.AggregationBenchmark.parallelMerge:gc.alloc.rate":
  7500.963 ±(99.9%) 31.975 MB/sec [Average]
  (min, avg, max) = (7437.565, 7500.963, 7546.853), stdev = 29.910
  CI (99.9%): [7468.988, 7532.938] (assumes normal distribution)

Secondary result "research.skew.AggregationBenchmark.parallelMerge:gc.alloc.rate.norm":
  2829236.767 ±(99.9%) 1.054 B/op [Average]
  (min, avg, max) = (2829235.236, 2829236.767, 2829237.916), stdev = 0.986
  CI (99.9%): [2829235.713, 2829237.822] (assumes normal distribution)

Secondary result "research.skew.AggregationBenchmark.parallelMerge:gc.count":
  374.000 ±(99.9%) 0.001 counts [Sum]
  (min, avg, max) = (24.000, 24.933, 25.000), stdev = 0.258
  CI (99.9%): [374.000, 374.000] (assumes normal distribution)

Secondary result "research.skew.AggregationBenchmark.parallelMerge:gc.time":
  157.000 ±(99.9%) 0.001 ms [Sum]
  (min, avg, max) = (10.000, 10.467, 11.000), stdev = 0.516
  CI (99.9%): [157.000, 157.000] (assumes normal distribution)


# JMH version: 1.37
# VM version: JDK 25.0.4.1, OpenJDK 64-Bit Server VM, 25.0.4.1+1-LTS
# VM invoker: /Users/jaehyeon/Library/Java/JavaVirtualMachines/temurin-25.0.4.1/Contents/Home/bin/java
# VM options: -Xms512m -Xmx512m -Djava.util.concurrent.ForkJoinPool.common.parallelism=3
# Blackhole mode: compiler (auto-detected, use -Djmh.blackhole.autoDetect=false to disable)
# Warmup: 5 iterations, 1 s each
# Measurement: 5 iterations, 1 s each
# Timeout: 10 min per iteration
# Threads: 1 thread, will synchronize iterations
# Benchmark mode: Average time, time/op
# Benchmark: research.skew.AggregationBenchmark.sequential
# Parameters: (cardinality = 1024, distribution = uniform, seed = 20260929, size = 100000)

# Run progress: 75.00% complete, ETA 00:04:37
# Fork: 1 of 3
WARNING: A terminally deprecated method in sun.misc.Unsafe has been called
WARNING: sun.misc.Unsafe::objectFieldOffset has been called by org.openjdk.jmh.util.Utils (file:/Users/jaehyeon/Documents/Obsidian%20Vault/2026/04.%ed%98%b8%ec%84%9c%eb%8c%80%ed%95%99%ea%b5%90/11.%ec%b0%a8%ec%84%b8%eb%8c%80%ec%bb%b4%ed%93%a8%ed%8c%85%ed%95%99%ed%9a%8c%eb%85%bc%eb%ac%b8/JavaStream_%ed%82%a4%ed%8e%b8%ed%96%a5/.deps/jmh-core-1.37.jar)
WARNING: Please consider reporting this to the maintainers of class org.openjdk.jmh.util.Utils
WARNING: sun.misc.Unsafe::objectFieldOffset will be removed in a future release
# Warmup Iteration   1: Input: n=100000, keys=1024, observedHotFraction=0.000980, poolParallelism=3, availableProcessors=10
0.648 ms/op
# Warmup Iteration   2: 0.634 ms/op
# Warmup Iteration   3: 0.624 ms/op
# Warmup Iteration   4: 0.583 ms/op
# Warmup Iteration   5: 0.569 ms/op
Iteration   1: 0.562 ms/op
                 gc.alloc.rate:      2840.359 MB/sec
                 gc.alloc.rate.norm: 1674107.962 B/op
                 gc.count:           10.000 counts
                 gc.time:            4.000 ms

Iteration   2: 0.561 ms/op
                 gc.alloc.rate:      2846.988 MB/sec
                 gc.alloc.rate.norm: 1674107.916 B/op
                 gc.count:           9.000 counts
                 gc.time:            4.000 ms

Iteration   3: 0.563 ms/op
                 gc.alloc.rate:      2837.401 MB/sec
                 gc.alloc.rate.norm: 1674107.929 B/op
                 gc.count:           9.000 counts
                 gc.time:            4.000 ms

Iteration   4: 0.554 ms/op
                 gc.alloc.rate:      2883.059 MB/sec
                 gc.alloc.rate.norm: 1674107.866 B/op
                 gc.count:           10.000 counts
                 gc.time:            4.000 ms

Iteration   5: 0.545 ms/op
                 gc.alloc.rate:      2926.956 MB/sec
                 gc.alloc.rate.norm: 1674107.810 B/op
                 gc.count:           10.000 counts
                 gc.time:            4.000 ms


# Run progress: 75.93% complete, ETA 00:04:26
# Fork: 2 of 3
WARNING: A terminally deprecated method in sun.misc.Unsafe has been called
WARNING: sun.misc.Unsafe::objectFieldOffset has been called by org.openjdk.jmh.util.Utils (file:/Users/jaehyeon/Documents/Obsidian%20Vault/2026/04.%ed%98%b8%ec%84%9c%eb%8c%80%ed%95%99%ea%b5%90/11.%ec%b0%a8%ec%84%b8%eb%8c%80%ec%bb%b4%ed%93%a8%ed%8c%85%ed%95%99%ed%9a%8c%eb%85%bc%eb%ac%b8/JavaStream_%ed%82%a4%ed%8e%b8%ed%96%a5/.deps/jmh-core-1.37.jar)
WARNING: Please consider reporting this to the maintainers of class org.openjdk.jmh.util.Utils
WARNING: sun.misc.Unsafe::objectFieldOffset will be removed in a future release
# Warmup Iteration   1: Input: n=100000, keys=1024, observedHotFraction=0.000980, poolParallelism=3, availableProcessors=10
0.630 ms/op
# Warmup Iteration   2: 0.597 ms/op
# Warmup Iteration   3: 0.573 ms/op
# Warmup Iteration   4: 0.537 ms/op
# Warmup Iteration   5: 0.534 ms/op
Iteration   1: 0.537 ms/op
                 gc.alloc.rate:      2971.610 MB/sec
                 gc.alloc.rate.norm: 1674107.751 B/op
                 gc.count:           10.000 counts
                 gc.time:            5.000 ms

Iteration   2: 0.536 ms/op
                 gc.alloc.rate:      2980.802 MB/sec
                 gc.alloc.rate.norm: 1674107.741 B/op
                 gc.count:           10.000 counts
                 gc.time:            4.000 ms

Iteration   3: 0.537 ms/op
                 gc.alloc.rate:      2972.483 MB/sec
                 gc.alloc.rate.norm: 1674107.751 B/op
                 gc.count:           10.000 counts
                 gc.time:            4.000 ms

Iteration   4: 0.537 ms/op
                 gc.alloc.rate:      2975.051 MB/sec
                 gc.alloc.rate.norm: 1674107.745 B/op
                 gc.count:           10.000 counts
                 gc.time:            5.000 ms

Iteration   5: 0.536 ms/op
                 gc.alloc.rate:      2977.097 MB/sec
                 gc.alloc.rate.norm: 1674107.745 B/op
                 gc.count:           9.000 counts
                 gc.time:            4.000 ms


# Run progress: 76.85% complete, ETA 00:04:16
# Fork: 3 of 3
WARNING: A terminally deprecated method in sun.misc.Unsafe has been called
WARNING: sun.misc.Unsafe::objectFieldOffset has been called by org.openjdk.jmh.util.Utils (file:/Users/jaehyeon/Documents/Obsidian%20Vault/2026/04.%ed%98%b8%ec%84%9c%eb%8c%80%ed%95%99%ea%b5%90/11.%ec%b0%a8%ec%84%b8%eb%8c%80%ec%bb%b4%ed%93%a8%ed%8c%85%ed%95%99%ed%9a%8c%eb%85%bc%eb%ac%b8/JavaStream_%ed%82%a4%ed%8e%b8%ed%96%a5/.deps/jmh-core-1.37.jar)
WARNING: Please consider reporting this to the maintainers of class org.openjdk.jmh.util.Utils
WARNING: sun.misc.Unsafe::objectFieldOffset will be removed in a future release
# Warmup Iteration   1: Input: n=100000, keys=1024, observedHotFraction=0.000980, poolParallelism=3, availableProcessors=10
0.654 ms/op
# Warmup Iteration   2: 0.578 ms/op
# Warmup Iteration   3: 0.571 ms/op
# Warmup Iteration   4: 0.538 ms/op
# Warmup Iteration   5: 0.536 ms/op
Iteration   1: 0.535 ms/op
                 gc.alloc.rate:      2981.330 MB/sec
                 gc.alloc.rate.norm: 1674107.739 B/op
                 gc.count:           10.000 counts
                 gc.time:            4.000 ms

Iteration   2: 0.536 ms/op
                 gc.alloc.rate:      2980.944 MB/sec
                 gc.alloc.rate.norm: 1674107.739 B/op
                 gc.count:           10.000 counts
                 gc.time:            4.000 ms

Iteration   3: 0.536 ms/op
                 gc.alloc.rate:      2975.980 MB/sec
                 gc.alloc.rate.norm: 1674107.747 B/op
                 gc.count:           10.000 counts
                 gc.time:            5.000 ms

Iteration   4: 0.540 ms/op
                 gc.alloc.rate:      2956.539 MB/sec
                 gc.alloc.rate.norm: 1674107.771 B/op
                 gc.count:           9.000 counts
                 gc.time:            3.000 ms

Iteration   5: 0.538 ms/op
                 gc.alloc.rate:      2966.862 MB/sec
                 gc.alloc.rate.norm: 1674107.757 B/op
                 gc.count:           10.000 counts
                 gc.time:            5.000 ms



Result "research.skew.AggregationBenchmark.sequential":
  0.543 ±(99.9%) 0.011 ms/op [Average]
  (min, avg, max) = (0.535, 0.543, 0.563), stdev = 0.011
  CI (99.9%): [0.532, 0.555] (assumes normal distribution)

Secondary result "research.skew.AggregationBenchmark.sequential:gc.alloc.rate":
  2938.231 ±(99.9%) 60.252 MB/sec [Average]
  (min, avg, max) = (2837.401, 2938.231, 2981.330), stdev = 56.360
  CI (99.9%): [2877.979, 2998.483] (assumes normal distribution)

Secondary result "research.skew.AggregationBenchmark.sequential:gc.alloc.rate.norm":
  1674107.798 ±(99.9%) 0.085 B/op [Average]
  (min, avg, max) = (1674107.739, 1674107.798, 1674107.962), stdev = 0.079
  CI (99.9%): [1674107.713, 1674107.883] (assumes normal distribution)

Secondary result "research.skew.AggregationBenchmark.sequential:gc.count":
  146.000 ±(99.9%) 0.001 counts [Sum]
  (min, avg, max) = (9.000, 9.733, 10.000), stdev = 0.458
  CI (99.9%): [146.000, 146.000] (assumes normal distribution)

Secondary result "research.skew.AggregationBenchmark.sequential:gc.time":
  63.000 ±(99.9%) 0.001 ms [Sum]
  (min, avg, max) = (3.000, 4.200, 5.000), stdev = 0.561
  CI (99.9%): [63.000, 63.000] (assumes normal distribution)


# JMH version: 1.37
# VM version: JDK 25.0.4.1, OpenJDK 64-Bit Server VM, 25.0.4.1+1-LTS
# VM invoker: /Users/jaehyeon/Library/Java/JavaVirtualMachines/temurin-25.0.4.1/Contents/Home/bin/java
# VM options: -Xms512m -Xmx512m -Djava.util.concurrent.ForkJoinPool.common.parallelism=3
# Blackhole mode: compiler (auto-detected, use -Djmh.blackhole.autoDetect=false to disable)
# Warmup: 5 iterations, 1 s each
# Measurement: 5 iterations, 1 s each
# Timeout: 10 min per iteration
# Threads: 1 thread, will synchronize iterations
# Benchmark mode: Average time, time/op
# Benchmark: research.skew.AggregationBenchmark.sequential
# Parameters: (cardinality = 1024, distribution = hot50, seed = 20260929, size = 100000)

# Run progress: 77.78% complete, ETA 00:04:06
# Fork: 1 of 3
WARNING: A terminally deprecated method in sun.misc.Unsafe has been called
WARNING: sun.misc.Unsafe::objectFieldOffset has been called by org.openjdk.jmh.util.Utils (file:/Users/jaehyeon/Documents/Obsidian%20Vault/2026/04.%ed%98%b8%ec%84%9c%eb%8c%80%ed%95%99%ea%b5%90/11.%ec%b0%a8%ec%84%b8%eb%8c%80%ec%bb%b4%ed%93%a8%ed%8c%85%ed%95%99%ed%9a%8c%eb%85%bc%eb%ac%b8/JavaStream_%ed%82%a4%ed%8e%b8%ed%96%a5/.deps/jmh-core-1.37.jar)
WARNING: Please consider reporting this to the maintainers of class org.openjdk.jmh.util.Utils
WARNING: sun.misc.Unsafe::objectFieldOffset will be removed in a future release
# Warmup Iteration   1: Input: n=100000, keys=1024, observedHotFraction=0.500000, poolParallelism=3, availableProcessors=10
0.604 ms/op
# Warmup Iteration   2: 0.576 ms/op
# Warmup Iteration   3: 0.569 ms/op
# Warmup Iteration   4: 0.537 ms/op
# Warmup Iteration   5: 0.537 ms/op
Iteration   1: 0.537 ms/op
                 gc.alloc.rate:      2970.606 MB/sec
                 gc.alloc.rate.norm: 1674131.763 B/op
                 gc.count:           10.000 counts
                 gc.time:            4.000 ms

Iteration   2: 0.537 ms/op
                 gc.alloc.rate:      2974.788 MB/sec
                 gc.alloc.rate.norm: 1674131.747 B/op
                 gc.count:           9.000 counts
                 gc.time:            4.000 ms

Iteration   3: 0.537 ms/op
                 gc.alloc.rate:      2975.032 MB/sec
                 gc.alloc.rate.norm: 1674131.747 B/op
                 gc.count:           10.000 counts
                 gc.time:            4.000 ms

Iteration   4: 0.538 ms/op
                 gc.alloc.rate:      2965.758 MB/sec
                 gc.alloc.rate.norm: 1674131.759 B/op
                 gc.count:           10.000 counts
                 gc.time:            5.000 ms

Iteration   5: 0.535 ms/op
                 gc.alloc.rate:      2982.683 MB/sec
                 gc.alloc.rate.norm: 1674131.737 B/op
                 gc.count:           10.000 counts
                 gc.time:            4.000 ms


# Run progress: 78.70% complete, ETA 00:03:56
# Fork: 2 of 3
WARNING: A terminally deprecated method in sun.misc.Unsafe has been called
WARNING: sun.misc.Unsafe::objectFieldOffset has been called by org.openjdk.jmh.util.Utils (file:/Users/jaehyeon/Documents/Obsidian%20Vault/2026/04.%ed%98%b8%ec%84%9c%eb%8c%80%ed%95%99%ea%b5%90/11.%ec%b0%a8%ec%84%b8%eb%8c%80%ec%bb%b4%ed%93%a8%ed%8c%85%ed%95%99%ed%9a%8c%eb%85%bc%eb%ac%b8/JavaStream_%ed%82%a4%ed%8e%b8%ed%96%a5/.deps/jmh-core-1.37.jar)
WARNING: Please consider reporting this to the maintainers of class org.openjdk.jmh.util.Utils
WARNING: sun.misc.Unsafe::objectFieldOffset will be removed in a future release
# Warmup Iteration   1: Input: n=100000, keys=1024, observedHotFraction=0.500000, poolParallelism=3, availableProcessors=10
0.607 ms/op
# Warmup Iteration   2: 0.580 ms/op
# Warmup Iteration   3: 0.567 ms/op
# Warmup Iteration   4: 0.535 ms/op
# Warmup Iteration   5: 0.535 ms/op
Iteration   1: 0.534 ms/op
                 gc.alloc.rate:      2988.703 MB/sec
                 gc.alloc.rate.norm: 1674131.731 B/op
                 gc.count:           10.000 counts
                 gc.time:            4.000 ms

Iteration   2: 0.534 ms/op
                 gc.alloc.rate:      2986.976 MB/sec
                 gc.alloc.rate.norm: 1674131.733 B/op
                 gc.count:           10.000 counts
                 gc.time:            4.000 ms

Iteration   3: 0.534 ms/op
                 gc.alloc.rate:      2988.771 MB/sec
                 gc.alloc.rate.norm: 1674131.731 B/op
                 gc.count:           9.000 counts
                 gc.time:            4.000 ms

Iteration   4: 0.536 ms/op
                 gc.alloc.rate:      2976.159 MB/sec
                 gc.alloc.rate.norm: 1674131.745 B/op
                 gc.count:           10.000 counts
                 gc.time:            5.000 ms

Iteration   5: 0.534 ms/op
                 gc.alloc.rate:      2987.078 MB/sec
                 gc.alloc.rate.norm: 1674131.731 B/op
                 gc.count:           10.000 counts
                 gc.time:            4.000 ms


# Run progress: 79.63% complete, ETA 00:03:45
# Fork: 3 of 3
WARNING: A terminally deprecated method in sun.misc.Unsafe has been called
WARNING: sun.misc.Unsafe::objectFieldOffset has been called by org.openjdk.jmh.util.Utils (file:/Users/jaehyeon/Documents/Obsidian%20Vault/2026/04.%ed%98%b8%ec%84%9c%eb%8c%80%ed%95%99%ea%b5%90/11.%ec%b0%a8%ec%84%b8%eb%8c%80%ec%bb%b4%ed%93%a8%ed%8c%85%ed%95%99%ed%9a%8c%eb%85%bc%eb%ac%b8/JavaStream_%ed%82%a4%ed%8e%b8%ed%96%a5/.deps/jmh-core-1.37.jar)
WARNING: Please consider reporting this to the maintainers of class org.openjdk.jmh.util.Utils
WARNING: sun.misc.Unsafe::objectFieldOffset will be removed in a future release
# Warmup Iteration   1: Input: n=100000, keys=1024, observedHotFraction=0.500000, poolParallelism=3, availableProcessors=10
0.604 ms/op
# Warmup Iteration   2: 0.583 ms/op
# Warmup Iteration   3: 0.573 ms/op
# Warmup Iteration   4: 0.535 ms/op
# Warmup Iteration   5: 0.535 ms/op
Iteration   1: 0.536 ms/op
                 gc.alloc.rate:      2978.308 MB/sec
                 gc.alloc.rate.norm: 1674131.753 B/op
                 gc.count:           10.000 counts
                 gc.time:            4.000 ms

Iteration   2: 0.533 ms/op
                 gc.alloc.rate:      2992.432 MB/sec
                 gc.alloc.rate.norm: 1674131.725 B/op
                 gc.count:           9.000 counts
                 gc.time:            5.000 ms

Iteration   3: 0.532 ms/op
                 gc.alloc.rate:      2999.187 MB/sec
                 gc.alloc.rate.norm: 1674131.718 B/op
                 gc.count:           10.000 counts
                 gc.time:            4.000 ms

Iteration   4: 0.534 ms/op
                 gc.alloc.rate:      2989.254 MB/sec
                 gc.alloc.rate.norm: 1674131.729 B/op
                 gc.count:           10.000 counts
                 gc.time:            4.000 ms

Iteration   5: 0.533 ms/op
                 gc.alloc.rate:      2997.825 MB/sec
                 gc.alloc.rate.norm: 1674131.720 B/op
                 gc.count:           10.000 counts
                 gc.time:            4.000 ms



Result "research.skew.AggregationBenchmark.sequential":
  0.535 ±(99.9%) 0.002 ms/op [Average]
  (min, avg, max) = (0.532, 0.535, 0.538), stdev = 0.002
  CI (99.9%): [0.533, 0.537] (assumes normal distribution)

Secondary result "research.skew.AggregationBenchmark.sequential:gc.alloc.rate":
  2983.571 ±(99.9%) 10.513 MB/sec [Average]
  (min, avg, max) = (2965.758, 2983.571, 2999.187), stdev = 9.834
  CI (99.9%): [2973.057, 2994.084] (assumes normal distribution)

Secondary result "research.skew.AggregationBenchmark.sequential:gc.alloc.rate.norm":
  1674131.738 ±(99.9%) 0.015 B/op [Average]
  (min, avg, max) = (1674131.718, 1674131.738, 1674131.763), stdev = 0.014
  CI (99.9%): [1674131.723, 1674131.753] (assumes normal distribution)

Secondary result "research.skew.AggregationBenchmark.sequential:gc.count":
  147.000 ±(99.9%) 0.001 counts [Sum]
  (min, avg, max) = (9.000, 9.800, 10.000), stdev = 0.414
  CI (99.9%): [147.000, 147.000] (assumes normal distribution)

Secondary result "research.skew.AggregationBenchmark.sequential:gc.time":
  63.000 ±(99.9%) 0.001 ms [Sum]
  (min, avg, max) = (4.000, 4.200, 5.000), stdev = 0.414
  CI (99.9%): [63.000, 63.000] (assumes normal distribution)


# JMH version: 1.37
# VM version: JDK 25.0.4.1, OpenJDK 64-Bit Server VM, 25.0.4.1+1-LTS
# VM invoker: /Users/jaehyeon/Library/Java/JavaVirtualMachines/temurin-25.0.4.1/Contents/Home/bin/java
# VM options: -Xms512m -Xmx512m -Djava.util.concurrent.ForkJoinPool.common.parallelism=3
# Blackhole mode: compiler (auto-detected, use -Djmh.blackhole.autoDetect=false to disable)
# Warmup: 5 iterations, 1 s each
# Measurement: 5 iterations, 1 s each
# Timeout: 10 min per iteration
# Threads: 1 thread, will synchronize iterations
# Benchmark mode: Average time, time/op
# Benchmark: research.skew.AggregationBenchmark.sequential
# Parameters: (cardinality = 1024, distribution = hot90, seed = 20260929, size = 100000)

# Run progress: 80.56% complete, ETA 00:03:35
# Fork: 1 of 3
WARNING: A terminally deprecated method in sun.misc.Unsafe has been called
WARNING: sun.misc.Unsafe::objectFieldOffset has been called by org.openjdk.jmh.util.Utils (file:/Users/jaehyeon/Documents/Obsidian%20Vault/2026/04.%ed%98%b8%ec%84%9c%eb%8c%80%ed%95%99%ea%b5%90/11.%ec%b0%a8%ec%84%b8%eb%8c%80%ec%bb%b4%ed%93%a8%ed%8c%85%ed%95%99%ed%9a%8c%eb%85%bc%eb%ac%b8/JavaStream_%ed%82%a4%ed%8e%b8%ed%96%a5/.deps/jmh-core-1.37.jar)
WARNING: Please consider reporting this to the maintainers of class org.openjdk.jmh.util.Utils
WARNING: sun.misc.Unsafe::objectFieldOffset will be removed in a future release
# Warmup Iteration   1: Input: n=100000, keys=1024, observedHotFraction=0.900000, poolParallelism=3, availableProcessors=10
0.595 ms/op
# Warmup Iteration   2: 0.573 ms/op
# Warmup Iteration   3: 0.567 ms/op
# Warmup Iteration   4: 0.535 ms/op
# Warmup Iteration   5: 0.534 ms/op
Iteration   1: 0.534 ms/op
                 gc.alloc.rate:      2987.694 MB/sec
                 gc.alloc.rate.norm: 1674131.731 B/op
                 gc.count:           10.000 counts
                 gc.time:            4.000 ms

Iteration   2: 0.535 ms/op
                 gc.alloc.rate:      2986.582 MB/sec
                 gc.alloc.rate.norm: 1674131.733 B/op
                 gc.count:           10.000 counts
                 gc.time:            4.000 ms

Iteration   3: 0.535 ms/op
                 gc.alloc.rate:      2984.040 MB/sec
                 gc.alloc.rate.norm: 1674131.737 B/op
                 gc.count:           10.000 counts
                 gc.time:            4.000 ms

Iteration   4: 0.534 ms/op
                 gc.alloc.rate:      2987.823 MB/sec
                 gc.alloc.rate.norm: 1674131.757 B/op
                 gc.count:           10.000 counts
                 gc.time:            4.000 ms

Iteration   5: 0.535 ms/op
                 gc.alloc.rate:      2985.725 MB/sec
                 gc.alloc.rate.norm: 1674131.733 B/op
                 gc.count:           9.000 counts
                 gc.time:            4.000 ms


# Run progress: 81.48% complete, ETA 00:03:25
# Fork: 2 of 3
WARNING: A terminally deprecated method in sun.misc.Unsafe has been called
WARNING: sun.misc.Unsafe::objectFieldOffset has been called by org.openjdk.jmh.util.Utils (file:/Users/jaehyeon/Documents/Obsidian%20Vault/2026/04.%ed%98%b8%ec%84%9c%eb%8c%80%ed%95%99%ea%b5%90/11.%ec%b0%a8%ec%84%b8%eb%8c%80%ec%bb%b4%ed%93%a8%ed%8c%85%ed%95%99%ed%9a%8c%eb%85%bc%eb%ac%b8/JavaStream_%ed%82%a4%ed%8e%b8%ed%96%a5/.deps/jmh-core-1.37.jar)
WARNING: Please consider reporting this to the maintainers of class org.openjdk.jmh.util.Utils
WARNING: sun.misc.Unsafe::objectFieldOffset will be removed in a future release
# Warmup Iteration   1: Input: n=100000, keys=1024, observedHotFraction=0.900000, poolParallelism=3, availableProcessors=10
0.590 ms/op
# Warmup Iteration   2: 0.570 ms/op
# Warmup Iteration   3: 0.566 ms/op
# Warmup Iteration   4: 0.534 ms/op
# Warmup Iteration   5: 0.533 ms/op
Iteration   1: 0.533 ms/op
                 gc.alloc.rate:      2994.086 MB/sec
                 gc.alloc.rate.norm: 1674131.723 B/op
                 gc.count:           10.000 counts
                 gc.time:            4.000 ms

Iteration   2: 0.533 ms/op
                 gc.alloc.rate:      2992.806 MB/sec
                 gc.alloc.rate.norm: 1674131.725 B/op
                 gc.count:           10.000 counts
                 gc.time:            4.000 ms

Iteration   3: 0.533 ms/op
                 gc.alloc.rate:      2996.463 MB/sec
                 gc.alloc.rate.norm: 1674131.722 B/op
                 gc.count:           10.000 counts
                 gc.time:            4.000 ms

Iteration   4: 0.533 ms/op
                 gc.alloc.rate:      2994.278 MB/sec
                 gc.alloc.rate.norm: 1674131.723 B/op
                 gc.count:           10.000 counts
                 gc.time:            3.000 ms

Iteration   5: 0.533 ms/op
                 gc.alloc.rate:      2993.073 MB/sec
                 gc.alloc.rate.norm: 1674131.725 B/op
                 gc.count:           10.000 counts
                 gc.time:            4.000 ms


# Run progress: 82.41% complete, ETA 00:03:15
# Fork: 3 of 3
WARNING: A terminally deprecated method in sun.misc.Unsafe has been called
WARNING: sun.misc.Unsafe::objectFieldOffset has been called by org.openjdk.jmh.util.Utils (file:/Users/jaehyeon/Documents/Obsidian%20Vault/2026/04.%ed%98%b8%ec%84%9c%eb%8c%80%ed%95%99%ea%b5%90/11.%ec%b0%a8%ec%84%b8%eb%8c%80%ec%bb%b4%ed%93%a8%ed%8c%85%ed%95%99%ed%9a%8c%eb%85%bc%eb%ac%b8/JavaStream_%ed%82%a4%ed%8e%b8%ed%96%a5/.deps/jmh-core-1.37.jar)
WARNING: Please consider reporting this to the maintainers of class org.openjdk.jmh.util.Utils
WARNING: sun.misc.Unsafe::objectFieldOffset will be removed in a future release
# Warmup Iteration   1: Input: n=100000, keys=1024, observedHotFraction=0.900000, poolParallelism=3, availableProcessors=10
0.593 ms/op
# Warmup Iteration   2: 0.571 ms/op
# Warmup Iteration   3: 0.566 ms/op
# Warmup Iteration   4: 0.534 ms/op
# Warmup Iteration   5: 0.534 ms/op
Iteration   1: 0.534 ms/op
                 gc.alloc.rate:      2988.435 MB/sec
                 gc.alloc.rate.norm: 1674131.731 B/op
                 gc.count:           10.000 counts
                 gc.time:            4.000 ms

Iteration   2: 0.534 ms/op
                 gc.alloc.rate:      2988.956 MB/sec
                 gc.alloc.rate.norm: 1674131.729 B/op
                 gc.count:           10.000 counts
                 gc.time:            4.000 ms

Iteration   3: 0.534 ms/op
                 gc.alloc.rate:      2990.671 MB/sec
                 gc.alloc.rate.norm: 1674131.727 B/op
                 gc.count:           10.000 counts
                 gc.time:            4.000 ms

Iteration   4: 0.534 ms/op
                 gc.alloc.rate:      2990.506 MB/sec
                 gc.alloc.rate.norm: 1674131.727 B/op
                 gc.count:           10.000 counts
                 gc.time:            4.000 ms

Iteration   5: 0.534 ms/op
                 gc.alloc.rate:      2990.856 MB/sec
                 gc.alloc.rate.norm: 1674131.727 B/op
                 gc.count:           10.000 counts
                 gc.time:            4.000 ms



Result "research.skew.AggregationBenchmark.sequential":
  0.534 ±(99.9%) 0.001 ms/op [Average]
  (min, avg, max) = (0.533, 0.534, 0.535), stdev = 0.001
  CI (99.9%): [0.533, 0.535] (assumes normal distribution)

Secondary result "research.skew.AggregationBenchmark.sequential:gc.alloc.rate":
  2990.133 ±(99.9%) 3.773 MB/sec [Average]
  (min, avg, max) = (2984.040, 2990.133, 2996.463), stdev = 3.529
  CI (99.9%): [2986.360, 2993.905] (assumes normal distribution)

Secondary result "research.skew.AggregationBenchmark.sequential:gc.alloc.rate.norm":
  1674131.730 ±(99.9%) 0.009 B/op [Average]
  (min, avg, max) = (1674131.722, 1674131.730, 1674131.757), stdev = 0.009
  CI (99.9%): [1674131.721, 1674131.740] (assumes normal distribution)

Secondary result "research.skew.AggregationBenchmark.sequential:gc.count":
  149.000 ±(99.9%) 0.001 counts [Sum]
  (min, avg, max) = (9.000, 9.933, 10.000), stdev = 0.258
  CI (99.9%): [149.000, 149.000] (assumes normal distribution)

Secondary result "research.skew.AggregationBenchmark.sequential:gc.time":
  59.000 ±(99.9%) 0.001 ms [Sum]
  (min, avg, max) = (3.000, 3.933, 4.000), stdev = 0.258
  CI (99.9%): [59.000, 59.000] (assumes normal distribution)


# JMH version: 1.37
# VM version: JDK 25.0.4.1, OpenJDK 64-Bit Server VM, 25.0.4.1+1-LTS
# VM invoker: /Users/jaehyeon/Library/Java/JavaVirtualMachines/temurin-25.0.4.1/Contents/Home/bin/java
# VM options: -Xms512m -Xmx512m -Djava.util.concurrent.ForkJoinPool.common.parallelism=3
# Blackhole mode: compiler (auto-detected, use -Djmh.blackhole.autoDetect=false to disable)
# Warmup: 5 iterations, 1 s each
# Measurement: 5 iterations, 1 s each
# Timeout: 10 min per iteration
# Threads: 1 thread, will synchronize iterations
# Benchmark mode: Average time, time/op
# Benchmark: research.skew.AggregationBenchmark.sequential
# Parameters: (cardinality = 2048, distribution = uniform, seed = 20260929, size = 100000)

# Run progress: 83.33% complete, ETA 00:03:04
# Fork: 1 of 3
WARNING: A terminally deprecated method in sun.misc.Unsafe has been called
WARNING: sun.misc.Unsafe::objectFieldOffset has been called by org.openjdk.jmh.util.Utils (file:/Users/jaehyeon/Documents/Obsidian%20Vault/2026/04.%ed%98%b8%ec%84%9c%eb%8c%80%ed%95%99%ea%b5%90/11.%ec%b0%a8%ec%84%b8%eb%8c%80%ec%bb%b4%ed%93%a8%ed%8c%85%ed%95%99%ed%9a%8c%eb%85%bc%eb%ac%b8/JavaStream_%ed%82%a4%ed%8e%b8%ed%96%a5/.deps/jmh-core-1.37.jar)
WARNING: Please consider reporting this to the maintainers of class org.openjdk.jmh.util.Utils
WARNING: sun.misc.Unsafe::objectFieldOffset will be removed in a future release
# Warmup Iteration   1: Input: n=100000, keys=2048, observedHotFraction=0.000490, poolParallelism=3, availableProcessors=10
0.727 ms/op
# Warmup Iteration   2: 0.670 ms/op
# Warmup Iteration   3: 0.647 ms/op
# Warmup Iteration   4: 0.624 ms/op
# Warmup Iteration   5: 0.600 ms/op
Iteration   1: 0.600 ms/op
                 gc.alloc.rate:      2775.727 MB/sec
                 gc.alloc.rate.norm: 1747852.193 B/op
                 gc.count:           9.000 counts
                 gc.time:            4.000 ms

Iteration   2: 0.600 ms/op
                 gc.alloc.rate:      2775.910 MB/sec
                 gc.alloc.rate.norm: 1747852.193 B/op
                 gc.count:           10.000 counts
                 gc.time:            5.000 ms

Iteration   3: 0.600 ms/op
                 gc.alloc.rate:      2776.992 MB/sec
                 gc.alloc.rate.norm: 1747852.193 B/op
                 gc.count:           9.000 counts
                 gc.time:            4.000 ms

Iteration   4: 0.601 ms/op
                 gc.alloc.rate:      2775.202 MB/sec
                 gc.alloc.rate.norm: 1747852.195 B/op
                 gc.count:           9.000 counts
                 gc.time:            3.000 ms

Iteration   5: 0.601 ms/op
                 gc.alloc.rate:      2771.079 MB/sec
                 gc.alloc.rate.norm: 1747852.200 B/op
                 gc.count:           9.000 counts
                 gc.time:            4.000 ms


# Run progress: 84.26% complete, ETA 00:02:54
# Fork: 2 of 3
WARNING: A terminally deprecated method in sun.misc.Unsafe has been called
WARNING: sun.misc.Unsafe::objectFieldOffset has been called by org.openjdk.jmh.util.Utils (file:/Users/jaehyeon/Documents/Obsidian%20Vault/2026/04.%ed%98%b8%ec%84%9c%eb%8c%80%ed%95%99%ea%b5%90/11.%ec%b0%a8%ec%84%b8%eb%8c%80%ec%bb%b4%ed%93%a8%ed%8c%85%ed%95%99%ed%9a%8c%eb%85%bc%eb%ac%b8/JavaStream_%ed%82%a4%ed%8e%b8%ed%96%a5/.deps/jmh-core-1.37.jar)
WARNING: Please consider reporting this to the maintainers of class org.openjdk.jmh.util.Utils
WARNING: sun.misc.Unsafe::objectFieldOffset will be removed in a future release
# Warmup Iteration   1: Input: n=100000, keys=2048, observedHotFraction=0.000490, poolParallelism=3, availableProcessors=10
0.695 ms/op
# Warmup Iteration   2: 0.659 ms/op
# Warmup Iteration   3: 0.666 ms/op
# Warmup Iteration   4: 0.630 ms/op
# Warmup Iteration   5: 0.603 ms/op
Iteration   1: 0.605 ms/op
                 gc.alloc.rate:      2756.902 MB/sec
                 gc.alloc.rate.norm: 1747852.223 B/op
                 gc.count:           10.000 counts
                 gc.time:            5.000 ms

Iteration   2: 0.610 ms/op
                 gc.alloc.rate:      2733.320 MB/sec
                 gc.alloc.rate.norm: 1747852.279 B/op
                 gc.count:           9.000 counts
                 gc.time:            3.000 ms

Iteration   3: 0.606 ms/op
                 gc.alloc.rate:      2749.978 MB/sec
                 gc.alloc.rate.norm: 1747852.233 B/op
                 gc.count:           9.000 counts
                 gc.time:            4.000 ms

Iteration   4: 0.605 ms/op
                 gc.alloc.rate:      2753.792 MB/sec
                 gc.alloc.rate.norm: 1747852.228 B/op
                 gc.count:           9.000 counts
                 gc.time:            4.000 ms

Iteration   5: 0.605 ms/op
                 gc.alloc.rate:      2754.328 MB/sec
                 gc.alloc.rate.norm: 1747852.258 B/op
                 gc.count:           9.000 counts
                 gc.time:            5.000 ms


# Run progress: 85.19% complete, ETA 00:02:44
# Fork: 3 of 3
WARNING: A terminally deprecated method in sun.misc.Unsafe has been called
WARNING: sun.misc.Unsafe::objectFieldOffset has been called by org.openjdk.jmh.util.Utils (file:/Users/jaehyeon/Documents/Obsidian%20Vault/2026/04.%ed%98%b8%ec%84%9c%eb%8c%80%ed%95%99%ea%b5%90/11.%ec%b0%a8%ec%84%b8%eb%8c%80%ec%bb%b4%ed%93%a8%ed%8c%85%ed%95%99%ed%9a%8c%eb%85%bc%eb%ac%b8/JavaStream_%ed%82%a4%ed%8e%b8%ed%96%a5/.deps/jmh-core-1.37.jar)
WARNING: Please consider reporting this to the maintainers of class org.openjdk.jmh.util.Utils
WARNING: sun.misc.Unsafe::objectFieldOffset will be removed in a future release
# Warmup Iteration   1: Input: n=100000, keys=2048, observedHotFraction=0.000490, poolParallelism=3, availableProcessors=10
0.691 ms/op
# Warmup Iteration   2: 0.660 ms/op
# Warmup Iteration   3: 0.642 ms/op
# Warmup Iteration   4: 0.615 ms/op
# Warmup Iteration   5: 0.594 ms/op
Iteration   1: 0.597 ms/op
                 gc.alloc.rate:      2793.032 MB/sec
                 gc.alloc.rate.norm: 1747852.168 B/op
                 gc.count:           9.000 counts
                 gc.time:            4.000 ms

Iteration   2: 0.592 ms/op
                 gc.alloc.rate:      2816.798 MB/sec
                 gc.alloc.rate.norm: 1747852.134 B/op
                 gc.count:           10.000 counts
                 gc.time:            4.000 ms

Iteration   3: 0.591 ms/op
                 gc.alloc.rate:      2818.504 MB/sec
                 gc.alloc.rate.norm: 1747852.129 B/op
                 gc.count:           9.000 counts
                 gc.time:            4.000 ms

Iteration   4: 0.592 ms/op
                 gc.alloc.rate:      2814.904 MB/sec
                 gc.alloc.rate.norm: 1747852.136 B/op
                 gc.count:           9.000 counts
                 gc.time:            5.000 ms

Iteration   5: 0.592 ms/op
                 gc.alloc.rate:      2812.921 MB/sec
                 gc.alloc.rate.norm: 1747852.138 B/op
                 gc.count:           10.000 counts
                 gc.time:            4.000 ms



Result "research.skew.AggregationBenchmark.sequential":
  0.600 ±(99.9%) 0.006 ms/op [Average]
  (min, avg, max) = (0.591, 0.600, 0.610), stdev = 0.006
  CI (99.9%): [0.594, 0.606] (assumes normal distribution)

Secondary result "research.skew.AggregationBenchmark.sequential:gc.alloc.rate":
  2778.626 ±(99.9%) 29.119 MB/sec [Average]
  (min, avg, max) = (2733.320, 2778.626, 2818.504), stdev = 27.238
  CI (99.9%): [2749.507, 2807.745] (assumes normal distribution)

Secondary result "research.skew.AggregationBenchmark.sequential:gc.alloc.rate.norm":
  1747852.193 ±(99.9%) 0.049 B/op [Average]
  (min, avg, max) = (1747852.129, 1747852.193, 1747852.279), stdev = 0.046
  CI (99.9%): [1747852.144, 1747852.243] (assumes normal distribution)

Secondary result "research.skew.AggregationBenchmark.sequential:gc.count":
  139.000 ±(99.9%) 0.001 counts [Sum]
  (min, avg, max) = (9.000, 9.267, 10.000), stdev = 0.458
  CI (99.9%): [139.000, 139.000] (assumes normal distribution)

Secondary result "research.skew.AggregationBenchmark.sequential:gc.time":
  62.000 ±(99.9%) 0.001 ms [Sum]
  (min, avg, max) = (3.000, 4.133, 5.000), stdev = 0.640
  CI (99.9%): [62.000, 62.000] (assumes normal distribution)


# JMH version: 1.37
# VM version: JDK 25.0.4.1, OpenJDK 64-Bit Server VM, 25.0.4.1+1-LTS
# VM invoker: /Users/jaehyeon/Library/Java/JavaVirtualMachines/temurin-25.0.4.1/Contents/Home/bin/java
# VM options: -Xms512m -Xmx512m -Djava.util.concurrent.ForkJoinPool.common.parallelism=3
# Blackhole mode: compiler (auto-detected, use -Djmh.blackhole.autoDetect=false to disable)
# Warmup: 5 iterations, 1 s each
# Measurement: 5 iterations, 1 s each
# Timeout: 10 min per iteration
# Threads: 1 thread, will synchronize iterations
# Benchmark mode: Average time, time/op
# Benchmark: research.skew.AggregationBenchmark.sequential
# Parameters: (cardinality = 2048, distribution = hot50, seed = 20260929, size = 100000)

# Run progress: 86.11% complete, ETA 00:02:33
# Fork: 1 of 3
WARNING: A terminally deprecated method in sun.misc.Unsafe has been called
WARNING: sun.misc.Unsafe::objectFieldOffset has been called by org.openjdk.jmh.util.Utils (file:/Users/jaehyeon/Documents/Obsidian%20Vault/2026/04.%ed%98%b8%ec%84%9c%eb%8c%80%ed%95%99%ea%b5%90/11.%ec%b0%a8%ec%84%b8%eb%8c%80%ec%bb%b4%ed%93%a8%ed%8c%85%ed%95%99%ed%9a%8c%eb%85%bc%eb%ac%b8/JavaStream_%ed%82%a4%ed%8e%b8%ed%96%a5/.deps/jmh-core-1.37.jar)
WARNING: Please consider reporting this to the maintainers of class org.openjdk.jmh.util.Utils
WARNING: sun.misc.Unsafe::objectFieldOffset will be removed in a future release
# Warmup Iteration   1: Input: n=100000, keys=2048, observedHotFraction=0.500000, poolParallelism=3, availableProcessors=10
0.655 ms/op
# Warmup Iteration   2: 0.635 ms/op
# Warmup Iteration   3: 0.615 ms/op
# Warmup Iteration   4: 0.581 ms/op
# Warmup Iteration   5: 0.569 ms/op
Iteration   1: 0.570 ms/op
                 gc.alloc.rate:      2925.404 MB/sec
                 gc.alloc.rate.norm: 1747875.980 B/op
                 gc.count:           10.000 counts
                 gc.time:            5.000 ms

Iteration   2: 0.569 ms/op
                 gc.alloc.rate:      2930.602 MB/sec
                 gc.alloc.rate.norm: 1747875.973 B/op
                 gc.count:           9.000 counts
                 gc.time:            4.000 ms

Iteration   3: 0.569 ms/op
                 gc.alloc.rate:      2930.282 MB/sec
                 gc.alloc.rate.norm: 1747875.973 B/op
                 gc.count:           10.000 counts
                 gc.time:            4.000 ms

Iteration   4: 0.569 ms/op
                 gc.alloc.rate:      2929.880 MB/sec
                 gc.alloc.rate.norm: 1747875.973 B/op
                 gc.count:           10.000 counts
                 gc.time:            4.000 ms

Iteration   5: 0.569 ms/op
                 gc.alloc.rate:      2929.511 MB/sec
                 gc.alloc.rate.norm: 1747875.991 B/op
                 gc.count:           10.000 counts
                 gc.time:            4.000 ms


# Run progress: 87.04% complete, ETA 00:02:23
# Fork: 2 of 3
WARNING: A terminally deprecated method in sun.misc.Unsafe has been called
WARNING: sun.misc.Unsafe::objectFieldOffset has been called by org.openjdk.jmh.util.Utils (file:/Users/jaehyeon/Documents/Obsidian%20Vault/2026/04.%ed%98%b8%ec%84%9c%eb%8c%80%ed%95%99%ea%b5%90/11.%ec%b0%a8%ec%84%b8%eb%8c%80%ec%bb%b4%ed%93%a8%ed%8c%85%ed%95%99%ed%9a%8c%eb%85%bc%eb%ac%b8/JavaStream_%ed%82%a4%ed%8e%b8%ed%96%a5/.deps/jmh-core-1.37.jar)
WARNING: Please consider reporting this to the maintainers of class org.openjdk.jmh.util.Utils
WARNING: sun.misc.Unsafe::objectFieldOffset will be removed in a future release
# Warmup Iteration   1: Input: n=100000, keys=2048, observedHotFraction=0.500000, poolParallelism=3, availableProcessors=10
0.654 ms/op
# Warmup Iteration   2: 0.613 ms/op
# Warmup Iteration   3: 0.604 ms/op
# Warmup Iteration   4: 0.576 ms/op
# Warmup Iteration   5: 0.567 ms/op
Iteration   1: 0.567 ms/op
                 gc.alloc.rate:      2938.472 MB/sec
                 gc.alloc.rate.norm: 1747875.960 B/op
                 gc.count:           10.000 counts
                 gc.time:            4.000 ms

Iteration   2: 0.567 ms/op
                 gc.alloc.rate:      2938.198 MB/sec
                 gc.alloc.rate.norm: 1747875.962 B/op
                 gc.count:           9.000 counts
                 gc.time:            4.000 ms

Iteration   3: 0.566 ms/op
                 gc.alloc.rate:      2943.422 MB/sec
                 gc.alloc.rate.norm: 1747875.955 B/op
                 gc.count:           10.000 counts
                 gc.time:            4.000 ms

Iteration   4: 0.568 ms/op
                 gc.alloc.rate:      2936.364 MB/sec
                 gc.alloc.rate.norm: 1747875.964 B/op
                 gc.count:           10.000 counts
                 gc.time:            5.000 ms

Iteration   5: 0.566 ms/op
                 gc.alloc.rate:      2945.758 MB/sec
                 gc.alloc.rate.norm: 1747875.951 B/op
                 gc.count:           9.000 counts
                 gc.time:            4.000 ms


# Run progress: 87.96% complete, ETA 00:02:13
# Fork: 3 of 3
WARNING: A terminally deprecated method in sun.misc.Unsafe has been called
WARNING: sun.misc.Unsafe::objectFieldOffset has been called by org.openjdk.jmh.util.Utils (file:/Users/jaehyeon/Documents/Obsidian%20Vault/2026/04.%ed%98%b8%ec%84%9c%eb%8c%80%ed%95%99%ea%b5%90/11.%ec%b0%a8%ec%84%b8%eb%8c%80%ec%bb%b4%ed%93%a8%ed%8c%85%ed%95%99%ed%9a%8c%eb%85%bc%eb%ac%b8/JavaStream_%ed%82%a4%ed%8e%b8%ed%96%a5/.deps/jmh-core-1.37.jar)
WARNING: Please consider reporting this to the maintainers of class org.openjdk.jmh.util.Utils
WARNING: sun.misc.Unsafe::objectFieldOffset will be removed in a future release
# Warmup Iteration   1: Input: n=100000, keys=2048, observedHotFraction=0.500000, poolParallelism=3, availableProcessors=10
0.658 ms/op
# Warmup Iteration   2: 0.622 ms/op
# Warmup Iteration   3: 0.612 ms/op
# Warmup Iteration   4: 0.582 ms/op
# Warmup Iteration   5: 0.571 ms/op
Iteration   1: 0.571 ms/op
                 gc.alloc.rate:      2917.727 MB/sec
                 gc.alloc.rate.norm: 1747875.989 B/op
                 gc.count:           10.000 counts
                 gc.time:            5.000 ms

Iteration   2: 0.570 ms/op
                 gc.alloc.rate:      2923.680 MB/sec
                 gc.alloc.rate.norm: 1747875.982 B/op
                 gc.count:           10.000 counts
                 gc.time:            4.000 ms

Iteration   3: 0.569 ms/op
                 gc.alloc.rate:      2931.090 MB/sec
                 gc.alloc.rate.norm: 1747875.971 B/op
                 gc.count:           9.000 counts
                 gc.time:            3.000 ms

Iteration   4: 0.569 ms/op
                 gc.alloc.rate:      2928.789 MB/sec
                 gc.alloc.rate.norm: 1747876.002 B/op
                 gc.count:           10.000 counts
                 gc.time:            5.000 ms

Iteration   5: 0.569 ms/op
                 gc.alloc.rate:      2928.197 MB/sec
                 gc.alloc.rate.norm: 1747875.975 B/op
                 gc.count:           10.000 counts
                 gc.time:            4.000 ms



Result "research.skew.AggregationBenchmark.sequential":
  0.568 ±(99.9%) 0.002 ms/op [Average]
  (min, avg, max) = (0.566, 0.568, 0.571), stdev = 0.001
  CI (99.9%): [0.567, 0.570] (assumes normal distribution)

Secondary result "research.skew.AggregationBenchmark.sequential:gc.alloc.rate":
  2931.825 ±(99.9%) 7.961 MB/sec [Average]
  (min, avg, max) = (2917.727, 2931.825, 2945.758), stdev = 7.446
  CI (99.9%): [2923.864, 2939.786] (assumes normal distribution)

Secondary result "research.skew.AggregationBenchmark.sequential:gc.alloc.rate.norm":
  1747875.973 ±(99.9%) 0.015 B/op [Average]
  (min, avg, max) = (1747875.951, 1747875.973, 1747876.002), stdev = 0.014
  CI (99.9%): [1747875.958, 1747875.988] (assumes normal distribution)

Secondary result "research.skew.AggregationBenchmark.sequential:gc.count":
  146.000 ±(99.9%) 0.001 counts [Sum]
  (min, avg, max) = (9.000, 9.733, 10.000), stdev = 0.458
  CI (99.9%): [146.000, 146.000] (assumes normal distribution)

Secondary result "research.skew.AggregationBenchmark.sequential:gc.time":
  63.000 ±(99.9%) 0.001 ms [Sum]
  (min, avg, max) = (3.000, 4.200, 5.000), stdev = 0.561
  CI (99.9%): [63.000, 63.000] (assumes normal distribution)


# JMH version: 1.37
# VM version: JDK 25.0.4.1, OpenJDK 64-Bit Server VM, 25.0.4.1+1-LTS
# VM invoker: /Users/jaehyeon/Library/Java/JavaVirtualMachines/temurin-25.0.4.1/Contents/Home/bin/java
# VM options: -Xms512m -Xmx512m -Djava.util.concurrent.ForkJoinPool.common.parallelism=3
# Blackhole mode: compiler (auto-detected, use -Djmh.blackhole.autoDetect=false to disable)
# Warmup: 5 iterations, 1 s each
# Measurement: 5 iterations, 1 s each
# Timeout: 10 min per iteration
# Threads: 1 thread, will synchronize iterations
# Benchmark mode: Average time, time/op
# Benchmark: research.skew.AggregationBenchmark.sequential
# Parameters: (cardinality = 2048, distribution = hot90, seed = 20260929, size = 100000)

# Run progress: 88.89% complete, ETA 00:02:03
# Fork: 1 of 3
WARNING: A terminally deprecated method in sun.misc.Unsafe has been called
WARNING: sun.misc.Unsafe::objectFieldOffset has been called by org.openjdk.jmh.util.Utils (file:/Users/jaehyeon/Documents/Obsidian%20Vault/2026/04.%ed%98%b8%ec%84%9c%eb%8c%80%ed%95%99%ea%b5%90/11.%ec%b0%a8%ec%84%b8%eb%8c%80%ec%bb%b4%ed%93%a8%ed%8c%85%ed%95%99%ed%9a%8c%eb%85%bc%eb%ac%b8/JavaStream_%ed%82%a4%ed%8e%b8%ed%96%a5/.deps/jmh-core-1.37.jar)
WARNING: Please consider reporting this to the maintainers of class org.openjdk.jmh.util.Utils
WARNING: sun.misc.Unsafe::objectFieldOffset will be removed in a future release
# Warmup Iteration   1: Input: n=100000, keys=2048, observedHotFraction=0.900000, poolParallelism=3, availableProcessors=10
0.639 ms/op
# Warmup Iteration   2: 0.612 ms/op
# Warmup Iteration   3: 0.605 ms/op
# Warmup Iteration   4: 0.568 ms/op
# Warmup Iteration   5: 0.560 ms/op
Iteration   1: 0.559 ms/op
                 gc.alloc.rate:      2980.472 MB/sec
                 gc.alloc.rate.norm: 1747875.905 B/op
                 gc.count:           10.000 counts
                 gc.time:            3.000 ms

Iteration   2: 0.559 ms/op
                 gc.alloc.rate:      2980.299 MB/sec
                 gc.alloc.rate.norm: 1747875.905 B/op
                 gc.count:           10.000 counts
                 gc.time:            4.000 ms

Iteration   3: 0.560 ms/op
                 gc.alloc.rate:      2978.206 MB/sec
                 gc.alloc.rate.norm: 1747875.909 B/op
                 gc.count:           10.000 counts
                 gc.time:            4.000 ms

Iteration   4: 0.559 ms/op
                 gc.alloc.rate:      2980.577 MB/sec
                 gc.alloc.rate.norm: 1747875.905 B/op
                 gc.count:           10.000 counts
                 gc.time:            4.000 ms

Iteration   5: 0.559 ms/op
                 gc.alloc.rate:      2980.645 MB/sec
                 gc.alloc.rate.norm: 1747875.905 B/op
                 gc.count:           9.000 counts
                 gc.time:            3.000 ms


# Run progress: 89.81% complete, ETA 00:01:52
# Fork: 2 of 3
WARNING: A terminally deprecated method in sun.misc.Unsafe has been called
WARNING: sun.misc.Unsafe::objectFieldOffset has been called by org.openjdk.jmh.util.Utils (file:/Users/jaehyeon/Documents/Obsidian%20Vault/2026/04.%ed%98%b8%ec%84%9c%eb%8c%80%ed%95%99%ea%b5%90/11.%ec%b0%a8%ec%84%b8%eb%8c%80%ec%bb%b4%ed%93%a8%ed%8c%85%ed%95%99%ed%9a%8c%eb%85%bc%eb%ac%b8/JavaStream_%ed%82%a4%ed%8e%b8%ed%96%a5/.deps/jmh-core-1.37.jar)
WARNING: Please consider reporting this to the maintainers of class org.openjdk.jmh.util.Utils
WARNING: sun.misc.Unsafe::objectFieldOffset will be removed in a future release
# Warmup Iteration   1: Input: n=100000, keys=2048, observedHotFraction=0.900000, poolParallelism=3, availableProcessors=10
0.619 ms/op
# Warmup Iteration   2: 0.596 ms/op
# Warmup Iteration   3: 0.590 ms/op
# Warmup Iteration   4: 0.561 ms/op
# Warmup Iteration   5: 0.571 ms/op
Iteration   1: 0.592 ms/op
                 gc.alloc.rate:      2816.778 MB/sec
                 gc.alloc.rate.norm: 1747876.131 B/op
                 gc.count:           9.000 counts
                 gc.time:            4.000 ms

Iteration   2: 0.572 ms/op
                 gc.alloc.rate:      2913.910 MB/sec
                 gc.alloc.rate.norm: 1747875.995 B/op
                 gc.count:           10.000 counts
                 gc.time:            4.000 ms

Iteration   3: 0.577 ms/op
                 gc.alloc.rate:      2888.752 MB/sec
                 gc.alloc.rate.norm: 1747876.030 B/op
                 gc.count:           9.000 counts
                 gc.time:            4.000 ms

Iteration   4: 0.557 ms/op
                 gc.alloc.rate:      2991.403 MB/sec
                 gc.alloc.rate.norm: 1747875.892 B/op
                 gc.count:           10.000 counts
                 gc.time:            3.000 ms

Iteration   5: 0.557 ms/op
                 gc.alloc.rate:      2993.998 MB/sec
                 gc.alloc.rate.norm: 1747875.888 B/op
                 gc.count:           10.000 counts
                 gc.time:            4.000 ms


# Run progress: 90.74% complete, ETA 00:01:42
# Fork: 3 of 3
WARNING: A terminally deprecated method in sun.misc.Unsafe has been called
WARNING: sun.misc.Unsafe::objectFieldOffset has been called by org.openjdk.jmh.util.Utils (file:/Users/jaehyeon/Documents/Obsidian%20Vault/2026/04.%ed%98%b8%ec%84%9c%eb%8c%80%ed%95%99%ea%b5%90/11.%ec%b0%a8%ec%84%b8%eb%8c%80%ec%bb%b4%ed%93%a8%ed%8c%85%ed%95%99%ed%9a%8c%eb%85%bc%eb%ac%b8/JavaStream_%ed%82%a4%ed%8e%b8%ed%96%a5/.deps/jmh-core-1.37.jar)
WARNING: Please consider reporting this to the maintainers of class org.openjdk.jmh.util.Utils
WARNING: sun.misc.Unsafe::objectFieldOffset will be removed in a future release
# Warmup Iteration   1: Input: n=100000, keys=2048, observedHotFraction=0.900000, poolParallelism=3, availableProcessors=10
0.625 ms/op
# Warmup Iteration   2: 0.598 ms/op
# Warmup Iteration   3: 0.591 ms/op
# Warmup Iteration   4: 0.562 ms/op
# Warmup Iteration   5: 0.558 ms/op
Iteration   1: 0.557 ms/op
                 gc.alloc.rate:      2990.559 MB/sec
                 gc.alloc.rate.norm: 1747875.892 B/op
                 gc.count:           10.000 counts
                 gc.time:            4.000 ms

Iteration   2: 0.559 ms/op
                 gc.alloc.rate:      2981.511 MB/sec
                 gc.alloc.rate.norm: 1747875.905 B/op
                 gc.count:           10.000 counts
                 gc.time:            4.000 ms

Iteration   3: 0.559 ms/op
                 gc.alloc.rate:      2980.176 MB/sec
                 gc.alloc.rate.norm: 1747875.907 B/op
                 gc.count:           10.000 counts
                 gc.time:            4.000 ms

Iteration   4: 0.560 ms/op
                 gc.alloc.rate:      2978.890 MB/sec
                 gc.alloc.rate.norm: 1747875.907 B/op
                 gc.count:           9.000 counts
                 gc.time:            3.000 ms

Iteration   5: 0.559 ms/op
                 gc.alloc.rate:      2979.133 MB/sec
                 gc.alloc.rate.norm: 1747875.907 B/op
                 gc.count:           10.000 counts
                 gc.time:            4.000 ms



Result "research.skew.AggregationBenchmark.sequential":
  0.563 ±(99.9%) 0.010 ms/op [Average]
  (min, avg, max) = (0.557, 0.563, 0.592), stdev = 0.010
  CI (99.9%): [0.553, 0.573] (assumes normal distribution)

Secondary result "research.skew.AggregationBenchmark.sequential:gc.alloc.rate":
  2961.020 ±(99.9%) 52.976 MB/sec [Average]
  (min, avg, max) = (2816.778, 2961.020, 2993.998), stdev = 49.554
  CI (99.9%): [2908.044, 3013.997] (assumes normal distribution)

Secondary result "research.skew.AggregationBenchmark.sequential:gc.alloc.rate.norm":
  1747875.932 ±(99.9%) 0.073 B/op [Average]
  (min, avg, max) = (1747875.888, 1747875.932, 1747876.131), stdev = 0.068
  CI (99.9%): [1747875.860, 1747876.005] (assumes normal distribution)

Secondary result "research.skew.AggregationBenchmark.sequential:gc.count":
  146.000 ±(99.9%) 0.001 counts [Sum]
  (min, avg, max) = (9.000, 9.733, 10.000), stdev = 0.458
  CI (99.9%): [146.000, 146.000] (assumes normal distribution)

Secondary result "research.skew.AggregationBenchmark.sequential:gc.time":
  56.000 ±(99.9%) 0.001 ms [Sum]
  (min, avg, max) = (3.000, 3.733, 4.000), stdev = 0.458
  CI (99.9%): [56.000, 56.000] (assumes normal distribution)


# JMH version: 1.37
# VM version: JDK 25.0.4.1, OpenJDK 64-Bit Server VM, 25.0.4.1+1-LTS
# VM invoker: /Users/jaehyeon/Library/Java/JavaVirtualMachines/temurin-25.0.4.1/Contents/Home/bin/java
# VM options: -Xms512m -Xmx512m -Djava.util.concurrent.ForkJoinPool.common.parallelism=3
# Blackhole mode: compiler (auto-detected, use -Djmh.blackhole.autoDetect=false to disable)
# Warmup: 5 iterations, 1 s each
# Measurement: 5 iterations, 1 s each
# Timeout: 10 min per iteration
# Threads: 1 thread, will synchronize iterations
# Benchmark mode: Average time, time/op
# Benchmark: research.skew.AggregationBenchmark.sequential
# Parameters: (cardinality = 4096, distribution = uniform, seed = 20260929, size = 100000)

# Run progress: 91.67% complete, ETA 00:01:32
# Fork: 1 of 3
WARNING: A terminally deprecated method in sun.misc.Unsafe has been called
WARNING: sun.misc.Unsafe::objectFieldOffset has been called by org.openjdk.jmh.util.Utils (file:/Users/jaehyeon/Documents/Obsidian%20Vault/2026/04.%ed%98%b8%ec%84%9c%eb%8c%80%ed%95%99%ea%b5%90/11.%ec%b0%a8%ec%84%b8%eb%8c%80%ec%bb%b4%ed%93%a8%ed%8c%85%ed%95%99%ed%9a%8c%eb%85%bc%eb%ac%b8/JavaStream_%ed%82%a4%ed%8e%b8%ed%96%a5/.deps/jmh-core-1.37.jar)
WARNING: Please consider reporting this to the maintainers of class org.openjdk.jmh.util.Utils
WARNING: sun.misc.Unsafe::objectFieldOffset will be removed in a future release
# Warmup Iteration   1: Input: n=100000, keys=4096, observedHotFraction=0.000250, poolParallelism=3, availableProcessors=10
0.715 ms/op
# Warmup Iteration   2: 0.674 ms/op
# Warmup Iteration   3: 0.657 ms/op
# Warmup Iteration   4: 0.668 ms/op
# Warmup Iteration   5: 0.673 ms/op
Iteration   1: 0.672 ms/op
                 gc.alloc.rate:      2690.880 MB/sec
                 gc.alloc.rate.norm: 1895324.691 B/op
                 gc.count:           9.000 counts
                 gc.time:            4.000 ms

Iteration   2: 0.675 ms/op
                 gc.alloc.rate:      2678.153 MB/sec
                 gc.alloc.rate.norm: 1895324.713 B/op
                 gc.count:           9.000 counts
                 gc.time:            4.000 ms

Iteration   3: 0.675 ms/op
                 gc.alloc.rate:      2677.913 MB/sec
                 gc.alloc.rate.norm: 1895324.713 B/op
                 gc.count:           9.000 counts
                 gc.time:            3.000 ms

Iteration   4: 0.675 ms/op
                 gc.alloc.rate:      2676.418 MB/sec
                 gc.alloc.rate.norm: 1895324.717 B/op
                 gc.count:           9.000 counts
                 gc.time:            4.000 ms

Iteration   5: 0.674 ms/op
                 gc.alloc.rate:      2680.536 MB/sec
                 gc.alloc.rate.norm: 1895324.707 B/op
                 gc.count:           8.000 counts
                 gc.time:            4.000 ms


# Run progress: 92.59% complete, ETA 00:01:22
# Fork: 2 of 3
WARNING: A terminally deprecated method in sun.misc.Unsafe has been called
WARNING: sun.misc.Unsafe::objectFieldOffset has been called by org.openjdk.jmh.util.Utils (file:/Users/jaehyeon/Documents/Obsidian%20Vault/2026/04.%ed%98%b8%ec%84%9c%eb%8c%80%ed%95%99%ea%b5%90/11.%ec%b0%a8%ec%84%b8%eb%8c%80%ec%bb%b4%ed%93%a8%ed%8c%85%ed%95%99%ed%9a%8c%eb%85%bc%eb%ac%b8/JavaStream_%ed%82%a4%ed%8e%b8%ed%96%a5/.deps/jmh-core-1.37.jar)
WARNING: Please consider reporting this to the maintainers of class org.openjdk.jmh.util.Utils
WARNING: sun.misc.Unsafe::objectFieldOffset will be removed in a future release
# Warmup Iteration   1: Input: n=100000, keys=4096, observedHotFraction=0.000250, poolParallelism=3, availableProcessors=10
0.707 ms/op
# Warmup Iteration   2: 0.667 ms/op
# Warmup Iteration   3: 0.652 ms/op
# Warmup Iteration   4: 0.664 ms/op
# Warmup Iteration   5: 0.672 ms/op
Iteration   1: 0.672 ms/op
                 gc.alloc.rate:      2689.742 MB/sec
                 gc.alloc.rate.norm: 1895324.691 B/op
                 gc.count:           9.000 counts
                 gc.time:            3.000 ms

Iteration   2: 0.674 ms/op
                 gc.alloc.rate:      2681.269 MB/sec
                 gc.alloc.rate.norm: 1895324.707 B/op
                 gc.count:           9.000 counts
                 gc.time:            4.000 ms

Iteration   3: 0.673 ms/op
                 gc.alloc.rate:      2684.764 MB/sec
                 gc.alloc.rate.norm: 1895324.701 B/op
                 gc.count:           9.000 counts
                 gc.time:            4.000 ms

Iteration   4: 0.673 ms/op
                 gc.alloc.rate:      2684.483 MB/sec
                 gc.alloc.rate.norm: 1895324.701 B/op
                 gc.count:           9.000 counts
                 gc.time:            4.000 ms

Iteration   5: 0.673 ms/op
                 gc.alloc.rate:      2684.588 MB/sec
                 gc.alloc.rate.norm: 1895324.701 B/op
                 gc.count:           9.000 counts
                 gc.time:            4.000 ms


# Run progress: 93.52% complete, ETA 00:01:11
# Fork: 3 of 3
WARNING: A terminally deprecated method in sun.misc.Unsafe has been called
WARNING: sun.misc.Unsafe::objectFieldOffset has been called by org.openjdk.jmh.util.Utils (file:/Users/jaehyeon/Documents/Obsidian%20Vault/2026/04.%ed%98%b8%ec%84%9c%eb%8c%80%ed%95%99%ea%b5%90/11.%ec%b0%a8%ec%84%b8%eb%8c%80%ec%bb%b4%ed%93%a8%ed%8c%85%ed%95%99%ed%9a%8c%eb%85%bc%eb%ac%b8/JavaStream_%ed%82%a4%ed%8e%b8%ed%96%a5/.deps/jmh-core-1.37.jar)
WARNING: Please consider reporting this to the maintainers of class org.openjdk.jmh.util.Utils
WARNING: sun.misc.Unsafe::objectFieldOffset will be removed in a future release
# Warmup Iteration   1: Input: n=100000, keys=4096, observedHotFraction=0.000250, poolParallelism=3, availableProcessors=10
0.694 ms/op
# Warmup Iteration   2: 0.663 ms/op
# Warmup Iteration   3: 0.647 ms/op
# Warmup Iteration   4: 0.668 ms/op
# Warmup Iteration   5: 0.675 ms/op
Iteration   1: 0.673 ms/op
                 gc.alloc.rate:      2685.132 MB/sec
                 gc.alloc.rate.norm: 1895324.698 B/op
                 gc.count:           9.000 counts
                 gc.time:            4.000 ms

Iteration   2: 0.676 ms/op
                 gc.alloc.rate:      2675.025 MB/sec
                 gc.alloc.rate.norm: 1895324.720 B/op
                 gc.count:           8.000 counts
                 gc.time:            3.000 ms

Iteration   3: 0.679 ms/op
                 gc.alloc.rate:      2663.075 MB/sec
                 gc.alloc.rate.norm: 1895324.739 B/op
                 gc.count:           9.000 counts
                 gc.time:            4.000 ms

Iteration   4: 0.677 ms/op
                 gc.alloc.rate:      2669.472 MB/sec
                 gc.alloc.rate.norm: 1895324.729 B/op
                 gc.count:           9.000 counts
                 gc.time:            4.000 ms

Iteration   5: 0.676 ms/op
                 gc.alloc.rate:      2674.057 MB/sec
                 gc.alloc.rate.norm: 1895324.720 B/op
                 gc.count:           9.000 counts
                 gc.time:            4.000 ms



Result "research.skew.AggregationBenchmark.sequential":
  0.674 ±(99.9%) 0.002 ms/op [Average]
  (min, avg, max) = (0.672, 0.674, 0.679), stdev = 0.002
  CI (99.9%): [0.672, 0.676] (assumes normal distribution)

Secondary result "research.skew.AggregationBenchmark.sequential:gc.alloc.rate":
  2679.700 ±(99.9%) 7.990 MB/sec [Average]
  (min, avg, max) = (2663.075, 2679.700, 2690.880), stdev = 7.474
  CI (99.9%): [2671.711, 2687.690] (assumes normal distribution)

Secondary result "research.skew.AggregationBenchmark.sequential:gc.alloc.rate.norm":
  1895324.710 ±(99.9%) 0.014 B/op [Average]
  (min, avg, max) = (1895324.691, 1895324.710, 1895324.739), stdev = 0.014
  CI (99.9%): [1895324.695, 1895324.724] (assumes normal distribution)

Secondary result "research.skew.AggregationBenchmark.sequential:gc.count":
  133.000 ±(99.9%) 0.001 counts [Sum]
  (min, avg, max) = (8.000, 8.867, 9.000), stdev = 0.352
  CI (99.9%): [133.000, 133.000] (assumes normal distribution)

Secondary result "research.skew.AggregationBenchmark.sequential:gc.time":
  57.000 ±(99.9%) 0.001 ms [Sum]
  (min, avg, max) = (3.000, 3.800, 4.000), stdev = 0.414
  CI (99.9%): [57.000, 57.000] (assumes normal distribution)


# JMH version: 1.37
# VM version: JDK 25.0.4.1, OpenJDK 64-Bit Server VM, 25.0.4.1+1-LTS
# VM invoker: /Users/jaehyeon/Library/Java/JavaVirtualMachines/temurin-25.0.4.1/Contents/Home/bin/java
# VM options: -Xms512m -Xmx512m -Djava.util.concurrent.ForkJoinPool.common.parallelism=3
# Blackhole mode: compiler (auto-detected, use -Djmh.blackhole.autoDetect=false to disable)
# Warmup: 5 iterations, 1 s each
# Measurement: 5 iterations, 1 s each
# Timeout: 10 min per iteration
# Threads: 1 thread, will synchronize iterations
# Benchmark mode: Average time, time/op
# Benchmark: research.skew.AggregationBenchmark.sequential
# Parameters: (cardinality = 4096, distribution = hot50, seed = 20260929, size = 100000)

# Run progress: 94.44% complete, ETA 00:01:01
# Fork: 1 of 3
WARNING: A terminally deprecated method in sun.misc.Unsafe has been called
WARNING: sun.misc.Unsafe::objectFieldOffset has been called by org.openjdk.jmh.util.Utils (file:/Users/jaehyeon/Documents/Obsidian%20Vault/2026/04.%ed%98%b8%ec%84%9c%eb%8c%80%ed%95%99%ea%b5%90/11.%ec%b0%a8%ec%84%b8%eb%8c%80%ec%bb%b4%ed%93%a8%ed%8c%85%ed%95%99%ed%9a%8c%eb%85%bc%eb%ac%b8/JavaStream_%ed%82%a4%ed%8e%b8%ed%96%a5/.deps/jmh-core-1.37.jar)
WARNING: Please consider reporting this to the maintainers of class org.openjdk.jmh.util.Utils
WARNING: sun.misc.Unsafe::objectFieldOffset will be removed in a future release
# Warmup Iteration   1: Input: n=100000, keys=4096, observedHotFraction=0.500000, poolParallelism=3, availableProcessors=10
0.680 ms/op
# Warmup Iteration   2: 0.631 ms/op
# Warmup Iteration   3: 0.614 ms/op
# Warmup Iteration   4: 0.623 ms/op
# Warmup Iteration   5: 0.622 ms/op
Iteration   1: 0.622 ms/op
                 gc.alloc.rate:      2907.189 MB/sec
                 gc.alloc.rate.norm: 1895348.342 B/op
                 gc.count:           10.000 counts
                 gc.time:            4.000 ms

Iteration   2: 0.623 ms/op
                 gc.alloc.rate:      2902.454 MB/sec
                 gc.alloc.rate.norm: 1895348.348 B/op
                 gc.count:           9.000 counts
                 gc.time:            4.000 ms

Iteration   3: 0.623 ms/op
                 gc.alloc.rate:      2901.318 MB/sec
                 gc.alloc.rate.norm: 1895348.350 B/op
                 gc.count:           10.000 counts
                 gc.time:            4.000 ms

Iteration   4: 0.623 ms/op
                 gc.alloc.rate:      2902.355 MB/sec
                 gc.alloc.rate.norm: 1895348.348 B/op
                 gc.count:           10.000 counts
                 gc.time:            4.000 ms

Iteration   5: 0.623 ms/op
                 gc.alloc.rate:      2902.011 MB/sec
                 gc.alloc.rate.norm: 1895348.350 B/op
                 gc.count:           9.000 counts
                 gc.time:            4.000 ms


# Run progress: 95.37% complete, ETA 00:00:51
# Fork: 2 of 3
WARNING: A terminally deprecated method in sun.misc.Unsafe has been called
WARNING: sun.misc.Unsafe::objectFieldOffset has been called by org.openjdk.jmh.util.Utils (file:/Users/jaehyeon/Documents/Obsidian%20Vault/2026/04.%ed%98%b8%ec%84%9c%eb%8c%80%ed%95%99%ea%b5%90/11.%ec%b0%a8%ec%84%b8%eb%8c%80%ec%bb%b4%ed%93%a8%ed%8c%85%ed%95%99%ed%9a%8c%eb%85%bc%eb%ac%b8/JavaStream_%ed%82%a4%ed%8e%b8%ed%96%a5/.deps/jmh-core-1.37.jar)
WARNING: Please consider reporting this to the maintainers of class org.openjdk.jmh.util.Utils
WARNING: sun.misc.Unsafe::objectFieldOffset will be removed in a future release
# Warmup Iteration   1: Input: n=100000, keys=4096, observedHotFraction=0.500000, poolParallelism=3, availableProcessors=10
0.656 ms/op
# Warmup Iteration   2: 0.622 ms/op
# Warmup Iteration   3: 0.603 ms/op
# Warmup Iteration   4: 0.624 ms/op
# Warmup Iteration   5: 0.628 ms/op
Iteration   1: 0.629 ms/op
                 gc.alloc.rate:      2873.569 MB/sec
                 gc.alloc.rate.norm: 1895348.394 B/op
                 gc.count:           9.000 counts
                 gc.time:            3.000 ms

Iteration   2: 0.628 ms/op
                 gc.alloc.rate:      2876.586 MB/sec
                 gc.alloc.rate.norm: 1895348.388 B/op
                 gc.count:           10.000 counts
                 gc.time:            5.000 ms

Iteration   3: 0.629 ms/op
                 gc.alloc.rate:      2872.384 MB/sec
                 gc.alloc.rate.norm: 1895348.394 B/op
                 gc.count:           9.000 counts
                 gc.time:            3.000 ms

Iteration   4: 0.629 ms/op
                 gc.alloc.rate:      2874.842 MB/sec
                 gc.alloc.rate.norm: 1895348.391 B/op
                 gc.count:           10.000 counts
                 gc.time:            4.000 ms

Iteration   5: 0.628 ms/op
                 gc.alloc.rate:      2879.527 MB/sec
                 gc.alloc.rate.norm: 1895348.383 B/op
                 gc.count:           9.000 counts
                 gc.time:            4.000 ms


# Run progress: 96.30% complete, ETA 00:00:41
# Fork: 3 of 3
WARNING: A terminally deprecated method in sun.misc.Unsafe has been called
WARNING: sun.misc.Unsafe::objectFieldOffset has been called by org.openjdk.jmh.util.Utils (file:/Users/jaehyeon/Documents/Obsidian%20Vault/2026/04.%ed%98%b8%ec%84%9c%eb%8c%80%ed%95%99%ea%b5%90/11.%ec%b0%a8%ec%84%b8%eb%8c%80%ec%bb%b4%ed%93%a8%ed%8c%85%ed%95%99%ed%9a%8c%eb%85%bc%eb%ac%b8/JavaStream_%ed%82%a4%ed%8e%b8%ed%96%a5/.deps/jmh-core-1.37.jar)
WARNING: Please consider reporting this to the maintainers of class org.openjdk.jmh.util.Utils
WARNING: sun.misc.Unsafe::objectFieldOffset will be removed in a future release
# Warmup Iteration   1: Input: n=100000, keys=4096, observedHotFraction=0.500000, poolParallelism=3, availableProcessors=10
0.666 ms/op
# Warmup Iteration   2: 0.625 ms/op
# Warmup Iteration   3: 0.610 ms/op
# Warmup Iteration   4: 0.622 ms/op
# Warmup Iteration   5: 0.627 ms/op
Iteration   1: 0.624 ms/op
                 gc.alloc.rate:      2894.296 MB/sec
                 gc.alloc.rate.norm: 1895348.361 B/op
                 gc.count:           10.000 counts
                 gc.time:            4.000 ms

Iteration   2: 0.627 ms/op
                 gc.alloc.rate:      2884.036 MB/sec
                 gc.alloc.rate.norm: 1895348.396 B/op
                 gc.count:           10.000 counts
                 gc.time:            4.000 ms

Iteration   3: 0.625 ms/op
                 gc.alloc.rate:      2890.885 MB/sec
                 gc.alloc.rate.norm: 1895348.366 B/op
                 gc.count:           9.000 counts
                 gc.time:            3.000 ms

Iteration   4: 0.627 ms/op
                 gc.alloc.rate:      2881.800 MB/sec
                 gc.alloc.rate.norm: 1895348.380 B/op
                 gc.count:           10.000 counts
                 gc.time:            5.000 ms

Iteration   5: 0.630 ms/op
                 gc.alloc.rate:      2871.045 MB/sec
                 gc.alloc.rate.norm: 1895348.396 B/op
                 gc.count:           9.000 counts
                 gc.time:            3.000 ms



Result "research.skew.AggregationBenchmark.sequential":
  0.626 ±(99.9%) 0.003 ms/op [Average]
  (min, avg, max) = (0.622, 0.626, 0.630), stdev = 0.003
  CI (99.9%): [0.623, 0.629] (assumes normal distribution)

Secondary result "research.skew.AggregationBenchmark.sequential:gc.alloc.rate":
  2887.620 ±(99.9%) 13.914 MB/sec [Average]
  (min, avg, max) = (2871.045, 2887.620, 2907.189), stdev = 13.015
  CI (99.9%): [2873.705, 2901.534] (assumes normal distribution)

Secondary result "research.skew.AggregationBenchmark.sequential:gc.alloc.rate.norm":
  1895348.372 ±(99.9%) 0.022 B/op [Average]
  (min, avg, max) = (1895348.342, 1895348.372, 1895348.396), stdev = 0.021
  CI (99.9%): [1895348.350, 1895348.395] (assumes normal distribution)

Secondary result "research.skew.AggregationBenchmark.sequential:gc.count":
  143.000 ±(99.9%) 0.001 counts [Sum]
  (min, avg, max) = (9.000, 9.533, 10.000), stdev = 0.516
  CI (99.9%): [143.000, 143.000] (assumes normal distribution)

Secondary result "research.skew.AggregationBenchmark.sequential:gc.time":
  58.000 ±(99.9%) 0.001 ms [Sum]
  (min, avg, max) = (3.000, 3.867, 5.000), stdev = 0.640
  CI (99.9%): [58.000, 58.000] (assumes normal distribution)


# JMH version: 1.37
# VM version: JDK 25.0.4.1, OpenJDK 64-Bit Server VM, 25.0.4.1+1-LTS
# VM invoker: /Users/jaehyeon/Library/Java/JavaVirtualMachines/temurin-25.0.4.1/Contents/Home/bin/java
# VM options: -Xms512m -Xmx512m -Djava.util.concurrent.ForkJoinPool.common.parallelism=3
# Blackhole mode: compiler (auto-detected, use -Djmh.blackhole.autoDetect=false to disable)
# Warmup: 5 iterations, 1 s each
# Measurement: 5 iterations, 1 s each
# Timeout: 10 min per iteration
# Threads: 1 thread, will synchronize iterations
# Benchmark mode: Average time, time/op
# Benchmark: research.skew.AggregationBenchmark.sequential
# Parameters: (cardinality = 4096, distribution = hot90, seed = 20260929, size = 100000)

# Run progress: 97.22% complete, ETA 00:00:30
# Fork: 1 of 3
WARNING: A terminally deprecated method in sun.misc.Unsafe has been called
WARNING: sun.misc.Unsafe::objectFieldOffset has been called by org.openjdk.jmh.util.Utils (file:/Users/jaehyeon/Documents/Obsidian%20Vault/2026/04.%ed%98%b8%ec%84%9c%eb%8c%80%ed%95%99%ea%b5%90/11.%ec%b0%a8%ec%84%b8%eb%8c%80%ec%bb%b4%ed%93%a8%ed%8c%85%ed%95%99%ed%9a%8c%eb%85%bc%eb%ac%b8/JavaStream_%ed%82%a4%ed%8e%b8%ed%96%a5/.deps/jmh-core-1.37.jar)
WARNING: Please consider reporting this to the maintainers of class org.openjdk.jmh.util.Utils
WARNING: sun.misc.Unsafe::objectFieldOffset will be removed in a future release
# Warmup Iteration   1: Input: n=100000, keys=4096, observedHotFraction=0.900000, poolParallelism=3, availableProcessors=10
0.692 ms/op
# Warmup Iteration   2: 0.659 ms/op
# Warmup Iteration   3: 0.642 ms/op
# Warmup Iteration   4: 0.624 ms/op
# Warmup Iteration   5: 0.610 ms/op
Iteration   1: 0.609 ms/op
                 gc.alloc.rate:      2967.918 MB/sec
                 gc.alloc.rate.norm: 1895348.253 B/op
                 gc.count:           10.000 counts
                 gc.time:            4.000 ms

Iteration   2: 0.609 ms/op
                 gc.alloc.rate:      2967.541 MB/sec
                 gc.alloc.rate.norm: 1895348.253 B/op
                 gc.count:           10.000 counts
                 gc.time:            4.000 ms

Iteration   3: 0.609 ms/op
                 gc.alloc.rate:      2965.777 MB/sec
                 gc.alloc.rate.norm: 1895348.256 B/op
                 gc.count:           10.000 counts
                 gc.time:            4.000 ms

Iteration   4: 0.611 ms/op
                 gc.alloc.rate:      2960.178 MB/sec
                 gc.alloc.rate.norm: 1895348.263 B/op
                 gc.count:           10.000 counts
                 gc.time:            4.000 ms

Iteration   5: 0.609 ms/op
                 gc.alloc.rate:      2967.347 MB/sec
                 gc.alloc.rate.norm: 1895348.253 B/op
                 gc.count:           9.000 counts
                 gc.time:            4.000 ms


# Run progress: 98.15% complete, ETA 00:00:20
# Fork: 2 of 3
WARNING: A terminally deprecated method in sun.misc.Unsafe has been called
WARNING: sun.misc.Unsafe::objectFieldOffset has been called by org.openjdk.jmh.util.Utils (file:/Users/jaehyeon/Documents/Obsidian%20Vault/2026/04.%ed%98%b8%ec%84%9c%eb%8c%80%ed%95%99%ea%b5%90/11.%ec%b0%a8%ec%84%b8%eb%8c%80%ec%bb%b4%ed%93%a8%ed%8c%85%ed%95%99%ed%9a%8c%eb%85%bc%eb%ac%b8/JavaStream_%ed%82%a4%ed%8e%b8%ed%96%a5/.deps/jmh-core-1.37.jar)
WARNING: Please consider reporting this to the maintainers of class org.openjdk.jmh.util.Utils
WARNING: sun.misc.Unsafe::objectFieldOffset will be removed in a future release
# Warmup Iteration   1: Input: n=100000, keys=4096, observedHotFraction=0.900000, poolParallelism=3, availableProcessors=10
0.685 ms/op
# Warmup Iteration   2: 0.655 ms/op
# Warmup Iteration   3: 0.642 ms/op
# Warmup Iteration   4: 0.624 ms/op
# Warmup Iteration   5: 0.610 ms/op
Iteration   1: 0.609 ms/op
                 gc.alloc.rate:      2967.759 MB/sec
                 gc.alloc.rate.norm: 1895348.253 B/op
                 gc.count:           10.000 counts
                 gc.time:            4.000 ms

Iteration   2: 0.610 ms/op
                 gc.alloc.rate:      2965.078 MB/sec
                 gc.alloc.rate.norm: 1895348.256 B/op
                 gc.count:           10.000 counts
                 gc.time:            4.000 ms

Iteration   3: 0.609 ms/op
                 gc.alloc.rate:      2969.255 MB/sec
                 gc.alloc.rate.norm: 1895348.251 B/op
                 gc.count:           10.000 counts
                 gc.time:            4.000 ms

Iteration   4: 0.609 ms/op
                 gc.alloc.rate:      2969.459 MB/sec
                 gc.alloc.rate.norm: 1895348.251 B/op
                 gc.count:           10.000 counts
                 gc.time:            4.000 ms

Iteration   5: 0.610 ms/op
                 gc.alloc.rate:      2964.342 MB/sec
                 gc.alloc.rate.norm: 1895348.258 B/op
                 gc.count:           10.000 counts
                 gc.time:            4.000 ms


# Run progress: 99.07% complete, ETA 00:00:10
# Fork: 3 of 3
WARNING: A terminally deprecated method in sun.misc.Unsafe has been called
WARNING: sun.misc.Unsafe::objectFieldOffset has been called by org.openjdk.jmh.util.Utils (file:/Users/jaehyeon/Documents/Obsidian%20Vault/2026/04.%ed%98%b8%ec%84%9c%eb%8c%80%ed%95%99%ea%b5%90/11.%ec%b0%a8%ec%84%b8%eb%8c%80%ec%bb%b4%ed%93%a8%ed%8c%85%ed%95%99%ed%9a%8c%eb%85%bc%eb%ac%b8/JavaStream_%ed%82%a4%ed%8e%b8%ed%96%a5/.deps/jmh-core-1.37.jar)
WARNING: Please consider reporting this to the maintainers of class org.openjdk.jmh.util.Utils
WARNING: sun.misc.Unsafe::objectFieldOffset will be removed in a future release
# Warmup Iteration   1: Input: n=100000, keys=4096, observedHotFraction=0.900000, poolParallelism=3, availableProcessors=10
0.690 ms/op
# Warmup Iteration   2: 0.652 ms/op
# Warmup Iteration   3: 0.641 ms/op
# Warmup Iteration   4: 0.622 ms/op
# Warmup Iteration   5: 0.608 ms/op
Iteration   1: 0.607 ms/op
                 gc.alloc.rate:      2975.119 MB/sec
                 gc.alloc.rate.norm: 1895348.243 B/op
                 gc.count:           9.000 counts
                 gc.time:            4.000 ms

Iteration   2: 0.607 ms/op
                 gc.alloc.rate:      2975.236 MB/sec
                 gc.alloc.rate.norm: 1895348.243 B/op
                 gc.count:           10.000 counts
                 gc.time:            4.000 ms

Iteration   3: 0.607 ms/op
                 gc.alloc.rate:      2975.799 MB/sec
                 gc.alloc.rate.norm: 1895348.243 B/op
                 gc.count:           10.000 counts
                 gc.time:            4.000 ms

Iteration   4: 0.609 ms/op
                 gc.alloc.rate:      2966.416 MB/sec
                 gc.alloc.rate.norm: 1895348.256 B/op
                 gc.count:           10.000 counts
                 gc.time:            4.000 ms

Iteration   5: 0.612 ms/op
                 gc.alloc.rate:      2953.761 MB/sec
                 gc.alloc.rate.norm: 1895348.274 B/op
                 gc.count:           10.000 counts
                 gc.time:            4.000 ms



Result "research.skew.AggregationBenchmark.sequential":
  0.609 ±(99.9%) 0.001 ms/op [Average]
  (min, avg, max) = (0.607, 0.609, 0.612), stdev = 0.001
  CI (99.9%): [0.608, 0.610] (assumes normal distribution)

Secondary result "research.skew.AggregationBenchmark.sequential:gc.alloc.rate":
  2967.399 ±(99.9%) 6.102 MB/sec [Average]
  (min, avg, max) = (2953.761, 2967.399, 2975.799), stdev = 5.708
  CI (99.9%): [2961.297, 2973.501] (assumes normal distribution)

Secondary result "research.skew.AggregationBenchmark.sequential:gc.alloc.rate.norm":
  1895348.254 ±(99.9%) 0.009 B/op [Average]
  (min, avg, max) = (1895348.243, 1895348.254, 1895348.274), stdev = 0.008
  CI (99.9%): [1895348.245, 1895348.262] (assumes normal distribution)

Secondary result "research.skew.AggregationBenchmark.sequential:gc.count":
  148.000 ±(99.9%) 0.001 counts [Sum]
  (min, avg, max) = (9.000, 9.867, 10.000), stdev = 0.352
  CI (99.9%): [148.000, 148.000] (assumes normal distribution)

Secondary result "research.skew.AggregationBenchmark.sequential:gc.time":
  60.000 ±(99.9%) 0.001 ms [Sum]
  (min, avg, max) = (4.000, 4.000, 4.000), stdev = 0.001
  CI (99.9%): [60.000, 60.000] (assumes normal distribution)


# Run complete. Total time: 00:18:28

REMEMBER: The numbers below are just data. To gain reusable insights, you need to follow up on
why the numbers are the way they are. Use profilers (see -prof, -lprof), design factorial
experiments, perform baseline and negative tests that provide experimental control, make sure
the benchmarking environment is safe on JVM/OS/HW level, ask for reviews from the domain experts.
Do not assume the numbers tell you what you want them to tell.

NOTE: Current JVM experimentally supports Compiler Blackholes, and they are in use. Please exercise
extra caution when trusting the results, look into the generated code to check the benchmark still
works, and factor in a small probability of new VM bugs. Additionally, while comparisons between
different JVMs are already problematic, the performance difference caused by different Blackhole
modes can be very significant. Please make sure you use the consistent Blackhole mode for comparisons.

Benchmark                                                        (cardinality)  (distribution)    (seed)  (size)  Mode  Cnt        Score      Error   Units
AggregationBenchmark.parallelConcurrent                                   1024         uniform  20260929  100000  avgt   15        1.358 ±    0.007   ms/op
AggregationBenchmark.parallelConcurrent:gc.alloc.rate                     1024         uniform  20260929  100000  avgt   15     1180.401 ±    6.225  MB/sec
AggregationBenchmark.parallelConcurrent:gc.alloc.rate.norm                1024         uniform  20260929  100000  avgt   15  1681589.019 ±   47.569    B/op
AggregationBenchmark.parallelConcurrent:gc.count                          1024         uniform  20260929  100000  avgt   15       60.000             counts
AggregationBenchmark.parallelConcurrent:gc.time                           1024         uniform  20260929  100000  avgt   15       28.000                 ms
AggregationBenchmark.parallelConcurrent                                   1024           hot50  20260929  100000  avgt   15        4.701 ±    0.125   ms/op
AggregationBenchmark.parallelConcurrent:gc.alloc.rate                     1024           hot50  20260929  100000  avgt   15      341.207 ±    9.089  MB/sec
AggregationBenchmark.parallelConcurrent:gc.alloc.rate.norm                1024           hot50  20260929  100000  avgt   15  1681020.928 ±   89.961    B/op
AggregationBenchmark.parallelConcurrent:gc.count                          1024           hot50  20260929  100000  avgt   15       18.000             counts
AggregationBenchmark.parallelConcurrent:gc.time                           1024           hot50  20260929  100000  avgt   15       19.000                 ms
AggregationBenchmark.parallelConcurrent                                   1024           hot90  20260929  100000  avgt   15        7.948 ±    0.445   ms/op
AggregationBenchmark.parallelConcurrent:gc.alloc.rate                     1024           hot90  20260929  100000  avgt   15      203.233 ±   12.088  MB/sec
AggregationBenchmark.parallelConcurrent:gc.alloc.rate.norm                1024           hot90  20260929  100000  avgt   15  1689416.645 ± 1471.426    B/op
AggregationBenchmark.parallelConcurrent:gc.count                          1024           hot90  20260929  100000  avgt   15       11.000             counts
AggregationBenchmark.parallelConcurrent:gc.time                           1024           hot90  20260929  100000  avgt   15       11.000                 ms
AggregationBenchmark.parallelConcurrent                                   2048         uniform  20260929  100000  avgt   15        1.340 ±    0.010   ms/op
AggregationBenchmark.parallelConcurrent:gc.alloc.rate                     2048         uniform  20260929  100000  avgt   15     1251.969 ±    9.091  MB/sec
AggregationBenchmark.parallelConcurrent:gc.alloc.rate.norm                2048         uniform  20260929  100000  avgt   15  1759909.479 ±   35.602    B/op
AggregationBenchmark.parallelConcurrent:gc.count                          2048         uniform  20260929  100000  avgt   15       63.000             counts
AggregationBenchmark.parallelConcurrent:gc.time                           2048         uniform  20260929  100000  avgt   15       32.000                 ms
AggregationBenchmark.parallelConcurrent                                   2048           hot50  20260929  100000  avgt   15        4.540 ±    0.111   ms/op
AggregationBenchmark.parallelConcurrent:gc.alloc.rate                     2048           hot50  20260929  100000  avgt   15      369.689 ±    9.101  MB/sec
AggregationBenchmark.parallelConcurrent:gc.alloc.rate.norm                2048           hot50  20260929  100000  avgt   15  1759255.968 ±  114.311    B/op
AggregationBenchmark.parallelConcurrent:gc.count                          2048           hot50  20260929  100000  avgt   15       18.000             counts
AggregationBenchmark.parallelConcurrent:gc.time                           2048           hot50  20260929  100000  avgt   15       18.000                 ms
AggregationBenchmark.parallelConcurrent                                   2048           hot90  20260929  100000  avgt   15        7.594 ±    0.486   ms/op
AggregationBenchmark.parallelConcurrent:gc.alloc.rate                     2048           hot90  20260929  100000  avgt   15      222.204 ±   15.212  MB/sec
AggregationBenchmark.parallelConcurrent:gc.alloc.rate.norm                2048           hot90  20260929  100000  avgt   15  1763199.060 ± 1098.125    B/op
AggregationBenchmark.parallelConcurrent:gc.count                          2048           hot90  20260929  100000  avgt   15       10.000             counts
AggregationBenchmark.parallelConcurrent:gc.time                           2048           hot90  20260929  100000  avgt   15       10.000                 ms
AggregationBenchmark.parallelConcurrent                                   4096         uniform  20260929  100000  avgt   15        1.343 ±    0.012   ms/op
AggregationBenchmark.parallelConcurrent:gc.alloc.rate                     4096         uniform  20260929  100000  avgt   15     1360.920 ±   12.552  MB/sec
AggregationBenchmark.parallelConcurrent:gc.alloc.rate.norm                4096         uniform  20260929  100000  avgt   15  1916529.320 ±  119.154    B/op
AggregationBenchmark.parallelConcurrent:gc.count                          4096         uniform  20260929  100000  avgt   15       68.000             counts
AggregationBenchmark.parallelConcurrent:gc.time                           4096         uniform  20260929  100000  avgt   15       37.000                 ms
AggregationBenchmark.parallelConcurrent                                   4096           hot50  20260929  100000  avgt   15        4.478 ±    0.036   ms/op
AggregationBenchmark.parallelConcurrent:gc.alloc.rate                     4096           hot50  20260929  100000  avgt   15      408.027 ±    3.266  MB/sec
AggregationBenchmark.parallelConcurrent:gc.alloc.rate.norm                4096           hot50  20260929  100000  avgt   15  1915858.453 ±   38.318    B/op
AggregationBenchmark.parallelConcurrent:gc.count                          4096           hot50  20260929  100000  avgt   15       20.000             counts
AggregationBenchmark.parallelConcurrent:gc.time                           4096           hot50  20260929  100000  avgt   15       22.000                 ms
AggregationBenchmark.parallelConcurrent                                   4096           hot90  20260929  100000  avgt   15        7.850 ±    0.589   ms/op
AggregationBenchmark.parallelConcurrent:gc.alloc.rate                     4096           hot90  20260929  100000  avgt   15      233.971 ±   18.232  MB/sec
AggregationBenchmark.parallelConcurrent:gc.alloc.rate.norm                4096           hot90  20260929  100000  avgt   15  1916793.424 ± 1089.640    B/op
AggregationBenchmark.parallelConcurrent:gc.count                          4096           hot90  20260929  100000  avgt   15       10.000             counts
AggregationBenchmark.parallelConcurrent:gc.time                           4096           hot90  20260929  100000  avgt   15       10.000                 ms
AggregationBenchmark.parallelConcurrentAdder                              1024         uniform  20260929  100000  avgt   15        1.236 ±    0.040   ms/op
AggregationBenchmark.parallelConcurrentAdder:gc.alloc.rate                1024         uniform  20260929  100000  avgt   15     1337.301 ±   40.302  MB/sec
AggregationBenchmark.parallelConcurrentAdder:gc.alloc.rate.norm           1024         uniform  20260929  100000  avgt   15  1732150.331 ±  571.857    B/op
AggregationBenchmark.parallelConcurrentAdder:gc.count                     1024         uniform  20260929  100000  avgt   15       67.000             counts
AggregationBenchmark.parallelConcurrentAdder:gc.time                      1024         uniform  20260929  100000  avgt   15       30.000                 ms
AggregationBenchmark.parallelConcurrentAdder                              1024           hot50  20260929  100000  avgt   15        0.776 ±    0.036   ms/op
AggregationBenchmark.parallelConcurrentAdder:gc.alloc.rate                1024           hot50  20260929  100000  avgt   15     2104.157 ±   99.050  MB/sec
AggregationBenchmark.parallelConcurrentAdder:gc.alloc.rate.norm           1024           hot50  20260929  100000  avgt   15  1709065.802 ±  145.978    B/op
AggregationBenchmark.parallelConcurrentAdder:gc.count                     1024           hot50  20260929  100000  avgt   15      104.000             counts
AggregationBenchmark.parallelConcurrentAdder:gc.time                      1024           hot50  20260929  100000  avgt   15       44.000                 ms
AggregationBenchmark.parallelConcurrentAdder                              1024           hot90  20260929  100000  avgt   15        2.049 ±    0.462   ms/op
AggregationBenchmark.parallelConcurrentAdder:gc.alloc.rate                1024           hot90  20260929  100000  avgt   15      817.740 ±  164.954  MB/sec
AggregationBenchmark.parallelConcurrentAdder:gc.alloc.rate.norm           1024           hot90  20260929  100000  avgt   15  1692946.130 ±  133.579    B/op
AggregationBenchmark.parallelConcurrentAdder:gc.count                     1024           hot90  20260929  100000  avgt   15       42.000             counts
AggregationBenchmark.parallelConcurrentAdder:gc.time                      1024           hot90  20260929  100000  avgt   15       21.000                 ms
AggregationBenchmark.parallelConcurrentAdder                              2048         uniform  20260929  100000  avgt   15        1.199 ±    0.017   ms/op
AggregationBenchmark.parallelConcurrentAdder:gc.alloc.rate                2048         uniform  20260929  100000  avgt   15     1430.827 ±   19.660  MB/sec
AggregationBenchmark.parallelConcurrentAdder:gc.alloc.rate.norm           2048         uniform  20260929  100000  avgt   15  1798418.927 ±  173.439    B/op
AggregationBenchmark.parallelConcurrentAdder:gc.count                     2048         uniform  20260929  100000  avgt   15       71.000             counts
AggregationBenchmark.parallelConcurrentAdder:gc.time                      2048         uniform  20260929  100000  avgt   15       36.000                 ms
AggregationBenchmark.parallelConcurrentAdder                              2048           hot50  20260929  100000  avgt   15        0.807 ±    0.028   ms/op
AggregationBenchmark.parallelConcurrentAdder:gc.alloc.rate                2048           hot50  20260929  100000  avgt   15     2111.896 ±   74.349  MB/sec
AggregationBenchmark.parallelConcurrentAdder:gc.alloc.rate.norm           2048           hot50  20260929  100000  avgt   15  1786217.858 ±  124.432    B/op
AggregationBenchmark.parallelConcurrentAdder:gc.count                     2048           hot50  20260929  100000  avgt   15      105.000             counts
AggregationBenchmark.parallelConcurrentAdder:gc.time                      2048           hot50  20260929  100000  avgt   15       45.000                 ms
AggregationBenchmark.parallelConcurrentAdder                              2048           hot90  20260929  100000  avgt   15        2.599 ±    0.242   ms/op
AggregationBenchmark.parallelConcurrentAdder:gc.alloc.rate                2048           hot90  20260929  100000  avgt   15      657.393 ±   61.953  MB/sec
AggregationBenchmark.parallelConcurrentAdder:gc.alloc.rate.norm           2048           hot90  20260929  100000  avgt   15  1779213.048 ±  109.291    B/op
AggregationBenchmark.parallelConcurrentAdder:gc.count                     2048           hot90  20260929  100000  avgt   15       34.000             counts
AggregationBenchmark.parallelConcurrentAdder:gc.time                      2048           hot90  20260929  100000  avgt   15       22.000                 ms
AggregationBenchmark.parallelConcurrentAdder                              4096         uniform  20260929  100000  avgt   15        1.207 ±    0.018   ms/op
AggregationBenchmark.parallelConcurrentAdder:gc.alloc.rate                4096         uniform  20260929  100000  avgt   15     1547.901 ±   22.903  MB/sec
AggregationBenchmark.parallelConcurrentAdder:gc.alloc.rate.norm           4096         uniform  20260929  100000  avgt   15  1959768.253 ±  151.836    B/op
AggregationBenchmark.parallelConcurrentAdder:gc.count                     4096         uniform  20260929  100000  avgt   15       77.000             counts
AggregationBenchmark.parallelConcurrentAdder:gc.time                      4096         uniform  20260929  100000  avgt   15       39.000                 ms
AggregationBenchmark.parallelConcurrentAdder                              4096           hot50  20260929  100000  avgt   15        0.777 ±    0.010   ms/op
AggregationBenchmark.parallelConcurrentAdder:gc.alloc.rate                4096           hot50  20260929  100000  avgt   15     2397.718 ±   30.230  MB/sec
AggregationBenchmark.parallelConcurrentAdder:gc.alloc.rate.norm           4096           hot50  20260929  100000  avgt   15  1954514.166 ±   55.999    B/op
AggregationBenchmark.parallelConcurrentAdder:gc.count                     4096           hot50  20260929  100000  avgt   15      119.000             counts
AggregationBenchmark.parallelConcurrentAdder:gc.time                      4096           hot50  20260929  100000  avgt   15       55.000                 ms
AggregationBenchmark.parallelConcurrentAdder                              4096           hot90  20260929  100000  avgt   15        0.433 ±    0.003   ms/op
AggregationBenchmark.parallelConcurrentAdder:gc.alloc.rate                4096           hot90  20260929  100000  avgt   15     4304.378 ±   25.002  MB/sec
AggregationBenchmark.parallelConcurrentAdder:gc.alloc.rate.norm           4096           hot90  20260929  100000  avgt   15  1952408.055 ±   39.743    B/op
AggregationBenchmark.parallelConcurrentAdder:gc.count                     4096           hot90  20260929  100000  avgt   15      214.000             counts
AggregationBenchmark.parallelConcurrentAdder:gc.time                      4096           hot90  20260929  100000  avgt   15       91.000                 ms
AggregationBenchmark.parallelMerge                                        1024         uniform  20260929  100000  avgt   15        0.269 ±    0.003   ms/op
AggregationBenchmark.parallelMerge:gc.alloc.rate                          1024         uniform  20260929  100000  avgt   15     9879.136 ±   95.546  MB/sec
AggregationBenchmark.parallelMerge:gc.alloc.rate.norm                     1024         uniform  20260929  100000  avgt   15  2783863.080 ±    0.325    B/op
AggregationBenchmark.parallelMerge:gc.count                               1024         uniform  20260929  100000  avgt   15      493.000             counts
AggregationBenchmark.parallelMerge:gc.time                                1024         uniform  20260929  100000  avgt   15      208.000                 ms
AggregationBenchmark.parallelMerge                                        1024           hot50  20260929  100000  avgt   15        0.271 ±    0.001   ms/op
AggregationBenchmark.parallelMerge:gc.alloc.rate                          1024           hot50  20260929  100000  avgt   15     9716.767 ±   32.133  MB/sec
AggregationBenchmark.parallelMerge:gc.alloc.rate.norm                     1024           hot50  20260929  100000  avgt   15  2756391.876 ±    0.351    B/op
AggregationBenchmark.parallelMerge:gc.count                               1024           hot50  20260929  100000  avgt   15      483.000             counts
AggregationBenchmark.parallelMerge:gc.time                                1024           hot50  20260929  100000  avgt   15      206.000                 ms
AggregationBenchmark.parallelMerge                                        1024           hot90  20260929  100000  avgt   15        0.257 ±    0.010   ms/op
AggregationBenchmark.parallelMerge:gc.alloc.rate                          1024           hot90  20260929  100000  avgt   15     8540.469 ±  330.585  MB/sec
AggregationBenchmark.parallelMerge:gc.alloc.rate.norm                     1024           hot90  20260929  100000  avgt   15  2298963.545 ±    8.921    B/op
AggregationBenchmark.parallelMerge:gc.count                               1024           hot90  20260929  100000  avgt   15      424.000             counts
AggregationBenchmark.parallelMerge:gc.time                                1024           hot90  20260929  100000  avgt   15      173.000                 ms
AggregationBenchmark.parallelMerge                                        2048         uniform  20260929  100000  avgt   15        0.405 ±    0.013   ms/op
AggregationBenchmark.parallelMerge:gc.alloc.rate                          2048         uniform  20260929  100000  avgt   15     9211.054 ±  287.092  MB/sec
AggregationBenchmark.parallelMerge:gc.alloc.rate.norm                     2048         uniform  20260929  100000  avgt   15  3909504.457 ±   10.243    B/op
AggregationBenchmark.parallelMerge:gc.count                               2048         uniform  20260929  100000  avgt   15      458.000             counts
AggregationBenchmark.parallelMerge:gc.time                                2048         uniform  20260929  100000  avgt   15      208.000                 ms
AggregationBenchmark.parallelMerge                                        2048           hot50  20260929  100000  avgt   15        0.399 ±    0.004   ms/op
AggregationBenchmark.parallelMerge:gc.alloc.rate                          2048           hot50  20260929  100000  avgt   15     8804.106 ±   95.766  MB/sec
AggregationBenchmark.parallelMerge:gc.alloc.rate.norm                     2048           hot50  20260929  100000  avgt   15  3683244.695 ±    0.638    B/op
AggregationBenchmark.parallelMerge:gc.count                               2048           hot50  20260929  100000  avgt   15      438.000             counts
AggregationBenchmark.parallelMerge:gc.time                                2048           hot50  20260929  100000  avgt   15      194.000                 ms
AggregationBenchmark.parallelMerge                                        2048           hot90  20260929  100000  avgt   15        0.306 ±    0.002   ms/op
AggregationBenchmark.parallelMerge:gc.alloc.rate                          2048           hot90  20260929  100000  avgt   15     8026.802 ±   54.106  MB/sec
AggregationBenchmark.parallelMerge:gc.alloc.rate.norm                     2048           hot90  20260929  100000  avgt   15  2577110.487 ±    0.152    B/op
AggregationBenchmark.parallelMerge:gc.count                               2048           hot90  20260929  100000  avgt   15      398.000             counts
AggregationBenchmark.parallelMerge:gc.time                                2048           hot90  20260929  100000  avgt   15      161.000                 ms
AggregationBenchmark.parallelMerge                                        4096         uniform  20260929  100000  avgt   15        0.688 ±    0.022   ms/op
AggregationBenchmark.parallelMerge:gc.alloc.rate                          4096         uniform  20260929  100000  avgt   15     7991.839 ±  248.656  MB/sec
AggregationBenchmark.parallelMerge:gc.alloc.rate.norm                     4096         uniform  20260929  100000  avgt   15  5757862.645 ±    1.115    B/op
AggregationBenchmark.parallelMerge:gc.count                               4096         uniform  20260929  100000  avgt   15      398.000             counts
AggregationBenchmark.parallelMerge:gc.time                                4096         uniform  20260929  100000  avgt   15      205.000                 ms
AggregationBenchmark.parallelMerge                                        4096           hot50  20260929  100000  avgt   15        0.636 ±    0.015   ms/op
AggregationBenchmark.parallelMerge:gc.alloc.rate                          4096           hot50  20260929  100000  avgt   15     7144.272 ±  167.401  MB/sec
AggregationBenchmark.parallelMerge:gc.alloc.rate.norm                     4096           hot50  20260929  100000  avgt   15  4760647.051 ±    0.395    B/op
AggregationBenchmark.parallelMerge:gc.count                               4096           hot50  20260929  100000  avgt   15      356.000             counts
AggregationBenchmark.parallelMerge:gc.time                                4096           hot50  20260929  100000  avgt   15      165.000                 ms
AggregationBenchmark.parallelMerge                                        4096           hot90  20260929  100000  avgt   15        0.360 ±    0.002   ms/op
AggregationBenchmark.parallelMerge:gc.alloc.rate                          4096           hot90  20260929  100000  avgt   15     7500.963 ±   31.975  MB/sec
AggregationBenchmark.parallelMerge:gc.alloc.rate.norm                     4096           hot90  20260929  100000  avgt   15  2829236.767 ±    1.054    B/op
AggregationBenchmark.parallelMerge:gc.count                               4096           hot90  20260929  100000  avgt   15      374.000             counts
AggregationBenchmark.parallelMerge:gc.time                                4096           hot90  20260929  100000  avgt   15      157.000                 ms
AggregationBenchmark.sequential                                           1024         uniform  20260929  100000  avgt   15        0.543 ±    0.011   ms/op
AggregationBenchmark.sequential:gc.alloc.rate                             1024         uniform  20260929  100000  avgt   15     2938.231 ±   60.252  MB/sec
AggregationBenchmark.sequential:gc.alloc.rate.norm                        1024         uniform  20260929  100000  avgt   15  1674107.798 ±    0.085    B/op
AggregationBenchmark.sequential:gc.count                                  1024         uniform  20260929  100000  avgt   15      146.000             counts
AggregationBenchmark.sequential:gc.time                                   1024         uniform  20260929  100000  avgt   15       63.000                 ms
AggregationBenchmark.sequential                                           1024           hot50  20260929  100000  avgt   15        0.535 ±    0.002   ms/op
AggregationBenchmark.sequential:gc.alloc.rate                             1024           hot50  20260929  100000  avgt   15     2983.571 ±   10.513  MB/sec
AggregationBenchmark.sequential:gc.alloc.rate.norm                        1024           hot50  20260929  100000  avgt   15  1674131.738 ±    0.015    B/op
AggregationBenchmark.sequential:gc.count                                  1024           hot50  20260929  100000  avgt   15      147.000             counts
AggregationBenchmark.sequential:gc.time                                   1024           hot50  20260929  100000  avgt   15       63.000                 ms
AggregationBenchmark.sequential                                           1024           hot90  20260929  100000  avgt   15        0.534 ±    0.001   ms/op
AggregationBenchmark.sequential:gc.alloc.rate                             1024           hot90  20260929  100000  avgt   15     2990.133 ±    3.773  MB/sec
AggregationBenchmark.sequential:gc.alloc.rate.norm                        1024           hot90  20260929  100000  avgt   15  1674131.730 ±    0.009    B/op
AggregationBenchmark.sequential:gc.count                                  1024           hot90  20260929  100000  avgt   15      149.000             counts
AggregationBenchmark.sequential:gc.time                                   1024           hot90  20260929  100000  avgt   15       59.000                 ms
AggregationBenchmark.sequential                                           2048         uniform  20260929  100000  avgt   15        0.600 ±    0.006   ms/op
AggregationBenchmark.sequential:gc.alloc.rate                             2048         uniform  20260929  100000  avgt   15     2778.626 ±   29.119  MB/sec
AggregationBenchmark.sequential:gc.alloc.rate.norm                        2048         uniform  20260929  100000  avgt   15  1747852.193 ±    0.049    B/op
AggregationBenchmark.sequential:gc.count                                  2048         uniform  20260929  100000  avgt   15      139.000             counts
AggregationBenchmark.sequential:gc.time                                   2048         uniform  20260929  100000  avgt   15       62.000                 ms
AggregationBenchmark.sequential                                           2048           hot50  20260929  100000  avgt   15        0.568 ±    0.002   ms/op
AggregationBenchmark.sequential:gc.alloc.rate                             2048           hot50  20260929  100000  avgt   15     2931.825 ±    7.961  MB/sec
AggregationBenchmark.sequential:gc.alloc.rate.norm                        2048           hot50  20260929  100000  avgt   15  1747875.973 ±    0.015    B/op
AggregationBenchmark.sequential:gc.count                                  2048           hot50  20260929  100000  avgt   15      146.000             counts
AggregationBenchmark.sequential:gc.time                                   2048           hot50  20260929  100000  avgt   15       63.000                 ms
AggregationBenchmark.sequential                                           2048           hot90  20260929  100000  avgt   15        0.563 ±    0.010   ms/op
AggregationBenchmark.sequential:gc.alloc.rate                             2048           hot90  20260929  100000  avgt   15     2961.020 ±   52.976  MB/sec
AggregationBenchmark.sequential:gc.alloc.rate.norm                        2048           hot90  20260929  100000  avgt   15  1747875.932 ±    0.073    B/op
AggregationBenchmark.sequential:gc.count                                  2048           hot90  20260929  100000  avgt   15      146.000             counts
AggregationBenchmark.sequential:gc.time                                   2048           hot90  20260929  100000  avgt   15       56.000                 ms
AggregationBenchmark.sequential                                           4096         uniform  20260929  100000  avgt   15        0.674 ±    0.002   ms/op
AggregationBenchmark.sequential:gc.alloc.rate                             4096         uniform  20260929  100000  avgt   15     2679.700 ±    7.990  MB/sec
AggregationBenchmark.sequential:gc.alloc.rate.norm                        4096         uniform  20260929  100000  avgt   15  1895324.710 ±    0.014    B/op
AggregationBenchmark.sequential:gc.count                                  4096         uniform  20260929  100000  avgt   15      133.000             counts
AggregationBenchmark.sequential:gc.time                                   4096         uniform  20260929  100000  avgt   15       57.000                 ms
AggregationBenchmark.sequential                                           4096           hot50  20260929  100000  avgt   15        0.626 ±    0.003   ms/op
AggregationBenchmark.sequential:gc.alloc.rate                             4096           hot50  20260929  100000  avgt   15     2887.620 ±   13.914  MB/sec
AggregationBenchmark.sequential:gc.alloc.rate.norm                        4096           hot50  20260929  100000  avgt   15  1895348.372 ±    0.022    B/op
AggregationBenchmark.sequential:gc.count                                  4096           hot50  20260929  100000  avgt   15      143.000             counts
AggregationBenchmark.sequential:gc.time                                   4096           hot50  20260929  100000  avgt   15       58.000                 ms
AggregationBenchmark.sequential                                           4096           hot90  20260929  100000  avgt   15        0.609 ±    0.001   ms/op
AggregationBenchmark.sequential:gc.alloc.rate                             4096           hot90  20260929  100000  avgt   15     2967.399 ±    6.102  MB/sec
AggregationBenchmark.sequential:gc.alloc.rate.norm                        4096           hot90  20260929  100000  avgt   15  1895348.254 ±    0.009    B/op
AggregationBenchmark.sequential:gc.count                                  4096           hot90  20260929  100000  avgt   15      148.000             counts
AggregationBenchmark.sequential:gc.time                                   4096           hot90  20260929  100000  avgt   15       60.000                 ms

Benchmark result is saved to results/full-20260929T154114Z.5YEp8Z/jmh.json
