WARNING: A terminally deprecated method in sun.misc.Unsafe has been called
WARNING: sun.misc.Unsafe::objectFieldOffset has been called by org.openjdk.jmh.util.Utils (file:/Users/jaehyeon/Documents/Obsidian%20Vault/2026/04.%ed%98%b8%ec%84%9c%eb%8c%80%ed%95%99%ea%b5%90/11.%ec%b0%a8%ec%84%b8%eb%8c%80%ec%bb%b4%ed%93%a8%ed%8c%85%ed%95%99%ed%9a%8c%eb%85%bc%eb%ac%b8/JavaStream_%ed%82%a4%ed%8e%b8%ed%96%a5/.deps/jmh-core-1.37.jar)
WARNING: Please consider reporting this to the maintainers of class org.openjdk.jmh.util.Utils
WARNING: sun.misc.Unsafe::objectFieldOffset will be removed in a future release
# JMH version: 1.37
# VM version: JDK 25.0.4.1, OpenJDK 64-Bit Server VM, 25.0.4.1+1-LTS
# VM invoker: /Users/jaehyeon/Library/Java/JavaVirtualMachines/temurin-25.0.4.1/Contents/Home/bin/java
# VM options: -Xms512m -Xmx512m -Djava.util.concurrent.ForkJoinPool.common.parallelism=3
# Blackhole mode: compiler (auto-detected, use -Djmh.blackhole.autoDetect=false to disable)
# Warmup: 5 iterations, 1 s each
# Measurement: 5 iterations, 1 s each
# Timeout: 10 min per iteration
# Threads: 1 thread, will synchronize iterations
# Benchmark mode: Average time, time/op
# Benchmark: research.skew.AggregationBenchmark.parallelConcurrent
# Parameters: (cardinality = 256, distribution = uniform, seed = 20260929, size = 10000)

# Run progress: 0.00% complete, ETA 00:13:30
# Fork: 1 of 3
WARNING: A terminally deprecated method in sun.misc.Unsafe has been called
WARNING: sun.misc.Unsafe::objectFieldOffset has been called by org.openjdk.jmh.util.Utils (file:/Users/jaehyeon/Documents/Obsidian%20Vault/2026/04.%ed%98%b8%ec%84%9c%eb%8c%80%ed%95%99%ea%b5%90/11.%ec%b0%a8%ec%84%b8%eb%8c%80%ec%bb%b4%ed%93%a8%ed%8c%85%ed%95%99%ed%9a%8c%eb%85%bc%eb%ac%b8/JavaStream_%ed%82%a4%ed%8e%b8%ed%96%a5/.deps/jmh-core-1.37.jar)
WARNING: Please consider reporting this to the maintainers of class org.openjdk.jmh.util.Utils
WARNING: sun.misc.Unsafe::objectFieldOffset will be removed in a future release
# Warmup Iteration   1: Input: n=10000, keys=256, observedHotFraction=0.004000, poolParallelism=3, availableProcessors=10
0.138 ms/op
# Warmup Iteration   2: 0.131 ms/op
# Warmup Iteration   3: 0.130 ms/op
# Warmup Iteration   4: 0.130 ms/op
# Warmup Iteration   5: 0.130 ms/op
Iteration   1: 0.130 ms/op
                 gc.alloc.rate:      1391.324 MB/sec
                 gc.alloc.rate.norm: 188967.139 B/op
                 gc.count:           5.000 counts
                 gc.time:            2.000 ms

Iteration   2: 0.130 ms/op
                 gc.alloc.rate:      1381.002 MB/sec
                 gc.alloc.rate.norm: 188959.449 B/op
                 gc.count:           5.000 counts
                 gc.time:            2.000 ms

Iteration   3: 0.130 ms/op
                 gc.alloc.rate:      1381.095 MB/sec
                 gc.alloc.rate.norm: 188966.181 B/op
                 gc.count:           4.000 counts
                 gc.time:            2.000 ms

Iteration   4: 0.130 ms/op
                 gc.alloc.rate:      1387.516 MB/sec
                 gc.alloc.rate.norm: 189021.886 B/op
                 gc.count:           5.000 counts
                 gc.time:            2.000 ms

Iteration   5: 0.130 ms/op
                 gc.alloc.rate:      1381.633 MB/sec
                 gc.alloc.rate.norm: 189027.715 B/op
                 gc.count:           4.000 counts
                 gc.time:            1.000 ms


# Run progress: 1.23% complete, ETA 00:13:35
# Fork: 2 of 3
WARNING: A terminally deprecated method in sun.misc.Unsafe has been called
WARNING: sun.misc.Unsafe::objectFieldOffset has been called by org.openjdk.jmh.util.Utils (file:/Users/jaehyeon/Documents/Obsidian%20Vault/2026/04.%ed%98%b8%ec%84%9c%eb%8c%80%ed%95%99%ea%b5%90/11.%ec%b0%a8%ec%84%b8%eb%8c%80%ec%bb%b4%ed%93%a8%ed%8c%85%ed%95%99%ed%9a%8c%eb%85%bc%eb%ac%b8/JavaStream_%ed%82%a4%ed%8e%b8%ed%96%a5/.deps/jmh-core-1.37.jar)
WARNING: Please consider reporting this to the maintainers of class org.openjdk.jmh.util.Utils
WARNING: sun.misc.Unsafe::objectFieldOffset will be removed in a future release
# Warmup Iteration   1: Input: n=10000, keys=256, observedHotFraction=0.004000, poolParallelism=3, availableProcessors=10
0.136 ms/op
# Warmup Iteration   2: 0.137 ms/op
# Warmup Iteration   3: 0.128 ms/op
# Warmup Iteration   4: 0.127 ms/op
# Warmup Iteration   5: 0.127 ms/op
Iteration   1: 0.126 ms/op
                 gc.alloc.rate:      1429.131 MB/sec
                 gc.alloc.rate.norm: 189021.983 B/op
                 gc.count:           4.000 counts
                 gc.time:            2.000 ms

Iteration   2: 0.126 ms/op
                 gc.alloc.rate:      1430.367 MB/sec
                 gc.alloc.rate.norm: 189051.001 B/op
                 gc.count:           5.000 counts
                 gc.time:            2.000 ms

Iteration   3: 0.127 ms/op
                 gc.alloc.rate:      1417.369 MB/sec
                 gc.alloc.rate.norm: 188937.049 B/op
                 gc.count:           5.000 counts
                 gc.time:            2.000 ms

Iteration   4: 0.132 ms/op
                 gc.alloc.rate:      1364.932 MB/sec
                 gc.alloc.rate.norm: 188647.093 B/op
                 gc.count:           4.000 counts
                 gc.time:            2.000 ms

Iteration   5: 0.135 ms/op
                 gc.alloc.rate:      1335.051 MB/sec
                 gc.alloc.rate.norm: 188951.154 B/op
                 gc.count:           5.000 counts
                 gc.time:            2.000 ms


# Run progress: 2.47% complete, ETA 00:13:24
# Fork: 3 of 3
WARNING: A terminally deprecated method in sun.misc.Unsafe has been called
WARNING: sun.misc.Unsafe::objectFieldOffset has been called by org.openjdk.jmh.util.Utils (file:/Users/jaehyeon/Documents/Obsidian%20Vault/2026/04.%ed%98%b8%ec%84%9c%eb%8c%80%ed%95%99%ea%b5%90/11.%ec%b0%a8%ec%84%b8%eb%8c%80%ec%bb%b4%ed%93%a8%ed%8c%85%ed%95%99%ed%9a%8c%eb%85%bc%eb%ac%b8/JavaStream_%ed%82%a4%ed%8e%b8%ed%96%a5/.deps/jmh-core-1.37.jar)
WARNING: Please consider reporting this to the maintainers of class org.openjdk.jmh.util.Utils
WARNING: sun.misc.Unsafe::objectFieldOffset will be removed in a future release
# Warmup Iteration   1: Input: n=10000, keys=256, observedHotFraction=0.004000, poolParallelism=3, availableProcessors=10
0.135 ms/op
# Warmup Iteration   2: 0.129 ms/op
# Warmup Iteration   3: 0.126 ms/op
# Warmup Iteration   4: 0.127 ms/op
# Warmup Iteration   5: 0.126 ms/op
Iteration   1: 0.127 ms/op
                 gc.alloc.rate:      1416.318 MB/sec
                 gc.alloc.rate.norm: 188066.156 B/op
                 gc.count:           5.000 counts
                 gc.time:            2.000 ms

Iteration   2: 0.126 ms/op
                 gc.alloc.rate:      1422.395 MB/sec
                 gc.alloc.rate.norm: 188085.625 B/op
                 gc.count:           4.000 counts
                 gc.time:            2.000 ms

Iteration   3: 0.126 ms/op
                 gc.alloc.rate:      1420.718 MB/sec
                 gc.alloc.rate.norm: 188106.260 B/op
                 gc.count:           5.000 counts
                 gc.time:            2.000 ms

Iteration   4: 0.127 ms/op
                 gc.alloc.rate:      1417.426 MB/sec
                 gc.alloc.rate.norm: 188187.744 B/op
                 gc.count:           5.000 counts
                 gc.time:            2.000 ms

Iteration   5: 0.127 ms/op
                 gc.alloc.rate:      1416.180 MB/sec
                 gc.alloc.rate.norm: 188188.723 B/op
                 gc.count:           4.000 counts
                 gc.time:            2.000 ms



Result "research.skew.AggregationBenchmark.parallelConcurrent":
  0.129 ±(99.9%) 0.003 ms/op [Average]
  (min, avg, max) = (0.126, 0.129, 0.135), stdev = 0.003
  CI (99.9%): [0.126, 0.131] (assumes normal distribution)

Secondary result "research.skew.AggregationBenchmark.parallelConcurrent:gc.alloc.rate":
  1399.497 ±(99.9%) 29.369 MB/sec [Average]
  (min, avg, max) = (1335.051, 1399.497, 1430.367), stdev = 27.472
  CI (99.9%): [1370.128, 1428.867] (assumes normal distribution)

Secondary result "research.skew.AggregationBenchmark.parallelConcurrent:gc.alloc.rate.norm":
  188679.010 ±(99.9%) 444.329 B/op [Average]
  (min, avg, max) = (188066.156, 188679.010, 189051.001), stdev = 415.626
  CI (99.9%): [188234.681, 189123.339] (assumes normal distribution)

Secondary result "research.skew.AggregationBenchmark.parallelConcurrent:gc.count":
  69.000 ±(99.9%) 0.001 counts [Sum]
  (min, avg, max) = (4.000, 4.600, 5.000), stdev = 0.507
  CI (99.9%): [69.000, 69.000] (assumes normal distribution)

Secondary result "research.skew.AggregationBenchmark.parallelConcurrent:gc.time":
  29.000 ±(99.9%) 0.001 ms [Sum]
  (min, avg, max) = (1.000, 1.933, 2.000), stdev = 0.258
  CI (99.9%): [29.000, 29.000] (assumes normal distribution)


# JMH version: 1.37
# VM version: JDK 25.0.4.1, OpenJDK 64-Bit Server VM, 25.0.4.1+1-LTS
# VM invoker: /Users/jaehyeon/Library/Java/JavaVirtualMachines/temurin-25.0.4.1/Contents/Home/bin/java
# VM options: -Xms512m -Xmx512m -Djava.util.concurrent.ForkJoinPool.common.parallelism=3
# Blackhole mode: compiler (auto-detected, use -Djmh.blackhole.autoDetect=false to disable)
# Warmup: 5 iterations, 1 s each
# Measurement: 5 iterations, 1 s each
# Timeout: 10 min per iteration
# Threads: 1 thread, will synchronize iterations
# Benchmark mode: Average time, time/op
# Benchmark: research.skew.AggregationBenchmark.parallelConcurrent
# Parameters: (cardinality = 256, distribution = uniform, seed = 20260929, size = 100000)

# Run progress: 3.70% complete, ETA 00:13:14
# Fork: 1 of 3
WARNING: A terminally deprecated method in sun.misc.Unsafe has been called
WARNING: sun.misc.Unsafe::objectFieldOffset has been called by org.openjdk.jmh.util.Utils (file:/Users/jaehyeon/Documents/Obsidian%20Vault/2026/04.%ed%98%b8%ec%84%9c%eb%8c%80%ed%95%99%ea%b5%90/11.%ec%b0%a8%ec%84%b8%eb%8c%80%ec%bb%b4%ed%93%a8%ed%8c%85%ed%95%99%ed%9a%8c%eb%85%bc%eb%ac%b8/JavaStream_%ed%82%a4%ed%8e%b8%ed%96%a5/.deps/jmh-core-1.37.jar)
WARNING: Please consider reporting this to the maintainers of class org.openjdk.jmh.util.Utils
WARNING: sun.misc.Unsafe::objectFieldOffset will be removed in a future release
# Warmup Iteration   1: Input: n=100000, keys=256, observedHotFraction=0.003910, poolParallelism=3, availableProcessors=10
1.122 ms/op
# Warmup Iteration   2: 1.100 ms/op
# Warmup Iteration   3: 1.078 ms/op
# Warmup Iteration   4: 1.080 ms/op
# Warmup Iteration   5: 1.075 ms/op
Iteration   1: 1.093 ms/op
                 gc.alloc.rate:      1425.536 MB/sec
                 gc.alloc.rate.norm: 1633725.380 B/op
                 gc.count:           5.000 counts
                 gc.time:            2.000 ms

Iteration   2: 1.081 ms/op
                 gc.alloc.rate:      1441.802 MB/sec
                 gc.alloc.rate.norm: 1633772.331 B/op
                 gc.count:           5.000 counts
                 gc.time:            3.000 ms

Iteration   3: 1.077 ms/op
                 gc.alloc.rate:      1446.958 MB/sec
                 gc.alloc.rate.norm: 1633790.210 B/op
                 gc.count:           5.000 counts
                 gc.time:            2.000 ms

Iteration   4: 1.072 ms/op
                 gc.alloc.rate:      1452.956 MB/sec
                 gc.alloc.rate.norm: 1633810.006 B/op
                 gc.count:           5.000 counts
                 gc.time:            2.000 ms

Iteration   5: 1.083 ms/op
                 gc.alloc.rate:      1438.265 MB/sec
                 gc.alloc.rate.norm: 1633742.043 B/op
                 gc.count:           4.000 counts
                 gc.time:            2.000 ms


# Run progress: 4.94% complete, ETA 00:13:04
# Fork: 2 of 3
WARNING: A terminally deprecated method in sun.misc.Unsafe has been called
WARNING: sun.misc.Unsafe::objectFieldOffset has been called by org.openjdk.jmh.util.Utils (file:/Users/jaehyeon/Documents/Obsidian%20Vault/2026/04.%ed%98%b8%ec%84%9c%eb%8c%80%ed%95%99%ea%b5%90/11.%ec%b0%a8%ec%84%b8%eb%8c%80%ec%bb%b4%ed%93%a8%ed%8c%85%ed%95%99%ed%9a%8c%eb%85%bc%eb%ac%b8/JavaStream_%ed%82%a4%ed%8e%b8%ed%96%a5/.deps/jmh-core-1.37.jar)
WARNING: Please consider reporting this to the maintainers of class org.openjdk.jmh.util.Utils
WARNING: sun.misc.Unsafe::objectFieldOffset will be removed in a future release
# Warmup Iteration   1: Input: n=100000, keys=256, observedHotFraction=0.003910, poolParallelism=3, availableProcessors=10
1.130 ms/op
# Warmup Iteration   2: 1.093 ms/op
# Warmup Iteration   3: 1.080 ms/op
# Warmup Iteration   4: 1.079 ms/op
# Warmup Iteration   5: 1.080 ms/op
Iteration   1: 1.080 ms/op
                 gc.alloc.rate:      1442.805 MB/sec
                 gc.alloc.rate.norm: 1633994.586 B/op
                 gc.count:           5.000 counts
                 gc.time:            2.000 ms

Iteration   2: 1.078 ms/op
                 gc.alloc.rate:      1445.388 MB/sec
                 gc.alloc.rate.norm: 1634137.312 B/op
                 gc.count:           5.000 counts
                 gc.time:            2.000 ms

Iteration   3: 1.081 ms/op
                 gc.alloc.rate:      1441.935 MB/sec
                 gc.alloc.rate.norm: 1634257.590 B/op
                 gc.count:           5.000 counts
                 gc.time:            2.000 ms

Iteration   4: 1.076 ms/op
                 gc.alloc.rate:      1448.792 MB/sec
                 gc.alloc.rate.norm: 1634111.675 B/op
                 gc.count:           5.000 counts
                 gc.time:            3.000 ms

Iteration   5: 1.080 ms/op
                 gc.alloc.rate:      1442.551 MB/sec
                 gc.alloc.rate.norm: 1634042.810 B/op
                 gc.count:           4.000 counts
                 gc.time:            1.000 ms


# Run progress: 6.17% complete, ETA 00:12:54
# Fork: 3 of 3
WARNING: A terminally deprecated method in sun.misc.Unsafe has been called
WARNING: sun.misc.Unsafe::objectFieldOffset has been called by org.openjdk.jmh.util.Utils (file:/Users/jaehyeon/Documents/Obsidian%20Vault/2026/04.%ed%98%b8%ec%84%9c%eb%8c%80%ed%95%99%ea%b5%90/11.%ec%b0%a8%ec%84%b8%eb%8c%80%ec%bb%b4%ed%93%a8%ed%8c%85%ed%95%99%ed%9a%8c%eb%85%bc%eb%ac%b8/JavaStream_%ed%82%a4%ed%8e%b8%ed%96%a5/.deps/jmh-core-1.37.jar)
WARNING: Please consider reporting this to the maintainers of class org.openjdk.jmh.util.Utils
WARNING: sun.misc.Unsafe::objectFieldOffset will be removed in a future release
# Warmup Iteration   1: Input: n=100000, keys=256, observedHotFraction=0.003910, poolParallelism=3, availableProcessors=10
1.147 ms/op
# Warmup Iteration   2: 1.090 ms/op
# Warmup Iteration   3: 1.102 ms/op
# Warmup Iteration   4: 1.079 ms/op
# Warmup Iteration   5: 1.098 ms/op
Iteration   1: 1.079 ms/op
                 gc.alloc.rate:      1443.105 MB/sec
                 gc.alloc.rate.norm: 1633526.687 B/op
                 gc.count:           5.000 counts
                 gc.time:            2.000 ms

Iteration   2: 1.079 ms/op
                 gc.alloc.rate:      1444.019 MB/sec
                 gc.alloc.rate.norm: 1633465.296 B/op
                 gc.count:           5.000 counts
                 gc.time:            3.000 ms

Iteration   3: 1.082 ms/op
                 gc.alloc.rate:      1439.053 MB/sec
                 gc.alloc.rate.norm: 1633499.970 B/op
                 gc.count:           5.000 counts
                 gc.time:            2.000 ms

Iteration   4: 1.092 ms/op
                 gc.alloc.rate:      1426.750 MB/sec
                 gc.alloc.rate.norm: 1633458.458 B/op
                 gc.count:           4.000 counts
                 gc.time:            1.000 ms

Iteration   5: 1.086 ms/op
                 gc.alloc.rate:      1433.855 MB/sec
                 gc.alloc.rate.norm: 1633545.382 B/op
                 gc.count:           5.000 counts
                 gc.time:            3.000 ms



Result "research.skew.AggregationBenchmark.parallelConcurrent":
  1.081 ±(99.9%) 0.006 ms/op [Average]
  (min, avg, max) = (1.072, 1.081, 1.093), stdev = 0.006
  CI (99.9%): [1.075, 1.087] (assumes normal distribution)

Secondary result "research.skew.AggregationBenchmark.parallelConcurrent:gc.alloc.rate":
  1440.918 ±(99.9%) 7.998 MB/sec [Average]
  (min, avg, max) = (1425.536, 1440.918, 1452.956), stdev = 7.481
  CI (99.9%): [1432.920, 1448.916] (assumes normal distribution)

Secondary result "research.skew.AggregationBenchmark.parallelConcurrent:gc.alloc.rate.norm":
  1633791.982 ±(99.9%) 283.464 B/op [Average]
  (min, avg, max) = (1633458.458, 1633791.982, 1634257.590), stdev = 265.152
  CI (99.9%): [1633508.518, 1634075.446] (assumes normal distribution)

Secondary result "research.skew.AggregationBenchmark.parallelConcurrent:gc.count":
  72.000 ±(99.9%) 0.001 counts [Sum]
  (min, avg, max) = (4.000, 4.800, 5.000), stdev = 0.414
  CI (99.9%): [72.000, 72.000] (assumes normal distribution)

Secondary result "research.skew.AggregationBenchmark.parallelConcurrent:gc.time":
  32.000 ±(99.9%) 0.001 ms [Sum]
  (min, avg, max) = (1.000, 2.133, 3.000), stdev = 0.640
  CI (99.9%): [32.000, 32.000] (assumes normal distribution)


# JMH version: 1.37
# VM version: JDK 25.0.4.1, OpenJDK 64-Bit Server VM, 25.0.4.1+1-LTS
# VM invoker: /Users/jaehyeon/Library/Java/JavaVirtualMachines/temurin-25.0.4.1/Contents/Home/bin/java
# VM options: -Xms512m -Xmx512m -Djava.util.concurrent.ForkJoinPool.common.parallelism=3
# Blackhole mode: compiler (auto-detected, use -Djmh.blackhole.autoDetect=false to disable)
# Warmup: 5 iterations, 1 s each
# Measurement: 5 iterations, 1 s each
# Timeout: 10 min per iteration
# Threads: 1 thread, will synchronize iterations
# Benchmark mode: Average time, time/op
# Benchmark: research.skew.AggregationBenchmark.parallelConcurrent
# Parameters: (cardinality = 256, distribution = uniform, seed = 20260929, size = 1000000)

# Run progress: 7.41% complete, ETA 00:12:44
# Fork: 1 of 3
WARNING: A terminally deprecated method in sun.misc.Unsafe has been called
WARNING: sun.misc.Unsafe::objectFieldOffset has been called by org.openjdk.jmh.util.Utils (file:/Users/jaehyeon/Documents/Obsidian%20Vault/2026/04.%ed%98%b8%ec%84%9c%eb%8c%80%ed%95%99%ea%b5%90/11.%ec%b0%a8%ec%84%b8%eb%8c%80%ec%bb%b4%ed%93%a8%ed%8c%85%ed%95%99%ed%9a%8c%eb%85%bc%eb%ac%b8/JavaStream_%ed%82%a4%ed%8e%b8%ed%96%a5/.deps/jmh-core-1.37.jar)
WARNING: Please consider reporting this to the maintainers of class org.openjdk.jmh.util.Utils
WARNING: sun.misc.Unsafe::objectFieldOffset will be removed in a future release
# Warmup Iteration   1: Input: n=1000000, keys=256, observedHotFraction=0.003907, poolParallelism=3, availableProcessors=10
12.656 ms/op
# Warmup Iteration   2: 12.285 ms/op
# Warmup Iteration   3: 12.327 ms/op
# Warmup Iteration   4: 12.111 ms/op
# Warmup Iteration   5: 12.219 ms/op
Iteration   1: 12.480 ms/op
                 gc.alloc.rate:      1225.164 MB/sec
                 gc.alloc.rate.norm: 16034818.963 B/op
                 gc.count:           4.000 counts
                 gc.time:            1.000 ms

Iteration   2: 12.341 ms/op
                 gc.alloc.rate:      1238.900 MB/sec
                 gc.alloc.rate.norm: 16034329.561 B/op
                 gc.count:           4.000 counts
                 gc.time:            2.000 ms

Iteration   3: 12.216 ms/op
                 gc.alloc.rate:      1251.668 MB/sec
                 gc.alloc.rate.norm: 16034641.349 B/op
                 gc.count:           4.000 counts
                 gc.time:            2.000 ms

Iteration   4: 12.222 ms/op
                 gc.alloc.rate:      1251.026 MB/sec
                 gc.alloc.rate.norm: 16034889.928 B/op
                 gc.count:           5.000 counts
                 gc.time:            2.000 ms

Iteration   5: 11.984 ms/op
                 gc.alloc.rate:      1275.790 MB/sec
                 gc.alloc.rate.norm: 16034574.857 B/op
                 gc.count:           4.000 counts
                 gc.time:            1.000 ms


# Run progress: 8.64% complete, ETA 00:12:35
# Fork: 2 of 3
WARNING: A terminally deprecated method in sun.misc.Unsafe has been called
WARNING: sun.misc.Unsafe::objectFieldOffset has been called by org.openjdk.jmh.util.Utils (file:/Users/jaehyeon/Documents/Obsidian%20Vault/2026/04.%ed%98%b8%ec%84%9c%eb%8c%80%ed%95%99%ea%b5%90/11.%ec%b0%a8%ec%84%b8%eb%8c%80%ec%bb%b4%ed%93%a8%ed%8c%85%ed%95%99%ed%9a%8c%eb%85%bc%eb%ac%b8/JavaStream_%ed%82%a4%ed%8e%b8%ed%96%a5/.deps/jmh-core-1.37.jar)
WARNING: Please consider reporting this to the maintainers of class org.openjdk.jmh.util.Utils
WARNING: sun.misc.Unsafe::objectFieldOffset will be removed in a future release
# Warmup Iteration   1: Input: n=1000000, keys=256, observedHotFraction=0.003907, poolParallelism=3, availableProcessors=10
12.981 ms/op
# Warmup Iteration   2: 12.351 ms/op
# Warmup Iteration   3: 12.245 ms/op
# Warmup Iteration   4: 12.575 ms/op
# Warmup Iteration   5: 12.352 ms/op
Iteration   1: 12.218 ms/op
                 gc.alloc.rate:      1251.428 MB/sec
                 gc.alloc.rate.norm: 16034863.133 B/op
                 gc.count:           4.000 counts
                 gc.time:            2.000 ms

Iteration   2: 12.062 ms/op
                 gc.alloc.rate:      1267.600 MB/sec
                 gc.alloc.rate.norm: 16034812.476 B/op
                 gc.count:           4.000 counts
                 gc.time:            2.000 ms

Iteration   3: 12.110 ms/op
                 gc.alloc.rate:      1262.644 MB/sec
                 gc.alloc.rate.norm: 16035010.699 B/op
                 gc.count:           4.000 counts
                 gc.time:            1.000 ms

Iteration   4: 12.098 ms/op
                 gc.alloc.rate:      1263.933 MB/sec
                 gc.alloc.rate.norm: 16034983.619 B/op
                 gc.count:           4.000 counts
                 gc.time:            2.000 ms

Iteration   5: 12.003 ms/op
                 gc.alloc.rate:      1273.805 MB/sec
                 gc.alloc.rate.norm: 16034304.095 B/op
                 gc.count:           5.000 counts
                 gc.time:            2.000 ms


# Run progress: 9.88% complete, ETA 00:12:26
# Fork: 3 of 3
WARNING: A terminally deprecated method in sun.misc.Unsafe has been called
WARNING: sun.misc.Unsafe::objectFieldOffset has been called by org.openjdk.jmh.util.Utils (file:/Users/jaehyeon/Documents/Obsidian%20Vault/2026/04.%ed%98%b8%ec%84%9c%eb%8c%80%ed%95%99%ea%b5%90/11.%ec%b0%a8%ec%84%b8%eb%8c%80%ec%bb%b4%ed%93%a8%ed%8c%85%ed%95%99%ed%9a%8c%eb%85%bc%eb%ac%b8/JavaStream_%ed%82%a4%ed%8e%b8%ed%96%a5/.deps/jmh-core-1.37.jar)
WARNING: Please consider reporting this to the maintainers of class org.openjdk.jmh.util.Utils
WARNING: sun.misc.Unsafe::objectFieldOffset will be removed in a future release
# Warmup Iteration   1: Input: n=1000000, keys=256, observedHotFraction=0.003907, poolParallelism=3, availableProcessors=10
12.946 ms/op
# Warmup Iteration   2: 12.465 ms/op
# Warmup Iteration   3: 12.460 ms/op
# Warmup Iteration   4: 12.419 ms/op
# Warmup Iteration   5: 12.165 ms/op
Iteration   1: 12.178 ms/op
                 gc.alloc.rate:      1255.581 MB/sec
                 gc.alloc.rate.norm: 16034930.313 B/op
                 gc.count:           4.000 counts
                 gc.time:            1.000 ms

Iteration   2: 12.219 ms/op
                 gc.alloc.rate:      1251.341 MB/sec
                 gc.alloc.rate.norm: 16035048.482 B/op
                 gc.count:           4.000 counts
                 gc.time:            2.000 ms

Iteration   3: 12.315 ms/op
                 gc.alloc.rate:      1241.565 MB/sec
                 gc.alloc.rate.norm: 16034861.854 B/op
                 gc.count:           4.000 counts
                 gc.time:            2.000 ms

Iteration   4: 12.358 ms/op
                 gc.alloc.rate:      1237.262 MB/sec
                 gc.alloc.rate.norm: 16034857.268 B/op
                 gc.count:           4.000 counts
                 gc.time:            2.000 ms

Iteration   5: 12.332 ms/op
                 gc.alloc.rate:      1239.856 MB/sec
                 gc.alloc.rate.norm: 16034452.878 B/op
                 gc.count:           4.000 counts
                 gc.time:            1.000 ms



Result "research.skew.AggregationBenchmark.parallelConcurrent":
  12.209 ±(99.9%) 0.151 ms/op [Average]
  (min, avg, max) = (11.984, 12.209, 12.480), stdev = 0.141
  CI (99.9%): [12.059, 12.360] (assumes normal distribution)

Secondary result "research.skew.AggregationBenchmark.parallelConcurrent:gc.alloc.rate":
  1252.504 ±(99.9%) 15.431 MB/sec [Average]
  (min, avg, max) = (1225.164, 1252.504, 1275.790), stdev = 14.434
  CI (99.9%): [1237.074, 1267.935] (assumes normal distribution)

Secondary result "research.skew.AggregationBenchmark.parallelConcurrent:gc.alloc.rate.norm":
  16034758.632 ±(99.9%) 257.851 B/op [Average]
  (min, avg, max) = (16034304.095, 16034758.632, 16035048.482), stdev = 241.194
  CI (99.9%): [16034500.780, 16035016.483] (assumes normal distribution)

Secondary result "research.skew.AggregationBenchmark.parallelConcurrent:gc.count":
  62.000 ±(99.9%) 0.001 counts [Sum]
  (min, avg, max) = (4.000, 4.133, 5.000), stdev = 0.352
  CI (99.9%): [62.000, 62.000] (assumes normal distribution)

Secondary result "research.skew.AggregationBenchmark.parallelConcurrent:gc.time":
  25.000 ±(99.9%) 0.001 ms [Sum]
  (min, avg, max) = (1.000, 1.667, 2.000), stdev = 0.488
  CI (99.9%): [25.000, 25.000] (assumes normal distribution)


# JMH version: 1.37
# VM version: JDK 25.0.4.1, OpenJDK 64-Bit Server VM, 25.0.4.1+1-LTS
# VM invoker: /Users/jaehyeon/Library/Java/JavaVirtualMachines/temurin-25.0.4.1/Contents/Home/bin/java
# VM options: -Xms512m -Xmx512m -Djava.util.concurrent.ForkJoinPool.common.parallelism=3
# Blackhole mode: compiler (auto-detected, use -Djmh.blackhole.autoDetect=false to disable)
# Warmup: 5 iterations, 1 s each
# Measurement: 5 iterations, 1 s each
# Timeout: 10 min per iteration
# Threads: 1 thread, will synchronize iterations
# Benchmark mode: Average time, time/op
# Benchmark: research.skew.AggregationBenchmark.parallelConcurrent
# Parameters: (cardinality = 256, distribution = hot50, seed = 20260929, size = 10000)

# Run progress: 11.11% complete, ETA 00:12:16
# Fork: 1 of 3
WARNING: A terminally deprecated method in sun.misc.Unsafe has been called
WARNING: sun.misc.Unsafe::objectFieldOffset has been called by org.openjdk.jmh.util.Utils (file:/Users/jaehyeon/Documents/Obsidian%20Vault/2026/04.%ed%98%b8%ec%84%9c%eb%8c%80%ed%95%99%ea%b5%90/11.%ec%b0%a8%ec%84%b8%eb%8c%80%ec%bb%b4%ed%93%a8%ed%8c%85%ed%95%99%ed%9a%8c%eb%85%bc%eb%ac%b8/JavaStream_%ed%82%a4%ed%8e%b8%ed%96%a5/.deps/jmh-core-1.37.jar)
WARNING: Please consider reporting this to the maintainers of class org.openjdk.jmh.util.Utils
WARNING: sun.misc.Unsafe::objectFieldOffset will be removed in a future release
# Warmup Iteration   1: Input: n=10000, keys=256, observedHotFraction=0.500000, poolParallelism=3, availableProcessors=10
0.437 ms/op
# Warmup Iteration   2: 0.434 ms/op
# Warmup Iteration   3: 0.430 ms/op
# Warmup Iteration   4: 0.428 ms/op
# Warmup Iteration   5: 0.429 ms/op
Iteration   1: 0.428 ms/op
                 gc.alloc.rate:      418.528 MB/sec
                 gc.alloc.rate.norm: 187946.293 B/op
                 gc.count:           1.000 counts
                 gc.time:            1.000 ms

Iteration   2: 0.430 ms/op
                 gc.alloc.rate:      417.147 MB/sec
                 gc.alloc.rate.norm: 187919.826 B/op
                 gc.count:           1.000 counts
                 gc.time:            ≈ 0 ms

Iteration   3: 0.429 ms/op
                 gc.alloc.rate:      417.667 MB/sec
                 gc.alloc.rate.norm: 187914.557 B/op
                 gc.count:           2.000 counts
                 gc.time:            2.000 ms

Iteration   4: 0.428 ms/op
                 gc.alloc.rate:      418.765 MB/sec
                 gc.alloc.rate.norm: 187920.109 B/op
                 gc.count:           1.000 counts
                 gc.time:            1.000 ms

Iteration   5: 0.430 ms/op
                 gc.alloc.rate:      416.759 MB/sec
                 gc.alloc.rate.norm: 187912.619 B/op
                 gc.count:           2.000 counts
                 gc.time:            1.000 ms


# Run progress: 12.35% complete, ETA 00:12:06
# Fork: 2 of 3
WARNING: A terminally deprecated method in sun.misc.Unsafe has been called
WARNING: sun.misc.Unsafe::objectFieldOffset has been called by org.openjdk.jmh.util.Utils (file:/Users/jaehyeon/Documents/Obsidian%20Vault/2026/04.%ed%98%b8%ec%84%9c%eb%8c%80%ed%95%99%ea%b5%90/11.%ec%b0%a8%ec%84%b8%eb%8c%80%ec%bb%b4%ed%93%a8%ed%8c%85%ed%95%99%ed%9a%8c%eb%85%bc%eb%ac%b8/JavaStream_%ed%82%a4%ed%8e%b8%ed%96%a5/.deps/jmh-core-1.37.jar)
WARNING: Please consider reporting this to the maintainers of class org.openjdk.jmh.util.Utils
WARNING: sun.misc.Unsafe::objectFieldOffset will be removed in a future release
# Warmup Iteration   1: Input: n=10000, keys=256, observedHotFraction=0.500000, poolParallelism=3, availableProcessors=10
0.445 ms/op
# Warmup Iteration   2: 0.430 ms/op
# Warmup Iteration   3: 0.428 ms/op
# Warmup Iteration   4: 0.424 ms/op
# Warmup Iteration   5: 0.424 ms/op
Iteration   1: 0.424 ms/op
                 gc.alloc.rate:      422.451 MB/sec
                 gc.alloc.rate.norm: 187963.794 B/op
                 gc.count:           1.000 counts
                 gc.time:            1.000 ms

Iteration   2: 0.426 ms/op
                 gc.alloc.rate:      421.245 MB/sec
                 gc.alloc.rate.norm: 188001.995 B/op
                 gc.count:           2.000 counts
                 gc.time:            2.000 ms

Iteration   3: 0.424 ms/op
                 gc.alloc.rate:      422.485 MB/sec
                 gc.alloc.rate.norm: 188029.336 B/op
                 gc.count:           1.000 counts
                 gc.time:            ≈ 0 ms

Iteration   4: 0.424 ms/op
                 gc.alloc.rate:      422.486 MB/sec
                 gc.alloc.rate.norm: 188037.531 B/op
                 gc.count:           1.000 counts
                 gc.time:            1.000 ms

Iteration   5: 0.424 ms/op
                 gc.alloc.rate:      423.264 MB/sec
                 gc.alloc.rate.norm: 188090.182 B/op
                 gc.count:           2.000 counts
                 gc.time:            2.000 ms


# Run progress: 13.58% complete, ETA 00:11:55
# Fork: 3 of 3
WARNING: A terminally deprecated method in sun.misc.Unsafe has been called
WARNING: sun.misc.Unsafe::objectFieldOffset has been called by org.openjdk.jmh.util.Utils (file:/Users/jaehyeon/Documents/Obsidian%20Vault/2026/04.%ed%98%b8%ec%84%9c%eb%8c%80%ed%95%99%ea%b5%90/11.%ec%b0%a8%ec%84%b8%eb%8c%80%ec%bb%b4%ed%93%a8%ed%8c%85%ed%95%99%ed%9a%8c%eb%85%bc%eb%ac%b8/JavaStream_%ed%82%a4%ed%8e%b8%ed%96%a5/.deps/jmh-core-1.37.jar)
WARNING: Please consider reporting this to the maintainers of class org.openjdk.jmh.util.Utils
WARNING: sun.misc.Unsafe::objectFieldOffset will be removed in a future release
# Warmup Iteration   1: Input: n=10000, keys=256, observedHotFraction=0.500000, poolParallelism=3, availableProcessors=10
0.443 ms/op
# Warmup Iteration   2: 0.435 ms/op
# Warmup Iteration   3: 0.424 ms/op
# Warmup Iteration   4: 0.426 ms/op
# Warmup Iteration   5: 0.430 ms/op
Iteration   1: 0.429 ms/op
                 gc.alloc.rate:      418.566 MB/sec
                 gc.alloc.rate.norm: 188093.719 B/op
                 gc.count:           1.000 counts
                 gc.time:            1.000 ms

Iteration   2: 0.430 ms/op
                 gc.alloc.rate:      417.176 MB/sec
                 gc.alloc.rate.norm: 188079.285 B/op
                 gc.count:           1.000 counts
                 gc.time:            1.000 ms

Iteration   3: 0.428 ms/op
                 gc.alloc.rate:      419.125 MB/sec
                 gc.alloc.rate.norm: 188039.694 B/op
                 gc.count:           2.000 counts
                 gc.time:            1.000 ms

Iteration   4: 0.430 ms/op
                 gc.alloc.rate:      416.804 MB/sec
                 gc.alloc.rate.norm: 188045.383 B/op
                 gc.count:           1.000 counts
                 gc.time:            1.000 ms

Iteration   5: 0.423 ms/op
                 gc.alloc.rate:      424.238 MB/sec
                 gc.alloc.rate.norm: 188072.232 B/op
                 gc.count:           2.000 counts
                 gc.time:            1.000 ms



Result "research.skew.AggregationBenchmark.parallelConcurrent":
  0.427 ±(99.9%) 0.003 ms/op [Average]
  (min, avg, max) = (0.423, 0.427, 0.430), stdev = 0.003
  CI (99.9%): [0.424, 0.430] (assumes normal distribution)

Secondary result "research.skew.AggregationBenchmark.parallelConcurrent:gc.alloc.rate":
  419.780 ±(99.9%) 2.808 MB/sec [Average]
  (min, avg, max) = (416.759, 419.780, 424.238), stdev = 2.627
  CI (99.9%): [416.972, 422.589] (assumes normal distribution)

Secondary result "research.skew.AggregationBenchmark.parallelConcurrent:gc.alloc.rate.norm":
  188004.437 ±(99.9%) 73.388 B/op [Average]
  (min, avg, max) = (187912.619, 188004.437, 188093.719), stdev = 68.647
  CI (99.9%): [187931.049, 188077.825] (assumes normal distribution)

Secondary result "research.skew.AggregationBenchmark.parallelConcurrent:gc.count":
  21.000 ±(99.9%) 0.001 counts [Sum]
  (min, avg, max) = (1.000, 1.400, 2.000), stdev = 0.507
  CI (99.9%): [21.000, 21.000] (assumes normal distribution)

Secondary result "research.skew.AggregationBenchmark.parallelConcurrent:gc.time":
  16.000 ±(99.9%) 0.001 ms [Sum]
  (min, avg, max) = (≈ 0, 1.067, 2.000), stdev = 0.594
  CI (99.9%): [16.000, 16.000] (assumes normal distribution)


# JMH version: 1.37
# VM version: JDK 25.0.4.1, OpenJDK 64-Bit Server VM, 25.0.4.1+1-LTS
# VM invoker: /Users/jaehyeon/Library/Java/JavaVirtualMachines/temurin-25.0.4.1/Contents/Home/bin/java
# VM options: -Xms512m -Xmx512m -Djava.util.concurrent.ForkJoinPool.common.parallelism=3
# Blackhole mode: compiler (auto-detected, use -Djmh.blackhole.autoDetect=false to disable)
# Warmup: 5 iterations, 1 s each
# Measurement: 5 iterations, 1 s each
# Timeout: 10 min per iteration
# Threads: 1 thread, will synchronize iterations
# Benchmark mode: Average time, time/op
# Benchmark: research.skew.AggregationBenchmark.parallelConcurrent
# Parameters: (cardinality = 256, distribution = hot50, seed = 20260929, size = 100000)

# Run progress: 14.81% complete, ETA 00:11:45
# Fork: 1 of 3
WARNING: A terminally deprecated method in sun.misc.Unsafe has been called
WARNING: sun.misc.Unsafe::objectFieldOffset has been called by org.openjdk.jmh.util.Utils (file:/Users/jaehyeon/Documents/Obsidian%20Vault/2026/04.%ed%98%b8%ec%84%9c%eb%8c%80%ed%95%99%ea%b5%90/11.%ec%b0%a8%ec%84%b8%eb%8c%80%ec%bb%b4%ed%93%a8%ed%8c%85%ed%95%99%ed%9a%8c%eb%85%bc%eb%ac%b8/JavaStream_%ed%82%a4%ed%8e%b8%ed%96%a5/.deps/jmh-core-1.37.jar)
WARNING: Please consider reporting this to the maintainers of class org.openjdk.jmh.util.Utils
WARNING: sun.misc.Unsafe::objectFieldOffset will be removed in a future release
# Warmup Iteration   1: Input: n=100000, keys=256, observedHotFraction=0.500000, poolParallelism=3, availableProcessors=10
4.503 ms/op
# Warmup Iteration   2: 4.438 ms/op
# Warmup Iteration   3: 4.408 ms/op
# Warmup Iteration   4: 4.401 ms/op
# Warmup Iteration   5: 4.372 ms/op
Iteration   1: 4.412 ms/op
                 gc.alloc.rate:      353.082 MB/sec
                 gc.alloc.rate.norm: 1633714.667 B/op
                 gc.count:           1.000 counts
                 gc.time:            2.000 ms

Iteration   2: 4.380 ms/op
                 gc.alloc.rate:      355.668 MB/sec
                 gc.alloc.rate.norm: 1633684.974 B/op
                 gc.count:           1.000 counts
                 gc.time:            ≈ 0 ms

Iteration   3: 4.359 ms/op
                 gc.alloc.rate:      357.426 MB/sec
                 gc.alloc.rate.norm: 1633750.442 B/op
                 gc.count:           1.000 counts
                 gc.time:            2.000 ms

Iteration   4: 4.418 ms/op
                 gc.alloc.rate:      352.648 MB/sec
                 gc.alloc.rate.norm: 1633682.526 B/op
                 gc.count:           1.000 counts
                 gc.time:            1.000 ms

Iteration   5: 4.425 ms/op
                 gc.alloc.rate:      352.080 MB/sec
                 gc.alloc.rate.norm: 1633724.877 B/op
                 gc.count:           2.000 counts
                 gc.time:            2.000 ms


# Run progress: 16.05% complete, ETA 00:11:35
# Fork: 2 of 3
WARNING: A terminally deprecated method in sun.misc.Unsafe has been called
WARNING: sun.misc.Unsafe::objectFieldOffset has been called by org.openjdk.jmh.util.Utils (file:/Users/jaehyeon/Documents/Obsidian%20Vault/2026/04.%ed%98%b8%ec%84%9c%eb%8c%80%ed%95%99%ea%b5%90/11.%ec%b0%a8%ec%84%b8%eb%8c%80%ec%bb%b4%ed%93%a8%ed%8c%85%ed%95%99%ed%9a%8c%eb%85%bc%eb%ac%b8/JavaStream_%ed%82%a4%ed%8e%b8%ed%96%a5/.deps/jmh-core-1.37.jar)
WARNING: Please consider reporting this to the maintainers of class org.openjdk.jmh.util.Utils
WARNING: sun.misc.Unsafe::objectFieldOffset will be removed in a future release
# Warmup Iteration   1: Input: n=100000, keys=256, observedHotFraction=0.500000, poolParallelism=3, availableProcessors=10
4.528 ms/op
# Warmup Iteration   2: 4.390 ms/op
# Warmup Iteration   3: 4.359 ms/op
# Warmup Iteration   4: 4.416 ms/op
# Warmup Iteration   5: 4.431 ms/op
Iteration   1: 4.423 ms/op
                 gc.alloc.rate:      352.182 MB/sec
                 gc.alloc.rate.norm: 1633665.754 B/op
                 gc.count:           1.000 counts
                 gc.time:            1.000 ms

Iteration   2: 4.418 ms/op
                 gc.alloc.rate:      352.618 MB/sec
                 gc.alloc.rate.norm: 1633673.439 B/op
                 gc.count:           1.000 counts
                 gc.time:            1.000 ms

Iteration   3: 4.407 ms/op
                 gc.alloc.rate:      353.423 MB/sec
                 gc.alloc.rate.norm: 1633345.397 B/op
                 gc.count:           1.000 counts
                 gc.time:            1.000 ms

Iteration   4: 4.390 ms/op
                 gc.alloc.rate:      354.862 MB/sec
                 gc.alloc.rate.norm: 1633560.594 B/op
                 gc.count:           1.000 counts
                 gc.time:            1.000 ms

Iteration   5: 4.408 ms/op
                 gc.alloc.rate:      353.371 MB/sec
                 gc.alloc.rate.norm: 1633602.140 B/op
                 gc.count:           2.000 counts
                 gc.time:            2.000 ms


# Run progress: 17.28% complete, ETA 00:11:24
# Fork: 3 of 3
WARNING: A terminally deprecated method in sun.misc.Unsafe has been called
WARNING: sun.misc.Unsafe::objectFieldOffset has been called by org.openjdk.jmh.util.Utils (file:/Users/jaehyeon/Documents/Obsidian%20Vault/2026/04.%ed%98%b8%ec%84%9c%eb%8c%80%ed%95%99%ea%b5%90/11.%ec%b0%a8%ec%84%b8%eb%8c%80%ec%bb%b4%ed%93%a8%ed%8c%85%ed%95%99%ed%9a%8c%eb%85%bc%eb%ac%b8/JavaStream_%ed%82%a4%ed%8e%b8%ed%96%a5/.deps/jmh-core-1.37.jar)
WARNING: Please consider reporting this to the maintainers of class org.openjdk.jmh.util.Utils
WARNING: sun.misc.Unsafe::objectFieldOffset will be removed in a future release
# Warmup Iteration   1: Input: n=100000, keys=256, observedHotFraction=0.500000, poolParallelism=3, availableProcessors=10
4.623 ms/op
# Warmup Iteration   2: 4.495 ms/op
# Warmup Iteration   3: 4.529 ms/op
# Warmup Iteration   4: 4.487 ms/op
# Warmup Iteration   5: 4.502 ms/op
Iteration   1: 4.502 ms/op
                 gc.alloc.rate:      345.969 MB/sec
                 gc.alloc.rate.norm: 1633448.393 B/op
                 gc.count:           1.000 counts
                 gc.time:            1.000 ms

Iteration   2: 4.511 ms/op
                 gc.alloc.rate:      345.312 MB/sec
                 gc.alloc.rate.norm: 1633612.377 B/op
                 gc.count:           1.000 counts
                 gc.time:            1.000 ms

Iteration   3: 4.491 ms/op
                 gc.alloc.rate:      346.911 MB/sec
                 gc.alloc.rate.norm: 1633676.000 B/op
                 gc.count:           1.000 counts
                 gc.time:            1.000 ms

Iteration   4: 4.487 ms/op
                 gc.alloc.rate:      347.181 MB/sec
                 gc.alloc.rate.norm: 1633547.058 B/op
                 gc.count:           1.000 counts
                 gc.time:            2.000 ms

Iteration   5: 4.487 ms/op
                 gc.alloc.rate:      347.171 MB/sec
                 gc.alloc.rate.norm: 1633585.214 B/op
                 gc.count:           1.000 counts
                 gc.time:            1.000 ms



Result "research.skew.AggregationBenchmark.parallelConcurrent":
  4.435 ±(99.9%) 0.052 ms/op [Average]
  (min, avg, max) = (4.359, 4.435, 4.511), stdev = 0.048
  CI (99.9%): [4.383, 4.486] (assumes normal distribution)

Secondary result "research.skew.AggregationBenchmark.parallelConcurrent:gc.alloc.rate":
  351.327 ±(99.9%) 4.078 MB/sec [Average]
  (min, avg, max) = (345.312, 351.327, 357.426), stdev = 3.815
  CI (99.9%): [347.249, 355.405] (assumes normal distribution)

Secondary result "research.skew.AggregationBenchmark.parallelConcurrent:gc.alloc.rate.norm":
  1633618.257 ±(99.9%) 117.263 B/op [Average]
  (min, avg, max) = (1633345.397, 1633618.257, 1633750.442), stdev = 109.688
  CI (99.9%): [1633500.994, 1633735.519] (assumes normal distribution)

Secondary result "research.skew.AggregationBenchmark.parallelConcurrent:gc.count":
  17.000 ±(99.9%) 0.001 counts [Sum]
  (min, avg, max) = (1.000, 1.133, 2.000), stdev = 0.352
  CI (99.9%): [17.000, 17.000] (assumes normal distribution)

Secondary result "research.skew.AggregationBenchmark.parallelConcurrent:gc.time":
  19.000 ±(99.9%) 0.001 ms [Sum]
  (min, avg, max) = (≈ 0, 1.267, 2.000), stdev = 0.594
  CI (99.9%): [19.000, 19.000] (assumes normal distribution)


# JMH version: 1.37
# VM version: JDK 25.0.4.1, OpenJDK 64-Bit Server VM, 25.0.4.1+1-LTS
# VM invoker: /Users/jaehyeon/Library/Java/JavaVirtualMachines/temurin-25.0.4.1/Contents/Home/bin/java
# VM options: -Xms512m -Xmx512m -Djava.util.concurrent.ForkJoinPool.common.parallelism=3
# Blackhole mode: compiler (auto-detected, use -Djmh.blackhole.autoDetect=false to disable)
# Warmup: 5 iterations, 1 s each
# Measurement: 5 iterations, 1 s each
# Timeout: 10 min per iteration
# Threads: 1 thread, will synchronize iterations
# Benchmark mode: Average time, time/op
# Benchmark: research.skew.AggregationBenchmark.parallelConcurrent
# Parameters: (cardinality = 256, distribution = hot50, seed = 20260929, size = 1000000)

# Run progress: 18.52% complete, ETA 00:11:14
# Fork: 1 of 3
WARNING: A terminally deprecated method in sun.misc.Unsafe has been called
WARNING: sun.misc.Unsafe::objectFieldOffset has been called by org.openjdk.jmh.util.Utils (file:/Users/jaehyeon/Documents/Obsidian%20Vault/2026/04.%ed%98%b8%ec%84%9c%eb%8c%80%ed%95%99%ea%b5%90/11.%ec%b0%a8%ec%84%b8%eb%8c%80%ec%bb%b4%ed%93%a8%ed%8c%85%ed%95%99%ed%9a%8c%eb%85%bc%eb%ac%b8/JavaStream_%ed%82%a4%ed%8e%b8%ed%96%a5/.deps/jmh-core-1.37.jar)
WARNING: Please consider reporting this to the maintainers of class org.openjdk.jmh.util.Utils
WARNING: sun.misc.Unsafe::objectFieldOffset will be removed in a future release
# Warmup Iteration   1: Input: n=1000000, keys=256, observedHotFraction=0.500000, poolParallelism=3, availableProcessors=10
45.312 ms/op
# Warmup Iteration   2: 44.572 ms/op
# Warmup Iteration   3: 43.818 ms/op
# Warmup Iteration   4: 44.761 ms/op
# Warmup Iteration   5: 44.028 ms/op
Iteration   1: 43.934 ms/op
                 gc.alloc.rate:      348.003 MB/sec
                 gc.alloc.rate.norm: 16033404.174 B/op
                 gc.count:           1.000 counts
                 gc.time:            2.000 ms

Iteration   2: 45.300 ms/op
                 gc.alloc.rate:      337.507 MB/sec
                 gc.alloc.rate.norm: 16033331.826 B/op
                 gc.count:           1.000 counts
                 gc.time:            3.000 ms

Iteration   3: 43.857 ms/op
                 gc.alloc.rate:      348.610 MB/sec
                 gc.alloc.rate.norm: 16033293.565 B/op
                 gc.count:           1.000 counts
                 gc.time:            3.000 ms

Iteration   4: 44.231 ms/op
                 gc.alloc.rate:      345.674 MB/sec
                 gc.alloc.rate.norm: 16033755.478 B/op
                 gc.count:           2.000 counts
                 gc.time:            5.000 ms

Iteration   5: 43.183 ms/op
                 gc.alloc.rate:      354.054 MB/sec
                 gc.alloc.rate.norm: 16033625.667 B/op
                 gc.count:           1.000 counts
                 gc.time:            3.000 ms


# Run progress: 19.75% complete, ETA 00:11:05
# Fork: 2 of 3
WARNING: A terminally deprecated method in sun.misc.Unsafe has been called
WARNING: sun.misc.Unsafe::objectFieldOffset has been called by org.openjdk.jmh.util.Utils (file:/Users/jaehyeon/Documents/Obsidian%20Vault/2026/04.%ed%98%b8%ec%84%9c%eb%8c%80%ed%95%99%ea%b5%90/11.%ec%b0%a8%ec%84%b8%eb%8c%80%ec%bb%b4%ed%93%a8%ed%8c%85%ed%95%99%ed%9a%8c%eb%85%bc%eb%ac%b8/JavaStream_%ed%82%a4%ed%8e%b8%ed%96%a5/.deps/jmh-core-1.37.jar)
WARNING: Please consider reporting this to the maintainers of class org.openjdk.jmh.util.Utils
WARNING: sun.misc.Unsafe::objectFieldOffset will be removed in a future release
# Warmup Iteration   1: Input: n=1000000, keys=256, observedHotFraction=0.500000, poolParallelism=3, availableProcessors=10
45.496 ms/op
# Warmup Iteration   2: 45.902 ms/op
# Warmup Iteration   3: 46.251 ms/op
# Warmup Iteration   4: 44.764 ms/op
# Warmup Iteration   5: 45.462 ms/op
Iteration   1: 46.415 ms/op
                 gc.alloc.rate:      329.361 MB/sec
                 gc.alloc.rate.norm: 16031878.545 B/op
                 gc.count:           1.000 counts
                 gc.time:            2.000 ms

Iteration   2: 45.707 ms/op
                 gc.alloc.rate:      334.444 MB/sec
                 gc.alloc.rate.norm: 16030556.727 B/op
                 gc.count:           1.000 counts
                 gc.time:            3.000 ms

Iteration   3: 45.960 ms/op
                 gc.alloc.rate:      332.650 MB/sec
                 gc.alloc.rate.norm: 16032672.727 B/op
                 gc.count:           1.000 counts
                 gc.time:            3.000 ms

Iteration   4: 45.794 ms/op
                 gc.alloc.rate:      333.858 MB/sec
                 gc.alloc.rate.norm: 16032939.636 B/op
                 gc.count:           1.000 counts
                 gc.time:            2.000 ms

Iteration   5: 46.145 ms/op
                 gc.alloc.rate:      331.324 MB/sec
                 gc.alloc.rate.norm: 16033400.364 B/op
                 gc.count:           1.000 counts
                 gc.time:            3.000 ms


# Run progress: 20.99% complete, ETA 00:10:55
# Fork: 3 of 3
WARNING: A terminally deprecated method in sun.misc.Unsafe has been called
WARNING: sun.misc.Unsafe::objectFieldOffset has been called by org.openjdk.jmh.util.Utils (file:/Users/jaehyeon/Documents/Obsidian%20Vault/2026/04.%ed%98%b8%ec%84%9c%eb%8c%80%ed%95%99%ea%b5%90/11.%ec%b0%a8%ec%84%b8%eb%8c%80%ec%bb%b4%ed%93%a8%ed%8c%85%ed%95%99%ed%9a%8c%eb%85%bc%eb%ac%b8/JavaStream_%ed%82%a4%ed%8e%b8%ed%96%a5/.deps/jmh-core-1.37.jar)
WARNING: Please consider reporting this to the maintainers of class org.openjdk.jmh.util.Utils
WARNING: sun.misc.Unsafe::objectFieldOffset will be removed in a future release
# Warmup Iteration   1: Input: n=1000000, keys=256, observedHotFraction=0.500000, poolParallelism=3, availableProcessors=10
44.770 ms/op
# Warmup Iteration   2: 45.191 ms/op
# Warmup Iteration   3: 44.829 ms/op
# Warmup Iteration   4: 44.146 ms/op
# Warmup Iteration   5: 44.131 ms/op
Iteration   1: 44.669 ms/op
                 gc.alloc.rate:      342.282 MB/sec
                 gc.alloc.rate.norm: 16033828.174 B/op
                 gc.count:           1.000 counts
                 gc.time:            3.000 ms

Iteration   2: 43.291 ms/op
                 gc.alloc.rate:      353.167 MB/sec
                 gc.alloc.rate.norm: 16033540.667 B/op
                 gc.count:           1.000 counts
                 gc.time:            3.000 ms

Iteration   3: 44.405 ms/op
                 gc.alloc.rate:      344.302 MB/sec
                 gc.alloc.rate.norm: 16032653.217 B/op
                 gc.count:           2.000 counts
                 gc.time:            5.000 ms

Iteration   4: 43.929 ms/op
                 gc.alloc.rate:      348.058 MB/sec
                 gc.alloc.rate.norm: 16033875.826 B/op
                 gc.count:           1.000 counts
                 gc.time:            3.000 ms

Iteration   5: 43.678 ms/op
                 gc.alloc.rate:      350.044 MB/sec
                 gc.alloc.rate.norm: 16033605.000 B/op
                 gc.count:           1.000 counts
                 gc.time:            3.000 ms



Result "research.skew.AggregationBenchmark.parallelConcurrent":
  44.700 ±(99.9%) 1.168 ms/op [Average]
  (min, avg, max) = (43.183, 44.700, 46.415), stdev = 1.093
  CI (99.9%): [43.532, 45.868] (assumes normal distribution)

Secondary result "research.skew.AggregationBenchmark.parallelConcurrent:gc.alloc.rate":
  342.223 ±(99.9%) 8.917 MB/sec [Average]
  (min, avg, max) = (329.361, 342.223, 354.054), stdev = 8.341
  CI (99.9%): [333.306, 351.139] (assumes normal distribution)

Secondary result "research.skew.AggregationBenchmark.parallelConcurrent:gc.alloc.rate.norm":
  16033090.773 ±(99.9%) 944.518 B/op [Average]
  (min, avg, max) = (16030556.727, 16033090.773, 16033875.826), stdev = 883.503
  CI (99.9%): [16032146.255, 16034035.291] (assumes normal distribution)

Secondary result "research.skew.AggregationBenchmark.parallelConcurrent:gc.count":
  17.000 ±(99.9%) 0.001 counts [Sum]
  (min, avg, max) = (1.000, 1.133, 2.000), stdev = 0.352
  CI (99.9%): [17.000, 17.000] (assumes normal distribution)

Secondary result "research.skew.AggregationBenchmark.parallelConcurrent:gc.time":
  46.000 ±(99.9%) 0.001 ms [Sum]
  (min, avg, max) = (2.000, 3.067, 5.000), stdev = 0.884
  CI (99.9%): [46.000, 46.000] (assumes normal distribution)


# JMH version: 1.37
# VM version: JDK 25.0.4.1, OpenJDK 64-Bit Server VM, 25.0.4.1+1-LTS
# VM invoker: /Users/jaehyeon/Library/Java/JavaVirtualMachines/temurin-25.0.4.1/Contents/Home/bin/java
# VM options: -Xms512m -Xmx512m -Djava.util.concurrent.ForkJoinPool.common.parallelism=3
# Blackhole mode: compiler (auto-detected, use -Djmh.blackhole.autoDetect=false to disable)
# Warmup: 5 iterations, 1 s each
# Measurement: 5 iterations, 1 s each
# Timeout: 10 min per iteration
# Threads: 1 thread, will synchronize iterations
# Benchmark mode: Average time, time/op
# Benchmark: research.skew.AggregationBenchmark.parallelConcurrent
# Parameters: (cardinality = 256, distribution = hot90, seed = 20260929, size = 10000)

# Run progress: 22.22% complete, ETA 00:10:46
# Fork: 1 of 3
WARNING: A terminally deprecated method in sun.misc.Unsafe has been called
WARNING: sun.misc.Unsafe::objectFieldOffset has been called by org.openjdk.jmh.util.Utils (file:/Users/jaehyeon/Documents/Obsidian%20Vault/2026/04.%ed%98%b8%ec%84%9c%eb%8c%80%ed%95%99%ea%b5%90/11.%ec%b0%a8%ec%84%b8%eb%8c%80%ec%bb%b4%ed%93%a8%ed%8c%85%ed%95%99%ed%9a%8c%eb%85%bc%eb%ac%b8/JavaStream_%ed%82%a4%ed%8e%b8%ed%96%a5/.deps/jmh-core-1.37.jar)
WARNING: Please consider reporting this to the maintainers of class org.openjdk.jmh.util.Utils
WARNING: sun.misc.Unsafe::objectFieldOffset will be removed in a future release
# Warmup Iteration   1: Input: n=10000, keys=256, observedHotFraction=0.900000, poolParallelism=3, availableProcessors=10
0.664 ms/op
# Warmup Iteration   2: 0.715 ms/op
# Warmup Iteration   3: 0.697 ms/op
# Warmup Iteration   4: 0.707 ms/op
# Warmup Iteration   5: 0.718 ms/op
Iteration   1: 0.712 ms/op
                 gc.alloc.rate:      251.920 MB/sec
                 gc.alloc.rate.norm: 188125.932 B/op
                 gc.count:           1.000 counts
                 gc.time:            1.000 ms

Iteration   2: 0.719 ms/op
                 gc.alloc.rate:      249.517 MB/sec
                 gc.alloc.rate.norm: 188149.619 B/op
                 gc.count:           1.000 counts
                 gc.time:            ≈ 0 ms

Iteration   3: 0.708 ms/op
                 gc.alloc.rate:      253.214 MB/sec
                 gc.alloc.rate.norm: 188086.252 B/op
                 gc.count:           1.000 counts
                 gc.time:            1.000 ms

Iteration   4: 0.715 ms/op
                 gc.alloc.rate:      250.679 MB/sec
                 gc.alloc.rate.norm: 188067.046 B/op
                 gc.count:           ≈ 0 counts

Iteration   5: 0.704 ms/op
                 gc.alloc.rate:      254.823 MB/sec
                 gc.alloc.rate.norm: 188100.655 B/op
                 gc.count:           1.000 counts
                 gc.time:            1.000 ms


# Run progress: 23.46% complete, ETA 00:10:35
# Fork: 2 of 3
WARNING: A terminally deprecated method in sun.misc.Unsafe has been called
WARNING: sun.misc.Unsafe::objectFieldOffset has been called by org.openjdk.jmh.util.Utils (file:/Users/jaehyeon/Documents/Obsidian%20Vault/2026/04.%ed%98%b8%ec%84%9c%eb%8c%80%ed%95%99%ea%b5%90/11.%ec%b0%a8%ec%84%b8%eb%8c%80%ec%bb%b4%ed%93%a8%ed%8c%85%ed%95%99%ed%9a%8c%eb%85%bc%eb%ac%b8/JavaStream_%ed%82%a4%ed%8e%b8%ed%96%a5/.deps/jmh-core-1.37.jar)
WARNING: Please consider reporting this to the maintainers of class org.openjdk.jmh.util.Utils
WARNING: sun.misc.Unsafe::objectFieldOffset will be removed in a future release
# Warmup Iteration   1: Input: n=10000, keys=256, observedHotFraction=0.900000, poolParallelism=3, availableProcessors=10
0.676 ms/op
# Warmup Iteration   2: 0.671 ms/op
# Warmup Iteration   3: 0.672 ms/op
# Warmup Iteration   4: 0.687 ms/op
# Warmup Iteration   5: 0.672 ms/op
Iteration   1: 0.689 ms/op
                 gc.alloc.rate:      260.405 MB/sec
                 gc.alloc.rate.norm: 188133.428 B/op
                 gc.count:           1.000 counts
                 gc.time:            1.000 ms

Iteration   2: 0.671 ms/op
                 gc.alloc.rate:      267.402 MB/sec
                 gc.alloc.rate.norm: 188152.368 B/op
                 gc.count:           1.000 counts
                 gc.time:            ≈ 0 ms

Iteration   3: 0.676 ms/op
                 gc.alloc.rate:      265.541 MB/sec
                 gc.alloc.rate.norm: 188119.129 B/op
                 gc.count:           1.000 counts
                 gc.time:            1.000 ms

Iteration   4: 0.684 ms/op
                 gc.alloc.rate:      262.131 MB/sec
                 gc.alloc.rate.norm: 188083.578 B/op
                 gc.count:           1.000 counts
                 gc.time:            1.000 ms

Iteration   5: 0.673 ms/op
                 gc.alloc.rate:      266.701 MB/sec
                 gc.alloc.rate.norm: 188212.166 B/op
                 gc.count:           1.000 counts
                 gc.time:            1.000 ms


# Run progress: 24.69% complete, ETA 00:10:25
# Fork: 3 of 3
WARNING: A terminally deprecated method in sun.misc.Unsafe has been called
WARNING: sun.misc.Unsafe::objectFieldOffset has been called by org.openjdk.jmh.util.Utils (file:/Users/jaehyeon/Documents/Obsidian%20Vault/2026/04.%ed%98%b8%ec%84%9c%eb%8c%80%ed%95%99%ea%b5%90/11.%ec%b0%a8%ec%84%b8%eb%8c%80%ec%bb%b4%ed%93%a8%ed%8c%85%ed%95%99%ed%9a%8c%eb%85%bc%eb%ac%b8/JavaStream_%ed%82%a4%ed%8e%b8%ed%96%a5/.deps/jmh-core-1.37.jar)
WARNING: Please consider reporting this to the maintainers of class org.openjdk.jmh.util.Utils
WARNING: sun.misc.Unsafe::objectFieldOffset will be removed in a future release
# Warmup Iteration   1: Input: n=10000, keys=256, observedHotFraction=0.900000, poolParallelism=3, availableProcessors=10
0.623 ms/op
# Warmup Iteration   2: 0.671 ms/op
# Warmup Iteration   3: 0.674 ms/op
# Warmup Iteration   4: 0.663 ms/op
# Warmup Iteration   5: 0.675 ms/op
Iteration   1: 0.657 ms/op
                 gc.alloc.rate:      272.627 MB/sec
                 gc.alloc.rate.norm: 187957.725 B/op
                 gc.count:           1.000 counts
                 gc.time:            1.000 ms

Iteration   2: 0.670 ms/op
                 gc.alloc.rate:      267.697 MB/sec
                 gc.alloc.rate.norm: 188008.528 B/op
                 gc.count:           1.000 counts
                 gc.time:            ≈ 0 ms

Iteration   3: 0.675 ms/op
                 gc.alloc.rate:      265.741 MB/sec
                 gc.alloc.rate.norm: 188014.255 B/op
                 gc.count:           1.000 counts
                 gc.time:            1.000 ms

Iteration   4: 0.675 ms/op
                 gc.alloc.rate:      265.333 MB/sec
                 gc.alloc.rate.norm: 187925.120 B/op
                 gc.count:           1.000 counts
                 gc.time:            1.000 ms

Iteration   5: 0.670 ms/op
                 gc.alloc.rate:      267.641 MB/sec
                 gc.alloc.rate.norm: 187964.008 B/op
                 gc.count:           1.000 counts
                 gc.time:            1.000 ms



Result "research.skew.AggregationBenchmark.parallelConcurrent":
  0.687 ±(99.9%) 0.021 ms/op [Average]
  (min, avg, max) = (0.657, 0.687, 0.719), stdev = 0.020
  CI (99.9%): [0.665, 0.708] (assumes normal distribution)

Secondary result "research.skew.AggregationBenchmark.parallelConcurrent:gc.alloc.rate":
  261.425 ±(99.9%) 7.970 MB/sec [Average]
  (min, avg, max) = (249.517, 261.425, 272.627), stdev = 7.455
  CI (99.9%): [253.455, 269.395] (assumes normal distribution)

Secondary result "research.skew.AggregationBenchmark.parallelConcurrent:gc.alloc.rate.norm":
  188073.321 ±(99.9%) 88.457 B/op [Average]
  (min, avg, max) = (187925.120, 188073.321, 188212.166), stdev = 82.742
  CI (99.9%): [187984.864, 188161.777] (assumes normal distribution)

Secondary result "research.skew.AggregationBenchmark.parallelConcurrent:gc.count":
  14.000 ±(99.9%) 0.001 counts [Sum]
  (min, avg, max) = (≈ 0, 0.933, 1.000), stdev = 0.258
  CI (99.9%): [14.000, 14.000] (assumes normal distribution)

Secondary result "research.skew.AggregationBenchmark.parallelConcurrent:gc.time":
  11.000 ±(99.9%) 0.001 ms [Sum]
  (min, avg, max) = (≈ 0, 0.733, 1.000), stdev = 0.458
  CI (99.9%): [11.000, 11.000] (assumes normal distribution)


# JMH version: 1.37
# VM version: JDK 25.0.4.1, OpenJDK 64-Bit Server VM, 25.0.4.1+1-LTS
# VM invoker: /Users/jaehyeon/Library/Java/JavaVirtualMachines/temurin-25.0.4.1/Contents/Home/bin/java
# VM options: -Xms512m -Xmx512m -Djava.util.concurrent.ForkJoinPool.common.parallelism=3
# Blackhole mode: compiler (auto-detected, use -Djmh.blackhole.autoDetect=false to disable)
# Warmup: 5 iterations, 1 s each
# Measurement: 5 iterations, 1 s each
# Timeout: 10 min per iteration
# Threads: 1 thread, will synchronize iterations
# Benchmark mode: Average time, time/op
# Benchmark: research.skew.AggregationBenchmark.parallelConcurrent
# Parameters: (cardinality = 256, distribution = hot90, seed = 20260929, size = 100000)

# Run progress: 25.93% complete, ETA 00:10:14
# Fork: 1 of 3
WARNING: A terminally deprecated method in sun.misc.Unsafe has been called
WARNING: sun.misc.Unsafe::objectFieldOffset has been called by org.openjdk.jmh.util.Utils (file:/Users/jaehyeon/Documents/Obsidian%20Vault/2026/04.%ed%98%b8%ec%84%9c%eb%8c%80%ed%95%99%ea%b5%90/11.%ec%b0%a8%ec%84%b8%eb%8c%80%ec%bb%b4%ed%93%a8%ed%8c%85%ed%95%99%ed%9a%8c%eb%85%bc%eb%ac%b8/JavaStream_%ed%82%a4%ed%8e%b8%ed%96%a5/.deps/jmh-core-1.37.jar)
WARNING: Please consider reporting this to the maintainers of class org.openjdk.jmh.util.Utils
WARNING: sun.misc.Unsafe::objectFieldOffset will be removed in a future release
# Warmup Iteration   1: Input: n=100000, keys=256, observedHotFraction=0.900000, poolParallelism=3, availableProcessors=10
8.015 ms/op
# Warmup Iteration   2: 8.144 ms/op
# Warmup Iteration   3: 8.055 ms/op
# Warmup Iteration   4: 7.890 ms/op
# Warmup Iteration   5: 7.995 ms/op
Iteration   1: 7.620 ms/op
                 gc.alloc.rate:      203.732 MB/sec
                 gc.alloc.rate.norm: 1628124.364 B/op
                 gc.count:           1.000 counts
                 gc.time:            1.000 ms

Iteration   2: 7.675 ms/op
                 gc.alloc.rate:      202.293 MB/sec
                 gc.alloc.rate.norm: 1628172.364 B/op
                 gc.count:           ≈ 0 counts

Iteration   3: 8.005 ms/op
                 gc.alloc.rate:      193.925 MB/sec
                 gc.alloc.rate.norm: 1627941.333 B/op
                 gc.count:           1.000 counts
                 gc.time:            1.000 ms

Iteration   4: 7.751 ms/op
                 gc.alloc.rate:      200.317 MB/sec
                 gc.alloc.rate.norm: 1628126.646 B/op
                 gc.count:           1.000 counts
                 gc.time:            1.000 ms

Iteration   5: 8.034 ms/op
                 gc.alloc.rate:      193.282 MB/sec
                 gc.alloc.rate.norm: 1628348.381 B/op
                 gc.count:           ≈ 0 counts


# Run progress: 27.16% complete, ETA 00:10:04
# Fork: 2 of 3
WARNING: A terminally deprecated method in sun.misc.Unsafe has been called
WARNING: sun.misc.Unsafe::objectFieldOffset has been called by org.openjdk.jmh.util.Utils (file:/Users/jaehyeon/Documents/Obsidian%20Vault/2026/04.%ed%98%b8%ec%84%9c%eb%8c%80%ed%95%99%ea%b5%90/11.%ec%b0%a8%ec%84%b8%eb%8c%80%ec%bb%b4%ed%93%a8%ed%8c%85%ed%95%99%ed%9a%8c%eb%85%bc%eb%ac%b8/JavaStream_%ed%82%a4%ed%8e%b8%ed%96%a5/.deps/jmh-core-1.37.jar)
WARNING: Please consider reporting this to the maintainers of class org.openjdk.jmh.util.Utils
WARNING: sun.misc.Unsafe::objectFieldOffset will be removed in a future release
# Warmup Iteration   1: Input: n=100000, keys=256, observedHotFraction=0.900000, poolParallelism=3, availableProcessors=10
7.178 ms/op
# Warmup Iteration   2: 7.757 ms/op
# Warmup Iteration   3: 7.060 ms/op
# Warmup Iteration   4: 7.408 ms/op
# Warmup Iteration   5: 8.409 ms/op
Iteration   1: 7.903 ms/op
                 gc.alloc.rate:      196.453 MB/sec
                 gc.alloc.rate.norm: 1628093.125 B/op
                 gc.count:           1.000 counts
                 gc.time:            1.000 ms

Iteration   2: 8.134 ms/op
                 gc.alloc.rate:      190.837 MB/sec
                 gc.alloc.rate.norm: 1627860.672 B/op
                 gc.count:           1.000 counts
                 gc.time:            1.000 ms

Iteration   3: 8.463 ms/op
                 gc.alloc.rate:      183.458 MB/sec
                 gc.alloc.rate.norm: 1628243.765 B/op
                 gc.count:           ≈ 0 counts

Iteration   4: 7.955 ms/op
                 gc.alloc.rate:      195.171 MB/sec
                 gc.alloc.rate.norm: 1628197.984 B/op
                 gc.count:           1.000 counts
                 gc.time:            1.000 ms

Iteration   5: 8.482 ms/op
                 gc.alloc.rate:      183.057 MB/sec
                 gc.alloc.rate.norm: 1628319.866 B/op
                 gc.count:           ≈ 0 counts


# Run progress: 28.40% complete, ETA 00:09:54
# Fork: 3 of 3
WARNING: A terminally deprecated method in sun.misc.Unsafe has been called
WARNING: sun.misc.Unsafe::objectFieldOffset has been called by org.openjdk.jmh.util.Utils (file:/Users/jaehyeon/Documents/Obsidian%20Vault/2026/04.%ed%98%b8%ec%84%9c%eb%8c%80%ed%95%99%ea%b5%90/11.%ec%b0%a8%ec%84%b8%eb%8c%80%ec%bb%b4%ed%93%a8%ed%8c%85%ed%95%99%ed%9a%8c%eb%85%bc%eb%ac%b8/JavaStream_%ed%82%a4%ed%8e%b8%ed%96%a5/.deps/jmh-core-1.37.jar)
WARNING: Please consider reporting this to the maintainers of class org.openjdk.jmh.util.Utils
WARNING: sun.misc.Unsafe::objectFieldOffset will be removed in a future release
# Warmup Iteration   1: Input: n=100000, keys=256, observedHotFraction=0.900000, poolParallelism=3, availableProcessors=10
7.509 ms/op
# Warmup Iteration   2: 8.595 ms/op
# Warmup Iteration   3: 7.831 ms/op
# Warmup Iteration   4: 7.924 ms/op
# Warmup Iteration   5: 7.563 ms/op
Iteration   1: 8.274 ms/op
                 gc.alloc.rate:      187.599 MB/sec
                 gc.alloc.rate.norm: 1627874.820 B/op
                 gc.count:           1.000 counts
                 gc.time:            1.000 ms

Iteration   2: 8.393 ms/op
                 gc.alloc.rate:      184.951 MB/sec
                 gc.alloc.rate.norm: 1627796.667 B/op
                 gc.count:           ≈ 0 counts

Iteration   3: 8.137 ms/op
                 gc.alloc.rate:      190.793 MB/sec
                 gc.alloc.rate.norm: 1628017.742 B/op
                 gc.count:           1.000 counts
                 gc.time:            1.000 ms

Iteration   4: 7.993 ms/op
                 gc.alloc.rate:      194.243 MB/sec
                 gc.alloc.rate.norm: 1628119.175 B/op
                 gc.count:           1.000 counts
                 gc.time:            1.000 ms

Iteration   5: 8.283 ms/op
                 gc.alloc.rate:      187.425 MB/sec
                 gc.alloc.rate.norm: 1628107.934 B/op
                 gc.count:           ≈ 0 counts



Result "research.skew.AggregationBenchmark.parallelConcurrent":
  8.073 ±(99.9%) 0.291 ms/op [Average]
  (min, avg, max) = (7.620, 8.073, 8.482), stdev = 0.272
  CI (99.9%): [7.782, 8.364] (assumes normal distribution)

Secondary result "research.skew.AggregationBenchmark.parallelConcurrent:gc.alloc.rate":
  192.503 ±(99.9%) 6.969 MB/sec [Average]
  (min, avg, max) = (183.057, 192.503, 203.732), stdev = 6.519
  CI (99.9%): [185.533, 199.472] (assumes normal distribution)

Secondary result "research.skew.AggregationBenchmark.parallelConcurrent:gc.alloc.rate.norm":
  1628089.656 ±(99.9%) 175.584 B/op [Average]
  (min, avg, max) = (1627796.667, 1628089.656, 1628348.381), stdev = 164.241
  CI (99.9%): [1627914.072, 1628265.240] (assumes normal distribution)

Secondary result "research.skew.AggregationBenchmark.parallelConcurrent:gc.count":
  9.000 ±(99.9%) 0.001 counts [Sum]
  (min, avg, max) = (≈ 0, 0.600, 1.000), stdev = 0.507
  CI (99.9%): [9.000, 9.000] (assumes normal distribution)

Secondary result "research.skew.AggregationBenchmark.parallelConcurrent:gc.time":
  9.000 ±(99.9%) 0.001 ms [Sum]
  (min, avg, max) = (≈ 0, 0.600, 1.000), stdev = 0.507
  CI (99.9%): [9.000, 9.000] (assumes normal distribution)


# JMH version: 1.37
# VM version: JDK 25.0.4.1, OpenJDK 64-Bit Server VM, 25.0.4.1+1-LTS
# VM invoker: /Users/jaehyeon/Library/Java/JavaVirtualMachines/temurin-25.0.4.1/Contents/Home/bin/java
# VM options: -Xms512m -Xmx512m -Djava.util.concurrent.ForkJoinPool.common.parallelism=3
# Blackhole mode: compiler (auto-detected, use -Djmh.blackhole.autoDetect=false to disable)
# Warmup: 5 iterations, 1 s each
# Measurement: 5 iterations, 1 s each
# Timeout: 10 min per iteration
# Threads: 1 thread, will synchronize iterations
# Benchmark mode: Average time, time/op
# Benchmark: research.skew.AggregationBenchmark.parallelConcurrent
# Parameters: (cardinality = 256, distribution = hot90, seed = 20260929, size = 1000000)

# Run progress: 29.63% complete, ETA 00:09:44
# Fork: 1 of 3
WARNING: A terminally deprecated method in sun.misc.Unsafe has been called
WARNING: sun.misc.Unsafe::objectFieldOffset has been called by org.openjdk.jmh.util.Utils (file:/Users/jaehyeon/Documents/Obsidian%20Vault/2026/04.%ed%98%b8%ec%84%9c%eb%8c%80%ed%95%99%ea%b5%90/11.%ec%b0%a8%ec%84%b8%eb%8c%80%ec%bb%b4%ed%93%a8%ed%8c%85%ed%95%99%ed%9a%8c%eb%85%bc%eb%ac%b8/JavaStream_%ed%82%a4%ed%8e%b8%ed%96%a5/.deps/jmh-core-1.37.jar)
WARNING: Please consider reporting this to the maintainers of class org.openjdk.jmh.util.Utils
WARNING: sun.misc.Unsafe::objectFieldOffset will be removed in a future release
# Warmup Iteration   1: Input: n=1000000, keys=256, observedHotFraction=0.900000, poolParallelism=3, availableProcessors=10
92.538 ms/op
# Warmup Iteration   2: 67.056 ms/op
# Warmup Iteration   3: 86.855 ms/op
# Warmup Iteration   4: 82.961 ms/op
# Warmup Iteration   5: 76.142 ms/op
Iteration   1: 95.404 ms/op
                 gc.alloc.rate:      160.278 MB/sec
                 gc.alloc.rate.norm: 16035464.667 B/op
                 gc.count:           1.000 counts
                 gc.time:            2.000 ms

Iteration   2: 71.347 ms/op
                 gc.alloc.rate:      214.304 MB/sec
                 gc.alloc.rate.norm: 16034358.933 B/op
                 gc.count:           1.000 counts
                 gc.time:            2.000 ms

Iteration   3: 78.509 ms/op
                 gc.alloc.rate:      194.761 MB/sec
                 gc.alloc.rate.norm: 16034764.923 B/op
                 gc.count:           ≈ 0 counts

Iteration   4: 91.799 ms/op
                 gc.alloc.rate:      166.558 MB/sec
                 gc.alloc.rate.norm: 16034181.818 B/op
                 gc.count:           1.000 counts
                 gc.time:            3.000 ms

Iteration   5: 78.062 ms/op
                 gc.alloc.rate:      195.878 MB/sec
                 gc.alloc.rate.norm: 16035334.769 B/op
                 gc.count:           1.000 counts
                 gc.time:            2.000 ms


# Run progress: 30.86% complete, ETA 00:09:34
# Fork: 2 of 3
WARNING: A terminally deprecated method in sun.misc.Unsafe has been called
WARNING: sun.misc.Unsafe::objectFieldOffset has been called by org.openjdk.jmh.util.Utils (file:/Users/jaehyeon/Documents/Obsidian%20Vault/2026/04.%ed%98%b8%ec%84%9c%eb%8c%80%ed%95%99%ea%b5%90/11.%ec%b0%a8%ec%84%b8%eb%8c%80%ec%bb%b4%ed%93%a8%ed%8c%85%ed%95%99%ed%9a%8c%eb%85%bc%eb%ac%b8/JavaStream_%ed%82%a4%ed%8e%b8%ed%96%a5/.deps/jmh-core-1.37.jar)
WARNING: Please consider reporting this to the maintainers of class org.openjdk.jmh.util.Utils
WARNING: sun.misc.Unsafe::objectFieldOffset will be removed in a future release
# Warmup Iteration   1: Input: n=1000000, keys=256, observedHotFraction=0.900000, poolParallelism=3, availableProcessors=10
84.086 ms/op
# Warmup Iteration   2: 81.393 ms/op
# Warmup Iteration   3: 81.976 ms/op
# Warmup Iteration   4: 69.301 ms/op
# Warmup Iteration   5: 93.409 ms/op
Iteration   1: 70.517 ms/op
                 gc.alloc.rate:      216.820 MB/sec
                 gc.alloc.rate.norm: 16034244.267 B/op
                 gc.count:           1.000 counts
                 gc.time:            2.000 ms

Iteration   2: 95.202 ms/op
                 gc.alloc.rate:      160.621 MB/sec
                 gc.alloc.rate.norm: 16035568.000 B/op
                 gc.count:           1.000 counts
                 gc.time:            3.000 ms

Iteration   3: 83.963 ms/op
                 gc.alloc.rate:      182.113 MB/sec
                 gc.alloc.rate.norm: 16034800.667 B/op
                 gc.count:           ≈ 0 counts

Iteration   4: 86.943 ms/op
                 gc.alloc.rate:      175.876 MB/sec
                 gc.alloc.rate.norm: 16035396.667 B/op
                 gc.count:           1.000 counts
                 gc.time:            2.000 ms

Iteration   5: 95.307 ms/op
                 gc.alloc.rate:      160.436 MB/sec
                 gc.alloc.rate.norm: 16035250.182 B/op
                 gc.count:           ≈ 0 counts


# Run progress: 32.10% complete, ETA 00:09:25
# Fork: 3 of 3
WARNING: A terminally deprecated method in sun.misc.Unsafe has been called
WARNING: sun.misc.Unsafe::objectFieldOffset has been called by org.openjdk.jmh.util.Utils (file:/Users/jaehyeon/Documents/Obsidian%20Vault/2026/04.%ed%98%b8%ec%84%9c%eb%8c%80%ed%95%99%ea%b5%90/11.%ec%b0%a8%ec%84%b8%eb%8c%80%ec%bb%b4%ed%93%a8%ed%8c%85%ed%95%99%ed%9a%8c%eb%85%bc%eb%ac%b8/JavaStream_%ed%82%a4%ed%8e%b8%ed%96%a5/.deps/jmh-core-1.37.jar)
WARNING: Please consider reporting this to the maintainers of class org.openjdk.jmh.util.Utils
WARNING: sun.misc.Unsafe::objectFieldOffset will be removed in a future release
# Warmup Iteration   1: Input: n=1000000, keys=256, observedHotFraction=0.900000, poolParallelism=3, availableProcessors=10
81.624 ms/op
# Warmup Iteration   2: 70.719 ms/op
# Warmup Iteration   3: 60.623 ms/op
# Warmup Iteration   4: 99.819 ms/op
# Warmup Iteration   5: 69.840 ms/op
Iteration   1: 101.573 ms/op
                 gc.alloc.rate:      150.546 MB/sec
                 gc.alloc.rate.norm: 16035594.400 B/op
                 gc.count:           ≈ 0 counts

Iteration   2: 92.196 ms/op
                 gc.alloc.rate:      165.853 MB/sec
                 gc.alloc.rate.norm: 16035383.273 B/op
                 gc.count:           1.000 counts
                 gc.time:            3.000 ms

Iteration   3: 70.347 ms/op
                 gc.alloc.rate:      217.344 MB/sec
                 gc.alloc.rate.norm: 16033644.800 B/op
                 gc.count:           1.000 counts
                 gc.time:            2.000 ms

Iteration   4: 75.716 ms/op
                 gc.alloc.rate:      201.940 MB/sec
                 gc.alloc.rate.norm: 16034205.714 B/op
                 gc.count:           ≈ 0 counts

Iteration   5: 77.364 ms/op
                 gc.alloc.rate:      197.637 MB/sec
                 gc.alloc.rate.norm: 16034409.231 B/op
                 gc.count:           1.000 counts
                 gc.time:            2.000 ms



Result "research.skew.AggregationBenchmark.parallelConcurrent":
  84.283 ±(99.9%) 11.190 ms/op [Average]
  (min, avg, max) = (70.347, 84.283, 101.573), stdev = 10.468
  CI (99.9%): [73.093, 95.474] (assumes normal distribution)

Secondary result "research.skew.AggregationBenchmark.parallelConcurrent:gc.alloc.rate":
  184.064 ±(99.9%) 24.510 MB/sec [Average]
  (min, avg, max) = (150.546, 184.064, 217.344), stdev = 22.927
  CI (99.9%): [159.554, 208.574] (assumes normal distribution)

Secondary result "research.skew.AggregationBenchmark.parallelConcurrent:gc.alloc.rate.norm":
  16034840.154 ±(99.9%) 673.137 B/op [Average]
  (min, avg, max) = (16033644.800, 16034840.154, 16035594.400), stdev = 629.653
  CI (99.9%): [16034167.017, 16035513.291] (assumes normal distribution)

Secondary result "research.skew.AggregationBenchmark.parallelConcurrent:gc.count":
  10.000 ±(99.9%) 0.001 counts [Sum]
  (min, avg, max) = (≈ 0, 0.667, 1.000), stdev = 0.488
  CI (99.9%): [10.000, 10.000] (assumes normal distribution)

Secondary result "research.skew.AggregationBenchmark.parallelConcurrent:gc.time":
  23.000 ±(99.9%) 0.001 ms [Sum]
  (min, avg, max) = (≈ 0, 1.533, 3.000), stdev = 1.187
  CI (99.9%): [23.000, 23.000] (assumes normal distribution)


# JMH version: 1.37
# VM version: JDK 25.0.4.1, OpenJDK 64-Bit Server VM, 25.0.4.1+1-LTS
# VM invoker: /Users/jaehyeon/Library/Java/JavaVirtualMachines/temurin-25.0.4.1/Contents/Home/bin/java
# VM options: -Xms512m -Xmx512m -Djava.util.concurrent.ForkJoinPool.common.parallelism=3
# Blackhole mode: compiler (auto-detected, use -Djmh.blackhole.autoDetect=false to disable)
# Warmup: 5 iterations, 1 s each
# Measurement: 5 iterations, 1 s each
# Timeout: 10 min per iteration
# Threads: 1 thread, will synchronize iterations
# Benchmark mode: Average time, time/op
# Benchmark: research.skew.AggregationBenchmark.parallelMerge
# Parameters: (cardinality = 256, distribution = uniform, seed = 20260929, size = 10000)

# Run progress: 33.33% complete, ETA 00:09:16
# Fork: 1 of 3
WARNING: A terminally deprecated method in sun.misc.Unsafe has been called
WARNING: sun.misc.Unsafe::objectFieldOffset has been called by org.openjdk.jmh.util.Utils (file:/Users/jaehyeon/Documents/Obsidian%20Vault/2026/04.%ed%98%b8%ec%84%9c%eb%8c%80%ed%95%99%ea%b5%90/11.%ec%b0%a8%ec%84%b8%eb%8c%80%ec%bb%b4%ed%93%a8%ed%8c%85%ed%95%99%ed%9a%8c%eb%85%bc%eb%ac%b8/JavaStream_%ed%82%a4%ed%8e%b8%ed%96%a5/.deps/jmh-core-1.37.jar)
WARNING: Please consider reporting this to the maintainers of class org.openjdk.jmh.util.Utils
WARNING: sun.misc.Unsafe::objectFieldOffset will be removed in a future release
# Warmup Iteration   1: Input: n=10000, keys=256, observedHotFraction=0.004000, poolParallelism=3, availableProcessors=10
0.053 ms/op
# Warmup Iteration   2: 0.050 ms/op
# Warmup Iteration   3: 0.049 ms/op
# Warmup Iteration   4: 0.050 ms/op
# Warmup Iteration   5: 0.049 ms/op
Iteration   1: 0.050 ms/op
                 gc.alloc.rate:      8559.808 MB/sec
                 gc.alloc.rate.norm: 446423.147 B/op
                 gc.count:           28.000 counts
                 gc.time:            11.000 ms

Iteration   2: 0.050 ms/op
                 gc.alloc.rate:      8541.849 MB/sec
                 gc.alloc.rate.norm: 446408.734 B/op
                 gc.count:           28.000 counts
                 gc.time:            11.000 ms

Iteration   3: 0.050 ms/op
                 gc.alloc.rate:      8549.731 MB/sec
                 gc.alloc.rate.norm: 446408.479 B/op
                 gc.count:           28.000 counts
                 gc.time:            11.000 ms

Iteration   4: 0.049 ms/op
                 gc.alloc.rate:      8712.828 MB/sec
                 gc.alloc.rate.norm: 446408.477 B/op
                 gc.count:           29.000 counts
                 gc.time:            11.000 ms

Iteration   5: 0.049 ms/op
                 gc.alloc.rate:      8688.788 MB/sec
                 gc.alloc.rate.norm: 446408.671 B/op
                 gc.count:           29.000 counts
                 gc.time:            12.000 ms


# Run progress: 34.57% complete, ETA 00:09:05
# Fork: 2 of 3
WARNING: A terminally deprecated method in sun.misc.Unsafe has been called
WARNING: sun.misc.Unsafe::objectFieldOffset has been called by org.openjdk.jmh.util.Utils (file:/Users/jaehyeon/Documents/Obsidian%20Vault/2026/04.%ed%98%b8%ec%84%9c%eb%8c%80%ed%95%99%ea%b5%90/11.%ec%b0%a8%ec%84%b8%eb%8c%80%ec%bb%b4%ed%93%a8%ed%8c%85%ed%95%99%ed%9a%8c%eb%85%bc%eb%ac%b8/JavaStream_%ed%82%a4%ed%8e%b8%ed%96%a5/.deps/jmh-core-1.37.jar)
WARNING: Please consider reporting this to the maintainers of class org.openjdk.jmh.util.Utils
WARNING: sun.misc.Unsafe::objectFieldOffset will be removed in a future release
# Warmup Iteration   1: Input: n=10000, keys=256, observedHotFraction=0.004000, poolParallelism=3, availableProcessors=10
0.053 ms/op
# Warmup Iteration   2: 0.048 ms/op
# Warmup Iteration   3: 0.048 ms/op
# Warmup Iteration   4: 0.048 ms/op
# Warmup Iteration   5: 0.048 ms/op
Iteration   1: 0.049 ms/op
                 gc.alloc.rate:      8702.374 MB/sec
                 gc.alloc.rate.norm: 446419.161 B/op
                 gc.count:           29.000 counts
                 gc.time:            11.000 ms

Iteration   2: 0.050 ms/op
                 gc.alloc.rate:      8591.912 MB/sec
                 gc.alloc.rate.norm: 446408.674 B/op
                 gc.count:           28.000 counts
                 gc.time:            11.000 ms

Iteration   3: 0.049 ms/op
                 gc.alloc.rate:      8606.134 MB/sec
                 gc.alloc.rate.norm: 446408.501 B/op
                 gc.count:           28.000 counts
                 gc.time:            11.000 ms

Iteration   4: 0.049 ms/op
                 gc.alloc.rate:      8672.648 MB/sec
                 gc.alloc.rate.norm: 446418.018 B/op
                 gc.count:           29.000 counts
                 gc.time:            12.000 ms

Iteration   5: 0.049 ms/op
                 gc.alloc.rate:      8711.273 MB/sec
                 gc.alloc.rate.norm: 446419.285 B/op
                 gc.count:           29.000 counts
                 gc.time:            11.000 ms


# Run progress: 35.80% complete, ETA 00:08:55
# Fork: 3 of 3
WARNING: A terminally deprecated method in sun.misc.Unsafe has been called
WARNING: sun.misc.Unsafe::objectFieldOffset has been called by org.openjdk.jmh.util.Utils (file:/Users/jaehyeon/Documents/Obsidian%20Vault/2026/04.%ed%98%b8%ec%84%9c%eb%8c%80%ed%95%99%ea%b5%90/11.%ec%b0%a8%ec%84%b8%eb%8c%80%ec%bb%b4%ed%93%a8%ed%8c%85%ed%95%99%ed%9a%8c%eb%85%bc%eb%ac%b8/JavaStream_%ed%82%a4%ed%8e%b8%ed%96%a5/.deps/jmh-core-1.37.jar)
WARNING: Please consider reporting this to the maintainers of class org.openjdk.jmh.util.Utils
WARNING: sun.misc.Unsafe::objectFieldOffset will be removed in a future release
# Warmup Iteration   1: Input: n=10000, keys=256, observedHotFraction=0.004000, poolParallelism=3, availableProcessors=10
0.052 ms/op
# Warmup Iteration   2: 0.048 ms/op
# Warmup Iteration   3: 0.048 ms/op
# Warmup Iteration   4: 0.048 ms/op
# Warmup Iteration   5: 0.048 ms/op
Iteration   1: 0.049 ms/op
                 gc.alloc.rate:      8748.625 MB/sec
                 gc.alloc.rate.norm: 446418.668 B/op
                 gc.count:           29.000 counts
                 gc.time:            12.000 ms

Iteration   2: 0.049 ms/op
                 gc.alloc.rate:      8653.827 MB/sec
                 gc.alloc.rate.norm: 446408.808 B/op
                 gc.count:           28.000 counts
                 gc.time:            11.000 ms

Iteration   3: 0.049 ms/op
                 gc.alloc.rate:      8728.460 MB/sec
                 gc.alloc.rate.norm: 446408.628 B/op
                 gc.count:           29.000 counts
                 gc.time:            11.000 ms

Iteration   4: 0.049 ms/op
                 gc.alloc.rate:      8678.109 MB/sec
                 gc.alloc.rate.norm: 446408.655 B/op
                 gc.count:           29.000 counts
                 gc.time:            11.000 ms

Iteration   5: 0.051 ms/op
                 gc.alloc.rate:      8378.718 MB/sec
                 gc.alloc.rate.norm: 446409.260 B/op
                 gc.count:           27.000 counts
                 gc.time:            11.000 ms



Result "research.skew.AggregationBenchmark.parallelMerge":
  0.049 ±(99.9%) 0.001 ms/op [Average]
  (min, avg, max) = (0.049, 0.049, 0.051), stdev = 0.001
  CI (99.9%): [0.049, 0.050] (assumes normal distribution)

Secondary result "research.skew.AggregationBenchmark.parallelMerge:gc.alloc.rate":
  8635.006 ±(99.9%) 104.806 MB/sec [Average]
  (min, avg, max) = (8378.718, 8635.006, 8748.625), stdev = 98.036
  CI (99.9%): [8530.199, 8739.812] (assumes normal distribution)

Secondary result "research.skew.AggregationBenchmark.parallelMerge:gc.alloc.rate.norm":
  446412.344 ±(99.9%) 5.839 B/op [Average]
  (min, avg, max) = (446408.477, 446412.344, 446423.147), stdev = 5.462
  CI (99.9%): [446406.506, 446418.183] (assumes normal distribution)

Secondary result "research.skew.AggregationBenchmark.parallelMerge:gc.count":
  427.000 ±(99.9%) 0.001 counts [Sum]
  (min, avg, max) = (27.000, 28.467, 29.000), stdev = 0.640
  CI (99.9%): [427.000, 427.000] (assumes normal distribution)

Secondary result "research.skew.AggregationBenchmark.parallelMerge:gc.time":
  168.000 ±(99.9%) 0.001 ms [Sum]
  (min, avg, max) = (11.000, 11.200, 12.000), stdev = 0.414
  CI (99.9%): [168.000, 168.000] (assumes normal distribution)


# JMH version: 1.37
# VM version: JDK 25.0.4.1, OpenJDK 64-Bit Server VM, 25.0.4.1+1-LTS
# VM invoker: /Users/jaehyeon/Library/Java/JavaVirtualMachines/temurin-25.0.4.1/Contents/Home/bin/java
# VM options: -Xms512m -Xmx512m -Djava.util.concurrent.ForkJoinPool.common.parallelism=3
# Blackhole mode: compiler (auto-detected, use -Djmh.blackhole.autoDetect=false to disable)
# Warmup: 5 iterations, 1 s each
# Measurement: 5 iterations, 1 s each
# Timeout: 10 min per iteration
# Threads: 1 thread, will synchronize iterations
# Benchmark mode: Average time, time/op
# Benchmark: research.skew.AggregationBenchmark.parallelMerge
# Parameters: (cardinality = 256, distribution = uniform, seed = 20260929, size = 100000)

# Run progress: 37.04% complete, ETA 00:08:44
# Fork: 1 of 3
WARNING: A terminally deprecated method in sun.misc.Unsafe has been called
WARNING: sun.misc.Unsafe::objectFieldOffset has been called by org.openjdk.jmh.util.Utils (file:/Users/jaehyeon/Documents/Obsidian%20Vault/2026/04.%ed%98%b8%ec%84%9c%eb%8c%80%ed%95%99%ea%b5%90/11.%ec%b0%a8%ec%84%b8%eb%8c%80%ec%bb%b4%ed%93%a8%ed%8c%85%ed%95%99%ed%9a%8c%eb%85%bc%eb%ac%b8/JavaStream_%ed%82%a4%ed%8e%b8%ed%96%a5/.deps/jmh-core-1.37.jar)
WARNING: Please consider reporting this to the maintainers of class org.openjdk.jmh.util.Utils
WARNING: sun.misc.Unsafe::objectFieldOffset will be removed in a future release
# Warmup Iteration   1: Input: n=100000, keys=256, observedHotFraction=0.003910, poolParallelism=3, availableProcessors=10
0.199 ms/op
# Warmup Iteration   2: 0.190 ms/op
# Warmup Iteration   3: 0.187 ms/op
# Warmup Iteration   4: 0.186 ms/op
# Warmup Iteration   5: 0.186 ms/op
Iteration   1: 0.185 ms/op
                 gc.alloc.rate:      9808.079 MB/sec
                 gc.alloc.rate.norm: 1905929.235 B/op
                 gc.count:           33.000 counts
                 gc.time:            13.000 ms

Iteration   2: 0.186 ms/op
                 gc.alloc.rate:      9791.598 MB/sec
                 gc.alloc.rate.norm: 1905929.232 B/op
                 gc.count:           32.000 counts
                 gc.time:            12.000 ms

Iteration   3: 0.186 ms/op
                 gc.alloc.rate:      9750.253 MB/sec
                 gc.alloc.rate.norm: 1905928.975 B/op
                 gc.count:           32.000 counts
                 gc.time:            13.000 ms

Iteration   4: 0.186 ms/op
                 gc.alloc.rate:      9745.181 MB/sec
                 gc.alloc.rate.norm: 1905929.251 B/op
                 gc.count:           32.000 counts
                 gc.time:            13.000 ms

Iteration   5: 0.185 ms/op
                 gc.alloc.rate:      9817.992 MB/sec
                 gc.alloc.rate.norm: 1905929.241 B/op
                 gc.count:           33.000 counts
                 gc.time:            13.000 ms


# Run progress: 38.27% complete, ETA 00:08:34
# Fork: 2 of 3
WARNING: A terminally deprecated method in sun.misc.Unsafe has been called
WARNING: sun.misc.Unsafe::objectFieldOffset has been called by org.openjdk.jmh.util.Utils (file:/Users/jaehyeon/Documents/Obsidian%20Vault/2026/04.%ed%98%b8%ec%84%9c%eb%8c%80%ed%95%99%ea%b5%90/11.%ec%b0%a8%ec%84%b8%eb%8c%80%ec%bb%b4%ed%93%a8%ed%8c%85%ed%95%99%ed%9a%8c%eb%85%bc%eb%ac%b8/JavaStream_%ed%82%a4%ed%8e%b8%ed%96%a5/.deps/jmh-core-1.37.jar)
WARNING: Please consider reporting this to the maintainers of class org.openjdk.jmh.util.Utils
WARNING: sun.misc.Unsafe::objectFieldOffset will be removed in a future release
# Warmup Iteration   1: Input: n=100000, keys=256, observedHotFraction=0.003910, poolParallelism=3, availableProcessors=10
0.198 ms/op
# Warmup Iteration   2: 0.187 ms/op
# Warmup Iteration   3: 0.186 ms/op
# Warmup Iteration   4: 0.187 ms/op
# Warmup Iteration   5: 0.185 ms/op
Iteration   1: 0.185 ms/op
                 gc.alloc.rate:      9808.058 MB/sec
                 gc.alloc.rate.norm: 1905929.256 B/op
                 gc.count:           32.000 counts
                 gc.time:            13.000 ms

Iteration   2: 0.185 ms/op
                 gc.alloc.rate:      9798.400 MB/sec
                 gc.alloc.rate.norm: 1905929.230 B/op
                 gc.count:           33.000 counts
                 gc.time:            13.000 ms

Iteration   3: 0.186 ms/op
                 gc.alloc.rate:      9788.553 MB/sec
                 gc.alloc.rate.norm: 1905928.944 B/op
                 gc.count:           32.000 counts
                 gc.time:            13.000 ms

Iteration   4: 0.185 ms/op
                 gc.alloc.rate:      9821.462 MB/sec
                 gc.alloc.rate.norm: 1905929.219 B/op
                 gc.count:           32.000 counts
                 gc.time:            12.000 ms

Iteration   5: 0.186 ms/op
                 gc.alloc.rate:      9764.604 MB/sec
                 gc.alloc.rate.norm: 1905929.244 B/op
                 gc.count:           32.000 counts
                 gc.time:            13.000 ms


# Run progress: 39.51% complete, ETA 00:08:23
# Fork: 3 of 3
WARNING: A terminally deprecated method in sun.misc.Unsafe has been called
WARNING: sun.misc.Unsafe::objectFieldOffset has been called by org.openjdk.jmh.util.Utils (file:/Users/jaehyeon/Documents/Obsidian%20Vault/2026/04.%ed%98%b8%ec%84%9c%eb%8c%80%ed%95%99%ea%b5%90/11.%ec%b0%a8%ec%84%b8%eb%8c%80%ec%bb%b4%ed%93%a8%ed%8c%85%ed%95%99%ed%9a%8c%eb%85%bc%eb%ac%b8/JavaStream_%ed%82%a4%ed%8e%b8%ed%96%a5/.deps/jmh-core-1.37.jar)
WARNING: Please consider reporting this to the maintainers of class org.openjdk.jmh.util.Utils
WARNING: sun.misc.Unsafe::objectFieldOffset will be removed in a future release
# Warmup Iteration   1: Input: n=100000, keys=256, observedHotFraction=0.003910, poolParallelism=3, availableProcessors=10
0.196 ms/op
# Warmup Iteration   2: 0.184 ms/op
# Warmup Iteration   3: 0.184 ms/op
# Warmup Iteration   4: 0.183 ms/op
# Warmup Iteration   5: 0.183 ms/op
Iteration   1: 0.185 ms/op
                 gc.alloc.rate:      9831.100 MB/sec
                 gc.alloc.rate.norm: 1905929.218 B/op
                 gc.count:           33.000 counts
                 gc.time:            13.000 ms

Iteration   2: 0.184 ms/op
                 gc.alloc.rate:      9869.858 MB/sec
                 gc.alloc.rate.norm: 1905929.235 B/op
                 gc.count:           32.000 counts
                 gc.time:            13.000 ms

Iteration   3: 0.185 ms/op
                 gc.alloc.rate:      9834.995 MB/sec
                 gc.alloc.rate.norm: 1905929.047 B/op
                 gc.count:           33.000 counts
                 gc.time:            14.000 ms

Iteration   4: 0.189 ms/op
                 gc.alloc.rate:      9636.137 MB/sec
                 gc.alloc.rate.norm: 1905943.066 B/op
                 gc.count:           31.000 counts
                 gc.time:            12.000 ms

Iteration   5: 0.184 ms/op
                 gc.alloc.rate:      9901.608 MB/sec
                 gc.alloc.rate.norm: 1905945.563 B/op
                 gc.count:           33.000 counts
                 gc.time:            14.000 ms



Result "research.skew.AggregationBenchmark.parallelMerge":
  0.186 ±(99.9%) 0.001 ms/op [Average]
  (min, avg, max) = (0.184, 0.186, 0.189), stdev = 0.001
  CI (99.9%): [0.184, 0.187] (assumes normal distribution)

Secondary result "research.skew.AggregationBenchmark.parallelMerge:gc.alloc.rate":
  9797.859 ±(99.9%) 65.173 MB/sec [Average]
  (min, avg, max) = (9636.137, 9797.859, 9901.608), stdev = 60.963
  CI (99.9%): [9732.686, 9863.031] (assumes normal distribution)

Secondary result "research.skew.AggregationBenchmark.parallelMerge:gc.alloc.rate.norm":
  1905931.197 ±(99.9%) 5.717 B/op [Average]
  (min, avg, max) = (1905928.944, 1905931.197, 1905945.563), stdev = 5.348
  CI (99.9%): [1905925.480, 1905936.914] (assumes normal distribution)

Secondary result "research.skew.AggregationBenchmark.parallelMerge:gc.count":
  485.000 ±(99.9%) 0.001 counts [Sum]
  (min, avg, max) = (31.000, 32.333, 33.000), stdev = 0.617
  CI (99.9%): [485.000, 485.000] (assumes normal distribution)

Secondary result "research.skew.AggregationBenchmark.parallelMerge:gc.time":
  194.000 ±(99.9%) 0.001 ms [Sum]
  (min, avg, max) = (12.000, 12.933, 14.000), stdev = 0.594
  CI (99.9%): [194.000, 194.000] (assumes normal distribution)


# JMH version: 1.37
# VM version: JDK 25.0.4.1, OpenJDK 64-Bit Server VM, 25.0.4.1+1-LTS
# VM invoker: /Users/jaehyeon/Library/Java/JavaVirtualMachines/temurin-25.0.4.1/Contents/Home/bin/java
# VM options: -Xms512m -Xmx512m -Djava.util.concurrent.ForkJoinPool.common.parallelism=3
# Blackhole mode: compiler (auto-detected, use -Djmh.blackhole.autoDetect=false to disable)
# Warmup: 5 iterations, 1 s each
# Measurement: 5 iterations, 1 s each
# Timeout: 10 min per iteration
# Threads: 1 thread, will synchronize iterations
# Benchmark mode: Average time, time/op
# Benchmark: research.skew.AggregationBenchmark.parallelMerge
# Parameters: (cardinality = 256, distribution = uniform, seed = 20260929, size = 1000000)

# Run progress: 40.74% complete, ETA 00:08:13
# Fork: 1 of 3
WARNING: A terminally deprecated method in sun.misc.Unsafe has been called
WARNING: sun.misc.Unsafe::objectFieldOffset has been called by org.openjdk.jmh.util.Utils (file:/Users/jaehyeon/Documents/Obsidian%20Vault/2026/04.%ed%98%b8%ec%84%9c%eb%8c%80%ed%95%99%ea%b5%90/11.%ec%b0%a8%ec%84%b8%eb%8c%80%ec%bb%b4%ed%93%a8%ed%8c%85%ed%95%99%ed%9a%8c%eb%85%bc%eb%ac%b8/JavaStream_%ed%82%a4%ed%8e%b8%ed%96%a5/.deps/jmh-core-1.37.jar)
WARNING: Please consider reporting this to the maintainers of class org.openjdk.jmh.util.Utils
WARNING: sun.misc.Unsafe::objectFieldOffset will be removed in a future release
# Warmup Iteration   1: Input: n=1000000, keys=256, observedHotFraction=0.003907, poolParallelism=3, availableProcessors=10
1.576 ms/op
# Warmup Iteration   2: 1.841 ms/op
# Warmup Iteration   3: 2.244 ms/op
# Warmup Iteration   4: 2.220 ms/op
# Warmup Iteration   5: 2.211 ms/op
Iteration   1: 2.212 ms/op
                 gc.alloc.rate:      7029.555 MB/sec
                 gc.alloc.rate.norm: 16305983.543 B/op
                 gc.count:           23.000 counts
                 gc.time:            11.000 ms

Iteration   2: 2.200 ms/op
                 gc.alloc.rate:      7067.699 MB/sec
                 gc.alloc.rate.norm: 16305985.033 B/op
                 gc.count:           24.000 counts
                 gc.time:            10.000 ms

Iteration   3: 2.275 ms/op
                 gc.alloc.rate:      6835.846 MB/sec
                 gc.alloc.rate.norm: 16305989.140 B/op
                 gc.count:           22.000 counts
                 gc.time:            9.000 ms

Iteration   4: 2.296 ms/op
                 gc.alloc.rate:      6773.075 MB/sec
                 gc.alloc.rate.norm: 16305991.362 B/op
                 gc.count:           23.000 counts
                 gc.time:            11.000 ms

Iteration   5: 2.290 ms/op
                 gc.alloc.rate:      6789.139 MB/sec
                 gc.alloc.rate.norm: 16305991.417 B/op
                 gc.count:           22.000 counts
                 gc.time:            10.000 ms


# Run progress: 41.98% complete, ETA 00:08:03
# Fork: 2 of 3
WARNING: A terminally deprecated method in sun.misc.Unsafe has been called
WARNING: sun.misc.Unsafe::objectFieldOffset has been called by org.openjdk.jmh.util.Utils (file:/Users/jaehyeon/Documents/Obsidian%20Vault/2026/04.%ed%98%b8%ec%84%9c%eb%8c%80%ed%95%99%ea%b5%90/11.%ec%b0%a8%ec%84%b8%eb%8c%80%ec%bb%b4%ed%93%a8%ed%8c%85%ed%95%99%ed%9a%8c%eb%85%bc%eb%ac%b8/JavaStream_%ed%82%a4%ed%8e%b8%ed%96%a5/.deps/jmh-core-1.37.jar)
WARNING: Please consider reporting this to the maintainers of class org.openjdk.jmh.util.Utils
WARNING: sun.misc.Unsafe::objectFieldOffset will be removed in a future release
# Warmup Iteration   1: Input: n=1000000, keys=256, observedHotFraction=0.003907, poolParallelism=3, availableProcessors=10
1.575 ms/op
# Warmup Iteration   2: 1.488 ms/op
# Warmup Iteration   3: 1.507 ms/op
# Warmup Iteration   4: 1.523 ms/op
# Warmup Iteration   5: 1.507 ms/op
Iteration   1: 1.485 ms/op
                 gc.alloc.rate:      10470.676 MB/sec
                 gc.alloc.rate.norm: 16305985.628 B/op
                 gc.count:           35.000 counts
                 gc.time:            14.000 ms

Iteration   2: 1.513 ms/op
                 gc.alloc.rate:      10278.662 MB/sec
                 gc.alloc.rate.norm: 16305985.744 B/op
                 gc.count:           33.000 counts
                 gc.time:            14.000 ms

Iteration   3: 1.467 ms/op
                 gc.alloc.rate:      10596.612 MB/sec
                 gc.alloc.rate.norm: 16305983.288 B/op
                 gc.count:           35.000 counts
                 gc.time:            14.000 ms

Iteration   4: 1.464 ms/op
                 gc.alloc.rate:      10623.914 MB/sec
                 gc.alloc.rate.norm: 16305939.492 B/op
                 gc.count:           35.000 counts
                 gc.time:            15.000 ms

Iteration   5: 1.481 ms/op
                 gc.alloc.rate:      10502.070 MB/sec
                 gc.alloc.rate.norm: 16305937.040 B/op
                 gc.count:           35.000 counts
                 gc.time:            15.000 ms


# Run progress: 43.21% complete, ETA 00:07:52
# Fork: 3 of 3
WARNING: A terminally deprecated method in sun.misc.Unsafe has been called
WARNING: sun.misc.Unsafe::objectFieldOffset has been called by org.openjdk.jmh.util.Utils (file:/Users/jaehyeon/Documents/Obsidian%20Vault/2026/04.%ed%98%b8%ec%84%9c%eb%8c%80%ed%95%99%ea%b5%90/11.%ec%b0%a8%ec%84%b8%eb%8c%80%ec%bb%b4%ed%93%a8%ed%8c%85%ed%95%99%ed%9a%8c%eb%85%bc%eb%ac%b8/JavaStream_%ed%82%a4%ed%8e%b8%ed%96%a5/.deps/jmh-core-1.37.jar)
WARNING: Please consider reporting this to the maintainers of class org.openjdk.jmh.util.Utils
WARNING: sun.misc.Unsafe::objectFieldOffset will be removed in a future release
# Warmup Iteration   1: Input: n=1000000, keys=256, observedHotFraction=0.003907, poolParallelism=3, availableProcessors=10
1.685 ms/op
# Warmup Iteration   2: 1.618 ms/op
# Warmup Iteration   3: 1.719 ms/op
# Warmup Iteration   4: 1.800 ms/op
# Warmup Iteration   5: 1.748 ms/op
Iteration   1: 1.733 ms/op
                 gc.alloc.rate:      8970.612 MB/sec
                 gc.alloc.rate.norm: 16305987.979 B/op
                 gc.count:           29.000 counts
                 gc.time:            12.000 ms

Iteration   2: 1.755 ms/op
                 gc.alloc.rate:      8859.839 MB/sec
                 gc.alloc.rate.norm: 16305988.042 B/op
                 gc.count:           29.000 counts
                 gc.time:            13.000 ms

Iteration   3: 1.670 ms/op
                 gc.alloc.rate:      9309.798 MB/sec
                 gc.alloc.rate.norm: 16305987.107 B/op
                 gc.count:           31.000 counts
                 gc.time:            13.000 ms

Iteration   4: 1.629 ms/op
                 gc.alloc.rate:      9542.425 MB/sec
                 gc.alloc.rate.norm: 16305985.213 B/op
                 gc.count:           32.000 counts
                 gc.time:            13.000 ms

Iteration   5: 1.613 ms/op
                 gc.alloc.rate:      9641.929 MB/sec
                 gc.alloc.rate.norm: 16305941.711 B/op
                 gc.count:           32.000 counts
                 gc.time:            14.000 ms



Result "research.skew.AggregationBenchmark.parallelMerge":
  1.805 ±(99.9%) 0.365 ms/op [Average]
  (min, avg, max) = (1.464, 1.805, 2.296), stdev = 0.342
  CI (99.9%): [1.440, 2.171] (assumes normal distribution)

Secondary result "research.skew.AggregationBenchmark.parallelMerge:gc.alloc.rate":
  8886.124 ±(99.9%) 1666.396 MB/sec [Average]
  (min, avg, max) = (6773.075, 8886.124, 10623.914), stdev = 1558.748
  CI (99.9%): [7219.728, 10552.519] (assumes normal distribution)

Secondary result "research.skew.AggregationBenchmark.parallelMerge:gc.alloc.rate.norm":
  16305977.449 ±(99.9%) 21.223 B/op [Average]
  (min, avg, max) = (16305937.040, 16305977.449, 16305991.417), stdev = 19.852
  CI (99.9%): [16305956.226, 16305998.672] (assumes normal distribution)

Secondary result "research.skew.AggregationBenchmark.parallelMerge:gc.count":
  440.000 ±(99.9%) 0.001 counts [Sum]
  (min, avg, max) = (22.000, 29.333, 35.000), stdev = 5.178
  CI (99.9%): [440.000, 440.000] (assumes normal distribution)

Secondary result "research.skew.AggregationBenchmark.parallelMerge:gc.time":
  188.000 ±(99.9%) 0.001 ms [Sum]
  (min, avg, max) = (9.000, 12.533, 15.000), stdev = 1.922
  CI (99.9%): [188.000, 188.000] (assumes normal distribution)


# JMH version: 1.37
# VM version: JDK 25.0.4.1, OpenJDK 64-Bit Server VM, 25.0.4.1+1-LTS
# VM invoker: /Users/jaehyeon/Library/Java/JavaVirtualMachines/temurin-25.0.4.1/Contents/Home/bin/java
# VM options: -Xms512m -Xmx512m -Djava.util.concurrent.ForkJoinPool.common.parallelism=3
# Blackhole mode: compiler (auto-detected, use -Djmh.blackhole.autoDetect=false to disable)
# Warmup: 5 iterations, 1 s each
# Measurement: 5 iterations, 1 s each
# Timeout: 10 min per iteration
# Threads: 1 thread, will synchronize iterations
# Benchmark mode: Average time, time/op
# Benchmark: research.skew.AggregationBenchmark.parallelMerge
# Parameters: (cardinality = 256, distribution = hot50, seed = 20260929, size = 10000)

# Run progress: 44.44% complete, ETA 00:07:42
# Fork: 1 of 3
WARNING: A terminally deprecated method in sun.misc.Unsafe has been called
WARNING: sun.misc.Unsafe::objectFieldOffset has been called by org.openjdk.jmh.util.Utils (file:/Users/jaehyeon/Documents/Obsidian%20Vault/2026/04.%ed%98%b8%ec%84%9c%eb%8c%80%ed%95%99%ea%b5%90/11.%ec%b0%a8%ec%84%b8%eb%8c%80%ec%bb%b4%ed%93%a8%ed%8c%85%ed%95%99%ed%9a%8c%eb%85%bc%eb%ac%b8/JavaStream_%ed%82%a4%ed%8e%b8%ed%96%a5/.deps/jmh-core-1.37.jar)
WARNING: Please consider reporting this to the maintainers of class org.openjdk.jmh.util.Utils
WARNING: sun.misc.Unsafe::objectFieldOffset will be removed in a future release
# Warmup Iteration   1: Input: n=10000, keys=256, observedHotFraction=0.500000, poolParallelism=3, availableProcessors=10
0.051 ms/op
# Warmup Iteration   2: 0.046 ms/op
# Warmup Iteration   3: 0.046 ms/op
# Warmup Iteration   4: 0.045 ms/op
# Warmup Iteration   5: 0.045 ms/op
Iteration   1: 0.047 ms/op
                 gc.alloc.rate:      7995.867 MB/sec
                 gc.alloc.rate.norm: 394571.421 B/op
                 gc.count:           27.000 counts
                 gc.time:            10.000 ms

Iteration   2: 0.049 ms/op
                 gc.alloc.rate:      7655.318 MB/sec
                 gc.alloc.rate.norm: 394571.029 B/op
                 gc.count:           25.000 counts
                 gc.time:            10.000 ms

Iteration   3: 0.049 ms/op
                 gc.alloc.rate:      7716.714 MB/sec
                 gc.alloc.rate.norm: 394580.481 B/op
                 gc.count:           25.000 counts
                 gc.time:            10.000 ms

Iteration   4: 0.048 ms/op
                 gc.alloc.rate:      7917.855 MB/sec
                 gc.alloc.rate.norm: 394579.702 B/op
                 gc.count:           27.000 counts
                 gc.time:            11.000 ms

Iteration   5: 0.048 ms/op
                 gc.alloc.rate:      7776.404 MB/sec
                 gc.alloc.rate.norm: 394579.760 B/op
                 gc.count:           25.000 counts
                 gc.time:            10.000 ms


# Run progress: 45.68% complete, ETA 00:07:32
# Fork: 2 of 3
WARNING: A terminally deprecated method in sun.misc.Unsafe has been called
WARNING: sun.misc.Unsafe::objectFieldOffset has been called by org.openjdk.jmh.util.Utils (file:/Users/jaehyeon/Documents/Obsidian%20Vault/2026/04.%ed%98%b8%ec%84%9c%eb%8c%80%ed%95%99%ea%b5%90/11.%ec%b0%a8%ec%84%b8%eb%8c%80%ec%bb%b4%ed%93%a8%ed%8c%85%ed%95%99%ed%9a%8c%eb%85%bc%eb%ac%b8/JavaStream_%ed%82%a4%ed%8e%b8%ed%96%a5/.deps/jmh-core-1.37.jar)
WARNING: Please consider reporting this to the maintainers of class org.openjdk.jmh.util.Utils
WARNING: sun.misc.Unsafe::objectFieldOffset will be removed in a future release
# Warmup Iteration   1: Input: n=10000, keys=256, observedHotFraction=0.500000, poolParallelism=3, availableProcessors=10
0.051 ms/op
# Warmup Iteration   2: 0.048 ms/op
# Warmup Iteration   3: 0.047 ms/op
# Warmup Iteration   4: 0.048 ms/op
# Warmup Iteration   5: 0.047 ms/op
Iteration   1: 0.048 ms/op
                 gc.alloc.rate:      7846.242 MB/sec
                 gc.alloc.rate.norm: 394576.694 B/op
                 gc.count:           27.000 counts
                 gc.time:            11.000 ms

Iteration   2: 0.048 ms/op
                 gc.alloc.rate:      7876.759 MB/sec
                 gc.alloc.rate.norm: 394569.737 B/op
                 gc.count:           26.000 counts
                 gc.time:            11.000 ms

Iteration   3: 0.048 ms/op
                 gc.alloc.rate:      7802.929 MB/sec
                 gc.alloc.rate.norm: 394569.900 B/op
                 gc.count:           25.000 counts
                 gc.time:            10.000 ms

Iteration   4: 0.048 ms/op
                 gc.alloc.rate:      7868.001 MB/sec
                 gc.alloc.rate.norm: 394570.079 B/op
                 gc.count:           27.000 counts
                 gc.time:            11.000 ms

Iteration   5: 0.046 ms/op
                 gc.alloc.rate:      8250.514 MB/sec
                 gc.alloc.rate.norm: 394569.989 B/op
                 gc.count:           27.000 counts
                 gc.time:            10.000 ms


# Run progress: 46.91% complete, ETA 00:07:21
# Fork: 3 of 3
WARNING: A terminally deprecated method in sun.misc.Unsafe has been called
WARNING: sun.misc.Unsafe::objectFieldOffset has been called by org.openjdk.jmh.util.Utils (file:/Users/jaehyeon/Documents/Obsidian%20Vault/2026/04.%ed%98%b8%ec%84%9c%eb%8c%80%ed%95%99%ea%b5%90/11.%ec%b0%a8%ec%84%b8%eb%8c%80%ec%bb%b4%ed%93%a8%ed%8c%85%ed%95%99%ed%9a%8c%eb%85%bc%eb%ac%b8/JavaStream_%ed%82%a4%ed%8e%b8%ed%96%a5/.deps/jmh-core-1.37.jar)
WARNING: Please consider reporting this to the maintainers of class org.openjdk.jmh.util.Utils
WARNING: sun.misc.Unsafe::objectFieldOffset will be removed in a future release
# Warmup Iteration   1: Input: n=10000, keys=256, observedHotFraction=0.500000, poolParallelism=3, availableProcessors=10
0.051 ms/op
# Warmup Iteration   2: 0.047 ms/op
# Warmup Iteration   3: 0.047 ms/op
# Warmup Iteration   4: 0.045 ms/op
# Warmup Iteration   5: 0.045 ms/op
Iteration   1: 0.046 ms/op
                 gc.alloc.rate:      8238.257 MB/sec
                 gc.alloc.rate.norm: 394573.221 B/op
                 gc.count:           28.000 counts
                 gc.time:            11.000 ms

Iteration   2: 0.046 ms/op
                 gc.alloc.rate:      8195.340 MB/sec
                 gc.alloc.rate.norm: 394569.967 B/op
                 gc.count:           27.000 counts
                 gc.time:            10.000 ms

Iteration   3: 0.046 ms/op
                 gc.alloc.rate:      8123.845 MB/sec
                 gc.alloc.rate.norm: 394569.985 B/op
                 gc.count:           27.000 counts
                 gc.time:            11.000 ms

Iteration   4: 0.046 ms/op
                 gc.alloc.rate:      8260.686 MB/sec
                 gc.alloc.rate.norm: 394569.752 B/op
                 gc.count:           27.000 counts
                 gc.time:            11.000 ms

Iteration   5: 0.046 ms/op
                 gc.alloc.rate:      8165.639 MB/sec
                 gc.alloc.rate.norm: 394569.891 B/op
                 gc.count:           27.000 counts
                 gc.time:            10.000 ms



Result "research.skew.AggregationBenchmark.parallelMerge":
  0.047 ±(99.9%) 0.001 ms/op [Average]
  (min, avg, max) = (0.046, 0.047, 0.049), stdev = 0.001
  CI (99.9%): [0.046, 0.049] (assumes normal distribution)

Secondary result "research.skew.AggregationBenchmark.parallelMerge:gc.alloc.rate":
  7979.358 ±(99.9%) 223.688 MB/sec [Average]
  (min, avg, max) = (7655.318, 7979.358, 8260.686), stdev = 209.238
  CI (99.9%): [7755.670, 8203.046] (assumes normal distribution)

Secondary result "research.skew.AggregationBenchmark.parallelMerge:gc.alloc.rate.norm":
  394572.774 ±(99.9%) 4.447 B/op [Average]
  (min, avg, max) = (394569.737, 394572.774, 394580.481), stdev = 4.160
  CI (99.9%): [394568.327, 394577.221] (assumes normal distribution)

Secondary result "research.skew.AggregationBenchmark.parallelMerge:gc.count":
  397.000 ±(99.9%) 0.001 counts [Sum]
  (min, avg, max) = (25.000, 26.467, 28.000), stdev = 0.990
  CI (99.9%): [397.000, 397.000] (assumes normal distribution)

Secondary result "research.skew.AggregationBenchmark.parallelMerge:gc.time":
  157.000 ±(99.9%) 0.001 ms [Sum]
  (min, avg, max) = (10.000, 10.467, 11.000), stdev = 0.516
  CI (99.9%): [157.000, 157.000] (assumes normal distribution)


# JMH version: 1.37
# VM version: JDK 25.0.4.1, OpenJDK 64-Bit Server VM, 25.0.4.1+1-LTS
# VM invoker: /Users/jaehyeon/Library/Java/JavaVirtualMachines/temurin-25.0.4.1/Contents/Home/bin/java
# VM options: -Xms512m -Xmx512m -Djava.util.concurrent.ForkJoinPool.common.parallelism=3
# Blackhole mode: compiler (auto-detected, use -Djmh.blackhole.autoDetect=false to disable)
# Warmup: 5 iterations, 1 s each
# Measurement: 5 iterations, 1 s each
# Timeout: 10 min per iteration
# Threads: 1 thread, will synchronize iterations
# Benchmark mode: Average time, time/op
# Benchmark: research.skew.AggregationBenchmark.parallelMerge
# Parameters: (cardinality = 256, distribution = hot50, seed = 20260929, size = 100000)

# Run progress: 48.15% complete, ETA 00:07:11
# Fork: 1 of 3
WARNING: A terminally deprecated method in sun.misc.Unsafe has been called
WARNING: sun.misc.Unsafe::objectFieldOffset has been called by org.openjdk.jmh.util.Utils (file:/Users/jaehyeon/Documents/Obsidian%20Vault/2026/04.%ed%98%b8%ec%84%9c%eb%8c%80%ed%95%99%ea%b5%90/11.%ec%b0%a8%ec%84%b8%eb%8c%80%ec%bb%b4%ed%93%a8%ed%8c%85%ed%95%99%ed%9a%8c%eb%85%bc%eb%ac%b8/JavaStream_%ed%82%a4%ed%8e%b8%ed%96%a5/.deps/jmh-core-1.37.jar)
WARNING: Please consider reporting this to the maintainers of class org.openjdk.jmh.util.Utils
WARNING: sun.misc.Unsafe::objectFieldOffset will be removed in a future release
# Warmup Iteration   1: Input: n=100000, keys=256, observedHotFraction=0.500000, poolParallelism=3, availableProcessors=10
0.197 ms/op
# Warmup Iteration   2: 0.188 ms/op
# Warmup Iteration   3: 0.185 ms/op
# Warmup Iteration   4: 0.185 ms/op
# Warmup Iteration   5: 0.186 ms/op
Iteration   1: 0.187 ms/op
                 gc.alloc.rate:      9742.629 MB/sec
                 gc.alloc.rate.norm: 1905929.212 B/op
                 gc.count:           33.000 counts
                 gc.time:            14.000 ms

Iteration   2: 0.186 ms/op
                 gc.alloc.rate:      9758.128 MB/sec
                 gc.alloc.rate.norm: 1905929.062 B/op
                 gc.count:           32.000 counts
                 gc.time:            12.000 ms

Iteration   3: 0.185 ms/op
                 gc.alloc.rate:      9831.449 MB/sec
                 gc.alloc.rate.norm: 1905929.256 B/op
                 gc.count:           33.000 counts
                 gc.time:            13.000 ms

Iteration   4: 0.185 ms/op
                 gc.alloc.rate:      9831.608 MB/sec
                 gc.alloc.rate.norm: 1905929.094 B/op
                 gc.count:           32.000 counts
                 gc.time:            13.000 ms

Iteration   5: 0.185 ms/op
                 gc.alloc.rate:      9839.153 MB/sec
                 gc.alloc.rate.norm: 1905929.229 B/op
                 gc.count:           33.000 counts
                 gc.time:            13.000 ms


# Run progress: 49.38% complete, ETA 00:07:01
# Fork: 2 of 3
WARNING: A terminally deprecated method in sun.misc.Unsafe has been called
WARNING: sun.misc.Unsafe::objectFieldOffset has been called by org.openjdk.jmh.util.Utils (file:/Users/jaehyeon/Documents/Obsidian%20Vault/2026/04.%ed%98%b8%ec%84%9c%eb%8c%80%ed%95%99%ea%b5%90/11.%ec%b0%a8%ec%84%b8%eb%8c%80%ec%bb%b4%ed%93%a8%ed%8c%85%ed%95%99%ed%9a%8c%eb%85%bc%eb%ac%b8/JavaStream_%ed%82%a4%ed%8e%b8%ed%96%a5/.deps/jmh-core-1.37.jar)
WARNING: Please consider reporting this to the maintainers of class org.openjdk.jmh.util.Utils
WARNING: sun.misc.Unsafe::objectFieldOffset will be removed in a future release
# Warmup Iteration   1: Input: n=100000, keys=256, observedHotFraction=0.500000, poolParallelism=3, availableProcessors=10
0.197 ms/op
# Warmup Iteration   2: 0.187 ms/op
# Warmup Iteration   3: 0.183 ms/op
# Warmup Iteration   4: 0.184 ms/op
# Warmup Iteration   5: 0.186 ms/op
Iteration   1: 0.185 ms/op
                 gc.alloc.rate:      9800.596 MB/sec
                 gc.alloc.rate.norm: 1905957.907 B/op
                 gc.count:           33.000 counts
                 gc.time:            13.000 ms

Iteration   2: 0.187 ms/op
                 gc.alloc.rate:      9706.056 MB/sec
                 gc.alloc.rate.norm: 1905929.437 B/op
                 gc.count:           32.000 counts
                 gc.time:            12.000 ms

Iteration   3: 0.192 ms/op
                 gc.alloc.rate:      9453.450 MB/sec
                 gc.alloc.rate.norm: 1905928.553 B/op
                 gc.count:           31.000 counts
                 gc.time:            12.000 ms

Iteration   4: 0.187 ms/op
                 gc.alloc.rate:      9727.076 MB/sec
                 gc.alloc.rate.norm: 1905929.056 B/op
                 gc.count:           33.000 counts
                 gc.time:            12.000 ms

Iteration   5: 0.187 ms/op
                 gc.alloc.rate:      9709.674 MB/sec
                 gc.alloc.rate.norm: 1905929.035 B/op
                 gc.count:           32.000 counts
                 gc.time:            12.000 ms


# Run progress: 50.62% complete, ETA 00:06:50
# Fork: 3 of 3
WARNING: A terminally deprecated method in sun.misc.Unsafe has been called
WARNING: sun.misc.Unsafe::objectFieldOffset has been called by org.openjdk.jmh.util.Utils (file:/Users/jaehyeon/Documents/Obsidian%20Vault/2026/04.%ed%98%b8%ec%84%9c%eb%8c%80%ed%95%99%ea%b5%90/11.%ec%b0%a8%ec%84%b8%eb%8c%80%ec%bb%b4%ed%93%a8%ed%8c%85%ed%95%99%ed%9a%8c%eb%85%bc%eb%ac%b8/JavaStream_%ed%82%a4%ed%8e%b8%ed%96%a5/.deps/jmh-core-1.37.jar)
WARNING: Please consider reporting this to the maintainers of class org.openjdk.jmh.util.Utils
WARNING: sun.misc.Unsafe::objectFieldOffset will be removed in a future release
# Warmup Iteration   1: Input: n=100000, keys=256, observedHotFraction=0.500000, poolParallelism=3, availableProcessors=10
0.198 ms/op
# Warmup Iteration   2: 0.187 ms/op
# Warmup Iteration   3: 0.186 ms/op
# Warmup Iteration   4: 0.198 ms/op
# Warmup Iteration   5: 0.201 ms/op
Iteration   1: 0.201 ms/op
                 gc.alloc.rate:      9041.071 MB/sec
                 gc.alloc.rate.norm: 1905927.771 B/op
                 gc.count:           30.000 counts
                 gc.time:            11.000 ms

Iteration   2: 0.207 ms/op
                 gc.alloc.rate:      8772.050 MB/sec
                 gc.alloc.rate.norm: 1905928.325 B/op
                 gc.count:           30.000 counts
                 gc.time:            12.000 ms

Iteration   3: 0.201 ms/op
                 gc.alloc.rate:      9041.219 MB/sec
                 gc.alloc.rate.norm: 1905928.544 B/op
                 gc.count:           30.000 counts
                 gc.time:            12.000 ms

Iteration   4: 0.201 ms/op
                 gc.alloc.rate:      9062.857 MB/sec
                 gc.alloc.rate.norm: 1905929.329 B/op
                 gc.count:           30.000 counts
                 gc.time:            13.000 ms

Iteration   5: 0.202 ms/op
                 gc.alloc.rate:      9011.195 MB/sec
                 gc.alloc.rate.norm: 1905929.294 B/op
                 gc.count:           29.000 counts
                 gc.time:            12.000 ms



Result "research.skew.AggregationBenchmark.parallelMerge":
  0.192 ±(99.9%) 0.009 ms/op [Average]
  (min, avg, max) = (0.185, 0.192, 0.207), stdev = 0.008
  CI (99.9%): [0.183, 0.200] (assumes normal distribution)

Secondary result "research.skew.AggregationBenchmark.parallelMerge:gc.alloc.rate":
  9488.547 ±(99.9%) 411.070 MB/sec [Average]
  (min, avg, max) = (8772.050, 9488.547, 9839.153), stdev = 384.515
  CI (99.9%): [9077.478, 9899.617] (assumes normal distribution)

Secondary result "research.skew.AggregationBenchmark.parallelMerge:gc.alloc.rate.norm":
  1905930.874 ±(99.9%) 8.010 B/op [Average]
  (min, avg, max) = (1905927.771, 1905930.874, 1905957.907), stdev = 7.492
  CI (99.9%): [1905922.864, 1905938.883] (assumes normal distribution)

Secondary result "research.skew.AggregationBenchmark.parallelMerge:gc.count":
  473.000 ±(99.9%) 0.001 counts [Sum]
  (min, avg, max) = (29.000, 31.533, 33.000), stdev = 1.407
  CI (99.9%): [473.000, 473.000] (assumes normal distribution)

Secondary result "research.skew.AggregationBenchmark.parallelMerge:gc.time":
  186.000 ±(99.9%) 0.001 ms [Sum]
  (min, avg, max) = (11.000, 12.400, 14.000), stdev = 0.737
  CI (99.9%): [186.000, 186.000] (assumes normal distribution)


# JMH version: 1.37
# VM version: JDK 25.0.4.1, OpenJDK 64-Bit Server VM, 25.0.4.1+1-LTS
# VM invoker: /Users/jaehyeon/Library/Java/JavaVirtualMachines/temurin-25.0.4.1/Contents/Home/bin/java
# VM options: -Xms512m -Xmx512m -Djava.util.concurrent.ForkJoinPool.common.parallelism=3
# Blackhole mode: compiler (auto-detected, use -Djmh.blackhole.autoDetect=false to disable)
# Warmup: 5 iterations, 1 s each
# Measurement: 5 iterations, 1 s each
# Timeout: 10 min per iteration
# Threads: 1 thread, will synchronize iterations
# Benchmark mode: Average time, time/op
# Benchmark: research.skew.AggregationBenchmark.parallelMerge
# Parameters: (cardinality = 256, distribution = hot50, seed = 20260929, size = 1000000)

# Run progress: 51.85% complete, ETA 00:06:40
# Fork: 1 of 3
WARNING: A terminally deprecated method in sun.misc.Unsafe has been called
WARNING: sun.misc.Unsafe::objectFieldOffset has been called by org.openjdk.jmh.util.Utils (file:/Users/jaehyeon/Documents/Obsidian%20Vault/2026/04.%ed%98%b8%ec%84%9c%eb%8c%80%ed%95%99%ea%b5%90/11.%ec%b0%a8%ec%84%b8%eb%8c%80%ec%bb%b4%ed%93%a8%ed%8c%85%ed%95%99%ed%9a%8c%eb%85%bc%eb%ac%b8/JavaStream_%ed%82%a4%ed%8e%b8%ed%96%a5/.deps/jmh-core-1.37.jar)
WARNING: Please consider reporting this to the maintainers of class org.openjdk.jmh.util.Utils
WARNING: sun.misc.Unsafe::objectFieldOffset will be removed in a future release
# Warmup Iteration   1: Input: n=1000000, keys=256, observedHotFraction=0.500000, poolParallelism=3, availableProcessors=10
1.664 ms/op
# Warmup Iteration   2: 1.527 ms/op
# Warmup Iteration   3: 1.452 ms/op
# Warmup Iteration   4: 1.450 ms/op
# Warmup Iteration   5: 1.455 ms/op
Iteration   1: 1.445 ms/op
                 gc.alloc.rate:      10760.541 MB/sec
                 gc.alloc.rate.norm: 16305985.189 B/op
                 gc.count:           35.000 counts
                 gc.time:            15.000 ms

Iteration   2: 1.455 ms/op
                 gc.alloc.rate:      10684.418 MB/sec
                 gc.alloc.rate.norm: 16305985.212 B/op
                 gc.count:           36.000 counts
                 gc.time:            15.000 ms

Iteration   3: 1.454 ms/op
                 gc.alloc.rate:      10697.417 MB/sec
                 gc.alloc.rate.norm: 16305978.362 B/op
                 gc.count:           35.000 counts
                 gc.time:            14.000 ms

Iteration   4: 1.445 ms/op
                 gc.alloc.rate:      10763.267 MB/sec
                 gc.alloc.rate.norm: 16305937.566 B/op
                 gc.count:           35.000 counts
                 gc.time:            15.000 ms

Iteration   5: 1.450 ms/op
                 gc.alloc.rate:      10721.211 MB/sec
                 gc.alloc.rate.norm: 16305937.263 B/op
                 gc.count:           36.000 counts
                 gc.time:            15.000 ms


# Run progress: 53.09% complete, ETA 00:06:30
# Fork: 2 of 3
WARNING: A terminally deprecated method in sun.misc.Unsafe has been called
WARNING: sun.misc.Unsafe::objectFieldOffset has been called by org.openjdk.jmh.util.Utils (file:/Users/jaehyeon/Documents/Obsidian%20Vault/2026/04.%ed%98%b8%ec%84%9c%eb%8c%80%ed%95%99%ea%b5%90/11.%ec%b0%a8%ec%84%b8%eb%8c%80%ec%bb%b4%ed%93%a8%ed%8c%85%ed%95%99%ed%9a%8c%eb%85%bc%eb%ac%b8/JavaStream_%ed%82%a4%ed%8e%b8%ed%96%a5/.deps/jmh-core-1.37.jar)
WARNING: Please consider reporting this to the maintainers of class org.openjdk.jmh.util.Utils
WARNING: sun.misc.Unsafe::objectFieldOffset will be removed in a future release
# Warmup Iteration   1: Input: n=1000000, keys=256, observedHotFraction=0.500000, poolParallelism=3, availableProcessors=10
1.702 ms/op
# Warmup Iteration   2: 1.512 ms/op
# Warmup Iteration   3: 1.484 ms/op
# Warmup Iteration   4: 1.480 ms/op
# Warmup Iteration   5: 1.480 ms/op
Iteration   1: 1.477 ms/op
                 gc.alloc.rate:      10526.185 MB/sec
                 gc.alloc.rate.norm: 16305984.506 B/op
                 gc.count:           34.000 counts
                 gc.time:            14.000 ms

Iteration   2: 1.488 ms/op
                 gc.alloc.rate:      10446.474 MB/sec
                 gc.alloc.rate.norm: 16305985.013 B/op
                 gc.count:           35.000 counts
                 gc.time:            15.000 ms

Iteration   3: 1.495 ms/op
                 gc.alloc.rate:      10398.259 MB/sec
                 gc.alloc.rate.norm: 16305982.781 B/op
                 gc.count:           34.000 counts
                 gc.time:            14.000 ms

Iteration   4: 1.477 ms/op
                 gc.alloc.rate:      10524.316 MB/sec
                 gc.alloc.rate.norm: 16305938.682 B/op
                 gc.count:           35.000 counts
                 gc.time:            14.000 ms

Iteration   5: 1.475 ms/op
                 gc.alloc.rate:      10541.806 MB/sec
                 gc.alloc.rate.norm: 16305936.398 B/op
                 gc.count:           35.000 counts
                 gc.time:            15.000 ms


# Run progress: 54.32% complete, ETA 00:06:20
# Fork: 3 of 3
WARNING: A terminally deprecated method in sun.misc.Unsafe has been called
WARNING: sun.misc.Unsafe::objectFieldOffset has been called by org.openjdk.jmh.util.Utils (file:/Users/jaehyeon/Documents/Obsidian%20Vault/2026/04.%ed%98%b8%ec%84%9c%eb%8c%80%ed%95%99%ea%b5%90/11.%ec%b0%a8%ec%84%b8%eb%8c%80%ec%bb%b4%ed%93%a8%ed%8c%85%ed%95%99%ed%9a%8c%eb%85%bc%eb%ac%b8/JavaStream_%ed%82%a4%ed%8e%b8%ed%96%a5/.deps/jmh-core-1.37.jar)
WARNING: Please consider reporting this to the maintainers of class org.openjdk.jmh.util.Utils
WARNING: sun.misc.Unsafe::objectFieldOffset will be removed in a future release
# Warmup Iteration   1: Input: n=1000000, keys=256, observedHotFraction=0.500000, poolParallelism=3, availableProcessors=10
1.543 ms/op
# Warmup Iteration   2: 1.488 ms/op
# Warmup Iteration   3: 1.503 ms/op
# Warmup Iteration   4: 1.486 ms/op
# Warmup Iteration   5: 1.476 ms/op
Iteration   1: 1.513 ms/op
                 gc.alloc.rate:      10274.962 MB/sec
                 gc.alloc.rate.norm: 16305984.695 B/op
                 gc.count:           34.000 counts
                 gc.time:            14.000 ms

Iteration   2: 1.469 ms/op
                 gc.alloc.rate:      10581.726 MB/sec
                 gc.alloc.rate.norm: 16305984.641 B/op
                 gc.count:           35.000 counts
                 gc.time:            15.000 ms

Iteration   3: 1.477 ms/op
                 gc.alloc.rate:      10525.743 MB/sec
                 gc.alloc.rate.norm: 16305981.310 B/op
                 gc.count:           34.000 counts
                 gc.time:            14.000 ms

Iteration   4: 1.482 ms/op
                 gc.alloc.rate:      10491.989 MB/sec
                 gc.alloc.rate.norm: 16305936.023 B/op
                 gc.count:           35.000 counts
                 gc.time:            14.000 ms

Iteration   5: 1.475 ms/op
                 gc.alloc.rate:      10542.769 MB/sec
                 gc.alloc.rate.norm: 16305937.145 B/op
                 gc.count:           35.000 counts
                 gc.time:            15.000 ms



Result "research.skew.AggregationBenchmark.parallelMerge":
  1.472 ±(99.9%) 0.021 ms/op [Average]
  (min, avg, max) = (1.445, 1.472, 1.513), stdev = 0.019
  CI (99.9%): [1.451, 1.493] (assumes normal distribution)

Secondary result "research.skew.AggregationBenchmark.parallelMerge:gc.alloc.rate":
  10565.406 ±(99.9%) 148.754 MB/sec [Average]
  (min, avg, max) = (10274.962, 10565.406, 10763.267), stdev = 139.145
  CI (99.9%): [10416.651, 10714.160] (assumes normal distribution)

Secondary result "research.skew.AggregationBenchmark.parallelMerge:gc.alloc.rate.norm":
  16305964.986 ±(99.9%) 25.201 B/op [Average]
  (min, avg, max) = (16305936.023, 16305964.986, 16305985.212), stdev = 23.573
  CI (99.9%): [16305939.784, 16305990.187] (assumes normal distribution)

Secondary result "research.skew.AggregationBenchmark.parallelMerge:gc.count":
  523.000 ±(99.9%) 0.001 counts [Sum]
  (min, avg, max) = (34.000, 34.867, 36.000), stdev = 0.640
  CI (99.9%): [523.000, 523.000] (assumes normal distribution)

Secondary result "research.skew.AggregationBenchmark.parallelMerge:gc.time":
  218.000 ±(99.9%) 0.001 ms [Sum]
  (min, avg, max) = (14.000, 14.533, 15.000), stdev = 0.516
  CI (99.9%): [218.000, 218.000] (assumes normal distribution)


# JMH version: 1.37
# VM version: JDK 25.0.4.1, OpenJDK 64-Bit Server VM, 25.0.4.1+1-LTS
# VM invoker: /Users/jaehyeon/Library/Java/JavaVirtualMachines/temurin-25.0.4.1/Contents/Home/bin/java
# VM options: -Xms512m -Xmx512m -Djava.util.concurrent.ForkJoinPool.common.parallelism=3
# Blackhole mode: compiler (auto-detected, use -Djmh.blackhole.autoDetect=false to disable)
# Warmup: 5 iterations, 1 s each
# Measurement: 5 iterations, 1 s each
# Timeout: 10 min per iteration
# Threads: 1 thread, will synchronize iterations
# Benchmark mode: Average time, time/op
# Benchmark: research.skew.AggregationBenchmark.parallelMerge
# Parameters: (cardinality = 256, distribution = hot90, seed = 20260929, size = 10000)

# Run progress: 55.56% complete, ETA 00:06:09
# Fork: 1 of 3
WARNING: A terminally deprecated method in sun.misc.Unsafe has been called
WARNING: sun.misc.Unsafe::objectFieldOffset has been called by org.openjdk.jmh.util.Utils (file:/Users/jaehyeon/Documents/Obsidian%20Vault/2026/04.%ed%98%b8%ec%84%9c%eb%8c%80%ed%95%99%ea%b5%90/11.%ec%b0%a8%ec%84%b8%eb%8c%80%ec%bb%b4%ed%93%a8%ed%8c%85%ed%95%99%ed%9a%8c%eb%85%bc%eb%ac%b8/JavaStream_%ed%82%a4%ed%8e%b8%ed%96%a5/.deps/jmh-core-1.37.jar)
WARNING: Please consider reporting this to the maintainers of class org.openjdk.jmh.util.Utils
WARNING: sun.misc.Unsafe::objectFieldOffset will be removed in a future release
# Warmup Iteration   1: Input: n=10000, keys=256, observedHotFraction=0.900000, poolParallelism=3, availableProcessors=10
0.045 ms/op
# Warmup Iteration   2: 0.041 ms/op
# Warmup Iteration   3: 0.042 ms/op
# Warmup Iteration   4: 0.041 ms/op
# Warmup Iteration   5: 0.042 ms/op
Iteration   1: 0.042 ms/op
                 gc.alloc.rate:      6086.474 MB/sec
                 gc.alloc.rate.norm: 268146.176 B/op
                 gc.count:           20.000 counts
                 gc.time:            8.000 ms

Iteration   2: 0.042 ms/op
                 gc.alloc.rate:      6073.666 MB/sec
                 gc.alloc.rate.norm: 268146.221 B/op
                 gc.count:           20.000 counts
                 gc.time:            7.000 ms

Iteration   3: 0.042 ms/op
                 gc.alloc.rate:      6075.958 MB/sec
                 gc.alloc.rate.norm: 268146.345 B/op
                 gc.count:           21.000 counts
                 gc.time:            9.000 ms

Iteration   4: 0.042 ms/op
                 gc.alloc.rate:      6082.113 MB/sec
                 gc.alloc.rate.norm: 268146.276 B/op
                 gc.count:           20.000 counts
                 gc.time:            7.000 ms

Iteration   5: 0.042 ms/op
                 gc.alloc.rate:      6075.581 MB/sec
                 gc.alloc.rate.norm: 268146.255 B/op
                 gc.count:           20.000 counts
                 gc.time:            8.000 ms


# Run progress: 56.79% complete, ETA 00:05:59
# Fork: 2 of 3
WARNING: A terminally deprecated method in sun.misc.Unsafe has been called
WARNING: sun.misc.Unsafe::objectFieldOffset has been called by org.openjdk.jmh.util.Utils (file:/Users/jaehyeon/Documents/Obsidian%20Vault/2026/04.%ed%98%b8%ec%84%9c%eb%8c%80%ed%95%99%ea%b5%90/11.%ec%b0%a8%ec%84%b8%eb%8c%80%ec%bb%b4%ed%93%a8%ed%8c%85%ed%95%99%ed%9a%8c%eb%85%bc%eb%ac%b8/JavaStream_%ed%82%a4%ed%8e%b8%ed%96%a5/.deps/jmh-core-1.37.jar)
WARNING: Please consider reporting this to the maintainers of class org.openjdk.jmh.util.Utils
WARNING: sun.misc.Unsafe::objectFieldOffset will be removed in a future release
# Warmup Iteration   1: Input: n=10000, keys=256, observedHotFraction=0.900000, poolParallelism=3, availableProcessors=10
0.045 ms/op
# Warmup Iteration   2: 0.041 ms/op
# Warmup Iteration   3: 0.041 ms/op
# Warmup Iteration   4: 0.041 ms/op
# Warmup Iteration   5: 0.042 ms/op
Iteration   1: 0.042 ms/op
                 gc.alloc.rate:      6084.948 MB/sec
                 gc.alloc.rate.norm: 268146.293 B/op
                 gc.count:           20.000 counts
                 gc.time:            8.000 ms

Iteration   2: 0.042 ms/op
                 gc.alloc.rate:      6122.878 MB/sec
                 gc.alloc.rate.norm: 268154.040 B/op
                 gc.count:           20.000 counts
                 gc.time:            8.000 ms

Iteration   3: 0.042 ms/op
                 gc.alloc.rate:      6134.048 MB/sec
                 gc.alloc.rate.norm: 268155.250 B/op
                 gc.count:           21.000 counts
                 gc.time:            8.000 ms

Iteration   4: 0.042 ms/op
                 gc.alloc.rate:      6133.975 MB/sec
                 gc.alloc.rate.norm: 268155.179 B/op
                 gc.count:           20.000 counts
                 gc.time:            8.000 ms

Iteration   5: 0.042 ms/op
                 gc.alloc.rate:      6134.254 MB/sec
                 gc.alloc.rate.norm: 268155.289 B/op
                 gc.count:           20.000 counts
                 gc.time:            8.000 ms


# Run progress: 58.02% complete, ETA 00:05:49
# Fork: 3 of 3
WARNING: A terminally deprecated method in sun.misc.Unsafe has been called
WARNING: sun.misc.Unsafe::objectFieldOffset has been called by org.openjdk.jmh.util.Utils (file:/Users/jaehyeon/Documents/Obsidian%20Vault/2026/04.%ed%98%b8%ec%84%9c%eb%8c%80%ed%95%99%ea%b5%90/11.%ec%b0%a8%ec%84%b8%eb%8c%80%ec%bb%b4%ed%93%a8%ed%8c%85%ed%95%99%ed%9a%8c%eb%85%bc%eb%ac%b8/JavaStream_%ed%82%a4%ed%8e%b8%ed%96%a5/.deps/jmh-core-1.37.jar)
WARNING: Please consider reporting this to the maintainers of class org.openjdk.jmh.util.Utils
WARNING: sun.misc.Unsafe::objectFieldOffset will be removed in a future release
# Warmup Iteration   1: Input: n=10000, keys=256, observedHotFraction=0.900000, poolParallelism=3, availableProcessors=10
0.045 ms/op
# Warmup Iteration   2: 0.043 ms/op
# Warmup Iteration   3: 0.042 ms/op
# Warmup Iteration   4: 0.042 ms/op
# Warmup Iteration   5: 0.043 ms/op
Iteration   1: 0.043 ms/op
                 gc.alloc.rate:      6002.743 MB/sec
                 gc.alloc.rate.norm: 268146.201 B/op
                 gc.count:           20.000 counts
                 gc.time:            7.000 ms

Iteration   2: 0.043 ms/op
                 gc.alloc.rate:      5996.233 MB/sec
                 gc.alloc.rate.norm: 268146.307 B/op
                 gc.count:           19.000 counts
                 gc.time:            8.000 ms

Iteration   3: 0.043 ms/op
                 gc.alloc.rate:      5983.731 MB/sec
                 gc.alloc.rate.norm: 268146.514 B/op
                 gc.count:           20.000 counts
                 gc.time:            8.000 ms

Iteration   4: 0.043 ms/op
                 gc.alloc.rate:      6011.040 MB/sec
                 gc.alloc.rate.norm: 268146.405 B/op
                 gc.count:           20.000 counts
                 gc.time:            7.000 ms

Iteration   5: 0.043 ms/op
                 gc.alloc.rate:      6011.751 MB/sec
                 gc.alloc.rate.norm: 268146.330 B/op
                 gc.count:           20.000 counts
                 gc.time:            8.000 ms



Result "research.skew.AggregationBenchmark.parallelMerge":
  0.042 ±(99.9%) 0.001 ms/op [Average]
  (min, avg, max) = (0.042, 0.042, 0.043), stdev = 0.001
  CI (99.9%): [0.042, 0.043] (assumes normal distribution)

Secondary result "research.skew.AggregationBenchmark.parallelMerge:gc.alloc.rate":
  6067.293 ±(99.9%) 57.149 MB/sec [Average]
  (min, avg, max) = (5983.731, 6067.293, 6134.254), stdev = 53.458
  CI (99.9%): [6010.144, 6124.442] (assumes normal distribution)

Secondary result "research.skew.AggregationBenchmark.parallelMerge:gc.alloc.rate.norm":
  268148.605 ±(99.9%) 4.238 B/op [Average]
  (min, avg, max) = (268146.176, 268148.605, 268155.289), stdev = 3.964
  CI (99.9%): [268144.367, 268152.843] (assumes normal distribution)

Secondary result "research.skew.AggregationBenchmark.parallelMerge:gc.count":
  301.000 ±(99.9%) 0.001 counts [Sum]
  (min, avg, max) = (19.000, 20.067, 21.000), stdev = 0.458
  CI (99.9%): [301.000, 301.000] (assumes normal distribution)

Secondary result "research.skew.AggregationBenchmark.parallelMerge:gc.time":
  117.000 ±(99.9%) 0.001 ms [Sum]
  (min, avg, max) = (7.000, 7.800, 9.000), stdev = 0.561
  CI (99.9%): [117.000, 117.000] (assumes normal distribution)


# JMH version: 1.37
# VM version: JDK 25.0.4.1, OpenJDK 64-Bit Server VM, 25.0.4.1+1-LTS
# VM invoker: /Users/jaehyeon/Library/Java/JavaVirtualMachines/temurin-25.0.4.1/Contents/Home/bin/java
# VM options: -Xms512m -Xmx512m -Djava.util.concurrent.ForkJoinPool.common.parallelism=3
# Blackhole mode: compiler (auto-detected, use -Djmh.blackhole.autoDetect=false to disable)
# Warmup: 5 iterations, 1 s each
# Measurement: 5 iterations, 1 s each
# Timeout: 10 min per iteration
# Threads: 1 thread, will synchronize iterations
# Benchmark mode: Average time, time/op
# Benchmark: research.skew.AggregationBenchmark.parallelMerge
# Parameters: (cardinality = 256, distribution = hot90, seed = 20260929, size = 100000)

# Run progress: 59.26% complete, ETA 00:05:38
# Fork: 1 of 3
WARNING: A terminally deprecated method in sun.misc.Unsafe has been called
WARNING: sun.misc.Unsafe::objectFieldOffset has been called by org.openjdk.jmh.util.Utils (file:/Users/jaehyeon/Documents/Obsidian%20Vault/2026/04.%ed%98%b8%ec%84%9c%eb%8c%80%ed%95%99%ea%b5%90/11.%ec%b0%a8%ec%84%b8%eb%8c%80%ec%bb%b4%ed%93%a8%ed%8c%85%ed%95%99%ed%9a%8c%eb%85%bc%eb%ac%b8/JavaStream_%ed%82%a4%ed%8e%b8%ed%96%a5/.deps/jmh-core-1.37.jar)
WARNING: Please consider reporting this to the maintainers of class org.openjdk.jmh.util.Utils
WARNING: sun.misc.Unsafe::objectFieldOffset will be removed in a future release
# Warmup Iteration   1: Input: n=100000, keys=256, observedHotFraction=0.900000, poolParallelism=3, availableProcessors=10
0.200 ms/op
# Warmup Iteration   2: 0.187 ms/op
# Warmup Iteration   3: 0.186 ms/op
# Warmup Iteration   4: 0.187 ms/op
# Warmup Iteration   5: 0.186 ms/op
Iteration   1: 0.187 ms/op
                 gc.alloc.rate:      9625.540 MB/sec
                 gc.alloc.rate.norm: 1887552.791 B/op
                 gc.count:           32.000 counts
                 gc.time:            12.000 ms

Iteration   2: 0.191 ms/op
                 gc.alloc.rate:      9437.556 MB/sec
                 gc.alloc.rate.norm: 1887553.038 B/op
                 gc.count:           31.000 counts
                 gc.time:            12.000 ms

Iteration   3: 0.186 ms/op
                 gc.alloc.rate:      9678.417 MB/sec
                 gc.alloc.rate.norm: 1887553.144 B/op
                 gc.count:           32.000 counts
                 gc.time:            12.000 ms

Iteration   4: 0.187 ms/op
                 gc.alloc.rate:      9618.441 MB/sec
                 gc.alloc.rate.norm: 1887553.156 B/op
                 gc.count:           32.000 counts
                 gc.time:            13.000 ms

Iteration   5: 0.186 ms/op
                 gc.alloc.rate:      9662.232 MB/sec
                 gc.alloc.rate.norm: 1887553.230 B/op
                 gc.count:           32.000 counts
                 gc.time:            12.000 ms


# Run progress: 60.49% complete, ETA 00:05:28
# Fork: 2 of 3
WARNING: A terminally deprecated method in sun.misc.Unsafe has been called
WARNING: sun.misc.Unsafe::objectFieldOffset has been called by org.openjdk.jmh.util.Utils (file:/Users/jaehyeon/Documents/Obsidian%20Vault/2026/04.%ed%98%b8%ec%84%9c%eb%8c%80%ed%95%99%ea%b5%90/11.%ec%b0%a8%ec%84%b8%eb%8c%80%ec%bb%b4%ed%93%a8%ed%8c%85%ed%95%99%ed%9a%8c%eb%85%bc%eb%ac%b8/JavaStream_%ed%82%a4%ed%8e%b8%ed%96%a5/.deps/jmh-core-1.37.jar)
WARNING: Please consider reporting this to the maintainers of class org.openjdk.jmh.util.Utils
WARNING: sun.misc.Unsafe::objectFieldOffset will be removed in a future release
# Warmup Iteration   1: Input: n=100000, keys=256, observedHotFraction=0.900000, poolParallelism=3, availableProcessors=10
0.198 ms/op
# Warmup Iteration   2: 0.186 ms/op
# Warmup Iteration   3: 0.186 ms/op
# Warmup Iteration   4: 0.188 ms/op
# Warmup Iteration   5: 0.189 ms/op
Iteration   1: 0.191 ms/op
                 gc.alloc.rate:      9400.576 MB/sec
                 gc.alloc.rate.norm: 1887552.760 B/op
                 gc.count:           31.000 counts
                 gc.time:            13.000 ms

Iteration   2: 0.189 ms/op
                 gc.alloc.rate:      9521.843 MB/sec
                 gc.alloc.rate.norm: 1887553.186 B/op
                 gc.count:           32.000 counts
                 gc.time:            12.000 ms

Iteration   3: 0.189 ms/op
                 gc.alloc.rate:      9516.075 MB/sec
                 gc.alloc.rate.norm: 1887553.227 B/op
                 gc.count:           32.000 counts
                 gc.time:            13.000 ms

Iteration   4: 0.189 ms/op
                 gc.alloc.rate:      9514.580 MB/sec
                 gc.alloc.rate.norm: 1887553.173 B/op
                 gc.count:           31.000 counts
                 gc.time:            12.000 ms

Iteration   5: 0.190 ms/op
                 gc.alloc.rate:      9491.421 MB/sec
                 gc.alloc.rate.norm: 1887553.259 B/op
                 gc.count:           31.000 counts
                 gc.time:            12.000 ms


# Run progress: 61.73% complete, ETA 00:05:18
# Fork: 3 of 3
WARNING: A terminally deprecated method in sun.misc.Unsafe has been called
WARNING: sun.misc.Unsafe::objectFieldOffset has been called by org.openjdk.jmh.util.Utils (file:/Users/jaehyeon/Documents/Obsidian%20Vault/2026/04.%ed%98%b8%ec%84%9c%eb%8c%80%ed%95%99%ea%b5%90/11.%ec%b0%a8%ec%84%b8%eb%8c%80%ec%bb%b4%ed%93%a8%ed%8c%85%ed%95%99%ed%9a%8c%eb%85%bc%eb%ac%b8/JavaStream_%ed%82%a4%ed%8e%b8%ed%96%a5/.deps/jmh-core-1.37.jar)
WARNING: Please consider reporting this to the maintainers of class org.openjdk.jmh.util.Utils
WARNING: sun.misc.Unsafe::objectFieldOffset will be removed in a future release
# Warmup Iteration   1: Input: n=100000, keys=256, observedHotFraction=0.900000, poolParallelism=3, availableProcessors=10
0.207 ms/op
# Warmup Iteration   2: 0.192 ms/op
# Warmup Iteration   3: 0.191 ms/op
# Warmup Iteration   4: 0.191 ms/op
# Warmup Iteration   5: 0.194 ms/op
Iteration   1: 0.192 ms/op
                 gc.alloc.rate:      9365.307 MB/sec
                 gc.alloc.rate.norm: 1887552.895 B/op
                 gc.count:           31.000 counts
                 gc.time:            12.000 ms

Iteration   2: 0.192 ms/op
                 gc.alloc.rate:      9379.203 MB/sec
                 gc.alloc.rate.norm: 1887553.094 B/op
                 gc.count:           31.000 counts
                 gc.time:            12.000 ms

Iteration   3: 0.191 ms/op
                 gc.alloc.rate:      9424.743 MB/sec
                 gc.alloc.rate.norm: 1887553.171 B/op
                 gc.count:           32.000 counts
                 gc.time:            12.000 ms

Iteration   4: 0.191 ms/op
                 gc.alloc.rate:      9423.779 MB/sec
                 gc.alloc.rate.norm: 1887553.201 B/op
                 gc.count:           31.000 counts
                 gc.time:            13.000 ms

Iteration   5: 0.192 ms/op
                 gc.alloc.rate:      9357.861 MB/sec
                 gc.alloc.rate.norm: 1887553.139 B/op
                 gc.count:           30.000 counts
                 gc.time:            11.000 ms



Result "research.skew.AggregationBenchmark.parallelMerge":
  0.190 ±(99.9%) 0.002 ms/op [Average]
  (min, avg, max) = (0.186, 0.190, 0.192), stdev = 0.002
  CI (99.9%): [0.187, 0.192] (assumes normal distribution)

Secondary result "research.skew.AggregationBenchmark.parallelMerge:gc.alloc.rate":
  9494.505 ±(99.9%) 116.657 MB/sec [Average]
  (min, avg, max) = (9357.861, 9494.505, 9678.417), stdev = 109.121
  CI (99.9%): [9377.848, 9611.162] (assumes normal distribution)

Secondary result "research.skew.AggregationBenchmark.parallelMerge:gc.alloc.rate.norm":
  1887553.097 ±(99.9%) 0.169 B/op [Average]
  (min, avg, max) = (1887552.760, 1887553.097, 1887553.259), stdev = 0.158
  CI (99.9%): [1887552.928, 1887553.266] (assumes normal distribution)

Secondary result "research.skew.AggregationBenchmark.parallelMerge:gc.count":
  471.000 ±(99.9%) 0.001 counts [Sum]
  (min, avg, max) = (30.000, 31.400, 32.000), stdev = 0.632
  CI (99.9%): [471.000, 471.000] (assumes normal distribution)

Secondary result "research.skew.AggregationBenchmark.parallelMerge:gc.time":
  183.000 ±(99.9%) 0.001 ms [Sum]
  (min, avg, max) = (11.000, 12.200, 13.000), stdev = 0.561
  CI (99.9%): [183.000, 183.000] (assumes normal distribution)


# JMH version: 1.37
# VM version: JDK 25.0.4.1, OpenJDK 64-Bit Server VM, 25.0.4.1+1-LTS
# VM invoker: /Users/jaehyeon/Library/Java/JavaVirtualMachines/temurin-25.0.4.1/Contents/Home/bin/java
# VM options: -Xms512m -Xmx512m -Djava.util.concurrent.ForkJoinPool.common.parallelism=3
# Blackhole mode: compiler (auto-detected, use -Djmh.blackhole.autoDetect=false to disable)
# Warmup: 5 iterations, 1 s each
# Measurement: 5 iterations, 1 s each
# Timeout: 10 min per iteration
# Threads: 1 thread, will synchronize iterations
# Benchmark mode: Average time, time/op
# Benchmark: research.skew.AggregationBenchmark.parallelMerge
# Parameters: (cardinality = 256, distribution = hot90, seed = 20260929, size = 1000000)

# Run progress: 62.96% complete, ETA 00:05:08
# Fork: 1 of 3
WARNING: A terminally deprecated method in sun.misc.Unsafe has been called
WARNING: sun.misc.Unsafe::objectFieldOffset has been called by org.openjdk.jmh.util.Utils (file:/Users/jaehyeon/Documents/Obsidian%20Vault/2026/04.%ed%98%b8%ec%84%9c%eb%8c%80%ed%95%99%ea%b5%90/11.%ec%b0%a8%ec%84%b8%eb%8c%80%ec%bb%b4%ed%93%a8%ed%8c%85%ed%95%99%ed%9a%8c%eb%85%bc%eb%ac%b8/JavaStream_%ed%82%a4%ed%8e%b8%ed%96%a5/.deps/jmh-core-1.37.jar)
WARNING: Please consider reporting this to the maintainers of class org.openjdk.jmh.util.Utils
WARNING: sun.misc.Unsafe::objectFieldOffset will be removed in a future release
# Warmup Iteration   1: Input: n=1000000, keys=256, observedHotFraction=0.900000, poolParallelism=3, availableProcessors=10
1.650 ms/op
# Warmup Iteration   2: 1.614 ms/op
# Warmup Iteration   3: 1.651 ms/op
# Warmup Iteration   4: 1.620 ms/op
# Warmup Iteration   5: 1.627 ms/op
Iteration   1: 1.652 ms/op
                 gc.alloc.rate:      9411.933 MB/sec
                 gc.alloc.rate.norm: 16305965.495 B/op
                 gc.count:           32.000 counts
                 gc.time:            15.000 ms

Iteration   2: 1.654 ms/op
                 gc.alloc.rate:      9400.478 MB/sec
                 gc.alloc.rate.norm: 16305966.007 B/op
                 gc.count:           31.000 counts
                 gc.time:            14.000 ms

Iteration   3: 1.638 ms/op
                 gc.alloc.rate:      9490.384 MB/sec
                 gc.alloc.rate.norm: 16305986.191 B/op
                 gc.count:           31.000 counts
                 gc.time:            14.000 ms

Iteration   4: 1.630 ms/op
                 gc.alloc.rate:      9541.858 MB/sec
                 gc.alloc.rate.norm: 16305970.877 B/op
                 gc.count:           32.000 counts
                 gc.time:            13.000 ms

Iteration   5: 1.620 ms/op
                 gc.alloc.rate:      9597.644 MB/sec
                 gc.alloc.rate.norm: 16305938.546 B/op
                 gc.count:           31.000 counts
                 gc.time:            14.000 ms


# Run progress: 64.20% complete, ETA 00:04:57
# Fork: 2 of 3
WARNING: A terminally deprecated method in sun.misc.Unsafe has been called
WARNING: sun.misc.Unsafe::objectFieldOffset has been called by org.openjdk.jmh.util.Utils (file:/Users/jaehyeon/Documents/Obsidian%20Vault/2026/04.%ed%98%b8%ec%84%9c%eb%8c%80%ed%95%99%ea%b5%90/11.%ec%b0%a8%ec%84%b8%eb%8c%80%ec%bb%b4%ed%93%a8%ed%8c%85%ed%95%99%ed%9a%8c%eb%85%bc%eb%ac%b8/JavaStream_%ed%82%a4%ed%8e%b8%ed%96%a5/.deps/jmh-core-1.37.jar)
WARNING: Please consider reporting this to the maintainers of class org.openjdk.jmh.util.Utils
WARNING: sun.misc.Unsafe::objectFieldOffset will be removed in a future release
# Warmup Iteration   1: Input: n=1000000, keys=256, observedHotFraction=0.900000, poolParallelism=3, availableProcessors=10
1.663 ms/op
# Warmup Iteration   2: 1.491 ms/op
# Warmup Iteration   3: 1.471 ms/op
# Warmup Iteration   4: 1.481 ms/op
# Warmup Iteration   5: 1.479 ms/op
Iteration   1: 1.471 ms/op
                 gc.alloc.rate:      10571.749 MB/sec
                 gc.alloc.rate.norm: 16305985.326 B/op
                 gc.count:           34.000 counts
                 gc.time:            15.000 ms

Iteration   2: 1.469 ms/op
                 gc.alloc.rate:      10582.184 MB/sec
                 gc.alloc.rate.norm: 16305985.384 B/op
                 gc.count:           35.000 counts
                 gc.time:            15.000 ms

Iteration   3: 1.475 ms/op
                 gc.alloc.rate:      10543.728 MB/sec
                 gc.alloc.rate.norm: 16305982.587 B/op
                 gc.count:           35.000 counts
                 gc.time:            15.000 ms

Iteration   4: 1.469 ms/op
                 gc.alloc.rate:      10581.707 MB/sec
                 gc.alloc.rate.norm: 16305937.070 B/op
                 gc.count:           35.000 counts
                 gc.time:            15.000 ms

Iteration   5: 1.475 ms/op
                 gc.alloc.rate:      10538.630 MB/sec
                 gc.alloc.rate.norm: 16305937.074 B/op
                 gc.count:           35.000 counts
                 gc.time:            16.000 ms


# Run progress: 65.43% complete, ETA 00:04:47
# Fork: 3 of 3
WARNING: A terminally deprecated method in sun.misc.Unsafe has been called
WARNING: sun.misc.Unsafe::objectFieldOffset has been called by org.openjdk.jmh.util.Utils (file:/Users/jaehyeon/Documents/Obsidian%20Vault/2026/04.%ed%98%b8%ec%84%9c%eb%8c%80%ed%95%99%ea%b5%90/11.%ec%b0%a8%ec%84%b8%eb%8c%80%ec%bb%b4%ed%93%a8%ed%8c%85%ed%95%99%ed%9a%8c%eb%85%bc%eb%ac%b8/JavaStream_%ed%82%a4%ed%8e%b8%ed%96%a5/.deps/jmh-core-1.37.jar)
WARNING: Please consider reporting this to the maintainers of class org.openjdk.jmh.util.Utils
WARNING: sun.misc.Unsafe::objectFieldOffset will be removed in a future release
# Warmup Iteration   1: Input: n=1000000, keys=256, observedHotFraction=0.900000, poolParallelism=3, availableProcessors=10
1.651 ms/op
# Warmup Iteration   2: 1.584 ms/op
# Warmup Iteration   3: 1.616 ms/op
# Warmup Iteration   4: 1.627 ms/op
# Warmup Iteration   5: 1.635 ms/op
Iteration   1: 1.629 ms/op
                 gc.alloc.rate:      9543.319 MB/sec
                 gc.alloc.rate.norm: 16305986.413 B/op
                 gc.count:           31.000 counts
                 gc.time:            13.000 ms

Iteration   2: 1.615 ms/op
                 gc.alloc.rate:      9630.031 MB/sec
                 gc.alloc.rate.norm: 16305986.428 B/op
                 gc.count:           32.000 counts
                 gc.time:            14.000 ms

Iteration   3: 1.616 ms/op
                 gc.alloc.rate:      9623.875 MB/sec
                 gc.alloc.rate.norm: 16305986.045 B/op
                 gc.count:           32.000 counts
                 gc.time:            15.000 ms

Iteration   4: 1.626 ms/op
                 gc.alloc.rate:      9560.222 MB/sec
                 gc.alloc.rate.norm: 16305965.801 B/op
                 gc.count:           32.000 counts
                 gc.time:            13.000 ms

Iteration   5: 1.617 ms/op
                 gc.alloc.rate:      9615.646 MB/sec
                 gc.alloc.rate.norm: 16305938.406 B/op
                 gc.count:           32.000 counts
                 gc.time:            15.000 ms



Result "research.skew.AggregationBenchmark.parallelMerge":
  1.577 ±(99.9%) 0.083 ms/op [Average]
  (min, avg, max) = (1.469, 1.577, 1.654), stdev = 0.078
  CI (99.9%): [1.494, 1.660] (assumes normal distribution)

Secondary result "research.skew.AggregationBenchmark.parallelMerge:gc.alloc.rate":
  9882.226 ±(99.9%) 538.085 MB/sec [Average]
  (min, avg, max) = (9400.478, 9882.226, 10582.184), stdev = 503.325
  CI (99.9%): [9344.141, 10420.310] (assumes normal distribution)

Secondary result "research.skew.AggregationBenchmark.parallelMerge:gc.alloc.rate.norm":
  16305967.843 ±(99.9%) 21.815 B/op [Average]
  (min, avg, max) = (16305937.070, 16305967.843, 16305986.428), stdev = 20.406
  CI (99.9%): [16305946.028, 16305989.659] (assumes normal distribution)

Secondary result "research.skew.AggregationBenchmark.parallelMerge:gc.count":
  490.000 ±(99.9%) 0.001 counts [Sum]
  (min, avg, max) = (31.000, 32.667, 35.000), stdev = 1.633
  CI (99.9%): [490.000, 490.000] (assumes normal distribution)

Secondary result "research.skew.AggregationBenchmark.parallelMerge:gc.time":
  216.000 ±(99.9%) 0.001 ms [Sum]
  (min, avg, max) = (13.000, 14.400, 16.000), stdev = 0.910
  CI (99.9%): [216.000, 216.000] (assumes normal distribution)


# JMH version: 1.37
# VM version: JDK 25.0.4.1, OpenJDK 64-Bit Server VM, 25.0.4.1+1-LTS
# VM invoker: /Users/jaehyeon/Library/Java/JavaVirtualMachines/temurin-25.0.4.1/Contents/Home/bin/java
# VM options: -Xms512m -Xmx512m -Djava.util.concurrent.ForkJoinPool.common.parallelism=3
# Blackhole mode: compiler (auto-detected, use -Djmh.blackhole.autoDetect=false to disable)
# Warmup: 5 iterations, 1 s each
# Measurement: 5 iterations, 1 s each
# Timeout: 10 min per iteration
# Threads: 1 thread, will synchronize iterations
# Benchmark mode: Average time, time/op
# Benchmark: research.skew.AggregationBenchmark.sequential
# Parameters: (cardinality = 256, distribution = uniform, seed = 20260929, size = 10000)

# Run progress: 66.67% complete, ETA 00:04:37
# Fork: 1 of 3
WARNING: A terminally deprecated method in sun.misc.Unsafe has been called
WARNING: sun.misc.Unsafe::objectFieldOffset has been called by org.openjdk.jmh.util.Utils (file:/Users/jaehyeon/Documents/Obsidian%20Vault/2026/04.%ed%98%b8%ec%84%9c%eb%8c%80%ed%95%99%ea%b5%90/11.%ec%b0%a8%ec%84%b8%eb%8c%80%ec%bb%b4%ed%93%a8%ed%8c%85%ed%95%99%ed%9a%8c%eb%85%bc%eb%ac%b8/JavaStream_%ed%82%a4%ed%8e%b8%ed%96%a5/.deps/jmh-core-1.37.jar)
WARNING: Please consider reporting this to the maintainers of class org.openjdk.jmh.util.Utils
WARNING: sun.misc.Unsafe::objectFieldOffset will be removed in a future release
# Warmup Iteration   1: Input: n=10000, keys=256, observedHotFraction=0.004000, poolParallelism=3, availableProcessors=10
0.045 ms/op
# Warmup Iteration   2: 0.040 ms/op
# Warmup Iteration   3: 0.047 ms/op
# Warmup Iteration   4: 0.061 ms/op
# Warmup Iteration   5: 0.061 ms/op
Iteration   1: 0.060 ms/op
                 gc.alloc.rate:      2821.936 MB/sec
                 gc.alloc.rate.norm: 178750.610 B/op
                 gc.count:           9.000 counts
                 gc.time:            4.000 ms

Iteration   2: 0.062 ms/op
                 gc.alloc.rate:      2741.023 MB/sec
                 gc.alloc.rate.norm: 178744.430 B/op
                 gc.count:           9.000 counts
                 gc.time:            4.000 ms

Iteration   3: 0.062 ms/op
                 gc.alloc.rate:      2742.265 MB/sec
                 gc.alloc.rate.norm: 178744.431 B/op
                 gc.count:           9.000 counts
                 gc.time:            4.000 ms

Iteration   4: 0.062 ms/op
                 gc.alloc.rate:      2746.195 MB/sec
                 gc.alloc.rate.norm: 178744.430 B/op
                 gc.count:           9.000 counts
                 gc.time:            4.000 ms

Iteration   5: 0.062 ms/op
                 gc.alloc.rate:      2756.130 MB/sec
                 gc.alloc.rate.norm: 178744.428 B/op
                 gc.count:           9.000 counts
                 gc.time:            4.000 ms


# Run progress: 67.90% complete, ETA 00:04:27
# Fork: 2 of 3
WARNING: A terminally deprecated method in sun.misc.Unsafe has been called
WARNING: sun.misc.Unsafe::objectFieldOffset has been called by org.openjdk.jmh.util.Utils (file:/Users/jaehyeon/Documents/Obsidian%20Vault/2026/04.%ed%98%b8%ec%84%9c%eb%8c%80%ed%95%99%ea%b5%90/11.%ec%b0%a8%ec%84%b8%eb%8c%80%ec%bb%b4%ed%93%a8%ed%8c%85%ed%95%99%ed%9a%8c%eb%85%bc%eb%ac%b8/JavaStream_%ed%82%a4%ed%8e%b8%ed%96%a5/.deps/jmh-core-1.37.jar)
WARNING: Please consider reporting this to the maintainers of class org.openjdk.jmh.util.Utils
WARNING: sun.misc.Unsafe::objectFieldOffset will be removed in a future release
# Warmup Iteration   1: Input: n=10000, keys=256, observedHotFraction=0.004000, poolParallelism=3, availableProcessors=10
0.042 ms/op
# Warmup Iteration   2: 0.038 ms/op
# Warmup Iteration   3: 0.049 ms/op
# Warmup Iteration   4: 0.064 ms/op
# Warmup Iteration   5: 0.064 ms/op
Iteration   1: 0.063 ms/op
                 gc.alloc.rate:      2715.706 MB/sec
                 gc.alloc.rate.norm: 178750.452 B/op
                 gc.count:           9.000 counts
                 gc.time:            5.000 ms

Iteration   2: 0.064 ms/op
                 gc.alloc.rate:      2677.428 MB/sec
                 gc.alloc.rate.norm: 178744.441 B/op
                 gc.count:           9.000 counts
                 gc.time:            3.000 ms

Iteration   3: 0.064 ms/op
                 gc.alloc.rate:      2648.509 MB/sec
                 gc.alloc.rate.norm: 178744.445 B/op
                 gc.count:           9.000 counts
                 gc.time:            5.000 ms

Iteration   4: 0.064 ms/op
                 gc.alloc.rate:      2672.363 MB/sec
                 gc.alloc.rate.norm: 178744.441 B/op
                 gc.count:           8.000 counts
                 gc.time:            3.000 ms

Iteration   5: 0.064 ms/op
                 gc.alloc.rate:      2646.906 MB/sec
                 gc.alloc.rate.norm: 178744.449 B/op
                 gc.count:           9.000 counts
                 gc.time:            4.000 ms


# Run progress: 69.14% complete, ETA 00:04:16
# Fork: 3 of 3
WARNING: A terminally deprecated method in sun.misc.Unsafe has been called
WARNING: sun.misc.Unsafe::objectFieldOffset has been called by org.openjdk.jmh.util.Utils (file:/Users/jaehyeon/Documents/Obsidian%20Vault/2026/04.%ed%98%b8%ec%84%9c%eb%8c%80%ed%95%99%ea%b5%90/11.%ec%b0%a8%ec%84%b8%eb%8c%80%ec%bb%b4%ed%93%a8%ed%8c%85%ed%95%99%ed%9a%8c%eb%85%bc%eb%ac%b8/JavaStream_%ed%82%a4%ed%8e%b8%ed%96%a5/.deps/jmh-core-1.37.jar)
WARNING: Please consider reporting this to the maintainers of class org.openjdk.jmh.util.Utils
WARNING: sun.misc.Unsafe::objectFieldOffset will be removed in a future release
# Warmup Iteration   1: Input: n=10000, keys=256, observedHotFraction=0.004000, poolParallelism=3, availableProcessors=10
0.042 ms/op
# Warmup Iteration   2: 0.038 ms/op
# Warmup Iteration   3: 0.050 ms/op
# Warmup Iteration   4: 0.065 ms/op
# Warmup Iteration   5: 0.065 ms/op
Iteration   1: 0.064 ms/op
                 gc.alloc.rate:      2677.275 MB/sec
                 gc.alloc.rate.norm: 178752.083 B/op
                 gc.count:           9.000 counts
                 gc.time:            4.000 ms

Iteration   2: 0.066 ms/op
                 gc.alloc.rate:      2580.434 MB/sec
                 gc.alloc.rate.norm: 178744.457 B/op
                 gc.count:           9.000 counts
                 gc.time:            5.000 ms

Iteration   3: 0.066 ms/op
                 gc.alloc.rate:      2601.822 MB/sec
                 gc.alloc.rate.norm: 178744.453 B/op
                 gc.count:           8.000 counts
                 gc.time:            3.000 ms

Iteration   4: 0.066 ms/op
                 gc.alloc.rate:      2579.781 MB/sec
                 gc.alloc.rate.norm: 178744.457 B/op
                 gc.count:           9.000 counts
                 gc.time:            5.000 ms

Iteration   5: 0.066 ms/op
                 gc.alloc.rate:      2586.058 MB/sec
                 gc.alloc.rate.norm: 178744.459 B/op
                 gc.count:           9.000 counts
                 gc.time:            4.000 ms



Result "research.skew.AggregationBenchmark.sequential":
  0.064 ±(99.9%) 0.002 ms/op [Average]
  (min, avg, max) = (0.060, 0.064, 0.066), stdev = 0.002
  CI (99.9%): [0.062, 0.066] (assumes normal distribution)

Secondary result "research.skew.AggregationBenchmark.sequential:gc.alloc.rate":
  2679.589 ±(99.9%) 78.896 MB/sec [Average]
  (min, avg, max) = (2579.781, 2679.589, 2821.936), stdev = 73.800
  CI (99.9%): [2600.692, 2758.485] (assumes normal distribution)

Secondary result "research.skew.AggregationBenchmark.sequential:gc.alloc.rate.norm":
  178745.765 ±(99.9%) 2.946 B/op [Average]
  (min, avg, max) = (178744.428, 178745.765, 178752.083), stdev = 2.756
  CI (99.9%): [178742.819, 178748.711] (assumes normal distribution)

Secondary result "research.skew.AggregationBenchmark.sequential:gc.count":
  133.000 ±(99.9%) 0.001 counts [Sum]
  (min, avg, max) = (8.000, 8.867, 9.000), stdev = 0.352
  CI (99.9%): [133.000, 133.000] (assumes normal distribution)

Secondary result "research.skew.AggregationBenchmark.sequential:gc.time":
  61.000 ±(99.9%) 0.001 ms [Sum]
  (min, avg, max) = (3.000, 4.067, 5.000), stdev = 0.704
  CI (99.9%): [61.000, 61.000] (assumes normal distribution)


# JMH version: 1.37
# VM version: JDK 25.0.4.1, OpenJDK 64-Bit Server VM, 25.0.4.1+1-LTS
# VM invoker: /Users/jaehyeon/Library/Java/JavaVirtualMachines/temurin-25.0.4.1/Contents/Home/bin/java
# VM options: -Xms512m -Xmx512m -Djava.util.concurrent.ForkJoinPool.common.parallelism=3
# Blackhole mode: compiler (auto-detected, use -Djmh.blackhole.autoDetect=false to disable)
# Warmup: 5 iterations, 1 s each
# Measurement: 5 iterations, 1 s each
# Timeout: 10 min per iteration
# Threads: 1 thread, will synchronize iterations
# Benchmark mode: Average time, time/op
# Benchmark: research.skew.AggregationBenchmark.sequential
# Parameters: (cardinality = 256, distribution = uniform, seed = 20260929, size = 100000)

# Run progress: 70.37% complete, ETA 00:04:06
# Fork: 1 of 3
WARNING: A terminally deprecated method in sun.misc.Unsafe has been called
WARNING: sun.misc.Unsafe::objectFieldOffset has been called by org.openjdk.jmh.util.Utils (file:/Users/jaehyeon/Documents/Obsidian%20Vault/2026/04.%ed%98%b8%ec%84%9c%eb%8c%80%ed%95%99%ea%b5%90/11.%ec%b0%a8%ec%84%b8%eb%8c%80%ec%bb%b4%ed%93%a8%ed%8c%85%ed%95%99%ed%9a%8c%eb%85%bc%eb%ac%b8/JavaStream_%ed%82%a4%ed%8e%b8%ed%96%a5/.deps/jmh-core-1.37.jar)
WARNING: Please consider reporting this to the maintainers of class org.openjdk.jmh.util.Utils
WARNING: sun.misc.Unsafe::objectFieldOffset will be removed in a future release
# Warmup Iteration   1: Input: n=100000, keys=256, observedHotFraction=0.003910, poolParallelism=3, availableProcessors=10
0.561 ms/op
# Warmup Iteration   2: 0.546 ms/op
# Warmup Iteration   3: 0.540 ms/op
# Warmup Iteration   4: 0.512 ms/op
# Warmup Iteration   5: 0.512 ms/op
Iteration   1: 0.512 ms/op
                 gc.alloc.rate:      3027.653 MB/sec
                 gc.alloc.rate.norm: 1624923.574 B/op
                 gc.count:           10.000 counts
                 gc.time:            4.000 ms

Iteration   2: 0.511 ms/op
                 gc.alloc.rate:      3029.494 MB/sec
                 gc.alloc.rate.norm: 1624923.573 B/op
                 gc.count:           10.000 counts
                 gc.time:            4.000 ms

Iteration   3: 0.511 ms/op
                 gc.alloc.rate:      3032.063 MB/sec
                 gc.alloc.rate.norm: 1624923.569 B/op
                 gc.count:           10.000 counts
                 gc.time:            4.000 ms

Iteration   4: 0.512 ms/op
                 gc.alloc.rate:      3027.020 MB/sec
                 gc.alloc.rate.norm: 1624923.574 B/op
                 gc.count:           10.000 counts
                 gc.time:            4.000 ms

Iteration   5: 0.511 ms/op
                 gc.alloc.rate:      3030.903 MB/sec
                 gc.alloc.rate.norm: 1624923.571 B/op
                 gc.count:           10.000 counts
                 gc.time:            4.000 ms


# Run progress: 71.60% complete, ETA 00:03:56
# Fork: 2 of 3
WARNING: A terminally deprecated method in sun.misc.Unsafe has been called
WARNING: sun.misc.Unsafe::objectFieldOffset has been called by org.openjdk.jmh.util.Utils (file:/Users/jaehyeon/Documents/Obsidian%20Vault/2026/04.%ed%98%b8%ec%84%9c%eb%8c%80%ed%95%99%ea%b5%90/11.%ec%b0%a8%ec%84%b8%eb%8c%80%ec%bb%b4%ed%93%a8%ed%8c%85%ed%95%99%ed%9a%8c%eb%85%bc%eb%ac%b8/JavaStream_%ed%82%a4%ed%8e%b8%ed%96%a5/.deps/jmh-core-1.37.jar)
WARNING: Please consider reporting this to the maintainers of class org.openjdk.jmh.util.Utils
WARNING: sun.misc.Unsafe::objectFieldOffset will be removed in a future release
# Warmup Iteration   1: Input: n=100000, keys=256, observedHotFraction=0.003910, poolParallelism=3, availableProcessors=10
0.561 ms/op
# Warmup Iteration   2: 0.544 ms/op
# Warmup Iteration   3: 0.538 ms/op
# Warmup Iteration   4: 0.512 ms/op
# Warmup Iteration   5: 0.512 ms/op
Iteration   1: 0.514 ms/op
                 gc.alloc.rate:      3014.996 MB/sec
                 gc.alloc.rate.norm: 1624923.589 B/op
                 gc.count:           10.000 counts
                 gc.time:            4.000 ms

Iteration   2: 0.512 ms/op
                 gc.alloc.rate:      3026.169 MB/sec
                 gc.alloc.rate.norm: 1624923.576 B/op
                 gc.count:           10.000 counts
                 gc.time:            4.000 ms

Iteration   3: 0.512 ms/op
                 gc.alloc.rate:      3028.732 MB/sec
                 gc.alloc.rate.norm: 1624923.573 B/op
                 gc.count:           10.000 counts
                 gc.time:            4.000 ms

Iteration   4: 0.512 ms/op
                 gc.alloc.rate:      3027.224 MB/sec
                 gc.alloc.rate.norm: 1624923.574 B/op
                 gc.count:           10.000 counts
                 gc.time:            4.000 ms

Iteration   5: 0.515 ms/op
                 gc.alloc.rate:      3010.871 MB/sec
                 gc.alloc.rate.norm: 1624923.594 B/op
                 gc.count:           10.000 counts
                 gc.time:            4.000 ms


# Run progress: 72.84% complete, ETA 00:03:45
# Fork: 3 of 3
WARNING: A terminally deprecated method in sun.misc.Unsafe has been called
WARNING: sun.misc.Unsafe::objectFieldOffset has been called by org.openjdk.jmh.util.Utils (file:/Users/jaehyeon/Documents/Obsidian%20Vault/2026/04.%ed%98%b8%ec%84%9c%eb%8c%80%ed%95%99%ea%b5%90/11.%ec%b0%a8%ec%84%b8%eb%8c%80%ec%bb%b4%ed%93%a8%ed%8c%85%ed%95%99%ed%9a%8c%eb%85%bc%eb%ac%b8/JavaStream_%ed%82%a4%ed%8e%b8%ed%96%a5/.deps/jmh-core-1.37.jar)
WARNING: Please consider reporting this to the maintainers of class org.openjdk.jmh.util.Utils
WARNING: sun.misc.Unsafe::objectFieldOffset will be removed in a future release
# Warmup Iteration   1: Input: n=100000, keys=256, observedHotFraction=0.003910, poolParallelism=3, availableProcessors=10
0.566 ms/op
# Warmup Iteration   2: 0.546 ms/op
# Warmup Iteration   3: 0.541 ms/op
# Warmup Iteration   4: 0.513 ms/op
# Warmup Iteration   5: 0.513 ms/op
Iteration   1: 0.513 ms/op
                 gc.alloc.rate:      3022.216 MB/sec
                 gc.alloc.rate.norm: 1624923.580 B/op
                 gc.count:           10.000 counts
                 gc.time:            4.000 ms

Iteration   2: 0.515 ms/op
                 gc.alloc.rate:      3009.852 MB/sec
                 gc.alloc.rate.norm: 1624923.594 B/op
                 gc.count:           10.000 counts
                 gc.time:            4.000 ms

Iteration   3: 0.515 ms/op
                 gc.alloc.rate:      3010.508 MB/sec
                 gc.alloc.rate.norm: 1624923.607 B/op
                 gc.count:           10.000 counts
                 gc.time:            4.000 ms

Iteration   4: 0.515 ms/op
                 gc.alloc.rate:      3010.504 MB/sec
                 gc.alloc.rate.norm: 1624923.594 B/op
                 gc.count:           10.000 counts
                 gc.time:            4.000 ms

Iteration   5: 0.513 ms/op
                 gc.alloc.rate:      3020.664 MB/sec
                 gc.alloc.rate.norm: 1624923.604 B/op
                 gc.count:           10.000 counts
                 gc.time:            4.000 ms



Result "research.skew.AggregationBenchmark.sequential":
  0.513 ±(99.9%) 0.002 ms/op [Average]
  (min, avg, max) = (0.511, 0.513, 0.515), stdev = 0.001
  CI (99.9%): [0.511, 0.514] (assumes normal distribution)

Secondary result "research.skew.AggregationBenchmark.sequential:gc.alloc.rate":
  3021.925 ±(99.9%) 8.900 MB/sec [Average]
  (min, avg, max) = (3009.852, 3021.925, 3032.063), stdev = 8.325
  CI (99.9%): [3013.025, 3030.825] (assumes normal distribution)

Secondary result "research.skew.AggregationBenchmark.sequential:gc.alloc.rate.norm":
  1624923.583 ±(99.9%) 0.014 B/op [Average]
  (min, avg, max) = (1624923.569, 1624923.583, 1624923.607), stdev = 0.013
  CI (99.9%): [1624923.570, 1624923.597] (assumes normal distribution)

Secondary result "research.skew.AggregationBenchmark.sequential:gc.count":
  150.000 ±(99.9%) 0.001 counts [Sum]
  (min, avg, max) = (10.000, 10.000, 10.000), stdev = 0.001
  CI (99.9%): [150.000, 150.000] (assumes normal distribution)

Secondary result "research.skew.AggregationBenchmark.sequential:gc.time":
  60.000 ±(99.9%) 0.001 ms [Sum]
  (min, avg, max) = (4.000, 4.000, 4.000), stdev = 0.001
  CI (99.9%): [60.000, 60.000] (assumes normal distribution)


# JMH version: 1.37
# VM version: JDK 25.0.4.1, OpenJDK 64-Bit Server VM, 25.0.4.1+1-LTS
# VM invoker: /Users/jaehyeon/Library/Java/JavaVirtualMachines/temurin-25.0.4.1/Contents/Home/bin/java
# VM options: -Xms512m -Xmx512m -Djava.util.concurrent.ForkJoinPool.common.parallelism=3
# Blackhole mode: compiler (auto-detected, use -Djmh.blackhole.autoDetect=false to disable)
# Warmup: 5 iterations, 1 s each
# Measurement: 5 iterations, 1 s each
# Timeout: 10 min per iteration
# Threads: 1 thread, will synchronize iterations
# Benchmark mode: Average time, time/op
# Benchmark: research.skew.AggregationBenchmark.sequential
# Parameters: (cardinality = 256, distribution = uniform, seed = 20260929, size = 1000000)

# Run progress: 74.07% complete, ETA 00:03:35
# Fork: 1 of 3
WARNING: A terminally deprecated method in sun.misc.Unsafe has been called
WARNING: sun.misc.Unsafe::objectFieldOffset has been called by org.openjdk.jmh.util.Utils (file:/Users/jaehyeon/Documents/Obsidian%20Vault/2026/04.%ed%98%b8%ec%84%9c%eb%8c%80%ed%95%99%ea%b5%90/11.%ec%b0%a8%ec%84%b8%eb%8c%80%ec%bb%b4%ed%93%a8%ed%8c%85%ed%95%99%ed%9a%8c%eb%85%bc%eb%ac%b8/JavaStream_%ed%82%a4%ed%8e%b8%ed%96%a5/.deps/jmh-core-1.37.jar)
WARNING: Please consider reporting this to the maintainers of class org.openjdk.jmh.util.Utils
WARNING: sun.misc.Unsafe::objectFieldOffset will be removed in a future release
# Warmup Iteration   1: Input: n=1000000, keys=256, observedHotFraction=0.003907, poolParallelism=3, availableProcessors=10
5.671 ms/op
# Warmup Iteration   2: 5.485 ms/op
# Warmup Iteration   3: 5.400 ms/op
# Warmup Iteration   4: 5.400 ms/op
# Warmup Iteration   5: 5.394 ms/op
Iteration   1: 5.390 ms/op
                 gc.alloc.rate:      2834.923 MB/sec
                 gc.alloc.rate.norm: 16025005.532 B/op
                 gc.count:           9.000 counts
                 gc.time:            4.000 ms

Iteration   2: 5.392 ms/op
                 gc.alloc.rate:      2833.810 MB/sec
                 gc.alloc.rate.norm: 16025005.532 B/op
                 gc.count:           10.000 counts
                 gc.time:            4.000 ms

Iteration   3: 5.391 ms/op
                 gc.alloc.rate:      2834.438 MB/sec
                 gc.alloc.rate.norm: 16025005.532 B/op
                 gc.count:           9.000 counts
                 gc.time:            3.000 ms

Iteration   4: 5.388 ms/op
                 gc.alloc.rate:      2836.165 MB/sec
                 gc.alloc.rate.norm: 16025005.532 B/op
                 gc.count:           9.000 counts
                 gc.time:            4.000 ms

Iteration   5: 5.394 ms/op
                 gc.alloc.rate:      2832.927 MB/sec
                 gc.alloc.rate.norm: 16025005.532 B/op
                 gc.count:           10.000 counts
                 gc.time:            4.000 ms


# Run progress: 75.31% complete, ETA 00:03:25
# Fork: 2 of 3
WARNING: A terminally deprecated method in sun.misc.Unsafe has been called
WARNING: sun.misc.Unsafe::objectFieldOffset has been called by org.openjdk.jmh.util.Utils (file:/Users/jaehyeon/Documents/Obsidian%20Vault/2026/04.%ed%98%b8%ec%84%9c%eb%8c%80%ed%95%99%ea%b5%90/11.%ec%b0%a8%ec%84%b8%eb%8c%80%ec%bb%b4%ed%93%a8%ed%8c%85%ed%95%99%ed%9a%8c%eb%85%bc%eb%ac%b8/JavaStream_%ed%82%a4%ed%8e%b8%ed%96%a5/.deps/jmh-core-1.37.jar)
WARNING: Please consider reporting this to the maintainers of class org.openjdk.jmh.util.Utils
WARNING: sun.misc.Unsafe::objectFieldOffset will be removed in a future release
# Warmup Iteration   1: Input: n=1000000, keys=256, observedHotFraction=0.003907, poolParallelism=3, availableProcessors=10
4.956 ms/op
# Warmup Iteration   2: 4.632 ms/op
# Warmup Iteration   3: 4.587 ms/op
# Warmup Iteration   4: 4.586 ms/op
# Warmup Iteration   5: 4.586 ms/op
Iteration   1: 4.589 ms/op
                 gc.alloc.rate:      3329.767 MB/sec
                 gc.alloc.rate.norm: 16024999.928 B/op
                 gc.count:           11.000 counts
                 gc.time:            5.000 ms

Iteration   2: 4.590 ms/op
                 gc.alloc.rate:      3329.376 MB/sec
                 gc.alloc.rate.norm: 16024999.928 B/op
                 gc.count:           11.000 counts
                 gc.time:            4.000 ms

Iteration   3: 4.593 ms/op
                 gc.alloc.rate:      3327.016 MB/sec
                 gc.alloc.rate.norm: 16025000.073 B/op
                 gc.count:           11.000 counts
                 gc.time:            4.000 ms

Iteration   4: 4.585 ms/op
                 gc.alloc.rate:      3332.502 MB/sec
                 gc.alloc.rate.norm: 16024999.928 B/op
                 gc.count:           11.000 counts
                 gc.time:            5.000 ms

Iteration   5: 4.588 ms/op
                 gc.alloc.rate:      3330.684 MB/sec
                 gc.alloc.rate.norm: 16024999.928 B/op
                 gc.count:           11.000 counts
                 gc.time:            4.000 ms


# Run progress: 76.54% complete, ETA 00:03:15
# Fork: 3 of 3
WARNING: A terminally deprecated method in sun.misc.Unsafe has been called
WARNING: sun.misc.Unsafe::objectFieldOffset has been called by org.openjdk.jmh.util.Utils (file:/Users/jaehyeon/Documents/Obsidian%20Vault/2026/04.%ed%98%b8%ec%84%9c%eb%8c%80%ed%95%99%ea%b5%90/11.%ec%b0%a8%ec%84%b8%eb%8c%80%ec%bb%b4%ed%93%a8%ed%8c%85%ed%95%99%ed%9a%8c%eb%85%bc%eb%ac%b8/JavaStream_%ed%82%a4%ed%8e%b8%ed%96%a5/.deps/jmh-core-1.37.jar)
WARNING: Please consider reporting this to the maintainers of class org.openjdk.jmh.util.Utils
WARNING: sun.misc.Unsafe::objectFieldOffset will be removed in a future release
# Warmup Iteration   1: Input: n=1000000, keys=256, observedHotFraction=0.003907, poolParallelism=3, availableProcessors=10
5.692 ms/op
# Warmup Iteration   2: 5.481 ms/op
# Warmup Iteration   3: 5.407 ms/op
# Warmup Iteration   4: 5.400 ms/op
# Warmup Iteration   5: 5.398 ms/op
Iteration   1: 5.401 ms/op
                 gc.alloc.rate:      2829.327 MB/sec
                 gc.alloc.rate.norm: 16025005.532 B/op
                 gc.count:           9.000 counts
                 gc.time:            3.000 ms

Iteration   2: 5.401 ms/op
                 gc.alloc.rate:      2828.987 MB/sec
                 gc.alloc.rate.norm: 16025005.561 B/op
                 gc.count:           9.000 counts
                 gc.time:            4.000 ms

Iteration   3: 5.403 ms/op
                 gc.alloc.rate:      2828.210 MB/sec
                 gc.alloc.rate.norm: 16025005.733 B/op
                 gc.count:           10.000 counts
                 gc.time:            4.000 ms

Iteration   4: 5.408 ms/op
                 gc.alloc.rate:      2825.461 MB/sec
                 gc.alloc.rate.norm: 16025005.733 B/op
                 gc.count:           9.000 counts
                 gc.time:            4.000 ms

Iteration   5: 5.403 ms/op
                 gc.alloc.rate:      2828.229 MB/sec
                 gc.alloc.rate.norm: 16025005.532 B/op
                 gc.count:           10.000 counts
                 gc.time:            4.000 ms



Result "research.skew.AggregationBenchmark.sequential":
  5.128 ±(99.9%) 0.422 ms/op [Average]
  (min, avg, max) = (4.585, 5.128, 5.408), stdev = 0.394
  CI (99.9%): [4.706, 5.549] (assumes normal distribution)

Secondary result "research.skew.AggregationBenchmark.sequential:gc.alloc.rate":
  2997.455 ±(99.9%) 260.126 MB/sec [Average]
  (min, avg, max) = (2825.461, 2997.455, 3332.502), stdev = 243.322
  CI (99.9%): [2737.329, 3257.581] (assumes normal distribution)

Secondary result "research.skew.AggregationBenchmark.sequential:gc.alloc.rate.norm":
  16025003.702 ±(99.9%) 2.932 B/op [Average]
  (min, avg, max) = (16024999.928, 16025003.702, 16025005.733), stdev = 2.743
  CI (99.9%): [16025000.770, 16025006.634] (assumes normal distribution)

Secondary result "research.skew.AggregationBenchmark.sequential:gc.count":
  149.000 ±(99.9%) 0.001 counts [Sum]
  (min, avg, max) = (9.000, 9.933, 11.000), stdev = 0.884
  CI (99.9%): [149.000, 149.000] (assumes normal distribution)

Secondary result "research.skew.AggregationBenchmark.sequential:gc.time":
  60.000 ±(99.9%) 0.001 ms [Sum]
  (min, avg, max) = (3.000, 4.000, 5.000), stdev = 0.535
  CI (99.9%): [60.000, 60.000] (assumes normal distribution)


# JMH version: 1.37
# VM version: JDK 25.0.4.1, OpenJDK 64-Bit Server VM, 25.0.4.1+1-LTS
# VM invoker: /Users/jaehyeon/Library/Java/JavaVirtualMachines/temurin-25.0.4.1/Contents/Home/bin/java
# VM options: -Xms512m -Xmx512m -Djava.util.concurrent.ForkJoinPool.common.parallelism=3
# Blackhole mode: compiler (auto-detected, use -Djmh.blackhole.autoDetect=false to disable)
# Warmup: 5 iterations, 1 s each
# Measurement: 5 iterations, 1 s each
# Timeout: 10 min per iteration
# Threads: 1 thread, will synchronize iterations
# Benchmark mode: Average time, time/op
# Benchmark: research.skew.AggregationBenchmark.sequential
# Parameters: (cardinality = 256, distribution = hot50, seed = 20260929, size = 10000)

# Run progress: 77.78% complete, ETA 00:03:04
# Fork: 1 of 3
WARNING: A terminally deprecated method in sun.misc.Unsafe has been called
WARNING: sun.misc.Unsafe::objectFieldOffset has been called by org.openjdk.jmh.util.Utils (file:/Users/jaehyeon/Documents/Obsidian%20Vault/2026/04.%ed%98%b8%ec%84%9c%eb%8c%80%ed%95%99%ea%b5%90/11.%ec%b0%a8%ec%84%b8%eb%8c%80%ec%bb%b4%ed%93%a8%ed%8c%85%ed%95%99%ed%9a%8c%eb%85%bc%eb%ac%b8/JavaStream_%ed%82%a4%ed%8e%b8%ed%96%a5/.deps/jmh-core-1.37.jar)
WARNING: Please consider reporting this to the maintainers of class org.openjdk.jmh.util.Utils
WARNING: sun.misc.Unsafe::objectFieldOffset will be removed in a future release
# Warmup Iteration   1: Input: n=10000, keys=256, observedHotFraction=0.500000, poolParallelism=3, availableProcessors=10
0.044 ms/op
# Warmup Iteration   2: 0.039 ms/op
# Warmup Iteration   3: 0.048 ms/op
# Warmup Iteration   4: 0.083 ms/op
# Warmup Iteration   5: 0.083 ms/op
Iteration   1: 0.084 ms/op
                 gc.alloc.rate:      2021.782 MB/sec
                 gc.alloc.rate.norm: 178800.592 B/op
                 gc.count:           6.000 counts
                 gc.time:            3.000 ms

Iteration   2: 0.074 ms/op
                 gc.alloc.rate:      2317.325 MB/sec
                 gc.alloc.rate.norm: 178732.594 B/op
                 gc.count:           8.000 counts
                 gc.time:            4.000 ms

Iteration   3: 0.073 ms/op
                 gc.alloc.rate:      2319.506 MB/sec
                 gc.alloc.rate.norm: 178720.509 B/op
                 gc.count:           8.000 counts
                 gc.time:            3.000 ms

Iteration   4: 0.074 ms/op
                 gc.alloc.rate:      2290.539 MB/sec
                 gc.alloc.rate.norm: 178720.515 B/op
                 gc.count:           7.000 counts
                 gc.time:            3.000 ms

Iteration   5: 0.072 ms/op
                 gc.alloc.rate:      2356.592 MB/sec
                 gc.alloc.rate.norm: 178720.501 B/op
                 gc.count:           8.000 counts
                 gc.time:            4.000 ms


# Run progress: 79.01% complete, ETA 00:02:54
# Fork: 2 of 3
WARNING: A terminally deprecated method in sun.misc.Unsafe has been called
WARNING: sun.misc.Unsafe::objectFieldOffset has been called by org.openjdk.jmh.util.Utils (file:/Users/jaehyeon/Documents/Obsidian%20Vault/2026/04.%ed%98%b8%ec%84%9c%eb%8c%80%ed%95%99%ea%b5%90/11.%ec%b0%a8%ec%84%b8%eb%8c%80%ec%bb%b4%ed%93%a8%ed%8c%85%ed%95%99%ed%9a%8c%eb%85%bc%eb%ac%b8/JavaStream_%ed%82%a4%ed%8e%b8%ed%96%a5/.deps/jmh-core-1.37.jar)
WARNING: Please consider reporting this to the maintainers of class org.openjdk.jmh.util.Utils
WARNING: sun.misc.Unsafe::objectFieldOffset will be removed in a future release
# Warmup Iteration   1: Input: n=10000, keys=256, observedHotFraction=0.500000, poolParallelism=3, availableProcessors=10
0.047 ms/op
# Warmup Iteration   2: 0.061 ms/op
# Warmup Iteration   3: 0.064 ms/op
# Warmup Iteration   4: 0.074 ms/op
# Warmup Iteration   5: 0.083 ms/op
Iteration   1: 0.083 ms/op
                 gc.alloc.rate:      2063.305 MB/sec
                 gc.alloc.rate.norm: 178800.572 B/op
                 gc.count:           7.000 counts
                 gc.time:            4.000 ms

Iteration   2: 0.083 ms/op
                 gc.alloc.rate:      2055.257 MB/sec
                 gc.alloc.rate.norm: 178800.583 B/op
                 gc.count:           7.000 counts
                 gc.time:            3.000 ms

Iteration   3: 0.073 ms/op
                 gc.alloc.rate:      2338.843 MB/sec
                 gc.alloc.rate.norm: 178757.718 B/op
                 gc.count:           8.000 counts
                 gc.time:            3.000 ms

Iteration   4: 0.064 ms/op
                 gc.alloc.rate:      2649.836 MB/sec
                 gc.alloc.rate.norm: 178720.445 B/op
                 gc.count:           8.000 counts
                 gc.time:            4.000 ms

Iteration   5: 0.065 ms/op
                 gc.alloc.rate:      2629.375 MB/sec
                 gc.alloc.rate.norm: 178720.449 B/op
                 gc.count:           9.000 counts
                 gc.time:            4.000 ms


# Run progress: 80.25% complete, ETA 00:02:44
# Fork: 3 of 3
WARNING: A terminally deprecated method in sun.misc.Unsafe has been called
WARNING: sun.misc.Unsafe::objectFieldOffset has been called by org.openjdk.jmh.util.Utils (file:/Users/jaehyeon/Documents/Obsidian%20Vault/2026/04.%ed%98%b8%ec%84%9c%eb%8c%80%ed%95%99%ea%b5%90/11.%ec%b0%a8%ec%84%b8%eb%8c%80%ec%bb%b4%ed%93%a8%ed%8c%85%ed%95%99%ed%9a%8c%eb%85%bc%eb%ac%b8/JavaStream_%ed%82%a4%ed%8e%b8%ed%96%a5/.deps/jmh-core-1.37.jar)
WARNING: Please consider reporting this to the maintainers of class org.openjdk.jmh.util.Utils
WARNING: sun.misc.Unsafe::objectFieldOffset will be removed in a future release
# Warmup Iteration   1: Input: n=10000, keys=256, observedHotFraction=0.500000, poolParallelism=3, availableProcessors=10
0.043 ms/op
# Warmup Iteration   2: 0.039 ms/op
# Warmup Iteration   3: 0.051 ms/op
# Warmup Iteration   4: 0.075 ms/op
# Warmup Iteration   5: 0.075 ms/op
Iteration   1: 0.074 ms/op
                 gc.alloc.rate:      2301.812 MB/sec
                 gc.alloc.rate.norm: 178800.520 B/op
                 gc.count:           8.000 counts
                 gc.time:            4.000 ms

Iteration   2: 0.071 ms/op
                 gc.alloc.rate:      2390.412 MB/sec
                 gc.alloc.rate.norm: 178758.789 B/op
                 gc.count:           8.000 counts
                 gc.time:            3.000 ms

Iteration   3: 0.073 ms/op
                 gc.alloc.rate:      2341.545 MB/sec
                 gc.alloc.rate.norm: 178768.504 B/op
                 gc.count:           8.000 counts
                 gc.time:            4.000 ms

Iteration   4: 0.072 ms/op
                 gc.alloc.rate:      2365.820 MB/sec
                 gc.alloc.rate.norm: 178768.499 B/op
                 gc.count:           7.000 counts
                 gc.time:            4.000 ms

Iteration   5: 0.073 ms/op
                 gc.alloc.rate:      2349.491 MB/sec
                 gc.alloc.rate.norm: 178768.503 B/op
                 gc.count:           8.000 counts
                 gc.time:            3.000 ms



Result "research.skew.AggregationBenchmark.sequential":
  0.074 ±(99.9%) 0.006 ms/op [Average]
  (min, avg, max) = (0.064, 0.074, 0.084), stdev = 0.006
  CI (99.9%): [0.068, 0.080] (assumes normal distribution)

Secondary result "research.skew.AggregationBenchmark.sequential:gc.alloc.rate":
  2319.429 ±(99.9%) 189.676 MB/sec [Average]
  (min, avg, max) = (2021.782, 2319.429, 2649.836), stdev = 177.423
  CI (99.9%): [2129.753, 2509.106] (assumes normal distribution)

Secondary result "research.skew.AggregationBenchmark.sequential:gc.alloc.rate.norm":
  178757.286 ±(99.9%) 35.289 B/op [Average]
  (min, avg, max) = (178720.445, 178757.286, 178800.592), stdev = 33.009
  CI (99.9%): [178721.997, 178792.575] (assumes normal distribution)

Secondary result "research.skew.AggregationBenchmark.sequential:gc.count":
  115.000 ±(99.9%) 0.001 counts [Sum]
  (min, avg, max) = (6.000, 7.667, 9.000), stdev = 0.724
  CI (99.9%): [115.000, 115.000] (assumes normal distribution)

Secondary result "research.skew.AggregationBenchmark.sequential:gc.time":
  53.000 ±(99.9%) 0.001 ms [Sum]
  (min, avg, max) = (3.000, 3.533, 4.000), stdev = 0.516
  CI (99.9%): [53.000, 53.000] (assumes normal distribution)


# JMH version: 1.37
# VM version: JDK 25.0.4.1, OpenJDK 64-Bit Server VM, 25.0.4.1+1-LTS
# VM invoker: /Users/jaehyeon/Library/Java/JavaVirtualMachines/temurin-25.0.4.1/Contents/Home/bin/java
# VM options: -Xms512m -Xmx512m -Djava.util.concurrent.ForkJoinPool.common.parallelism=3
# Blackhole mode: compiler (auto-detected, use -Djmh.blackhole.autoDetect=false to disable)
# Warmup: 5 iterations, 1 s each
# Measurement: 5 iterations, 1 s each
# Timeout: 10 min per iteration
# Threads: 1 thread, will synchronize iterations
# Benchmark mode: Average time, time/op
# Benchmark: research.skew.AggregationBenchmark.sequential
# Parameters: (cardinality = 256, distribution = hot50, seed = 20260929, size = 100000)

# Run progress: 81.48% complete, ETA 00:02:34
# Fork: 1 of 3
WARNING: A terminally deprecated method in sun.misc.Unsafe has been called
WARNING: sun.misc.Unsafe::objectFieldOffset has been called by org.openjdk.jmh.util.Utils (file:/Users/jaehyeon/Documents/Obsidian%20Vault/2026/04.%ed%98%b8%ec%84%9c%eb%8c%80%ed%95%99%ea%b5%90/11.%ec%b0%a8%ec%84%b8%eb%8c%80%ec%bb%b4%ed%93%a8%ed%8c%85%ed%95%99%ed%9a%8c%eb%85%bc%eb%ac%b8/JavaStream_%ed%82%a4%ed%8e%b8%ed%96%a5/.deps/jmh-core-1.37.jar)
WARNING: Please consider reporting this to the maintainers of class org.openjdk.jmh.util.Utils
WARNING: sun.misc.Unsafe::objectFieldOffset will be removed in a future release
# Warmup Iteration   1: Input: n=100000, keys=256, observedHotFraction=0.500000, poolParallelism=3, availableProcessors=10
0.564 ms/op
# Warmup Iteration   2: 0.546 ms/op
# Warmup Iteration   3: 0.540 ms/op
# Warmup Iteration   4: 0.512 ms/op
# Warmup Iteration   5: 0.512 ms/op
Iteration   1: 0.511 ms/op
                 gc.alloc.rate:      3030.402 MB/sec
                 gc.alloc.rate.norm: 1624923.571 B/op
                 gc.count:           10.000 counts
                 gc.time:            4.000 ms

Iteration   2: 0.512 ms/op
                 gc.alloc.rate:      3026.599 MB/sec
                 gc.alloc.rate.norm: 1624923.576 B/op
                 gc.count:           10.000 counts
                 gc.time:            4.000 ms

Iteration   3: 0.512 ms/op
                 gc.alloc.rate:      3028.312 MB/sec
                 gc.alloc.rate.norm: 1624923.573 B/op
                 gc.count:           10.000 counts
                 gc.time:            4.000 ms

Iteration   4: 0.512 ms/op
                 gc.alloc.rate:      3027.606 MB/sec
                 gc.alloc.rate.norm: 1624923.574 B/op
                 gc.count:           10.000 counts
                 gc.time:            4.000 ms

Iteration   5: 0.511 ms/op
                 gc.alloc.rate:      3029.535 MB/sec
                 gc.alloc.rate.norm: 1624923.573 B/op
                 gc.count:           10.000 counts
                 gc.time:            5.000 ms


# Run progress: 82.72% complete, ETA 00:02:23
# Fork: 2 of 3
WARNING: A terminally deprecated method in sun.misc.Unsafe has been called
WARNING: sun.misc.Unsafe::objectFieldOffset has been called by org.openjdk.jmh.util.Utils (file:/Users/jaehyeon/Documents/Obsidian%20Vault/2026/04.%ed%98%b8%ec%84%9c%eb%8c%80%ed%95%99%ea%b5%90/11.%ec%b0%a8%ec%84%b8%eb%8c%80%ec%bb%b4%ed%93%a8%ed%8c%85%ed%95%99%ed%9a%8c%eb%85%bc%eb%ac%b8/JavaStream_%ed%82%a4%ed%8e%b8%ed%96%a5/.deps/jmh-core-1.37.jar)
WARNING: Please consider reporting this to the maintainers of class org.openjdk.jmh.util.Utils
WARNING: sun.misc.Unsafe::objectFieldOffset will be removed in a future release
# Warmup Iteration   1: Input: n=100000, keys=256, observedHotFraction=0.500000, poolParallelism=3, availableProcessors=10
0.566 ms/op
# Warmup Iteration   2: 0.548 ms/op
# Warmup Iteration   3: 0.541 ms/op
# Warmup Iteration   4: 0.513 ms/op
# Warmup Iteration   5: 0.513 ms/op
Iteration   1: 0.512 ms/op
                 gc.alloc.rate:      3024.041 MB/sec
                 gc.alloc.rate.norm: 1624923.578 B/op
                 gc.count:           10.000 counts
                 gc.time:            4.000 ms

Iteration   2: 0.512 ms/op
                 gc.alloc.rate:      3026.955 MB/sec
                 gc.alloc.rate.norm: 1624923.574 B/op
                 gc.count:           10.000 counts
                 gc.time:            4.000 ms

Iteration   3: 0.512 ms/op
                 gc.alloc.rate:      3024.321 MB/sec
                 gc.alloc.rate.norm: 1624923.578 B/op
                 gc.count:           10.000 counts
                 gc.time:            4.000 ms

Iteration   4: 0.514 ms/op
                 gc.alloc.rate:      3016.373 MB/sec
                 gc.alloc.rate.norm: 1624923.587 B/op
                 gc.count:           10.000 counts
                 gc.time:            4.000 ms

Iteration   5: 0.513 ms/op
                 gc.alloc.rate:      3018.511 MB/sec
                 gc.alloc.rate.norm: 1624923.585 B/op
                 gc.count:           10.000 counts
                 gc.time:            5.000 ms


# Run progress: 83.95% complete, ETA 00:02:13
# Fork: 3 of 3
WARNING: A terminally deprecated method in sun.misc.Unsafe has been called
WARNING: sun.misc.Unsafe::objectFieldOffset has been called by org.openjdk.jmh.util.Utils (file:/Users/jaehyeon/Documents/Obsidian%20Vault/2026/04.%ed%98%b8%ec%84%9c%eb%8c%80%ed%95%99%ea%b5%90/11.%ec%b0%a8%ec%84%b8%eb%8c%80%ec%bb%b4%ed%93%a8%ed%8c%85%ed%95%99%ed%9a%8c%eb%85%bc%eb%ac%b8/JavaStream_%ed%82%a4%ed%8e%b8%ed%96%a5/.deps/jmh-core-1.37.jar)
WARNING: Please consider reporting this to the maintainers of class org.openjdk.jmh.util.Utils
WARNING: sun.misc.Unsafe::objectFieldOffset will be removed in a future release
# Warmup Iteration   1: Input: n=100000, keys=256, observedHotFraction=0.500000, poolParallelism=3, availableProcessors=10
0.552 ms/op
# Warmup Iteration   2: 0.540 ms/op
# Warmup Iteration   3: 0.532 ms/op
# Warmup Iteration   4: 0.513 ms/op
# Warmup Iteration   5: 0.512 ms/op
Iteration   1: 0.512 ms/op
                 gc.alloc.rate:      3024.913 MB/sec
                 gc.alloc.rate.norm: 1624923.578 B/op
                 gc.count:           10.000 counts
                 gc.time:            4.000 ms

Iteration   2: 0.512 ms/op
                 gc.alloc.rate:      3026.319 MB/sec
                 gc.alloc.rate.norm: 1624923.576 B/op
                 gc.count:           10.000 counts
                 gc.time:            4.000 ms

Iteration   3: 0.513 ms/op
                 gc.alloc.rate:      3023.361 MB/sec
                 gc.alloc.rate.norm: 1624923.580 B/op
                 gc.count:           10.000 counts
                 gc.time:            4.000 ms

Iteration   4: 0.512 ms/op
                 gc.alloc.rate:      3024.184 MB/sec
                 gc.alloc.rate.norm: 1624923.578 B/op
                 gc.count:           10.000 counts
                 gc.time:            4.000 ms

Iteration   5: 0.513 ms/op
                 gc.alloc.rate:      3020.198 MB/sec
                 gc.alloc.rate.norm: 1624923.584 B/op
                 gc.count:           10.000 counts
                 gc.time:            4.000 ms



Result "research.skew.AggregationBenchmark.sequential":
  0.512 ±(99.9%) 0.001 ms/op [Average]
  (min, avg, max) = (0.511, 0.512, 0.514), stdev = 0.001
  CI (99.9%): [0.512, 0.513] (assumes normal distribution)

Secondary result "research.skew.AggregationBenchmark.sequential:gc.alloc.rate":
  3024.775 ±(99.9%) 4.230 MB/sec [Average]
  (min, avg, max) = (3016.373, 3024.775, 3030.402), stdev = 3.957
  CI (99.9%): [3020.545, 3029.005] (assumes normal distribution)

Secondary result "research.skew.AggregationBenchmark.sequential:gc.alloc.rate.norm":
  1624923.578 ±(99.9%) 0.005 B/op [Average]
  (min, avg, max) = (1624923.571, 1624923.578, 1624923.587), stdev = 0.005
  CI (99.9%): [1624923.573, 1624923.583] (assumes normal distribution)

Secondary result "research.skew.AggregationBenchmark.sequential:gc.count":
  150.000 ±(99.9%) 0.001 counts [Sum]
  (min, avg, max) = (10.000, 10.000, 10.000), stdev = 0.001
  CI (99.9%): [150.000, 150.000] (assumes normal distribution)

Secondary result "research.skew.AggregationBenchmark.sequential:gc.time":
  62.000 ±(99.9%) 0.001 ms [Sum]
  (min, avg, max) = (4.000, 4.133, 5.000), stdev = 0.352
  CI (99.9%): [62.000, 62.000] (assumes normal distribution)


# JMH version: 1.37
# VM version: JDK 25.0.4.1, OpenJDK 64-Bit Server VM, 25.0.4.1+1-LTS
# VM invoker: /Users/jaehyeon/Library/Java/JavaVirtualMachines/temurin-25.0.4.1/Contents/Home/bin/java
# VM options: -Xms512m -Xmx512m -Djava.util.concurrent.ForkJoinPool.common.parallelism=3
# Blackhole mode: compiler (auto-detected, use -Djmh.blackhole.autoDetect=false to disable)
# Warmup: 5 iterations, 1 s each
# Measurement: 5 iterations, 1 s each
# Timeout: 10 min per iteration
# Threads: 1 thread, will synchronize iterations
# Benchmark mode: Average time, time/op
# Benchmark: research.skew.AggregationBenchmark.sequential
# Parameters: (cardinality = 256, distribution = hot50, seed = 20260929, size = 1000000)

# Run progress: 85.19% complete, ETA 00:02:03
# Fork: 1 of 3
WARNING: A terminally deprecated method in sun.misc.Unsafe has been called
WARNING: sun.misc.Unsafe::objectFieldOffset has been called by org.openjdk.jmh.util.Utils (file:/Users/jaehyeon/Documents/Obsidian%20Vault/2026/04.%ed%98%b8%ec%84%9c%eb%8c%80%ed%95%99%ea%b5%90/11.%ec%b0%a8%ec%84%b8%eb%8c%80%ec%bb%b4%ed%93%a8%ed%8c%85%ed%95%99%ed%9a%8c%eb%85%bc%eb%ac%b8/JavaStream_%ed%82%a4%ed%8e%b8%ed%96%a5/.deps/jmh-core-1.37.jar)
WARNING: Please consider reporting this to the maintainers of class org.openjdk.jmh.util.Utils
WARNING: sun.misc.Unsafe::objectFieldOffset will be removed in a future release
# Warmup Iteration   1: Input: n=1000000, keys=256, observedHotFraction=0.500000, poolParallelism=3, availableProcessors=10
5.730 ms/op
# Warmup Iteration   2: 5.478 ms/op
# Warmup Iteration   3: 5.399 ms/op
# Warmup Iteration   4: 5.400 ms/op
# Warmup Iteration   5: 5.401 ms/op
Iteration   1: 5.398 ms/op
                 gc.alloc.rate:      2830.452 MB/sec
                 gc.alloc.rate.norm: 16025005.532 B/op
                 gc.count:           10.000 counts
                 gc.time:            4.000 ms

Iteration   2: 5.441 ms/op
                 gc.alloc.rate:      2808.410 MB/sec
                 gc.alloc.rate.norm: 16025006.348 B/op
                 gc.count:           9.000 counts
                 gc.time:            4.000 ms

Iteration   3: 5.397 ms/op
                 gc.alloc.rate:      2831.523 MB/sec
                 gc.alloc.rate.norm: 16025005.532 B/op
                 gc.count:           9.000 counts
                 gc.time:            3.000 ms

Iteration   4: 5.399 ms/op
                 gc.alloc.rate:      2830.276 MB/sec
                 gc.alloc.rate.norm: 16025005.532 B/op
                 gc.count:           10.000 counts
                 gc.time:            4.000 ms

Iteration   5: 5.431 ms/op
                 gc.alloc.rate:      2813.648 MB/sec
                 gc.alloc.rate.norm: 16025005.935 B/op
                 gc.count:           9.000 counts
                 gc.time:            4.000 ms


# Run progress: 86.42% complete, ETA 00:01:52
# Fork: 2 of 3
WARNING: A terminally deprecated method in sun.misc.Unsafe has been called
WARNING: sun.misc.Unsafe::objectFieldOffset has been called by org.openjdk.jmh.util.Utils (file:/Users/jaehyeon/Documents/Obsidian%20Vault/2026/04.%ed%98%b8%ec%84%9c%eb%8c%80%ed%95%99%ea%b5%90/11.%ec%b0%a8%ec%84%b8%eb%8c%80%ec%bb%b4%ed%93%a8%ed%8c%85%ed%95%99%ed%9a%8c%eb%85%bc%eb%ac%b8/JavaStream_%ed%82%a4%ed%8e%b8%ed%96%a5/.deps/jmh-core-1.37.jar)
WARNING: Please consider reporting this to the maintainers of class org.openjdk.jmh.util.Utils
WARNING: sun.misc.Unsafe::objectFieldOffset will be removed in a future release
# Warmup Iteration   1: Input: n=1000000, keys=256, observedHotFraction=0.500000, poolParallelism=3, availableProcessors=10
5.703 ms/op
# Warmup Iteration   2: 5.666 ms/op
# Warmup Iteration   3: 5.574 ms/op
# Warmup Iteration   4: 5.501 ms/op
# Warmup Iteration   5: 5.491 ms/op
Iteration   1: 5.508 ms/op
                 gc.alloc.rate:      2774.401 MB/sec
                 gc.alloc.rate.norm: 16025006.769 B/op
                 gc.count:           9.000 counts
                 gc.time:            4.000 ms

Iteration   2: 5.619 ms/op
                 gc.alloc.rate:      2719.647 MB/sec
                 gc.alloc.rate.norm: 16025007.200 B/op
                 gc.count:           9.000 counts
                 gc.time:            4.000 ms

Iteration   3: 5.578 ms/op
                 gc.alloc.rate:      2739.225 MB/sec
                 gc.alloc.rate.norm: 16025006.769 B/op
                 gc.count:           9.000 counts
                 gc.time:            3.000 ms

Iteration   4: 5.587 ms/op
                 gc.alloc.rate:      2735.097 MB/sec
                 gc.alloc.rate.norm: 16025006.983 B/op
                 gc.count:           9.000 counts
                 gc.time:            4.000 ms

Iteration   5: 5.582 ms/op
                 gc.alloc.rate:      2737.351 MB/sec
                 gc.alloc.rate.norm: 16025006.983 B/op
                 gc.count:           9.000 counts
                 gc.time:            3.000 ms


# Run progress: 87.65% complete, ETA 00:01:42
# Fork: 3 of 3
WARNING: A terminally deprecated method in sun.misc.Unsafe has been called
WARNING: sun.misc.Unsafe::objectFieldOffset has been called by org.openjdk.jmh.util.Utils (file:/Users/jaehyeon/Documents/Obsidian%20Vault/2026/04.%ed%98%b8%ec%84%9c%eb%8c%80%ed%95%99%ea%b5%90/11.%ec%b0%a8%ec%84%b8%eb%8c%80%ec%bb%b4%ed%93%a8%ed%8c%85%ed%95%99%ed%9a%8c%eb%85%bc%eb%ac%b8/JavaStream_%ed%82%a4%ed%8e%b8%ed%96%a5/.deps/jmh-core-1.37.jar)
WARNING: Please consider reporting this to the maintainers of class org.openjdk.jmh.util.Utils
WARNING: sun.misc.Unsafe::objectFieldOffset will be removed in a future release
# Warmup Iteration   1: Input: n=1000000, keys=256, observedHotFraction=0.500000, poolParallelism=3, availableProcessors=10
5.736 ms/op
# Warmup Iteration   2: 5.646 ms/op
# Warmup Iteration   3: 5.564 ms/op
# Warmup Iteration   4: 5.587 ms/op
# Warmup Iteration   5: 5.425 ms/op
Iteration   1: 5.420 ms/op
                 gc.alloc.rate:      2819.258 MB/sec
                 gc.alloc.rate.norm: 16025005.733 B/op
                 gc.count:           9.000 counts
                 gc.time:            4.000 ms

Iteration   2: 5.410 ms/op
                 gc.alloc.rate:      2824.449 MB/sec
                 gc.alloc.rate.norm: 16025005.733 B/op
                 gc.count:           9.000 counts
                 gc.time:            4.000 ms

Iteration   3: 5.414 ms/op
                 gc.alloc.rate:      2822.513 MB/sec
                 gc.alloc.rate.norm: 16025005.733 B/op
                 gc.count:           10.000 counts
                 gc.time:            4.000 ms

Iteration   4: 5.410 ms/op
                 gc.alloc.rate:      2824.699 MB/sec
                 gc.alloc.rate.norm: 16025005.733 B/op
                 gc.count:           9.000 counts
                 gc.time:            3.000 ms

Iteration   5: 5.409 ms/op
                 gc.alloc.rate:      2825.141 MB/sec
                 gc.alloc.rate.norm: 16025005.733 B/op
                 gc.count:           9.000 counts
                 gc.time:            4.000 ms



Result "research.skew.AggregationBenchmark.sequential":
  5.467 ±(99.9%) 0.088 ms/op [Average]
  (min, avg, max) = (5.397, 5.467, 5.619), stdev = 0.083
  CI (99.9%): [5.378, 5.555] (assumes normal distribution)

Secondary result "research.skew.AggregationBenchmark.sequential:gc.alloc.rate":
  2795.739 ±(99.9%) 44.706 MB/sec [Average]
  (min, avg, max) = (2719.647, 2795.739, 2831.523), stdev = 41.818
  CI (99.9%): [2751.033, 2840.445] (assumes normal distribution)

Secondary result "research.skew.AggregationBenchmark.sequential:gc.alloc.rate.norm":
  16025006.150 ±(99.9%) 0.662 B/op [Average]
  (min, avg, max) = (16025005.532, 16025006.150, 16025007.200), stdev = 0.619
  CI (99.9%): [16025005.488, 16025006.811] (assumes normal distribution)

Secondary result "research.skew.AggregationBenchmark.sequential:gc.count":
  138.000 ±(99.9%) 0.001 counts [Sum]
  (min, avg, max) = (9.000, 9.200, 10.000), stdev = 0.414
  CI (99.9%): [138.000, 138.000] (assumes normal distribution)

Secondary result "research.skew.AggregationBenchmark.sequential:gc.time":
  56.000 ±(99.9%) 0.001 ms [Sum]
  (min, avg, max) = (3.000, 3.733, 4.000), stdev = 0.458
  CI (99.9%): [56.000, 56.000] (assumes normal distribution)


# JMH version: 1.37
# VM version: JDK 25.0.4.1, OpenJDK 64-Bit Server VM, 25.0.4.1+1-LTS
# VM invoker: /Users/jaehyeon/Library/Java/JavaVirtualMachines/temurin-25.0.4.1/Contents/Home/bin/java
# VM options: -Xms512m -Xmx512m -Djava.util.concurrent.ForkJoinPool.common.parallelism=3
# Blackhole mode: compiler (auto-detected, use -Djmh.blackhole.autoDetect=false to disable)
# Warmup: 5 iterations, 1 s each
# Measurement: 5 iterations, 1 s each
# Timeout: 10 min per iteration
# Threads: 1 thread, will synchronize iterations
# Benchmark mode: Average time, time/op
# Benchmark: research.skew.AggregationBenchmark.sequential
# Parameters: (cardinality = 256, distribution = hot90, seed = 20260929, size = 10000)

# Run progress: 88.89% complete, ETA 00:01:32
# Fork: 1 of 3
WARNING: A terminally deprecated method in sun.misc.Unsafe has been called
WARNING: sun.misc.Unsafe::objectFieldOffset has been called by org.openjdk.jmh.util.Utils (file:/Users/jaehyeon/Documents/Obsidian%20Vault/2026/04.%ed%98%b8%ec%84%9c%eb%8c%80%ed%95%99%ea%b5%90/11.%ec%b0%a8%ec%84%b8%eb%8c%80%ec%bb%b4%ed%93%a8%ed%8c%85%ed%95%99%ed%9a%8c%eb%85%bc%eb%ac%b8/JavaStream_%ed%82%a4%ed%8e%b8%ed%96%a5/.deps/jmh-core-1.37.jar)
WARNING: Please consider reporting this to the maintainers of class org.openjdk.jmh.util.Utils
WARNING: sun.misc.Unsafe::objectFieldOffset will be removed in a future release
# Warmup Iteration   1: Input: n=10000, keys=256, observedHotFraction=0.900000, poolParallelism=3, availableProcessors=10
0.049 ms/op
# Warmup Iteration   2: 0.057 ms/op
# Warmup Iteration   3: 0.058 ms/op
# Warmup Iteration   4: 0.074 ms/op
# Warmup Iteration   5: 0.087 ms/op
Iteration   1: 0.087 ms/op
                 gc.alloc.rate:      1970.609 MB/sec
                 gc.alloc.rate.norm: 178800.599 B/op
                 gc.count:           7.000 counts
                 gc.time:            3.000 ms

Iteration   2: 0.085 ms/op
                 gc.alloc.rate:      2001.464 MB/sec
                 gc.alloc.rate.norm: 178800.601 B/op
                 gc.count:           6.000 counts
                 gc.time:            3.000 ms

Iteration   3: 0.069 ms/op
                 gc.alloc.rate:      2477.007 MB/sec
                 gc.alloc.rate.norm: 178751.513 B/op
                 gc.count:           8.000 counts
                 gc.time:            3.000 ms

Iteration   4: 0.058 ms/op
                 gc.alloc.rate:      2962.339 MB/sec
                 gc.alloc.rate.norm: 178720.399 B/op
                 gc.count:           10.000 counts
                 gc.time:            5.000 ms

Iteration   5: 0.058 ms/op
                 gc.alloc.rate:      2955.853 MB/sec
                 gc.alloc.rate.norm: 178720.399 B/op
                 gc.count:           10.000 counts
                 gc.time:            4.000 ms


# Run progress: 90.12% complete, ETA 00:01:22
# Fork: 2 of 3
WARNING: A terminally deprecated method in sun.misc.Unsafe has been called
WARNING: sun.misc.Unsafe::objectFieldOffset has been called by org.openjdk.jmh.util.Utils (file:/Users/jaehyeon/Documents/Obsidian%20Vault/2026/04.%ed%98%b8%ec%84%9c%eb%8c%80%ed%95%99%ea%b5%90/11.%ec%b0%a8%ec%84%b8%eb%8c%80%ec%bb%b4%ed%93%a8%ed%8c%85%ed%95%99%ed%9a%8c%eb%85%bc%eb%ac%b8/JavaStream_%ed%82%a4%ed%8e%b8%ed%96%a5/.deps/jmh-core-1.37.jar)
WARNING: Please consider reporting this to the maintainers of class org.openjdk.jmh.util.Utils
WARNING: sun.misc.Unsafe::objectFieldOffset will be removed in a future release
# Warmup Iteration   1: Input: n=10000, keys=256, observedHotFraction=0.900000, poolParallelism=3, availableProcessors=10
0.049 ms/op
# Warmup Iteration   2: 0.057 ms/op
# Warmup Iteration   3: 0.059 ms/op
# Warmup Iteration   4: 0.073 ms/op
# Warmup Iteration   5: 0.085 ms/op
Iteration   1: 0.086 ms/op
                 gc.alloc.rate:      1974.095 MB/sec
                 gc.alloc.rate.norm: 178800.602 B/op
                 gc.count:           7.000 counts
                 gc.time:            3.000 ms

Iteration   2: 0.085 ms/op
                 gc.alloc.rate:      2001.153 MB/sec
                 gc.alloc.rate.norm: 178800.599 B/op
                 gc.count:           6.000 counts
                 gc.time:            3.000 ms

Iteration   3: 0.069 ms/op
                 gc.alloc.rate:      2454.781 MB/sec
                 gc.alloc.rate.norm: 178752.739 B/op
                 gc.count:           8.000 counts
                 gc.time:            4.000 ms

Iteration   4: 0.058 ms/op
                 gc.alloc.rate:      2921.836 MB/sec
                 gc.alloc.rate.norm: 178720.404 B/op
                 gc.count:           10.000 counts
                 gc.time:            4.000 ms

Iteration   5: 0.059 ms/op
                 gc.alloc.rate:      2907.358 MB/sec
                 gc.alloc.rate.norm: 178720.406 B/op
                 gc.count:           10.000 counts
                 gc.time:            5.000 ms


# Run progress: 91.36% complete, ETA 00:01:11
# Fork: 3 of 3
WARNING: A terminally deprecated method in sun.misc.Unsafe has been called
WARNING: sun.misc.Unsafe::objectFieldOffset has been called by org.openjdk.jmh.util.Utils (file:/Users/jaehyeon/Documents/Obsidian%20Vault/2026/04.%ed%98%b8%ec%84%9c%eb%8c%80%ed%95%99%ea%b5%90/11.%ec%b0%a8%ec%84%b8%eb%8c%80%ec%bb%b4%ed%93%a8%ed%8c%85%ed%95%99%ed%9a%8c%eb%85%bc%eb%ac%b8/JavaStream_%ed%82%a4%ed%8e%b8%ed%96%a5/.deps/jmh-core-1.37.jar)
WARNING: Please consider reporting this to the maintainers of class org.openjdk.jmh.util.Utils
WARNING: sun.misc.Unsafe::objectFieldOffset will be removed in a future release
# Warmup Iteration   1: Input: n=10000, keys=256, observedHotFraction=0.900000, poolParallelism=3, availableProcessors=10
0.044 ms/op
# Warmup Iteration   2: 0.040 ms/op
# Warmup Iteration   3: 0.049 ms/op
# Warmup Iteration   4: 0.070 ms/op
# Warmup Iteration   5: 0.069 ms/op
Iteration   1: 0.068 ms/op
                 gc.alloc.rate:      2507.403 MB/sec
                 gc.alloc.rate.norm: 178785.446 B/op
                 gc.count:           9.000 counts
                 gc.time:            4.000 ms

Iteration   2: 0.069 ms/op
                 gc.alloc.rate:      2460.369 MB/sec
                 gc.alloc.rate.norm: 178768.480 B/op
                 gc.count:           8.000 counts
                 gc.time:            4.000 ms

Iteration   3: 0.069 ms/op
                 gc.alloc.rate:      2457.275 MB/sec
                 gc.alloc.rate.norm: 178768.483 B/op
                 gc.count:           8.000 counts
                 gc.time:            4.000 ms

Iteration   4: 0.070 ms/op
                 gc.alloc.rate:      2434.708 MB/sec
                 gc.alloc.rate.norm: 178768.485 B/op
                 gc.count:           8.000 counts
                 gc.time:            4.000 ms

Iteration   5: 0.069 ms/op
                 gc.alloc.rate:      2471.763 MB/sec
                 gc.alloc.rate.norm: 178768.477 B/op
                 gc.count:           8.000 counts
                 gc.time:            3.000 ms



Result "research.skew.AggregationBenchmark.sequential":
  0.071 ±(99.9%) 0.011 ms/op [Average]
  (min, avg, max) = (0.058, 0.071, 0.087), stdev = 0.011
  CI (99.9%): [0.059, 0.082] (assumes normal distribution)

Secondary result "research.skew.AggregationBenchmark.sequential:gc.alloc.rate":
  2463.868 ±(99.9%) 384.518 MB/sec [Average]
  (min, avg, max) = (1970.609, 2463.868, 2962.339), stdev = 359.679
  CI (99.9%): [2079.349, 2848.386] (assumes normal distribution)

Secondary result "research.skew.AggregationBenchmark.sequential:gc.alloc.rate.norm":
  178763.175 ±(99.9%) 33.533 B/op [Average]
  (min, avg, max) = (178720.399, 178763.175, 178800.602), stdev = 31.367
  CI (99.9%): [178729.642, 178796.708] (assumes normal distribution)

Secondary result "research.skew.AggregationBenchmark.sequential:gc.count":
  123.000 ±(99.9%) 0.001 counts [Sum]
  (min, avg, max) = (6.000, 8.200, 10.000), stdev = 1.373
  CI (99.9%): [123.000, 123.000] (assumes normal distribution)

Secondary result "research.skew.AggregationBenchmark.sequential:gc.time":
  56.000 ±(99.9%) 0.001 ms [Sum]
  (min, avg, max) = (3.000, 3.733, 5.000), stdev = 0.704
  CI (99.9%): [56.000, 56.000] (assumes normal distribution)


# JMH version: 1.37
# VM version: JDK 25.0.4.1, OpenJDK 64-Bit Server VM, 25.0.4.1+1-LTS
# VM invoker: /Users/jaehyeon/Library/Java/JavaVirtualMachines/temurin-25.0.4.1/Contents/Home/bin/java
# VM options: -Xms512m -Xmx512m -Djava.util.concurrent.ForkJoinPool.common.parallelism=3
# Blackhole mode: compiler (auto-detected, use -Djmh.blackhole.autoDetect=false to disable)
# Warmup: 5 iterations, 1 s each
# Measurement: 5 iterations, 1 s each
# Timeout: 10 min per iteration
# Threads: 1 thread, will synchronize iterations
# Benchmark mode: Average time, time/op
# Benchmark: research.skew.AggregationBenchmark.sequential
# Parameters: (cardinality = 256, distribution = hot90, seed = 20260929, size = 100000)

# Run progress: 92.59% complete, ETA 00:01:01
# Fork: 1 of 3
WARNING: A terminally deprecated method in sun.misc.Unsafe has been called
WARNING: sun.misc.Unsafe::objectFieldOffset has been called by org.openjdk.jmh.util.Utils (file:/Users/jaehyeon/Documents/Obsidian%20Vault/2026/04.%ed%98%b8%ec%84%9c%eb%8c%80%ed%95%99%ea%b5%90/11.%ec%b0%a8%ec%84%b8%eb%8c%80%ec%bb%b4%ed%93%a8%ed%8c%85%ed%95%99%ed%9a%8c%eb%85%bc%eb%ac%b8/JavaStream_%ed%82%a4%ed%8e%b8%ed%96%a5/.deps/jmh-core-1.37.jar)
WARNING: Please consider reporting this to the maintainers of class org.openjdk.jmh.util.Utils
WARNING: sun.misc.Unsafe::objectFieldOffset will be removed in a future release
# Warmup Iteration   1: Input: n=100000, keys=256, observedHotFraction=0.900000, poolParallelism=3, availableProcessors=10
0.493 ms/op
# Warmup Iteration   2: 0.472 ms/op
# Warmup Iteration   3: 0.494 ms/op
# Warmup Iteration   4: 0.518 ms/op
# Warmup Iteration   5: 0.516 ms/op
Iteration   1: 0.517 ms/op
                 gc.alloc.rate:      2985.615 MB/sec
                 gc.alloc.rate.norm: 1618803.647 B/op
                 gc.count:           10.000 counts
                 gc.time:            4.000 ms

Iteration   2: 0.515 ms/op
                 gc.alloc.rate:      2997.182 MB/sec
                 gc.alloc.rate.norm: 1618803.596 B/op
                 gc.count:           10.000 counts
                 gc.time:            4.000 ms

Iteration   3: 0.517 ms/op
                 gc.alloc.rate:      2987.506 MB/sec
                 gc.alloc.rate.norm: 1618803.609 B/op
                 gc.count:           10.000 counts
                 gc.time:            5.000 ms

Iteration   4: 0.516 ms/op
                 gc.alloc.rate:      2991.972 MB/sec
                 gc.alloc.rate.norm: 1618803.604 B/op
                 gc.count:           10.000 counts
                 gc.time:            4.000 ms

Iteration   5: 0.516 ms/op
                 gc.alloc.rate:      2990.033 MB/sec
                 gc.alloc.rate.norm: 1618803.615 B/op
                 gc.count:           10.000 counts
                 gc.time:            4.000 ms


# Run progress: 93.83% complete, ETA 00:00:51
# Fork: 2 of 3
WARNING: A terminally deprecated method in sun.misc.Unsafe has been called
WARNING: sun.misc.Unsafe::objectFieldOffset has been called by org.openjdk.jmh.util.Utils (file:/Users/jaehyeon/Documents/Obsidian%20Vault/2026/04.%ed%98%b8%ec%84%9c%eb%8c%80%ed%95%99%ea%b5%90/11.%ec%b0%a8%ec%84%b8%eb%8c%80%ec%bb%b4%ed%93%a8%ed%8c%85%ed%95%99%ed%9a%8c%eb%85%bc%eb%ac%b8/JavaStream_%ed%82%a4%ed%8e%b8%ed%96%a5/.deps/jmh-core-1.37.jar)
WARNING: Please consider reporting this to the maintainers of class org.openjdk.jmh.util.Utils
WARNING: sun.misc.Unsafe::objectFieldOffset will be removed in a future release
# Warmup Iteration   1: Input: n=100000, keys=256, observedHotFraction=0.900000, poolParallelism=3, availableProcessors=10
0.567 ms/op
# Warmup Iteration   2: 0.550 ms/op
# Warmup Iteration   3: 0.544 ms/op
# Warmup Iteration   4: 0.517 ms/op
# Warmup Iteration   5: 0.517 ms/op
Iteration   1: 0.517 ms/op
                 gc.alloc.rate:      2985.275 MB/sec
                 gc.alloc.rate.norm: 1618803.633 B/op
                 gc.count:           10.000 counts
                 gc.time:            4.000 ms

Iteration   2: 0.517 ms/op
                 gc.alloc.rate:      2985.092 MB/sec
                 gc.alloc.rate.norm: 1618803.611 B/op
                 gc.count:           10.000 counts
                 gc.time:            4.000 ms

Iteration   3: 0.516 ms/op
                 gc.alloc.rate:      2989.748 MB/sec
                 gc.alloc.rate.norm: 1618803.606 B/op
                 gc.count:           10.000 counts
                 gc.time:            4.000 ms

Iteration   4: 0.515 ms/op
                 gc.alloc.rate:      2995.625 MB/sec
                 gc.alloc.rate.norm: 1618803.598 B/op
                 gc.count:           10.000 counts
                 gc.time:            5.000 ms

Iteration   5: 0.515 ms/op
                 gc.alloc.rate:      2997.193 MB/sec
                 gc.alloc.rate.norm: 1618803.596 B/op
                 gc.count:           10.000 counts
                 gc.time:            4.000 ms


# Run progress: 95.06% complete, ETA 00:00:41
# Fork: 3 of 3
WARNING: A terminally deprecated method in sun.misc.Unsafe has been called
WARNING: sun.misc.Unsafe::objectFieldOffset has been called by org.openjdk.jmh.util.Utils (file:/Users/jaehyeon/Documents/Obsidian%20Vault/2026/04.%ed%98%b8%ec%84%9c%eb%8c%80%ed%95%99%ea%b5%90/11.%ec%b0%a8%ec%84%b8%eb%8c%80%ec%bb%b4%ed%93%a8%ed%8c%85%ed%95%99%ed%9a%8c%eb%85%bc%eb%ac%b8/JavaStream_%ed%82%a4%ed%8e%b8%ed%96%a5/.deps/jmh-core-1.37.jar)
WARNING: Please consider reporting this to the maintainers of class org.openjdk.jmh.util.Utils
WARNING: sun.misc.Unsafe::objectFieldOffset will be removed in a future release
# Warmup Iteration   1: Input: n=100000, keys=256, observedHotFraction=0.900000, poolParallelism=3, availableProcessors=10
0.572 ms/op
# Warmup Iteration   2: 0.559 ms/op
# Warmup Iteration   3: 0.552 ms/op
# Warmup Iteration   4: 0.517 ms/op
# Warmup Iteration   5: 0.518 ms/op
Iteration   1: 0.517 ms/op
                 gc.alloc.rate:      2983.540 MB/sec
                 gc.alloc.rate.norm: 1618803.613 B/op
                 gc.count:           10.000 counts
                 gc.time:            4.000 ms

Iteration   2: 0.517 ms/op
                 gc.alloc.rate:      2986.357 MB/sec
                 gc.alloc.rate.norm: 1618803.609 B/op
                 gc.count:           10.000 counts
                 gc.time:            4.000 ms

Iteration   3: 0.517 ms/op
                 gc.alloc.rate:      2984.137 MB/sec
                 gc.alloc.rate.norm: 1618803.643 B/op
                 gc.count:           10.000 counts
                 gc.time:            4.000 ms

Iteration   4: 0.517 ms/op
                 gc.alloc.rate:      2984.511 MB/sec
                 gc.alloc.rate.norm: 1618803.613 B/op
                 gc.count:           9.000 counts
                 gc.time:            4.000 ms

Iteration   5: 0.516 ms/op
                 gc.alloc.rate:      2988.909 MB/sec
                 gc.alloc.rate.norm: 1618803.607 B/op
                 gc.count:           10.000 counts
                 gc.time:            4.000 ms



Result "research.skew.AggregationBenchmark.sequential":
  0.516 ±(99.9%) 0.001 ms/op [Average]
  (min, avg, max) = (0.515, 0.516, 0.517), stdev = 0.001
  CI (99.9%): [0.516, 0.517] (assumes normal distribution)

Secondary result "research.skew.AggregationBenchmark.sequential:gc.alloc.rate":
  2988.846 ±(99.9%) 5.043 MB/sec [Average]
  (min, avg, max) = (2983.540, 2988.846, 2997.193), stdev = 4.717
  CI (99.9%): [2983.803, 2993.889] (assumes normal distribution)

Secondary result "research.skew.AggregationBenchmark.sequential:gc.alloc.rate.norm":
  1618803.613 ±(99.9%) 0.017 B/op [Average]
  (min, avg, max) = (1618803.596, 1618803.613, 1618803.647), stdev = 0.016
  CI (99.9%): [1618803.597, 1618803.630] (assumes normal distribution)

Secondary result "research.skew.AggregationBenchmark.sequential:gc.count":
  149.000 ±(99.9%) 0.001 counts [Sum]
  (min, avg, max) = (9.000, 9.933, 10.000), stdev = 0.258
  CI (99.9%): [149.000, 149.000] (assumes normal distribution)

Secondary result "research.skew.AggregationBenchmark.sequential:gc.time":
  62.000 ±(99.9%) 0.001 ms [Sum]
  (min, avg, max) = (4.000, 4.133, 5.000), stdev = 0.352
  CI (99.9%): [62.000, 62.000] (assumes normal distribution)


# JMH version: 1.37
# VM version: JDK 25.0.4.1, OpenJDK 64-Bit Server VM, 25.0.4.1+1-LTS
# VM invoker: /Users/jaehyeon/Library/Java/JavaVirtualMachines/temurin-25.0.4.1/Contents/Home/bin/java
# VM options: -Xms512m -Xmx512m -Djava.util.concurrent.ForkJoinPool.common.parallelism=3
# Blackhole mode: compiler (auto-detected, use -Djmh.blackhole.autoDetect=false to disable)
# Warmup: 5 iterations, 1 s each
# Measurement: 5 iterations, 1 s each
# Timeout: 10 min per iteration
# Threads: 1 thread, will synchronize iterations
# Benchmark mode: Average time, time/op
# Benchmark: research.skew.AggregationBenchmark.sequential
# Parameters: (cardinality = 256, distribution = hot90, seed = 20260929, size = 1000000)

# Run progress: 96.30% complete, ETA 00:00:30
# Fork: 1 of 3
WARNING: A terminally deprecated method in sun.misc.Unsafe has been called
WARNING: sun.misc.Unsafe::objectFieldOffset has been called by org.openjdk.jmh.util.Utils (file:/Users/jaehyeon/Documents/Obsidian%20Vault/2026/04.%ed%98%b8%ec%84%9c%eb%8c%80%ed%95%99%ea%b5%90/11.%ec%b0%a8%ec%84%b8%eb%8c%80%ec%bb%b4%ed%93%a8%ed%8c%85%ed%95%99%ed%9a%8c%eb%85%bc%eb%ac%b8/JavaStream_%ed%82%a4%ed%8e%b8%ed%96%a5/.deps/jmh-core-1.37.jar)
WARNING: Please consider reporting this to the maintainers of class org.openjdk.jmh.util.Utils
WARNING: sun.misc.Unsafe::objectFieldOffset will be removed in a future release
# Warmup Iteration   1: Input: n=1000000, keys=256, observedHotFraction=0.900000, poolParallelism=3, availableProcessors=10
5.614 ms/op
# Warmup Iteration   2: 5.490 ms/op
# Warmup Iteration   3: 5.438 ms/op
# Warmup Iteration   4: 5.421 ms/op
# Warmup Iteration   5: 5.424 ms/op
Iteration   1: 5.425 ms/op
                 gc.alloc.rate:      2816.802 MB/sec
                 gc.alloc.rate.norm: 16025005.733 B/op
                 gc.count:           10.000 counts
                 gc.time:            4.000 ms

Iteration   2: 5.426 ms/op
                 gc.alloc.rate:      2816.290 MB/sec
                 gc.alloc.rate.norm: 16025006.141 B/op
                 gc.count:           9.000 counts
                 gc.time:            4.000 ms

Iteration   3: 5.420 ms/op
                 gc.alloc.rate:      2819.078 MB/sec
                 gc.alloc.rate.norm: 16025005.733 B/op
                 gc.count:           9.000 counts
                 gc.time:            3.000 ms

Iteration   4: 5.423 ms/op
                 gc.alloc.rate:      2817.911 MB/sec
                 gc.alloc.rate.norm: 16025005.935 B/op
                 gc.count:           10.000 counts
                 gc.time:            4.000 ms

Iteration   5: 5.444 ms/op
                 gc.alloc.rate:      2806.729 MB/sec
                 gc.alloc.rate.norm: 16025005.935 B/op
                 gc.count:           9.000 counts
                 gc.time:            4.000 ms


# Run progress: 97.53% complete, ETA 00:00:20
# Fork: 2 of 3
WARNING: A terminally deprecated method in sun.misc.Unsafe has been called
WARNING: sun.misc.Unsafe::objectFieldOffset has been called by org.openjdk.jmh.util.Utils (file:/Users/jaehyeon/Documents/Obsidian%20Vault/2026/04.%ed%98%b8%ec%84%9c%eb%8c%80%ed%95%99%ea%b5%90/11.%ec%b0%a8%ec%84%b8%eb%8c%80%ec%bb%b4%ed%93%a8%ed%8c%85%ed%95%99%ed%9a%8c%eb%85%bc%eb%ac%b8/JavaStream_%ed%82%a4%ed%8e%b8%ed%96%a5/.deps/jmh-core-1.37.jar)
WARNING: Please consider reporting this to the maintainers of class org.openjdk.jmh.util.Utils
WARNING: sun.misc.Unsafe::objectFieldOffset will be removed in a future release
# Warmup Iteration   1: Input: n=1000000, keys=256, observedHotFraction=0.900000, poolParallelism=3, availableProcessors=10
5.627 ms/op
# Warmup Iteration   2: 5.466 ms/op
# Warmup Iteration   3: 5.401 ms/op
# Warmup Iteration   4: 5.406 ms/op
# Warmup Iteration   5: 5.404 ms/op
Iteration   1: 5.411 ms/op
                 gc.alloc.rate:      2824.247 MB/sec
                 gc.alloc.rate.norm: 16025005.733 B/op
                 gc.count:           9.000 counts
                 gc.time:            4.000 ms

Iteration   2: 5.405 ms/op
                 gc.alloc.rate:      2827.338 MB/sec
                 gc.alloc.rate.norm: 16025005.733 B/op
                 gc.count:           9.000 counts
                 gc.time:            4.000 ms

Iteration   3: 5.413 ms/op
                 gc.alloc.rate:      2823.090 MB/sec
                 gc.alloc.rate.norm: 16025005.733 B/op
                 gc.count:           10.000 counts
                 gc.time:            4.000 ms

Iteration   4: 5.401 ms/op
                 gc.alloc.rate:      2828.918 MB/sec
                 gc.alloc.rate.norm: 16025005.532 B/op
                 gc.count:           9.000 counts
                 gc.time:            4.000 ms

Iteration   5: 5.445 ms/op
                 gc.alloc.rate:      2806.068 MB/sec
                 gc.alloc.rate.norm: 16025005.935 B/op
                 gc.count:           9.000 counts
                 gc.time:            3.000 ms


# Run progress: 98.77% complete, ETA 00:00:10
# Fork: 3 of 3
WARNING: A terminally deprecated method in sun.misc.Unsafe has been called
WARNING: sun.misc.Unsafe::objectFieldOffset has been called by org.openjdk.jmh.util.Utils (file:/Users/jaehyeon/Documents/Obsidian%20Vault/2026/04.%ed%98%b8%ec%84%9c%eb%8c%80%ed%95%99%ea%b5%90/11.%ec%b0%a8%ec%84%b8%eb%8c%80%ec%bb%b4%ed%93%a8%ed%8c%85%ed%95%99%ed%9a%8c%eb%85%bc%eb%ac%b8/JavaStream_%ed%82%a4%ed%8e%b8%ed%96%a5/.deps/jmh-core-1.37.jar)
WARNING: Please consider reporting this to the maintainers of class org.openjdk.jmh.util.Utils
WARNING: sun.misc.Unsafe::objectFieldOffset will be removed in a future release
# Warmup Iteration   1: Input: n=1000000, keys=256, observedHotFraction=0.900000, poolParallelism=3, availableProcessors=10
5.625 ms/op
# Warmup Iteration   2: 5.461 ms/op
# Warmup Iteration   3: 5.398 ms/op
# Warmup Iteration   4: 5.400 ms/op
# Warmup Iteration   5: 5.413 ms/op
Iteration   1: 5.396 ms/op
                 gc.alloc.rate:      2831.589 MB/sec
                 gc.alloc.rate.norm: 16025005.532 B/op
                 gc.count:           9.000 counts
                 gc.time:            4.000 ms

Iteration   2: 5.404 ms/op
                 gc.alloc.rate:      2827.547 MB/sec
                 gc.alloc.rate.norm: 16025005.733 B/op
                 gc.count:           9.000 counts
                 gc.time:            4.000 ms

Iteration   3: 5.397 ms/op
                 gc.alloc.rate:      2831.132 MB/sec
                 gc.alloc.rate.norm: 16025005.532 B/op
                 gc.count:           10.000 counts
                 gc.time:            4.000 ms

Iteration   4: 5.400 ms/op
                 gc.alloc.rate:      2829.639 MB/sec
                 gc.alloc.rate.norm: 16025005.532 B/op
                 gc.count:           9.000 counts
                 gc.time:            3.000 ms

Iteration   5: 5.402 ms/op
                 gc.alloc.rate:      2828.549 MB/sec
                 gc.alloc.rate.norm: 16025005.532 B/op
                 gc.count:           10.000 counts
                 gc.time:            4.000 ms



Result "research.skew.AggregationBenchmark.sequential":
  5.414 ±(99.9%) 0.017 ms/op [Average]
  (min, avg, max) = (5.396, 5.414, 5.445), stdev = 0.016
  CI (99.9%): [5.397, 5.431] (assumes normal distribution)

Secondary result "research.skew.AggregationBenchmark.sequential:gc.alloc.rate":
  2822.328 ±(99.9%) 8.854 MB/sec [Average]
  (min, avg, max) = (2806.068, 2822.328, 2831.589), stdev = 8.282
  CI (99.9%): [2813.475, 2831.182] (assumes normal distribution)

Secondary result "research.skew.AggregationBenchmark.sequential:gc.alloc.rate.norm":
  16025005.733 ±(99.9%) 0.200 B/op [Average]
  (min, avg, max) = (16025005.532, 16025005.733, 16025006.141), stdev = 0.187
  CI (99.9%): [16025005.533, 16025005.934] (assumes normal distribution)

Secondary result "research.skew.AggregationBenchmark.sequential:gc.count":
  140.000 ±(99.9%) 0.001 counts [Sum]
  (min, avg, max) = (9.000, 9.333, 10.000), stdev = 0.488
  CI (99.9%): [140.000, 140.000] (assumes normal distribution)

Secondary result "research.skew.AggregationBenchmark.sequential:gc.time":
  57.000 ±(99.9%) 0.001 ms [Sum]
  (min, avg, max) = (3.000, 3.800, 4.000), stdev = 0.414
  CI (99.9%): [57.000, 57.000] (assumes normal distribution)


# Run complete. Total time: 00:13:52

REMEMBER: The numbers below are just data. To gain reusable insights, you need to follow up on
why the numbers are the way they are. Use profilers (see -prof, -lprof), design factorial
experiments, perform baseline and negative tests that provide experimental control, make sure
the benchmarking environment is safe on JVM/OS/HW level, ask for reviews from the domain experts.
Do not assume the numbers tell you what you want them to tell.

NOTE: Current JVM experimentally supports Compiler Blackholes, and they are in use. Please exercise
extra caution when trusting the results, look into the generated code to check the benchmark still
works, and factor in a small probability of new VM bugs. Additionally, while comparisons between
different JVMs are already problematic, the performance difference caused by different Blackhole
modes can be very significant. Please make sure you use the consistent Blackhole mode for comparisons.

Benchmark                                                   (cardinality)  (distribution)    (seed)   (size)  Mode  Cnt         Score      Error   Units
AggregationBenchmark.parallelConcurrent                               256         uniform  20260929    10000  avgt   15         0.129 ±    0.003   ms/op
AggregationBenchmark.parallelConcurrent:gc.alloc.rate                 256         uniform  20260929    10000  avgt   15      1399.497 ±   29.369  MB/sec
AggregationBenchmark.parallelConcurrent:gc.alloc.rate.norm            256         uniform  20260929    10000  avgt   15    188679.010 ±  444.329    B/op
AggregationBenchmark.parallelConcurrent:gc.count                      256         uniform  20260929    10000  avgt   15        69.000             counts
AggregationBenchmark.parallelConcurrent:gc.time                       256         uniform  20260929    10000  avgt   15        29.000                 ms
AggregationBenchmark.parallelConcurrent                               256         uniform  20260929   100000  avgt   15         1.081 ±    0.006   ms/op
AggregationBenchmark.parallelConcurrent:gc.alloc.rate                 256         uniform  20260929   100000  avgt   15      1440.918 ±    7.998  MB/sec
AggregationBenchmark.parallelConcurrent:gc.alloc.rate.norm            256         uniform  20260929   100000  avgt   15   1633791.982 ±  283.464    B/op
AggregationBenchmark.parallelConcurrent:gc.count                      256         uniform  20260929   100000  avgt   15        72.000             counts
AggregationBenchmark.parallelConcurrent:gc.time                       256         uniform  20260929   100000  avgt   15        32.000                 ms
AggregationBenchmark.parallelConcurrent                               256         uniform  20260929  1000000  avgt   15        12.209 ±    0.151   ms/op
AggregationBenchmark.parallelConcurrent:gc.alloc.rate                 256         uniform  20260929  1000000  avgt   15      1252.504 ±   15.431  MB/sec
AggregationBenchmark.parallelConcurrent:gc.alloc.rate.norm            256         uniform  20260929  1000000  avgt   15  16034758.632 ±  257.851    B/op
AggregationBenchmark.parallelConcurrent:gc.count                      256         uniform  20260929  1000000  avgt   15        62.000             counts
AggregationBenchmark.parallelConcurrent:gc.time                       256         uniform  20260929  1000000  avgt   15        25.000                 ms
AggregationBenchmark.parallelConcurrent                               256           hot50  20260929    10000  avgt   15         0.427 ±    0.003   ms/op
AggregationBenchmark.parallelConcurrent:gc.alloc.rate                 256           hot50  20260929    10000  avgt   15       419.780 ±    2.808  MB/sec
AggregationBenchmark.parallelConcurrent:gc.alloc.rate.norm            256           hot50  20260929    10000  avgt   15    188004.437 ±   73.388    B/op
AggregationBenchmark.parallelConcurrent:gc.count                      256           hot50  20260929    10000  avgt   15        21.000             counts
AggregationBenchmark.parallelConcurrent:gc.time                       256           hot50  20260929    10000  avgt   15        16.000                 ms
AggregationBenchmark.parallelConcurrent                               256           hot50  20260929   100000  avgt   15         4.435 ±    0.052   ms/op
AggregationBenchmark.parallelConcurrent:gc.alloc.rate                 256           hot50  20260929   100000  avgt   15       351.327 ±    4.078  MB/sec
AggregationBenchmark.parallelConcurrent:gc.alloc.rate.norm            256           hot50  20260929   100000  avgt   15   1633618.257 ±  117.263    B/op
AggregationBenchmark.parallelConcurrent:gc.count                      256           hot50  20260929   100000  avgt   15        17.000             counts
AggregationBenchmark.parallelConcurrent:gc.time                       256           hot50  20260929   100000  avgt   15        19.000                 ms
AggregationBenchmark.parallelConcurrent                               256           hot50  20260929  1000000  avgt   15        44.700 ±    1.168   ms/op
AggregationBenchmark.parallelConcurrent:gc.alloc.rate                 256           hot50  20260929  1000000  avgt   15       342.223 ±    8.917  MB/sec
AggregationBenchmark.parallelConcurrent:gc.alloc.rate.norm            256           hot50  20260929  1000000  avgt   15  16033090.773 ±  944.518    B/op
AggregationBenchmark.parallelConcurrent:gc.count                      256           hot50  20260929  1000000  avgt   15        17.000             counts
AggregationBenchmark.parallelConcurrent:gc.time                       256           hot50  20260929  1000000  avgt   15        46.000                 ms
AggregationBenchmark.parallelConcurrent                               256           hot90  20260929    10000  avgt   15         0.687 ±    0.021   ms/op
AggregationBenchmark.parallelConcurrent:gc.alloc.rate                 256           hot90  20260929    10000  avgt   15       261.425 ±    7.970  MB/sec
AggregationBenchmark.parallelConcurrent:gc.alloc.rate.norm            256           hot90  20260929    10000  avgt   15    188073.321 ±   88.457    B/op
AggregationBenchmark.parallelConcurrent:gc.count                      256           hot90  20260929    10000  avgt   15        14.000             counts
AggregationBenchmark.parallelConcurrent:gc.time                       256           hot90  20260929    10000  avgt   15        11.000                 ms
AggregationBenchmark.parallelConcurrent                               256           hot90  20260929   100000  avgt   15         8.073 ±    0.291   ms/op
AggregationBenchmark.parallelConcurrent:gc.alloc.rate                 256           hot90  20260929   100000  avgt   15       192.503 ±    6.969  MB/sec
AggregationBenchmark.parallelConcurrent:gc.alloc.rate.norm            256           hot90  20260929   100000  avgt   15   1628089.656 ±  175.584    B/op
AggregationBenchmark.parallelConcurrent:gc.count                      256           hot90  20260929   100000  avgt   15         9.000             counts
AggregationBenchmark.parallelConcurrent:gc.time                       256           hot90  20260929   100000  avgt   15         9.000                 ms
AggregationBenchmark.parallelConcurrent                               256           hot90  20260929  1000000  avgt   15        84.283 ±   11.190   ms/op
AggregationBenchmark.parallelConcurrent:gc.alloc.rate                 256           hot90  20260929  1000000  avgt   15       184.064 ±   24.510  MB/sec
AggregationBenchmark.parallelConcurrent:gc.alloc.rate.norm            256           hot90  20260929  1000000  avgt   15  16034840.154 ±  673.137    B/op
AggregationBenchmark.parallelConcurrent:gc.count                      256           hot90  20260929  1000000  avgt   15        10.000             counts
AggregationBenchmark.parallelConcurrent:gc.time                       256           hot90  20260929  1000000  avgt   15        23.000                 ms
AggregationBenchmark.parallelMerge                                    256         uniform  20260929    10000  avgt   15         0.049 ±    0.001   ms/op
AggregationBenchmark.parallelMerge:gc.alloc.rate                      256         uniform  20260929    10000  avgt   15      8635.006 ±  104.806  MB/sec
AggregationBenchmark.parallelMerge:gc.alloc.rate.norm                 256         uniform  20260929    10000  avgt   15    446412.344 ±    5.839    B/op
AggregationBenchmark.parallelMerge:gc.count                           256         uniform  20260929    10000  avgt   15       427.000             counts
AggregationBenchmark.parallelMerge:gc.time                            256         uniform  20260929    10000  avgt   15       168.000                 ms
AggregationBenchmark.parallelMerge                                    256         uniform  20260929   100000  avgt   15         0.186 ±    0.001   ms/op
AggregationBenchmark.parallelMerge:gc.alloc.rate                      256         uniform  20260929   100000  avgt   15      9797.859 ±   65.173  MB/sec
AggregationBenchmark.parallelMerge:gc.alloc.rate.norm                 256         uniform  20260929   100000  avgt   15   1905931.197 ±    5.717    B/op
AggregationBenchmark.parallelMerge:gc.count                           256         uniform  20260929   100000  avgt   15       485.000             counts
AggregationBenchmark.parallelMerge:gc.time                            256         uniform  20260929   100000  avgt   15       194.000                 ms
AggregationBenchmark.parallelMerge                                    256         uniform  20260929  1000000  avgt   15         1.805 ±    0.365   ms/op
AggregationBenchmark.parallelMerge:gc.alloc.rate                      256         uniform  20260929  1000000  avgt   15      8886.124 ± 1666.396  MB/sec
AggregationBenchmark.parallelMerge:gc.alloc.rate.norm                 256         uniform  20260929  1000000  avgt   15  16305977.449 ±   21.223    B/op
AggregationBenchmark.parallelMerge:gc.count                           256         uniform  20260929  1000000  avgt   15       440.000             counts
AggregationBenchmark.parallelMerge:gc.time                            256         uniform  20260929  1000000  avgt   15       188.000                 ms
AggregationBenchmark.parallelMerge                                    256           hot50  20260929    10000  avgt   15         0.047 ±    0.001   ms/op
AggregationBenchmark.parallelMerge:gc.alloc.rate                      256           hot50  20260929    10000  avgt   15      7979.358 ±  223.688  MB/sec
AggregationBenchmark.parallelMerge:gc.alloc.rate.norm                 256           hot50  20260929    10000  avgt   15    394572.774 ±    4.447    B/op
AggregationBenchmark.parallelMerge:gc.count                           256           hot50  20260929    10000  avgt   15       397.000             counts
AggregationBenchmark.parallelMerge:gc.time                            256           hot50  20260929    10000  avgt   15       157.000                 ms
AggregationBenchmark.parallelMerge                                    256           hot50  20260929   100000  avgt   15         0.192 ±    0.009   ms/op
AggregationBenchmark.parallelMerge:gc.alloc.rate                      256           hot50  20260929   100000  avgt   15      9488.547 ±  411.070  MB/sec
AggregationBenchmark.parallelMerge:gc.alloc.rate.norm                 256           hot50  20260929   100000  avgt   15   1905930.874 ±    8.010    B/op
AggregationBenchmark.parallelMerge:gc.count                           256           hot50  20260929   100000  avgt   15       473.000             counts
AggregationBenchmark.parallelMerge:gc.time                            256           hot50  20260929   100000  avgt   15       186.000                 ms
AggregationBenchmark.parallelMerge                                    256           hot50  20260929  1000000  avgt   15         1.472 ±    0.021   ms/op
AggregationBenchmark.parallelMerge:gc.alloc.rate                      256           hot50  20260929  1000000  avgt   15     10565.406 ±  148.754  MB/sec
AggregationBenchmark.parallelMerge:gc.alloc.rate.norm                 256           hot50  20260929  1000000  avgt   15  16305964.986 ±   25.201    B/op
AggregationBenchmark.parallelMerge:gc.count                           256           hot50  20260929  1000000  avgt   15       523.000             counts
AggregationBenchmark.parallelMerge:gc.time                            256           hot50  20260929  1000000  avgt   15       218.000                 ms
AggregationBenchmark.parallelMerge                                    256           hot90  20260929    10000  avgt   15         0.042 ±    0.001   ms/op
AggregationBenchmark.parallelMerge:gc.alloc.rate                      256           hot90  20260929    10000  avgt   15      6067.293 ±   57.149  MB/sec
AggregationBenchmark.parallelMerge:gc.alloc.rate.norm                 256           hot90  20260929    10000  avgt   15    268148.605 ±    4.238    B/op
AggregationBenchmark.parallelMerge:gc.count                           256           hot90  20260929    10000  avgt   15       301.000             counts
AggregationBenchmark.parallelMerge:gc.time                            256           hot90  20260929    10000  avgt   15       117.000                 ms
AggregationBenchmark.parallelMerge                                    256           hot90  20260929   100000  avgt   15         0.190 ±    0.002   ms/op
AggregationBenchmark.parallelMerge:gc.alloc.rate                      256           hot90  20260929   100000  avgt   15      9494.505 ±  116.657  MB/sec
AggregationBenchmark.parallelMerge:gc.alloc.rate.norm                 256           hot90  20260929   100000  avgt   15   1887553.097 ±    0.169    B/op
AggregationBenchmark.parallelMerge:gc.count                           256           hot90  20260929   100000  avgt   15       471.000             counts
AggregationBenchmark.parallelMerge:gc.time                            256           hot90  20260929   100000  avgt   15       183.000                 ms
AggregationBenchmark.parallelMerge                                    256           hot90  20260929  1000000  avgt   15         1.577 ±    0.083   ms/op
AggregationBenchmark.parallelMerge:gc.alloc.rate                      256           hot90  20260929  1000000  avgt   15      9882.226 ±  538.085  MB/sec
AggregationBenchmark.parallelMerge:gc.alloc.rate.norm                 256           hot90  20260929  1000000  avgt   15  16305967.843 ±   21.815    B/op
AggregationBenchmark.parallelMerge:gc.count                           256           hot90  20260929  1000000  avgt   15       490.000             counts
AggregationBenchmark.parallelMerge:gc.time                            256           hot90  20260929  1000000  avgt   15       216.000                 ms
AggregationBenchmark.sequential                                       256         uniform  20260929    10000  avgt   15         0.064 ±    0.002   ms/op
AggregationBenchmark.sequential:gc.alloc.rate                         256         uniform  20260929    10000  avgt   15      2679.589 ±   78.896  MB/sec
AggregationBenchmark.sequential:gc.alloc.rate.norm                    256         uniform  20260929    10000  avgt   15    178745.765 ±    2.946    B/op
AggregationBenchmark.sequential:gc.count                              256         uniform  20260929    10000  avgt   15       133.000             counts
AggregationBenchmark.sequential:gc.time                               256         uniform  20260929    10000  avgt   15        61.000                 ms
AggregationBenchmark.sequential                                       256         uniform  20260929   100000  avgt   15         0.513 ±    0.002   ms/op
AggregationBenchmark.sequential:gc.alloc.rate                         256         uniform  20260929   100000  avgt   15      3021.925 ±    8.900  MB/sec
AggregationBenchmark.sequential:gc.alloc.rate.norm                    256         uniform  20260929   100000  avgt   15   1624923.583 ±    0.014    B/op
AggregationBenchmark.sequential:gc.count                              256         uniform  20260929   100000  avgt   15       150.000             counts
AggregationBenchmark.sequential:gc.time                               256         uniform  20260929   100000  avgt   15        60.000                 ms
AggregationBenchmark.sequential                                       256         uniform  20260929  1000000  avgt   15         5.128 ±    0.422   ms/op
AggregationBenchmark.sequential:gc.alloc.rate                         256         uniform  20260929  1000000  avgt   15      2997.455 ±  260.126  MB/sec
AggregationBenchmark.sequential:gc.alloc.rate.norm                    256         uniform  20260929  1000000  avgt   15  16025003.702 ±    2.932    B/op
AggregationBenchmark.sequential:gc.count                              256         uniform  20260929  1000000  avgt   15       149.000             counts
AggregationBenchmark.sequential:gc.time                               256         uniform  20260929  1000000  avgt   15        60.000                 ms
AggregationBenchmark.sequential                                       256           hot50  20260929    10000  avgt   15         0.074 ±    0.006   ms/op
AggregationBenchmark.sequential:gc.alloc.rate                         256           hot50  20260929    10000  avgt   15      2319.429 ±  189.676  MB/sec
AggregationBenchmark.sequential:gc.alloc.rate.norm                    256           hot50  20260929    10000  avgt   15    178757.286 ±   35.289    B/op
AggregationBenchmark.sequential:gc.count                              256           hot50  20260929    10000  avgt   15       115.000             counts
AggregationBenchmark.sequential:gc.time                               256           hot50  20260929    10000  avgt   15        53.000                 ms
AggregationBenchmark.sequential                                       256           hot50  20260929   100000  avgt   15         0.512 ±    0.001   ms/op
AggregationBenchmark.sequential:gc.alloc.rate                         256           hot50  20260929   100000  avgt   15      3024.775 ±    4.230  MB/sec
AggregationBenchmark.sequential:gc.alloc.rate.norm                    256           hot50  20260929   100000  avgt   15   1624923.578 ±    0.005    B/op
AggregationBenchmark.sequential:gc.count                              256           hot50  20260929   100000  avgt   15       150.000             counts
AggregationBenchmark.sequential:gc.time                               256           hot50  20260929   100000  avgt   15        62.000                 ms
AggregationBenchmark.sequential                                       256           hot50  20260929  1000000  avgt   15         5.467 ±    0.088   ms/op
AggregationBenchmark.sequential:gc.alloc.rate                         256           hot50  20260929  1000000  avgt   15      2795.739 ±   44.706  MB/sec
AggregationBenchmark.sequential:gc.alloc.rate.norm                    256           hot50  20260929  1000000  avgt   15  16025006.150 ±    0.662    B/op
AggregationBenchmark.sequential:gc.count                              256           hot50  20260929  1000000  avgt   15       138.000             counts
AggregationBenchmark.sequential:gc.time                               256           hot50  20260929  1000000  avgt   15        56.000                 ms
AggregationBenchmark.sequential                                       256           hot90  20260929    10000  avgt   15         0.071 ±    0.011   ms/op
AggregationBenchmark.sequential:gc.alloc.rate                         256           hot90  20260929    10000  avgt   15      2463.868 ±  384.518  MB/sec
AggregationBenchmark.sequential:gc.alloc.rate.norm                    256           hot90  20260929    10000  avgt   15    178763.175 ±   33.533    B/op
AggregationBenchmark.sequential:gc.count                              256           hot90  20260929    10000  avgt   15       123.000             counts
AggregationBenchmark.sequential:gc.time                               256           hot90  20260929    10000  avgt   15        56.000                 ms
AggregationBenchmark.sequential                                       256           hot90  20260929   100000  avgt   15         0.516 ±    0.001   ms/op
AggregationBenchmark.sequential:gc.alloc.rate                         256           hot90  20260929   100000  avgt   15      2988.846 ±    5.043  MB/sec
AggregationBenchmark.sequential:gc.alloc.rate.norm                    256           hot90  20260929   100000  avgt   15   1618803.613 ±    0.017    B/op
AggregationBenchmark.sequential:gc.count                              256           hot90  20260929   100000  avgt   15       149.000             counts
AggregationBenchmark.sequential:gc.time                               256           hot90  20260929   100000  avgt   15        62.000                 ms
AggregationBenchmark.sequential                                       256           hot90  20260929  1000000  avgt   15         5.414 ±    0.017   ms/op
AggregationBenchmark.sequential:gc.alloc.rate                         256           hot90  20260929  1000000  avgt   15      2822.328 ±    8.854  MB/sec
AggregationBenchmark.sequential:gc.alloc.rate.norm                    256           hot90  20260929  1000000  avgt   15  16025005.733 ±    0.200    B/op
AggregationBenchmark.sequential:gc.count                              256           hot90  20260929  1000000  avgt   15       140.000             counts
AggregationBenchmark.sequential:gc.time                               256           hot90  20260929  1000000  avgt   15        57.000                 ms

Benchmark result is saved to results/full-20260929T111801Z.kVcXwE/jmh.json
