WARNING: A terminally deprecated method in sun.misc.Unsafe has been called
WARNING: sun.misc.Unsafe::objectFieldOffset has been called by org.openjdk.jmh.util.Utils (file:/home/test/Workspaces/JavaWorkspace/JavaStream_KeySkew/.deps/jmh-core-1.37.jar)
WARNING: Please consider reporting this to the maintainers of class org.openjdk.jmh.util.Utils
WARNING: sun.misc.Unsafe::objectFieldOffset will be removed in a future release
# JMH version: 1.37
# VM version: JDK 25.0.4.1, OpenJDK 64-Bit Server VM, 25.0.4.1+1-LTS
# VM invoker: /home/test/jdk/jdk-25.0.4.1+1/bin/java
# VM options: -Xms512m -Xmx512m -Djava.util.concurrent.ForkJoinPool.common.parallelism=3
# Blackhole mode: compiler (auto-detected, use -Djmh.blackhole.autoDetect=false to disable)
# Warmup: 5 iterations, 1 s each
# Measurement: 5 iterations, 1 s each
# Timeout: 10 min per iteration
# Threads: 1 thread, will synchronize iterations
# Benchmark mode: Average time, time/op
# Benchmark: research.skew.AggregationBenchmark.parallelConcurrent
# Parameters: (cardinality = 1024, distribution = uniform, seed = 20260929, size = 100000)

# Run progress: 0.00% complete, ETA 00:18:00
# Fork: 1 of 3
WARNING: A terminally deprecated method in sun.misc.Unsafe has been called
WARNING: sun.misc.Unsafe::objectFieldOffset has been called by org.openjdk.jmh.util.Utils (file:/home/test/Workspaces/JavaWorkspace/JavaStream_KeySkew/.deps/jmh-core-1.37.jar)
WARNING: Please consider reporting this to the maintainers of class org.openjdk.jmh.util.Utils
WARNING: sun.misc.Unsafe::objectFieldOffset will be removed in a future release
# Warmup Iteration   1: Input: n=100000, keys=1024, observedHotFraction=0.000980, poolParallelism=3, availableProcessors=4
2.493 ms/op
# Warmup Iteration   2: 2.164 ms/op
# Warmup Iteration   3: 2.129 ms/op
# Warmup Iteration   4: 2.109 ms/op
# Warmup Iteration   5: 2.127 ms/op
Iteration   1: 2.109 ms/op
                 gc.alloc.rate:      760.559 MB/sec
                 gc.alloc.rate.norm: 1682660.211 B/op
                 gc.count:           3.000 counts
                 gc.time:            9.000 ms

Iteration   2: 2.135 ms/op
                 gc.alloc.rate:      751.052 MB/sec
                 gc.alloc.rate.norm: 1681859.949 B/op
                 gc.count:           2.000 counts
                 gc.time:            1.000 ms

Iteration   3: 2.129 ms/op
                 gc.alloc.rate:      753.410 MB/sec
                 gc.alloc.rate.norm: 1682094.417 B/op
                 gc.count:           3.000 counts
                 gc.time:            2.000 ms

Iteration   4: 2.125 ms/op
                 gc.alloc.rate:      754.589 MB/sec
                 gc.alloc.rate.norm: 1682019.227 B/op
                 gc.count:           2.000 counts
                 gc.time:            2.000 ms

Iteration   5: 2.128 ms/op
                 gc.alloc.rate:      752.820 MB/sec
                 gc.alloc.rate.norm: 1681993.512 B/op
                 gc.count:           3.000 counts
                 gc.time:            2.000 ms


# Run progress: 0.93% complete, ETA 00:18:40
# Fork: 2 of 3
WARNING: A terminally deprecated method in sun.misc.Unsafe has been called
WARNING: sun.misc.Unsafe::objectFieldOffset has been called by org.openjdk.jmh.util.Utils (file:/home/test/Workspaces/JavaWorkspace/JavaStream_KeySkew/.deps/jmh-core-1.37.jar)
WARNING: Please consider reporting this to the maintainers of class org.openjdk.jmh.util.Utils
WARNING: sun.misc.Unsafe::objectFieldOffset will be removed in a future release
# Warmup Iteration   1: Input: n=100000, keys=1024, observedHotFraction=0.000980, poolParallelism=3, availableProcessors=4
2.438 ms/op
# Warmup Iteration   2: 2.202 ms/op
# Warmup Iteration   3: 2.191 ms/op
# Warmup Iteration   4: 2.191 ms/op
# Warmup Iteration   5: 2.342 ms/op
Iteration   1: 2.453 ms/op
                 gc.alloc.rate:      653.665 MB/sec
                 gc.alloc.rate.norm: 1681859.756 B/op
                 gc.count:           2.000 counts
                 gc.time:            6.000 ms

Iteration   2: 2.450 ms/op
                 gc.alloc.rate:      654.350 MB/sec
                 gc.alloc.rate.norm: 1681666.517 B/op
                 gc.count:           2.000 counts
                 gc.time:            4.000 ms

Iteration   3: 2.444 ms/op
                 gc.alloc.rate:      656.239 MB/sec
                 gc.alloc.rate.norm: 1681854.907 B/op
                 gc.count:           2.000 counts
                 gc.time:            1.000 ms

Iteration   4: 2.449 ms/op
                 gc.alloc.rate:      654.852 MB/sec
                 gc.alloc.rate.norm: 1681795.707 B/op
                 gc.count:           3.000 counts
                 gc.time:            3.000 ms

Iteration   5: 2.446 ms/op
                 gc.alloc.rate:      655.495 MB/sec
                 gc.alloc.rate.norm: 1681735.550 B/op
                 gc.count:           2.000 counts
                 gc.time:            1.000 ms


# Run progress: 1.85% complete, ETA 00:18:27
# Fork: 3 of 3
WARNING: A terminally deprecated method in sun.misc.Unsafe has been called
WARNING: sun.misc.Unsafe::objectFieldOffset has been called by org.openjdk.jmh.util.Utils (file:/home/test/Workspaces/JavaWorkspace/JavaStream_KeySkew/.deps/jmh-core-1.37.jar)
WARNING: Please consider reporting this to the maintainers of class org.openjdk.jmh.util.Utils
WARNING: sun.misc.Unsafe::objectFieldOffset will be removed in a future release
# Warmup Iteration   1: Input: n=100000, keys=1024, observedHotFraction=0.000980, poolParallelism=3, availableProcessors=4
2.770 ms/op
# Warmup Iteration   2: 2.368 ms/op
# Warmup Iteration   3: 2.379 ms/op
# Warmup Iteration   4: 2.385 ms/op
# Warmup Iteration   5: 2.367 ms/op
Iteration   1: 2.359 ms/op
                 gc.alloc.rate:      679.683 MB/sec
                 gc.alloc.rate.norm: 1682182.075 B/op
                 gc.count:           2.000 counts
                 gc.time:            5.000 ms

Iteration   2: 2.362 ms/op
                 gc.alloc.rate:      678.889 MB/sec
                 gc.alloc.rate.norm: 1681933.038 B/op
                 gc.count:           2.000 counts
                 gc.time:            6.000 ms

Iteration   3: 2.372 ms/op
                 gc.alloc.rate:      675.894 MB/sec
                 gc.alloc.rate.norm: 1681792.265 B/op
                 gc.count:           3.000 counts
                 gc.time:            2.000 ms

Iteration   4: 2.362 ms/op
                 gc.alloc.rate:      678.994 MB/sec
                 gc.alloc.rate.norm: 1681871.718 B/op
                 gc.count:           2.000 counts
                 gc.time:            2.000 ms

Iteration   5: 2.354 ms/op
                 gc.alloc.rate:      681.277 MB/sec
                 gc.alloc.rate.norm: 1681745.412 B/op
                 gc.count:           2.000 counts
                 gc.time:            2.000 ms



Result "research.skew.AggregationBenchmark.parallelConcurrent":
  2.312 ±(99.9%) 0.151 ms/op [Average]
  (min, avg, max) = (2.109, 2.312, 2.453), stdev = 0.141
  CI (99.9%): [2.161, 2.463] (assumes normal distribution)

Secondary result "research.skew.AggregationBenchmark.parallelConcurrent:gc.alloc.rate":
  696.118 ±(99.9%) 47.006 MB/sec [Average]
  (min, avg, max) = (653.665, 696.118, 760.559), stdev = 43.969
  CI (99.9%): [649.112, 743.124] (assumes normal distribution)

Secondary result "research.skew.AggregationBenchmark.parallelConcurrent:gc.alloc.rate.norm":
  1681937.617 ±(99.9%) 260.632 B/op [Average]
  (min, avg, max) = (1681666.517, 1681937.617, 1682660.211), stdev = 243.795
  CI (99.9%): [1681676.985, 1682198.249] (assumes normal distribution)

Secondary result "research.skew.AggregationBenchmark.parallelConcurrent:gc.count":
  35.000 ±(99.9%) 0.001 counts [Sum]
  (min, avg, max) = (2.000, 2.333, 3.000), stdev = 0.488
  CI (99.9%): [35.000, 35.000] (assumes normal distribution)

Secondary result "research.skew.AggregationBenchmark.parallelConcurrent:gc.time":
  48.000 ±(99.9%) 0.001 ms [Sum]
  (min, avg, max) = (1.000, 3.200, 9.000), stdev = 2.336
  CI (99.9%): [48.000, 48.000] (assumes normal distribution)


# JMH version: 1.37
# VM version: JDK 25.0.4.1, OpenJDK 64-Bit Server VM, 25.0.4.1+1-LTS
# VM invoker: /home/test/jdk/jdk-25.0.4.1+1/bin/java
# VM options: -Xms512m -Xmx512m -Djava.util.concurrent.ForkJoinPool.common.parallelism=3
# Blackhole mode: compiler (auto-detected, use -Djmh.blackhole.autoDetect=false to disable)
# Warmup: 5 iterations, 1 s each
# Measurement: 5 iterations, 1 s each
# Timeout: 10 min per iteration
# Threads: 1 thread, will synchronize iterations
# Benchmark mode: Average time, time/op
# Benchmark: research.skew.AggregationBenchmark.parallelConcurrent
# Parameters: (cardinality = 1024, distribution = hot50, seed = 20260929, size = 100000)

# Run progress: 2.78% complete, ETA 00:18:16
# Fork: 1 of 3
WARNING: A terminally deprecated method in sun.misc.Unsafe has been called
WARNING: sun.misc.Unsafe::objectFieldOffset has been called by org.openjdk.jmh.util.Utils (file:/home/test/Workspaces/JavaWorkspace/JavaStream_KeySkew/.deps/jmh-core-1.37.jar)
WARNING: Please consider reporting this to the maintainers of class org.openjdk.jmh.util.Utils
WARNING: sun.misc.Unsafe::objectFieldOffset will be removed in a future release
# Warmup Iteration   1: Input: n=100000, keys=1024, observedHotFraction=0.500000, poolParallelism=3, availableProcessors=4
8.034 ms/op
# Warmup Iteration   2: 8.149 ms/op
# Warmup Iteration   3: 8.147 ms/op
# Warmup Iteration   4: 8.167 ms/op
# Warmup Iteration   5: 8.213 ms/op
Iteration   1: 8.190 ms/op
                 gc.alloc.rate:      195.805 MB/sec
                 gc.alloc.rate.norm: 1682283.122 B/op
                 gc.count:           1.000 counts
                 gc.time:            3.000 ms

Iteration   2: 8.148 ms/op
                 gc.alloc.rate:      196.805 MB/sec
                 gc.alloc.rate.norm: 1681928.846 B/op
                 gc.count:           1.000 counts
                 gc.time:            3.000 ms

Iteration   3: 8.199 ms/op
                 gc.alloc.rate:      195.552 MB/sec
                 gc.alloc.rate.norm: 1681522.689 B/op
                 gc.count:           ≈ 0 counts

Iteration   4: 8.224 ms/op
                 gc.alloc.rate:      194.973 MB/sec
                 gc.alloc.rate.norm: 1681718.623 B/op
                 gc.count:           1.000 counts
                 gc.time:            2.000 ms

Iteration   5: 8.171 ms/op
                 gc.alloc.rate:      196.242 MB/sec
                 gc.alloc.rate.norm: 1681770.341 B/op
                 gc.count:           1.000 counts
                 gc.time:            3.000 ms


# Run progress: 3.70% complete, ETA 00:18:07
# Fork: 2 of 3
WARNING: A terminally deprecated method in sun.misc.Unsafe has been called
WARNING: sun.misc.Unsafe::objectFieldOffset has been called by org.openjdk.jmh.util.Utils (file:/home/test/Workspaces/JavaWorkspace/JavaStream_KeySkew/.deps/jmh-core-1.37.jar)
WARNING: Please consider reporting this to the maintainers of class org.openjdk.jmh.util.Utils
WARNING: sun.misc.Unsafe::objectFieldOffset will be removed in a future release
# Warmup Iteration   1: Input: n=100000, keys=1024, observedHotFraction=0.500000, poolParallelism=3, availableProcessors=4
8.176 ms/op
# Warmup Iteration   2: 8.054 ms/op
# Warmup Iteration   3: 8.046 ms/op
# Warmup Iteration   4: 8.204 ms/op
# Warmup Iteration   5: 8.209 ms/op
Iteration   1: 8.222 ms/op
                 gc.alloc.rate:      195.020 MB/sec
                 gc.alloc.rate.norm: 1681927.738 B/op
                 gc.count:           1.000 counts
                 gc.time:            3.000 ms

Iteration   2: 8.134 ms/op
                 gc.alloc.rate:      197.086 MB/sec
                 gc.alloc.rate.norm: 1681606.194 B/op
                 gc.count:           1.000 counts
                 gc.time:            3.000 ms

Iteration   3: 8.211 ms/op
                 gc.alloc.rate:      195.190 MB/sec
                 gc.alloc.rate.norm: 1681055.738 B/op
                 gc.count:           ≈ 0 counts

Iteration   4: 8.197 ms/op
                 gc.alloc.rate:      195.577 MB/sec
                 gc.alloc.rate.norm: 1681352.780 B/op
                 gc.count:           1.000 counts
                 gc.time:            2.000 ms

Iteration   5: 8.094 ms/op
                 gc.alloc.rate:      198.101 MB/sec
                 gc.alloc.rate.norm: 1681946.452 B/op
                 gc.count:           1.000 counts
                 gc.time:            3.000 ms


# Run progress: 4.63% complete, ETA 00:17:57
# Fork: 3 of 3
WARNING: A terminally deprecated method in sun.misc.Unsafe has been called
WARNING: sun.misc.Unsafe::objectFieldOffset has been called by org.openjdk.jmh.util.Utils (file:/home/test/Workspaces/JavaWorkspace/JavaStream_KeySkew/.deps/jmh-core-1.37.jar)
WARNING: Please consider reporting this to the maintainers of class org.openjdk.jmh.util.Utils
WARNING: sun.misc.Unsafe::objectFieldOffset will be removed in a future release
# Warmup Iteration   1: Input: n=100000, keys=1024, observedHotFraction=0.500000, poolParallelism=3, availableProcessors=4
8.127 ms/op
# Warmup Iteration   2: 8.040 ms/op
# Warmup Iteration   3: 8.135 ms/op
# Warmup Iteration   4: 8.222 ms/op
# Warmup Iteration   5: 8.232 ms/op
Iteration   1: 8.291 ms/op
                 gc.alloc.rate:      193.461 MB/sec
                 gc.alloc.rate.norm: 1682340.959 B/op
                 gc.count:           1.000 counts
                 gc.time:            4.000 ms

Iteration   2: 8.240 ms/op
                 gc.alloc.rate:      194.534 MB/sec
                 gc.alloc.rate.norm: 1681561.377 B/op
                 gc.count:           1.000 counts
                 gc.time:            3.000 ms

Iteration   3: 8.180 ms/op
                 gc.alloc.rate:      196.004 MB/sec
                 gc.alloc.rate.norm: 1681546.732 B/op
                 gc.count:           ≈ 0 counts

Iteration   4: 8.214 ms/op
                 gc.alloc.rate:      195.183 MB/sec
                 gc.alloc.rate.norm: 1681462.361 B/op
                 gc.count:           1.000 counts
                 gc.time:            3.000 ms

Iteration   5: 8.232 ms/op
                 gc.alloc.rate:      194.681 MB/sec
                 gc.alloc.rate.norm: 1681507.934 B/op
                 gc.count:           1.000 counts
                 gc.time:            2.000 ms



Result "research.skew.AggregationBenchmark.parallelConcurrent":
  8.197 ±(99.9%) 0.051 ms/op [Average]
  (min, avg, max) = (8.094, 8.197, 8.291), stdev = 0.048
  CI (99.9%): [8.146, 8.247] (assumes normal distribution)

Secondary result "research.skew.AggregationBenchmark.parallelConcurrent:gc.alloc.rate":
  195.614 ±(99.9%) 1.218 MB/sec [Average]
  (min, avg, max) = (193.461, 195.614, 198.101), stdev = 1.139
  CI (99.9%): [194.397, 196.832] (assumes normal distribution)

Secondary result "research.skew.AggregationBenchmark.parallelConcurrent:gc.alloc.rate.norm":
  1681702.126 ±(99.9%) 365.117 B/op [Average]
  (min, avg, max) = (1681055.738, 1681702.126, 1682340.959), stdev = 341.530
  CI (99.9%): [1681337.009, 1682067.242] (assumes normal distribution)

Secondary result "research.skew.AggregationBenchmark.parallelConcurrent:gc.count":
  12.000 ±(99.9%) 0.001 counts [Sum]
  (min, avg, max) = (≈ 0, 0.800, 1.000), stdev = 0.414
  CI (99.9%): [12.000, 12.000] (assumes normal distribution)

Secondary result "research.skew.AggregationBenchmark.parallelConcurrent:gc.time":
  34.000 ±(99.9%) 0.001 ms [Sum]
  (min, avg, max) = (≈ 0, 2.267, 4.000), stdev = 1.280
  CI (99.9%): [34.000, 34.000] (assumes normal distribution)


# JMH version: 1.37
# VM version: JDK 25.0.4.1, OpenJDK 64-Bit Server VM, 25.0.4.1+1-LTS
# VM invoker: /home/test/jdk/jdk-25.0.4.1+1/bin/java
# VM options: -Xms512m -Xmx512m -Djava.util.concurrent.ForkJoinPool.common.parallelism=3
# Blackhole mode: compiler (auto-detected, use -Djmh.blackhole.autoDetect=false to disable)
# Warmup: 5 iterations, 1 s each
# Measurement: 5 iterations, 1 s each
# Timeout: 10 min per iteration
# Threads: 1 thread, will synchronize iterations
# Benchmark mode: Average time, time/op
# Benchmark: research.skew.AggregationBenchmark.parallelConcurrent
# Parameters: (cardinality = 1024, distribution = hot90, seed = 20260929, size = 100000)

# Run progress: 5.56% complete, ETA 00:17:47
# Fork: 1 of 3
WARNING: A terminally deprecated method in sun.misc.Unsafe has been called
WARNING: sun.misc.Unsafe::objectFieldOffset has been called by org.openjdk.jmh.util.Utils (file:/home/test/Workspaces/JavaWorkspace/JavaStream_KeySkew/.deps/jmh-core-1.37.jar)
WARNING: Please consider reporting this to the maintainers of class org.openjdk.jmh.util.Utils
WARNING: sun.misc.Unsafe::objectFieldOffset will be removed in a future release
# Warmup Iteration   1: Input: n=100000, keys=1024, observedHotFraction=0.900000, poolParallelism=3, availableProcessors=4
11.165 ms/op
# Warmup Iteration   2: 11.560 ms/op
# Warmup Iteration   3: 11.552 ms/op
# Warmup Iteration   4: 11.088 ms/op
# Warmup Iteration   5: 11.492 ms/op
Iteration   1: 12.240 ms/op
                 gc.alloc.rate:      131.476 MB/sec
                 gc.alloc.rate.norm: 1687848.578 B/op
                 gc.count:           1.000 counts
                 gc.time:            3.000 ms

Iteration   2: 11.920 ms/op
                 gc.alloc.rate:      134.949 MB/sec
                 gc.alloc.rate.norm: 1687272.952 B/op
                 gc.count:           ≈ 0 counts

Iteration   3: 11.937 ms/op
                 gc.alloc.rate:      134.894 MB/sec
                 gc.alloc.rate.norm: 1688934.286 B/op
                 gc.count:           1.000 counts
                 gc.time:            3.000 ms

Iteration   4: 11.894 ms/op
                 gc.alloc.rate:      135.352 MB/sec
                 gc.alloc.rate.norm: 1688489.976 B/op
                 gc.count:           ≈ 0 counts

Iteration   5: 10.216 ms/op
                 gc.alloc.rate:      157.781 MB/sec
                 gc.alloc.rate.norm: 1690650.286 B/op
                 gc.count:           1.000 counts
                 gc.time:            3.000 ms


# Run progress: 6.48% complete, ETA 00:17:37
# Fork: 2 of 3
WARNING: A terminally deprecated method in sun.misc.Unsafe has been called
WARNING: sun.misc.Unsafe::objectFieldOffset has been called by org.openjdk.jmh.util.Utils (file:/home/test/Workspaces/JavaWorkspace/JavaStream_KeySkew/.deps/jmh-core-1.37.jar)
WARNING: Please consider reporting this to the maintainers of class org.openjdk.jmh.util.Utils
WARNING: sun.misc.Unsafe::objectFieldOffset will be removed in a future release
# Warmup Iteration   1: Input: n=100000, keys=1024, observedHotFraction=0.900000, poolParallelism=3, availableProcessors=4
11.782 ms/op
# Warmup Iteration   2: 11.140 ms/op
# Warmup Iteration   3: 11.857 ms/op
# Warmup Iteration   4: 12.150 ms/op
# Warmup Iteration   5: 11.307 ms/op
Iteration   1: 11.581 ms/op
                 gc.alloc.rate:      139.101 MB/sec
                 gc.alloc.rate.norm: 1689895.356 B/op
                 gc.count:           1.000 counts
                 gc.time:            4.000 ms

Iteration   2: 12.021 ms/op
                 gc.alloc.rate:      133.825 MB/sec
                 gc.alloc.rate.norm: 1687483.333 B/op
                 gc.count:           ≈ 0 counts

Iteration   3: 11.983 ms/op
                 gc.alloc.rate:      134.368 MB/sec
                 gc.alloc.rate.norm: 1688744.381 B/op
                 gc.count:           1.000 counts
                 gc.time:            2.000 ms

Iteration   4: 12.006 ms/op
                 gc.alloc.rate:      134.052 MB/sec
                 gc.alloc.rate.norm: 1688198.000 B/op
                 gc.count:           ≈ 0 counts

Iteration   5: 12.282 ms/op
                 gc.alloc.rate:      130.959 MB/sec
                 gc.alloc.rate.norm: 1687017.659 B/op
                 gc.count:           1.000 counts
                 gc.time:            3.000 ms


# Run progress: 7.41% complete, ETA 00:17:27
# Fork: 3 of 3
WARNING: A terminally deprecated method in sun.misc.Unsafe has been called
WARNING: sun.misc.Unsafe::objectFieldOffset has been called by org.openjdk.jmh.util.Utils (file:/home/test/Workspaces/JavaWorkspace/JavaStream_KeySkew/.deps/jmh-core-1.37.jar)
WARNING: Please consider reporting this to the maintainers of class org.openjdk.jmh.util.Utils
WARNING: sun.misc.Unsafe::objectFieldOffset will be removed in a future release
# Warmup Iteration   1: Input: n=100000, keys=1024, observedHotFraction=0.900000, poolParallelism=3, availableProcessors=4
11.103 ms/op
# Warmup Iteration   2: 10.935 ms/op
# Warmup Iteration   3: 11.849 ms/op
# Warmup Iteration   4: 11.799 ms/op
# Warmup Iteration   5: 11.246 ms/op
Iteration   1: 12.014 ms/op
                 gc.alloc.rate:      133.980 MB/sec
                 gc.alloc.rate.norm: 1688317.619 B/op
                 gc.count:           1.000 counts
                 gc.time:            3.000 ms

Iteration   2: 11.585 ms/op
                 gc.alloc.rate:      138.921 MB/sec
                 gc.alloc.rate.norm: 1688008.000 B/op
                 gc.count:           ≈ 0 counts

Iteration   3: 11.663 ms/op
                 gc.alloc.rate:      137.963 MB/sec
                 gc.alloc.rate.norm: 1687489.302 B/op
                 gc.count:           1.000 counts
                 gc.time:            2.000 ms

Iteration   4: 11.561 ms/op
                 gc.alloc.rate:      139.171 MB/sec
                 gc.alloc.rate.norm: 1687677.333 B/op
                 gc.count:           ≈ 0 counts

Iteration   5: 11.773 ms/op
                 gc.alloc.rate:      136.562 MB/sec
                 gc.alloc.rate.norm: 1686307.163 B/op
                 gc.count:           1.000 counts
                 gc.time:            3.000 ms



Result "research.skew.AggregationBenchmark.parallelConcurrent":
  11.778 ±(99.9%) 0.520 ms/op [Average]
  (min, avg, max) = (10.216, 11.778, 12.282), stdev = 0.486
  CI (99.9%): [11.259, 12.298] (assumes normal distribution)

Secondary result "research.skew.AggregationBenchmark.parallelConcurrent:gc.alloc.rate":
  136.890 ±(99.9%) 6.754 MB/sec [Average]
  (min, avg, max) = (130.959, 136.890, 157.781), stdev = 6.318
  CI (99.9%): [130.136, 143.644] (assumes normal distribution)

Secondary result "research.skew.AggregationBenchmark.parallelConcurrent:gc.alloc.rate.norm":
  1688155.615 ±(99.9%) 1180.625 B/op [Average]
  (min, avg, max) = (1686307.163, 1688155.615, 1690650.286), stdev = 1104.357
  CI (99.9%): [1686974.990, 1689336.240] (assumes normal distribution)

Secondary result "research.skew.AggregationBenchmark.parallelConcurrent:gc.count":
  9.000 ±(99.9%) 0.001 counts [Sum]
  (min, avg, max) = (≈ 0, 0.600, 1.000), stdev = 0.507
  CI (99.9%): [9.000, 9.000] (assumes normal distribution)

Secondary result "research.skew.AggregationBenchmark.parallelConcurrent:gc.time":
  26.000 ±(99.9%) 0.001 ms [Sum]
  (min, avg, max) = (≈ 0, 1.733, 4.000), stdev = 1.534
  CI (99.9%): [26.000, 26.000] (assumes normal distribution)


# JMH version: 1.37
# VM version: JDK 25.0.4.1, OpenJDK 64-Bit Server VM, 25.0.4.1+1-LTS
# VM invoker: /home/test/jdk/jdk-25.0.4.1+1/bin/java
# VM options: -Xms512m -Xmx512m -Djava.util.concurrent.ForkJoinPool.common.parallelism=3
# Blackhole mode: compiler (auto-detected, use -Djmh.blackhole.autoDetect=false to disable)
# Warmup: 5 iterations, 1 s each
# Measurement: 5 iterations, 1 s each
# Timeout: 10 min per iteration
# Threads: 1 thread, will synchronize iterations
# Benchmark mode: Average time, time/op
# Benchmark: research.skew.AggregationBenchmark.parallelConcurrent
# Parameters: (cardinality = 2048, distribution = uniform, seed = 20260929, size = 100000)

# Run progress: 8.33% complete, ETA 00:17:17
# Fork: 1 of 3
WARNING: A terminally deprecated method in sun.misc.Unsafe has been called
WARNING: sun.misc.Unsafe::objectFieldOffset has been called by org.openjdk.jmh.util.Utils (file:/home/test/Workspaces/JavaWorkspace/JavaStream_KeySkew/.deps/jmh-core-1.37.jar)
WARNING: Please consider reporting this to the maintainers of class org.openjdk.jmh.util.Utils
WARNING: sun.misc.Unsafe::objectFieldOffset will be removed in a future release
# Warmup Iteration   1: Input: n=100000, keys=2048, observedHotFraction=0.000490, poolParallelism=3, availableProcessors=4
2.932 ms/op
# Warmup Iteration   2: 2.451 ms/op
# Warmup Iteration   3: 2.425 ms/op
# Warmup Iteration   4: 2.424 ms/op
# Warmup Iteration   5: 2.408 ms/op
Iteration   1: 2.418 ms/op
                 gc.alloc.rate:      693.993 MB/sec
                 gc.alloc.rate.norm: 1759767.498 B/op
                 gc.count:           2.000 counts
                 gc.time:            5.000 ms

Iteration   2: 2.411 ms/op
                 gc.alloc.rate:      695.889 MB/sec
                 gc.alloc.rate.norm: 1760003.300 B/op
                 gc.count:           3.000 counts
                 gc.time:            9.000 ms

Iteration   3: 2.386 ms/op
                 gc.alloc.rate:      703.028 MB/sec
                 gc.alloc.rate.norm: 1759759.733 B/op
                 gc.count:           2.000 counts
                 gc.time:            2.000 ms

Iteration   4: 2.392 ms/op
                 gc.alloc.rate:      701.406 MB/sec
                 gc.alloc.rate.norm: 1759847.600 B/op
                 gc.count:           2.000 counts
                 gc.time:            1.000 ms

Iteration   5: 2.392 ms/op
                 gc.alloc.rate:      701.488 MB/sec
                 gc.alloc.rate.norm: 1759835.467 B/op
                 gc.count:           3.000 counts
                 gc.time:            3.000 ms


# Run progress: 9.26% complete, ETA 00:17:06
# Fork: 2 of 3
WARNING: A terminally deprecated method in sun.misc.Unsafe has been called
WARNING: sun.misc.Unsafe::objectFieldOffset has been called by org.openjdk.jmh.util.Utils (file:/home/test/Workspaces/JavaWorkspace/JavaStream_KeySkew/.deps/jmh-core-1.37.jar)
WARNING: Please consider reporting this to the maintainers of class org.openjdk.jmh.util.Utils
WARNING: sun.misc.Unsafe::objectFieldOffset will be removed in a future release
# Warmup Iteration   1: Input: n=100000, keys=2048, observedHotFraction=0.000490, poolParallelism=3, availableProcessors=4
2.897 ms/op
# Warmup Iteration   2: 2.464 ms/op
# Warmup Iteration   3: 2.417 ms/op
# Warmup Iteration   4: 2.419 ms/op
# Warmup Iteration   5: 2.401 ms/op
Iteration   1: 2.407 ms/op
                 gc.alloc.rate:      697.196 MB/sec
                 gc.alloc.rate.norm: 1759682.327 B/op
                 gc.count:           3.000 counts
                 gc.time:            8.000 ms

Iteration   2: 2.391 ms/op
                 gc.alloc.rate:      701.551 MB/sec
                 gc.alloc.rate.norm: 1759644.907 B/op
                 gc.count:           2.000 counts
                 gc.time:            4.000 ms

Iteration   3: 2.365 ms/op
                 gc.alloc.rate:      709.534 MB/sec
                 gc.alloc.rate.norm: 1759700.047 B/op
                 gc.count:           2.000 counts
                 gc.time:            2.000 ms

Iteration   4: 2.357 ms/op
                 gc.alloc.rate:      711.766 MB/sec
                 gc.alloc.rate.norm: 1759848.638 B/op
                 gc.count:           3.000 counts
                 gc.time:            2.000 ms

Iteration   5: 2.359 ms/op
                 gc.alloc.rate:      711.305 MB/sec
                 gc.alloc.rate.norm: 1759666.993 B/op
                 gc.count:           2.000 counts
                 gc.time:            2.000 ms


# Run progress: 10.19% complete, ETA 00:16:55
# Fork: 3 of 3
WARNING: A terminally deprecated method in sun.misc.Unsafe has been called
WARNING: sun.misc.Unsafe::objectFieldOffset has been called by org.openjdk.jmh.util.Utils (file:/home/test/Workspaces/JavaWorkspace/JavaStream_KeySkew/.deps/jmh-core-1.37.jar)
WARNING: Please consider reporting this to the maintainers of class org.openjdk.jmh.util.Utils
WARNING: sun.misc.Unsafe::objectFieldOffset will be removed in a future release
# Warmup Iteration   1: Input: n=100000, keys=2048, observedHotFraction=0.000490, poolParallelism=3, availableProcessors=4
2.797 ms/op
# Warmup Iteration   2: 2.386 ms/op
# Warmup Iteration   3: 2.360 ms/op
# Warmup Iteration   4: 2.354 ms/op
# Warmup Iteration   5: 2.346 ms/op
Iteration   1: 2.344 ms/op
                 gc.alloc.rate:      715.706 MB/sec
                 gc.alloc.rate.norm: 1759785.799 B/op
                 gc.count:           3.000 counts
                 gc.time:            8.000 ms

Iteration   2: 2.317 ms/op
                 gc.alloc.rate:      724.076 MB/sec
                 gc.alloc.rate.norm: 1759906.439 B/op
                 gc.count:           2.000 counts
                 gc.time:            5.000 ms

Iteration   3: 2.318 ms/op
                 gc.alloc.rate:      723.939 MB/sec
                 gc.alloc.rate.norm: 1759750.259 B/op
                 gc.count:           3.000 counts
                 gc.time:            2.000 ms

Iteration   4: 2.312 ms/op
                 gc.alloc.rate:      725.607 MB/sec
                 gc.alloc.rate.norm: 1759807.298 B/op
                 gc.count:           2.000 counts
                 gc.time:            2.000 ms

Iteration   5: 2.311 ms/op
                 gc.alloc.rate:      725.864 MB/sec
                 gc.alloc.rate.norm: 1759715.584 B/op
                 gc.count:           2.000 counts
                 gc.time:            1.000 ms



Result "research.skew.AggregationBenchmark.parallelConcurrent":
  2.365 ±(99.9%) 0.040 ms/op [Average]
  (min, avg, max) = (2.311, 2.365, 2.418), stdev = 0.038
  CI (99.9%): [2.325, 2.406] (assumes normal distribution)

Secondary result "research.skew.AggregationBenchmark.parallelConcurrent:gc.alloc.rate":
  709.490 ±(99.9%) 12.145 MB/sec [Average]
  (min, avg, max) = (693.993, 709.490, 725.864), stdev = 11.361
  CI (99.9%): [697.344, 721.635] (assumes normal distribution)

Secondary result "research.skew.AggregationBenchmark.parallelConcurrent:gc.alloc.rate.norm":
  1759781.459 ±(99.9%) 103.613 B/op [Average]
  (min, avg, max) = (1759644.907, 1759781.459, 1760003.300), stdev = 96.920
  CI (99.9%): [1759677.846, 1759885.072] (assumes normal distribution)

Secondary result "research.skew.AggregationBenchmark.parallelConcurrent:gc.count":
  36.000 ±(99.9%) 0.001 counts [Sum]
  (min, avg, max) = (2.000, 2.400, 3.000), stdev = 0.507
  CI (99.9%): [36.000, 36.000] (assumes normal distribution)

Secondary result "research.skew.AggregationBenchmark.parallelConcurrent:gc.time":
  56.000 ±(99.9%) 0.001 ms [Sum]
  (min, avg, max) = (1.000, 3.733, 9.000), stdev = 2.685
  CI (99.9%): [56.000, 56.000] (assumes normal distribution)


# JMH version: 1.37
# VM version: JDK 25.0.4.1, OpenJDK 64-Bit Server VM, 25.0.4.1+1-LTS
# VM invoker: /home/test/jdk/jdk-25.0.4.1+1/bin/java
# VM options: -Xms512m -Xmx512m -Djava.util.concurrent.ForkJoinPool.common.parallelism=3
# Blackhole mode: compiler (auto-detected, use -Djmh.blackhole.autoDetect=false to disable)
# Warmup: 5 iterations, 1 s each
# Measurement: 5 iterations, 1 s each
# Timeout: 10 min per iteration
# Threads: 1 thread, will synchronize iterations
# Benchmark mode: Average time, time/op
# Benchmark: research.skew.AggregationBenchmark.parallelConcurrent
# Parameters: (cardinality = 2048, distribution = hot50, seed = 20260929, size = 100000)

# Run progress: 11.11% complete, ETA 00:16:45
# Fork: 1 of 3
WARNING: A terminally deprecated method in sun.misc.Unsafe has been called
WARNING: sun.misc.Unsafe::objectFieldOffset has been called by org.openjdk.jmh.util.Utils (file:/home/test/Workspaces/JavaWorkspace/JavaStream_KeySkew/.deps/jmh-core-1.37.jar)
WARNING: Please consider reporting this to the maintainers of class org.openjdk.jmh.util.Utils
WARNING: sun.misc.Unsafe::objectFieldOffset will be removed in a future release
# Warmup Iteration   1: Input: n=100000, keys=2048, observedHotFraction=0.500000, poolParallelism=3, availableProcessors=4
8.314 ms/op
# Warmup Iteration   2: 8.074 ms/op
# Warmup Iteration   3: 8.132 ms/op
# Warmup Iteration   4: 8.222 ms/op
# Warmup Iteration   5: 8.186 ms/op
Iteration   1: 8.237 ms/op
                 gc.alloc.rate:      203.748 MB/sec
                 gc.alloc.rate.norm: 1760212.525 B/op
                 gc.count:           1.000 counts
                 gc.time:            4.000 ms

Iteration   2: 8.236 ms/op
                 gc.alloc.rate:      203.701 MB/sec
                 gc.alloc.rate.norm: 1759505.377 B/op
                 gc.count:           1.000 counts
                 gc.time:            3.000 ms

Iteration   3: 8.185 ms/op
                 gc.alloc.rate:      204.970 MB/sec
                 gc.alloc.rate.norm: 1759470.504 B/op
                 gc.count:           1.000 counts
                 gc.time:            3.000 ms

Iteration   4: 8.177 ms/op
                 gc.alloc.rate:      205.117 MB/sec
                 gc.alloc.rate.norm: 1759306.341 B/op
                 gc.count:           ≈ 0 counts

Iteration   5: 8.228 ms/op
                 gc.alloc.rate:      203.892 MB/sec
                 gc.alloc.rate.norm: 1759627.475 B/op
                 gc.count:           1.000 counts
                 gc.time:            3.000 ms


# Run progress: 12.04% complete, ETA 00:16:35
# Fork: 2 of 3
WARNING: A terminally deprecated method in sun.misc.Unsafe has been called
WARNING: sun.misc.Unsafe::objectFieldOffset has been called by org.openjdk.jmh.util.Utils (file:/home/test/Workspaces/JavaWorkspace/JavaStream_KeySkew/.deps/jmh-core-1.37.jar)
WARNING: Please consider reporting this to the maintainers of class org.openjdk.jmh.util.Utils
WARNING: sun.misc.Unsafe::objectFieldOffset will be removed in a future release
# Warmup Iteration   1: Input: n=100000, keys=2048, observedHotFraction=0.500000, poolParallelism=3, availableProcessors=4
8.138 ms/op
# Warmup Iteration   2: 8.205 ms/op
# Warmup Iteration   3: 8.117 ms/op
# Warmup Iteration   4: 8.102 ms/op
# Warmup Iteration   5: 8.044 ms/op
Iteration   1: 8.257 ms/op
                 gc.alloc.rate:      203.136 MB/sec
                 gc.alloc.rate.norm: 1759287.934 B/op
                 gc.count:           ≈ 0 counts

Iteration   2: 8.222 ms/op
                 gc.alloc.rate:      203.988 MB/sec
                 gc.alloc.rate.norm: 1759753.115 B/op
                 gc.count:           1.000 counts
                 gc.time:            3.000 ms

Iteration   3: 8.255 ms/op
                 gc.alloc.rate:      203.248 MB/sec
                 gc.alloc.rate.norm: 1759654.820 B/op
                 gc.count:           1.000 counts
                 gc.time:            3.000 ms

Iteration   4: 8.231 ms/op
                 gc.alloc.rate:      203.849 MB/sec
                 gc.alloc.rate.norm: 1759810.754 B/op
                 gc.count:           ≈ 0 counts

Iteration   5: 8.238 ms/op
                 gc.alloc.rate:      203.601 MB/sec
                 gc.alloc.rate.norm: 1759284.459 B/op
                 gc.count:           1.000 counts
                 gc.time:            3.000 ms


# Run progress: 12.96% complete, ETA 00:16:24
# Fork: 3 of 3
WARNING: A terminally deprecated method in sun.misc.Unsafe has been called
WARNING: sun.misc.Unsafe::objectFieldOffset has been called by org.openjdk.jmh.util.Utils (file:/home/test/Workspaces/JavaWorkspace/JavaStream_KeySkew/.deps/jmh-core-1.37.jar)
WARNING: Please consider reporting this to the maintainers of class org.openjdk.jmh.util.Utils
WARNING: sun.misc.Unsafe::objectFieldOffset will be removed in a future release
# Warmup Iteration   1: Input: n=100000, keys=2048, observedHotFraction=0.500000, poolParallelism=3, availableProcessors=4
8.181 ms/op
# Warmup Iteration   2: 8.182 ms/op
# Warmup Iteration   3: 8.137 ms/op
# Warmup Iteration   4: 8.250 ms/op
# Warmup Iteration   5: 8.170 ms/op
Iteration   1: 8.213 ms/op
                 gc.alloc.rate:      204.257 MB/sec
                 gc.alloc.rate.norm: 1759507.213 B/op
                 gc.count:           1.000 counts
                 gc.time:            2.000 ms

Iteration   2: 8.246 ms/op
                 gc.alloc.rate:      203.451 MB/sec
                 gc.alloc.rate.norm: 1759461.639 B/op
                 gc.count:           1.000 counts
                 gc.time:            3.000 ms

Iteration   3: 8.253 ms/op
                 gc.alloc.rate:      203.250 MB/sec
                 gc.alloc.rate.norm: 1759257.246 B/op
                 gc.count:           1.000 counts
                 gc.time:            3.000 ms

Iteration   4: 8.206 ms/op
                 gc.alloc.rate:      204.466 MB/sec
                 gc.alloc.rate.norm: 1759819.707 B/op
                 gc.count:           ≈ 0 counts

Iteration   5: 8.213 ms/op
                 gc.alloc.rate:      204.220 MB/sec
                 gc.alloc.rate.norm: 1759420.590 B/op
                 gc.count:           1.000 counts
                 gc.time:            3.000 ms



Result "research.skew.AggregationBenchmark.parallelConcurrent":
  8.226 ±(99.9%) 0.026 ms/op [Average]
  (min, avg, max) = (8.177, 8.226, 8.257), stdev = 0.024
  CI (99.9%): [8.201, 8.252] (assumes normal distribution)

Secondary result "research.skew.AggregationBenchmark.parallelConcurrent:gc.alloc.rate":
  203.926 ±(99.9%) 0.636 MB/sec [Average]
  (min, avg, max) = (203.136, 203.926, 205.117), stdev = 0.595
  CI (99.9%): [203.290, 204.563] (assumes normal distribution)

Secondary result "research.skew.AggregationBenchmark.parallelConcurrent:gc.alloc.rate.norm":
  1759558.647 ±(99.9%) 279.327 B/op [Average]
  (min, avg, max) = (1759257.246, 1759558.647, 1760212.525), stdev = 261.282
  CI (99.9%): [1759279.320, 1759837.973] (assumes normal distribution)

Secondary result "research.skew.AggregationBenchmark.parallelConcurrent:gc.count":
  11.000 ±(99.9%) 0.001 counts [Sum]
  (min, avg, max) = (≈ 0, 0.733, 1.000), stdev = 0.458
  CI (99.9%): [11.000, 11.000] (assumes normal distribution)

Secondary result "research.skew.AggregationBenchmark.parallelConcurrent:gc.time":
  33.000 ±(99.9%) 0.001 ms [Sum]
  (min, avg, max) = (≈ 0, 2.200, 4.000), stdev = 1.424
  CI (99.9%): [33.000, 33.000] (assumes normal distribution)


# JMH version: 1.37
# VM version: JDK 25.0.4.1, OpenJDK 64-Bit Server VM, 25.0.4.1+1-LTS
# VM invoker: /home/test/jdk/jdk-25.0.4.1+1/bin/java
# VM options: -Xms512m -Xmx512m -Djava.util.concurrent.ForkJoinPool.common.parallelism=3
# Blackhole mode: compiler (auto-detected, use -Djmh.blackhole.autoDetect=false to disable)
# Warmup: 5 iterations, 1 s each
# Measurement: 5 iterations, 1 s each
# Timeout: 10 min per iteration
# Threads: 1 thread, will synchronize iterations
# Benchmark mode: Average time, time/op
# Benchmark: research.skew.AggregationBenchmark.parallelConcurrent
# Parameters: (cardinality = 2048, distribution = hot90, seed = 20260929, size = 100000)

# Run progress: 13.89% complete, ETA 00:16:14
# Fork: 1 of 3
WARNING: A terminally deprecated method in sun.misc.Unsafe has been called
WARNING: sun.misc.Unsafe::objectFieldOffset has been called by org.openjdk.jmh.util.Utils (file:/home/test/Workspaces/JavaWorkspace/JavaStream_KeySkew/.deps/jmh-core-1.37.jar)
WARNING: Please consider reporting this to the maintainers of class org.openjdk.jmh.util.Utils
WARNING: sun.misc.Unsafe::objectFieldOffset will be removed in a future release
# Warmup Iteration   1: Input: n=100000, keys=2048, observedHotFraction=0.900000, poolParallelism=3, availableProcessors=4
13.239 ms/op
# Warmup Iteration   2: 12.801 ms/op
# Warmup Iteration   3: 12.648 ms/op
# Warmup Iteration   4: 12.640 ms/op
# Warmup Iteration   5: 12.156 ms/op
Iteration   1: 13.046 ms/op
                 gc.alloc.rate:      128.788 MB/sec
                 gc.alloc.rate.norm: 1762387.532 B/op
                 gc.count:           1.000 counts
                 gc.time:            3.000 ms

Iteration   2: 13.051 ms/op
                 gc.alloc.rate:      128.825 MB/sec
                 gc.alloc.rate.norm: 1763432.104 B/op
                 gc.count:           ≈ 0 counts

Iteration   3: 12.765 ms/op
                 gc.alloc.rate:      131.625 MB/sec
                 gc.alloc.rate.norm: 1762291.139 B/op
                 gc.count:           1.000 counts
                 gc.time:            2.000 ms

Iteration   4: 12.917 ms/op
                 gc.alloc.rate:      130.049 MB/sec
                 gc.alloc.rate.norm: 1761920.308 B/op
                 gc.count:           ≈ 0 counts

Iteration   5: 12.820 ms/op
                 gc.alloc.rate:      130.977 MB/sec
                 gc.alloc.rate.norm: 1761249.418 B/op
                 gc.count:           ≈ 0 counts


# Run progress: 14.81% complete, ETA 00:16:03
# Fork: 2 of 3
WARNING: A terminally deprecated method in sun.misc.Unsafe has been called
WARNING: sun.misc.Unsafe::objectFieldOffset has been called by org.openjdk.jmh.util.Utils (file:/home/test/Workspaces/JavaWorkspace/JavaStream_KeySkew/.deps/jmh-core-1.37.jar)
WARNING: Please consider reporting this to the maintainers of class org.openjdk.jmh.util.Utils
WARNING: sun.misc.Unsafe::objectFieldOffset will be removed in a future release
# Warmup Iteration   1: Input: n=100000, keys=2048, observedHotFraction=0.900000, poolParallelism=3, availableProcessors=4
12.132 ms/op
# Warmup Iteration   2: 12.670 ms/op
# Warmup Iteration   3: 12.988 ms/op
# Warmup Iteration   4: 12.895 ms/op
# Warmup Iteration   5: 12.532 ms/op
Iteration   1: 12.686 ms/op
                 gc.alloc.rate:      132.356 MB/sec
                 gc.alloc.rate.norm: 1761064.500 B/op
                 gc.count:           1.000 counts
                 gc.time:            3.000 ms

Iteration   2: 12.744 ms/op
                 gc.alloc.rate:      131.791 MB/sec
                 gc.alloc.rate.norm: 1761943.899 B/op
                 gc.count:           ≈ 0 counts

Iteration   3: 12.801 ms/op
                 gc.alloc.rate:      131.219 MB/sec
                 gc.alloc.rate.norm: 1761906.329 B/op
                 gc.count:           1.000 counts
                 gc.time:            3.000 ms

Iteration   4: 12.788 ms/op
                 gc.alloc.rate:      131.472 MB/sec
                 gc.alloc.rate.norm: 1763331.443 B/op
                 gc.count:           ≈ 0 counts

Iteration   5: 12.288 ms/op
                 gc.alloc.rate:      136.667 MB/sec
                 gc.alloc.rate.norm: 1762684.098 B/op
                 gc.count:           1.000 counts
                 gc.time:            2.000 ms


# Run progress: 15.74% complete, ETA 00:15:53
# Fork: 3 of 3
WARNING: A terminally deprecated method in sun.misc.Unsafe has been called
WARNING: sun.misc.Unsafe::objectFieldOffset has been called by org.openjdk.jmh.util.Utils (file:/home/test/Workspaces/JavaWorkspace/JavaStream_KeySkew/.deps/jmh-core-1.37.jar)
WARNING: Please consider reporting this to the maintainers of class org.openjdk.jmh.util.Utils
WARNING: sun.misc.Unsafe::objectFieldOffset will be removed in a future release
# Warmup Iteration   1: Input: n=100000, keys=2048, observedHotFraction=0.900000, poolParallelism=3, availableProcessors=4
11.959 ms/op
# Warmup Iteration   2: 12.358 ms/op
# Warmup Iteration   3: 12.599 ms/op
# Warmup Iteration   4: 12.827 ms/op
# Warmup Iteration   5: 12.411 ms/op
Iteration   1: 12.777 ms/op
                 gc.alloc.rate:      131.535 MB/sec
                 gc.alloc.rate.norm: 1762619.139 B/op
                 gc.count:           1.000 counts
                 gc.time:            3.000 ms

Iteration   2: 13.250 ms/op
                 gc.alloc.rate:      126.764 MB/sec
                 gc.alloc.rate.norm: 1761892.421 B/op
                 gc.count:           ≈ 0 counts

Iteration   3: 12.616 ms/op
                 gc.alloc.rate:      133.281 MB/sec
                 gc.alloc.rate.norm: 1763555.700 B/op
                 gc.count:           1.000 counts
                 gc.time:            2.000 ms

Iteration   4: 12.938 ms/op
                 gc.alloc.rate:      129.788 MB/sec
                 gc.alloc.rate.norm: 1761328.410 B/op
                 gc.count:           ≈ 0 counts

Iteration   5: 12.924 ms/op
                 gc.alloc.rate:      129.852 MB/sec
                 gc.alloc.rate.norm: 1760314.359 B/op
                 gc.count:           1.000 counts
                 gc.time:            3.000 ms



Result "research.skew.AggregationBenchmark.parallelConcurrent":
  12.827 ±(99.9%) 0.235 ms/op [Average]
  (min, avg, max) = (12.288, 12.827, 13.250), stdev = 0.220
  CI (99.9%): [12.592, 13.063] (assumes normal distribution)

Secondary result "research.skew.AggregationBenchmark.parallelConcurrent:gc.alloc.rate":
  130.999 ±(99.9%) 2.424 MB/sec [Average]
  (min, avg, max) = (126.764, 130.999, 136.667), stdev = 2.268
  CI (99.9%): [128.575, 133.424] (assumes normal distribution)

Secondary result "research.skew.AggregationBenchmark.parallelConcurrent:gc.alloc.rate.norm":
  1762128.053 ±(99.9%) 983.343 B/op [Average]
  (min, avg, max) = (1760314.359, 1762128.053, 1763555.700), stdev = 919.820
  CI (99.9%): [1761144.710, 1763111.397] (assumes normal distribution)

Secondary result "research.skew.AggregationBenchmark.parallelConcurrent:gc.count":
  8.000 ±(99.9%) 0.001 counts [Sum]
  (min, avg, max) = (≈ 0, 0.533, 1.000), stdev = 0.516
  CI (99.9%): [8.000, 8.000] (assumes normal distribution)

Secondary result "research.skew.AggregationBenchmark.parallelConcurrent:gc.time":
  21.000 ±(99.9%) 0.001 ms [Sum]
  (min, avg, max) = (≈ 0, 1.400, 3.000), stdev = 1.404
  CI (99.9%): [21.000, 21.000] (assumes normal distribution)


# JMH version: 1.37
# VM version: JDK 25.0.4.1, OpenJDK 64-Bit Server VM, 25.0.4.1+1-LTS
# VM invoker: /home/test/jdk/jdk-25.0.4.1+1/bin/java
# VM options: -Xms512m -Xmx512m -Djava.util.concurrent.ForkJoinPool.common.parallelism=3
# Blackhole mode: compiler (auto-detected, use -Djmh.blackhole.autoDetect=false to disable)
# Warmup: 5 iterations, 1 s each
# Measurement: 5 iterations, 1 s each
# Timeout: 10 min per iteration
# Threads: 1 thread, will synchronize iterations
# Benchmark mode: Average time, time/op
# Benchmark: research.skew.AggregationBenchmark.parallelConcurrent
# Parameters: (cardinality = 4096, distribution = uniform, seed = 20260929, size = 100000)

# Run progress: 16.67% complete, ETA 00:15:43
# Fork: 1 of 3
WARNING: A terminally deprecated method in sun.misc.Unsafe has been called
WARNING: sun.misc.Unsafe::objectFieldOffset has been called by org.openjdk.jmh.util.Utils (file:/home/test/Workspaces/JavaWorkspace/JavaStream_KeySkew/.deps/jmh-core-1.37.jar)
WARNING: Please consider reporting this to the maintainers of class org.openjdk.jmh.util.Utils
WARNING: sun.misc.Unsafe::objectFieldOffset will be removed in a future release
# Warmup Iteration   1: Input: n=100000, keys=4096, observedHotFraction=0.000250, poolParallelism=3, availableProcessors=4
2.939 ms/op
# Warmup Iteration   2: 2.541 ms/op
# Warmup Iteration   3: 2.479 ms/op
# Warmup Iteration   4: 2.490 ms/op
# Warmup Iteration   5: 2.450 ms/op
Iteration   1: 2.465 ms/op
                 gc.alloc.rate:      741.148 MB/sec
                 gc.alloc.rate.norm: 1916121.671 B/op
                 gc.count:           2.000 counts
                 gc.time:            5.000 ms

Iteration   2: 2.453 ms/op
                 gc.alloc.rate:      744.614 MB/sec
                 gc.alloc.rate.norm: 1916098.922 B/op
                 gc.count:           3.000 counts
                 gc.time:            6.000 ms

Iteration   3: 2.448 ms/op
                 gc.alloc.rate:      746.223 MB/sec
                 gc.alloc.rate.norm: 1916112.488 B/op
                 gc.count:           2.000 counts
                 gc.time:            1.000 ms

Iteration   4: 2.449 ms/op
                 gc.alloc.rate:      746.044 MB/sec
                 gc.alloc.rate.norm: 1916122.132 B/op
                 gc.count:           3.000 counts
                 gc.time:            4.000 ms

Iteration   5: 2.435 ms/op
                 gc.alloc.rate:      749.951 MB/sec
                 gc.alloc.rate.norm: 1916081.616 B/op
                 gc.count:           2.000 counts
                 gc.time:            2.000 ms


# Run progress: 17.59% complete, ETA 00:15:32
# Fork: 2 of 3
WARNING: A terminally deprecated method in sun.misc.Unsafe has been called
WARNING: sun.misc.Unsafe::objectFieldOffset has been called by org.openjdk.jmh.util.Utils (file:/home/test/Workspaces/JavaWorkspace/JavaStream_KeySkew/.deps/jmh-core-1.37.jar)
WARNING: Please consider reporting this to the maintainers of class org.openjdk.jmh.util.Utils
WARNING: sun.misc.Unsafe::objectFieldOffset will be removed in a future release
# Warmup Iteration   1: Input: n=100000, keys=4096, observedHotFraction=0.000250, poolParallelism=3, availableProcessors=4
2.941 ms/op
# Warmup Iteration   2: 2.565 ms/op
# Warmup Iteration   3: 2.538 ms/op
# Warmup Iteration   4: 2.541 ms/op
# Warmup Iteration   5: 2.555 ms/op
Iteration   1: 2.546 ms/op
                 gc.alloc.rate:      717.344 MB/sec
                 gc.alloc.rate.norm: 1916060.356 B/op
                 gc.count:           2.000 counts
                 gc.time:            7.000 ms

Iteration   2: 2.498 ms/op
                 gc.alloc.rate:      731.172 MB/sec
                 gc.alloc.rate.norm: 1916095.461 B/op
                 gc.count:           2.000 counts
                 gc.time:            4.000 ms

Iteration   3: 2.491 ms/op
                 gc.alloc.rate:      733.502 MB/sec
                 gc.alloc.rate.norm: 1916103.622 B/op
                 gc.count:           3.000 counts
                 gc.time:            2.000 ms

Iteration   4: 2.483 ms/op
                 gc.alloc.rate:      735.676 MB/sec
                 gc.alloc.rate.norm: 1916128.298 B/op
                 gc.count:           2.000 counts
                 gc.time:            2.000 ms

Iteration   5: 2.484 ms/op
                 gc.alloc.rate:      735.578 MB/sec
                 gc.alloc.rate.norm: 1916078.313 B/op
                 gc.count:           3.000 counts
                 gc.time:            3.000 ms


# Run progress: 18.52% complete, ETA 00:15:22
# Fork: 3 of 3
WARNING: A terminally deprecated method in sun.misc.Unsafe has been called
WARNING: sun.misc.Unsafe::objectFieldOffset has been called by org.openjdk.jmh.util.Utils (file:/home/test/Workspaces/JavaWorkspace/JavaStream_KeySkew/.deps/jmh-core-1.37.jar)
WARNING: Please consider reporting this to the maintainers of class org.openjdk.jmh.util.Utils
WARNING: sun.misc.Unsafe::objectFieldOffset will be removed in a future release
# Warmup Iteration   1: Input: n=100000, keys=4096, observedHotFraction=0.000250, poolParallelism=3, availableProcessors=4
3.057 ms/op
# Warmup Iteration   2: 2.608 ms/op
# Warmup Iteration   3: 2.544 ms/op
# Warmup Iteration   4: 2.555 ms/op
# Warmup Iteration   5: 2.547 ms/op
Iteration   1: 2.535 ms/op
                 gc.alloc.rate:      720.629 MB/sec
                 gc.alloc.rate.norm: 1916064.932 B/op
                 gc.count:           2.000 counts
                 gc.time:            6.000 ms

Iteration   2: 2.515 ms/op
                 gc.alloc.rate:      726.395 MB/sec
                 gc.alloc.rate.norm: 1916051.377 B/op
                 gc.count:           2.000 counts
                 gc.time:            4.000 ms

Iteration   3: 2.519 ms/op
                 gc.alloc.rate:      725.175 MB/sec
                 gc.alloc.rate.norm: 1916076.141 B/op
                 gc.count:           3.000 counts
                 gc.time:            3.000 ms

Iteration   4: 2.486 ms/op
                 gc.alloc.rate:      734.885 MB/sec
                 gc.alloc.rate.norm: 1916056.576 B/op
                 gc.count:           2.000 counts
                 gc.time:            2.000 ms

Iteration   5: 2.492 ms/op
                 gc.alloc.rate:      732.990 MB/sec
                 gc.alloc.rate.norm: 1916076.060 B/op
                 gc.count:           3.000 counts
                 gc.time:            2.000 ms



Result "research.skew.AggregationBenchmark.parallelConcurrent":
  2.487 ±(99.9%) 0.035 ms/op [Average]
  (min, avg, max) = (2.435, 2.487, 2.546), stdev = 0.033
  CI (99.9%): [2.452, 2.522] (assumes normal distribution)

Secondary result "research.skew.AggregationBenchmark.parallelConcurrent:gc.alloc.rate":
  734.755 ±(99.9%) 10.347 MB/sec [Average]
  (min, avg, max) = (717.344, 734.755, 749.951), stdev = 9.678
  CI (99.9%): [724.408, 745.102] (assumes normal distribution)

Secondary result "research.skew.AggregationBenchmark.parallelConcurrent:gc.alloc.rate.norm":
  1916088.531 ±(99.9%) 27.075 B/op [Average]
  (min, avg, max) = (1916051.377, 1916088.531, 1916128.298), stdev = 25.326
  CI (99.9%): [1916061.455, 1916115.606] (assumes normal distribution)

Secondary result "research.skew.AggregationBenchmark.parallelConcurrent:gc.count":
  36.000 ±(99.9%) 0.001 counts [Sum]
  (min, avg, max) = (2.000, 2.400, 3.000), stdev = 0.507
  CI (99.9%): [36.000, 36.000] (assumes normal distribution)

Secondary result "research.skew.AggregationBenchmark.parallelConcurrent:gc.time":
  53.000 ±(99.9%) 0.001 ms [Sum]
  (min, avg, max) = (1.000, 3.533, 7.000), stdev = 1.807
  CI (99.9%): [53.000, 53.000] (assumes normal distribution)


# JMH version: 1.37
# VM version: JDK 25.0.4.1, OpenJDK 64-Bit Server VM, 25.0.4.1+1-LTS
# VM invoker: /home/test/jdk/jdk-25.0.4.1+1/bin/java
# VM options: -Xms512m -Xmx512m -Djava.util.concurrent.ForkJoinPool.common.parallelism=3
# Blackhole mode: compiler (auto-detected, use -Djmh.blackhole.autoDetect=false to disable)
# Warmup: 5 iterations, 1 s each
# Measurement: 5 iterations, 1 s each
# Timeout: 10 min per iteration
# Threads: 1 thread, will synchronize iterations
# Benchmark mode: Average time, time/op
# Benchmark: research.skew.AggregationBenchmark.parallelConcurrent
# Parameters: (cardinality = 4096, distribution = hot50, seed = 20260929, size = 100000)

# Run progress: 19.44% complete, ETA 00:15:11
# Fork: 1 of 3
WARNING: A terminally deprecated method in sun.misc.Unsafe has been called
WARNING: sun.misc.Unsafe::objectFieldOffset has been called by org.openjdk.jmh.util.Utils (file:/home/test/Workspaces/JavaWorkspace/JavaStream_KeySkew/.deps/jmh-core-1.37.jar)
WARNING: Please consider reporting this to the maintainers of class org.openjdk.jmh.util.Utils
WARNING: sun.misc.Unsafe::objectFieldOffset will be removed in a future release
# Warmup Iteration   1: Input: n=100000, keys=4096, observedHotFraction=0.500000, poolParallelism=3, availableProcessors=4
8.493 ms/op
# Warmup Iteration   2: 8.240 ms/op
# Warmup Iteration   3: 8.162 ms/op
# Warmup Iteration   4: 8.254 ms/op
# Warmup Iteration   5: 8.302 ms/op
Iteration   1: 8.257 ms/op
                 gc.alloc.rate:      221.209 MB/sec
                 gc.alloc.rate.norm: 1915870.689 B/op
                 gc.count:           1.000 counts
                 gc.time:            3.000 ms

Iteration   2: 8.274 ms/op
                 gc.alloc.rate:      220.803 MB/sec
                 gc.alloc.rate.norm: 1916140.893 B/op
                 gc.count:           ≈ 0 counts

Iteration   3: 8.280 ms/op
                 gc.alloc.rate:      220.763 MB/sec
                 gc.alloc.rate.norm: 1917153.508 B/op
                 gc.count:           1.000 counts
                 gc.time:            3.000 ms

Iteration   4: 8.300 ms/op
                 gc.alloc.rate:      220.091 MB/sec
                 gc.alloc.rate.norm: 1915908.231 B/op
                 gc.count:           1.000 counts
                 gc.time:            2.000 ms

Iteration   5: 8.265 ms/op
                 gc.alloc.rate:      221.024 MB/sec
                 gc.alloc.rate.norm: 1915906.951 B/op
                 gc.count:           ≈ 0 counts


# Run progress: 20.37% complete, ETA 00:15:01
# Fork: 2 of 3
WARNING: A terminally deprecated method in sun.misc.Unsafe has been called
WARNING: sun.misc.Unsafe::objectFieldOffset has been called by org.openjdk.jmh.util.Utils (file:/home/test/Workspaces/JavaWorkspace/JavaStream_KeySkew/.deps/jmh-core-1.37.jar)
WARNING: Please consider reporting this to the maintainers of class org.openjdk.jmh.util.Utils
WARNING: sun.misc.Unsafe::objectFieldOffset will be removed in a future release
# Warmup Iteration   1: Input: n=100000, keys=4096, observedHotFraction=0.500000, poolParallelism=3, availableProcessors=4
8.344 ms/op
# Warmup Iteration   2: 8.305 ms/op
# Warmup Iteration   3: 8.233 ms/op
# Warmup Iteration   4: 8.289 ms/op
# Warmup Iteration   5: 8.317 ms/op
Iteration   1: 8.294 ms/op
                 gc.alloc.rate:      220.315 MB/sec
                 gc.alloc.rate.norm: 1916623.471 B/op
                 gc.count:           ≈ 0 counts

Iteration   2: 8.237 ms/op
                 gc.alloc.rate:      221.743 MB/sec
                 gc.alloc.rate.norm: 1915890.689 B/op
                 gc.count:           1.000 counts
                 gc.time:            4.000 ms

Iteration   3: 8.223 ms/op
                 gc.alloc.rate:      222.175 MB/sec
                 gc.alloc.rate.norm: 1916283.279 B/op
                 gc.count:           1.000 counts
                 gc.time:            3.000 ms

Iteration   4: 8.285 ms/op
                 gc.alloc.rate:      220.520 MB/sec
                 gc.alloc.rate.norm: 1916131.702 B/op
                 gc.count:           1.000 counts
                 gc.time:            3.000 ms

Iteration   5: 8.232 ms/op
                 gc.alloc.rate:      221.893 MB/sec
                 gc.alloc.rate.norm: 1915887.803 B/op
                 gc.count:           ≈ 0 counts


# Run progress: 21.30% complete, ETA 00:14:50
# Fork: 3 of 3
WARNING: A terminally deprecated method in sun.misc.Unsafe has been called
WARNING: sun.misc.Unsafe::objectFieldOffset has been called by org.openjdk.jmh.util.Utils (file:/home/test/Workspaces/JavaWorkspace/JavaStream_KeySkew/.deps/jmh-core-1.37.jar)
WARNING: Please consider reporting this to the maintainers of class org.openjdk.jmh.util.Utils
WARNING: sun.misc.Unsafe::objectFieldOffset will be removed in a future release
# Warmup Iteration   1: Input: n=100000, keys=4096, observedHotFraction=0.500000, poolParallelism=3, availableProcessors=4
8.301 ms/op
# Warmup Iteration   2: 8.270 ms/op
# Warmup Iteration   3: 8.148 ms/op
# Warmup Iteration   4: 8.258 ms/op
# Warmup Iteration   5: 8.231 ms/op
Iteration   1: 8.236 ms/op
                 gc.alloc.rate:      221.797 MB/sec
                 gc.alloc.rate.norm: 1915925.705 B/op
                 gc.count:           ≈ 0 counts

Iteration   2: 8.282 ms/op
                 gc.alloc.rate:      220.528 MB/sec
                 gc.alloc.rate.norm: 1915888.198 B/op
                 gc.count:           1.000 counts
                 gc.time:            5.000 ms

Iteration   3: 8.301 ms/op
                 gc.alloc.rate:      220.050 MB/sec
                 gc.alloc.rate.norm: 1915961.653 B/op
                 gc.count:           1.000 counts
                 gc.time:            3.000 ms

Iteration   4: 8.286 ms/op
                 gc.alloc.rate:      220.475 MB/sec
                 gc.alloc.rate.norm: 1916014.017 B/op
                 gc.count:           1.000 counts
                 gc.time:            3.000 ms

Iteration   5: 8.172 ms/op
                 gc.alloc.rate:      223.541 MB/sec
                 gc.alloc.rate.norm: 1916293.984 B/op
                 gc.count:           ≈ 0 counts



Result "research.skew.AggregationBenchmark.parallelConcurrent":
  8.262 ±(99.9%) 0.038 ms/op [Average]
  (min, avg, max) = (8.172, 8.262, 8.301), stdev = 0.036
  CI (99.9%): [8.224, 8.300] (assumes normal distribution)

Secondary result "research.skew.AggregationBenchmark.parallelConcurrent:gc.alloc.rate":
  221.128 ±(99.9%) 1.016 MB/sec [Average]
  (min, avg, max) = (220.050, 221.128, 223.541), stdev = 0.950
  CI (99.9%): [220.113, 222.144] (assumes normal distribution)

Secondary result "research.skew.AggregationBenchmark.parallelConcurrent:gc.alloc.rate.norm":
  1916125.385 ±(99.9%) 379.626 B/op [Average]
  (min, avg, max) = (1915870.689, 1916125.385, 1917153.508), stdev = 355.103
  CI (99.9%): [1915745.758, 1916505.011] (assumes normal distribution)

Secondary result "research.skew.AggregationBenchmark.parallelConcurrent:gc.count":
  9.000 ±(99.9%) 0.001 counts [Sum]
  (min, avg, max) = (≈ 0, 0.600, 1.000), stdev = 0.507
  CI (99.9%): [9.000, 9.000] (assumes normal distribution)

Secondary result "research.skew.AggregationBenchmark.parallelConcurrent:gc.time":
  29.000 ±(99.9%) 0.001 ms [Sum]
  (min, avg, max) = (≈ 0, 1.933, 5.000), stdev = 1.751
  CI (99.9%): [29.000, 29.000] (assumes normal distribution)


# JMH version: 1.37
# VM version: JDK 25.0.4.1, OpenJDK 64-Bit Server VM, 25.0.4.1+1-LTS
# VM invoker: /home/test/jdk/jdk-25.0.4.1+1/bin/java
# VM options: -Xms512m -Xmx512m -Djava.util.concurrent.ForkJoinPool.common.parallelism=3
# Blackhole mode: compiler (auto-detected, use -Djmh.blackhole.autoDetect=false to disable)
# Warmup: 5 iterations, 1 s each
# Measurement: 5 iterations, 1 s each
# Timeout: 10 min per iteration
# Threads: 1 thread, will synchronize iterations
# Benchmark mode: Average time, time/op
# Benchmark: research.skew.AggregationBenchmark.parallelConcurrent
# Parameters: (cardinality = 4096, distribution = hot90, seed = 20260929, size = 100000)

# Run progress: 22.22% complete, ETA 00:14:40
# Fork: 1 of 3
WARNING: A terminally deprecated method in sun.misc.Unsafe has been called
WARNING: sun.misc.Unsafe::objectFieldOffset has been called by org.openjdk.jmh.util.Utils (file:/home/test/Workspaces/JavaWorkspace/JavaStream_KeySkew/.deps/jmh-core-1.37.jar)
WARNING: Please consider reporting this to the maintainers of class org.openjdk.jmh.util.Utils
WARNING: sun.misc.Unsafe::objectFieldOffset will be removed in a future release
# Warmup Iteration   1: Input: n=100000, keys=4096, observedHotFraction=0.900000, poolParallelism=3, availableProcessors=4
10.547 ms/op
# Warmup Iteration   2: 11.013 ms/op
# Warmup Iteration   3: 11.157 ms/op
# Warmup Iteration   4: 10.818 ms/op
# Warmup Iteration   5: 11.415 ms/op
Iteration   1: 11.440 ms/op
                 gc.alloc.rate:      159.732 MB/sec
                 gc.alloc.rate.norm: 1916674.091 B/op
                 gc.count:           ≈ 0 counts

Iteration   2: 11.506 ms/op
                 gc.alloc.rate:      158.862 MB/sec
                 gc.alloc.rate.norm: 1917042.207 B/op
                 gc.count:           1.000 counts
                 gc.time:            3.000 ms

Iteration   3: 11.399 ms/op
                 gc.alloc.rate:      160.368 MB/sec
                 gc.alloc.rate.norm: 1917613.182 B/op
                 gc.count:           ≈ 0 counts

Iteration   4: 11.421 ms/op
                 gc.alloc.rate:      160.004 MB/sec
                 gc.alloc.rate.norm: 1916661.000 B/op
                 gc.count:           1.000 counts
                 gc.time:            2.000 ms

Iteration   5: 11.118 ms/op
                 gc.alloc.rate:      164.493 MB/sec
                 gc.alloc.rate.norm: 1918233.582 B/op
                 gc.count:           ≈ 0 counts


# Run progress: 23.15% complete, ETA 00:14:30
# Fork: 2 of 3
WARNING: A terminally deprecated method in sun.misc.Unsafe has been called
WARNING: sun.misc.Unsafe::objectFieldOffset has been called by org.openjdk.jmh.util.Utils (file:/home/test/Workspaces/JavaWorkspace/JavaStream_KeySkew/.deps/jmh-core-1.37.jar)
WARNING: Please consider reporting this to the maintainers of class org.openjdk.jmh.util.Utils
WARNING: sun.misc.Unsafe::objectFieldOffset will be removed in a future release
# Warmup Iteration   1: Input: n=100000, keys=4096, observedHotFraction=0.900000, poolParallelism=3, availableProcessors=4
10.691 ms/op
# Warmup Iteration   2: 10.727 ms/op
# Warmup Iteration   3: 11.202 ms/op
# Warmup Iteration   4: 10.888 ms/op
# Warmup Iteration   5: 11.274 ms/op
Iteration   1: 11.387 ms/op
                 gc.alloc.rate:      160.475 MB/sec
                 gc.alloc.rate.norm: 1916699.091 B/op
                 gc.count:           ≈ 0 counts

Iteration   2: 11.515 ms/op
                 gc.alloc.rate:      158.600 MB/sec
                 gc.alloc.rate.norm: 1915754.000 B/op
                 gc.count:           1.000 counts
                 gc.time:            3.000 ms

Iteration   3: 11.373 ms/op
                 gc.alloc.rate:      160.615 MB/sec
                 gc.alloc.rate.norm: 1915751.636 B/op
                 gc.count:           ≈ 0 counts

Iteration   4: 11.406 ms/op
                 gc.alloc.rate:      160.140 MB/sec
                 gc.alloc.rate.norm: 1915730.273 B/op
                 gc.count:           1.000 counts
                 gc.time:            2.000 ms

Iteration   5: 11.222 ms/op
                 gc.alloc.rate:      163.024 MB/sec
                 gc.alloc.rate.norm: 1918812.356 B/op
                 gc.count:           1.000 counts
                 gc.time:            3.000 ms


# Run progress: 24.07% complete, ETA 00:14:19
# Fork: 3 of 3
WARNING: A terminally deprecated method in sun.misc.Unsafe has been called
WARNING: sun.misc.Unsafe::objectFieldOffset has been called by org.openjdk.jmh.util.Utils (file:/home/test/Workspaces/JavaWorkspace/JavaStream_KeySkew/.deps/jmh-core-1.37.jar)
WARNING: Please consider reporting this to the maintainers of class org.openjdk.jmh.util.Utils
WARNING: sun.misc.Unsafe::objectFieldOffset will be removed in a future release
# Warmup Iteration   1: Input: n=100000, keys=4096, observedHotFraction=0.900000, poolParallelism=3, availableProcessors=4
10.933 ms/op
# Warmup Iteration   2: 11.413 ms/op
# Warmup Iteration   3: 11.394 ms/op
# Warmup Iteration   4: 10.894 ms/op
# Warmup Iteration   5: 11.483 ms/op
Iteration   1: 11.606 ms/op
                 gc.alloc.rate:      157.374 MB/sec
                 gc.alloc.rate.norm: 1915755.310 B/op
                 gc.count:           ≈ 0 counts

Iteration   2: 11.526 ms/op
                 gc.alloc.rate:      158.530 MB/sec
                 gc.alloc.rate.norm: 1916677.885 B/op
                 gc.count:           1.000 counts
                 gc.time:            3.000 ms

Iteration   3: 11.418 ms/op
                 gc.alloc.rate:      160.237 MB/sec
                 gc.alloc.rate.norm: 1918925.273 B/op
                 gc.count:           ≈ 0 counts

Iteration   4: 11.522 ms/op
                 gc.alloc.rate:      158.601 MB/sec
                 gc.alloc.rate.norm: 1916670.253 B/op
                 gc.count:           1.000 counts
                 gc.time:            3.000 ms

Iteration   5: 11.363 ms/op
                 gc.alloc.rate:      160.836 MB/sec
                 gc.alloc.rate.norm: 1917004.584 B/op
                 gc.count:           ≈ 0 counts



Result "research.skew.AggregationBenchmark.parallelConcurrent":
  11.415 ±(99.9%) 0.131 ms/op [Average]
  (min, avg, max) = (11.118, 11.415, 11.606), stdev = 0.123
  CI (99.9%): [11.284, 11.546] (assumes normal distribution)

Secondary result "research.skew.AggregationBenchmark.parallelConcurrent:gc.alloc.rate":
  160.126 ±(99.9%) 1.916 MB/sec [Average]
  (min, avg, max) = (157.374, 160.126, 164.493), stdev = 1.792
  CI (99.9%): [158.210, 162.042] (assumes normal distribution)

Secondary result "research.skew.AggregationBenchmark.parallelConcurrent:gc.alloc.rate.norm":
  1916933.648 ±(99.9%) 1129.270 B/op [Average]
  (min, avg, max) = (1915730.273, 1916933.648, 1918925.273), stdev = 1056.319
  CI (99.9%): [1915804.379, 1918062.918] (assumes normal distribution)

Secondary result "research.skew.AggregationBenchmark.parallelConcurrent:gc.count":
  7.000 ±(99.9%) 0.001 counts [Sum]
  (min, avg, max) = (≈ 0, 0.467, 1.000), stdev = 0.516
  CI (99.9%): [7.000, 7.000] (assumes normal distribution)

Secondary result "research.skew.AggregationBenchmark.parallelConcurrent:gc.time":
  19.000 ±(99.9%) 0.001 ms [Sum]
  (min, avg, max) = (≈ 0, 1.267, 3.000), stdev = 1.438
  CI (99.9%): [19.000, 19.000] (assumes normal distribution)


# JMH version: 1.37
# VM version: JDK 25.0.4.1, OpenJDK 64-Bit Server VM, 25.0.4.1+1-LTS
# VM invoker: /home/test/jdk/jdk-25.0.4.1+1/bin/java
# VM options: -Xms512m -Xmx512m -Djava.util.concurrent.ForkJoinPool.common.parallelism=3
# Blackhole mode: compiler (auto-detected, use -Djmh.blackhole.autoDetect=false to disable)
# Warmup: 5 iterations, 1 s each
# Measurement: 5 iterations, 1 s each
# Timeout: 10 min per iteration
# Threads: 1 thread, will synchronize iterations
# Benchmark mode: Average time, time/op
# Benchmark: research.skew.AggregationBenchmark.parallelConcurrentAdder
# Parameters: (cardinality = 1024, distribution = uniform, seed = 20260929, size = 100000)

# Run progress: 25.00% complete, ETA 00:14:09
# Fork: 1 of 3
WARNING: A terminally deprecated method in sun.misc.Unsafe has been called
WARNING: sun.misc.Unsafe::objectFieldOffset has been called by org.openjdk.jmh.util.Utils (file:/home/test/Workspaces/JavaWorkspace/JavaStream_KeySkew/.deps/jmh-core-1.37.jar)
WARNING: Please consider reporting this to the maintainers of class org.openjdk.jmh.util.Utils
WARNING: sun.misc.Unsafe::objectFieldOffset will be removed in a future release
# Warmup Iteration   1: Input: n=100000, keys=1024, observedHotFraction=0.000980, poolParallelism=3, availableProcessors=4
2.497 ms/op
# Warmup Iteration   2: 2.288 ms/op
# Warmup Iteration   3: 2.251 ms/op
# Warmup Iteration   4: 2.260 ms/op
# Warmup Iteration   5: 2.252 ms/op
Iteration   1: 2.247 ms/op
                 gc.alloc.rate:      727.819 MB/sec
                 gc.alloc.rate.norm: 1715273.848 B/op
                 gc.count:           2.000 counts
                 gc.time:            5.000 ms

Iteration   2: 2.258 ms/op
                 gc.alloc.rate:      723.802 MB/sec
                 gc.alloc.rate.norm: 1714216.108 B/op
                 gc.count:           3.000 counts
                 gc.time:            4.000 ms

Iteration   3: 2.247 ms/op
                 gc.alloc.rate:      727.490 MB/sec
                 gc.alloc.rate.norm: 1714153.399 B/op
                 gc.count:           2.000 counts
                 gc.time:            2.000 ms

Iteration   4: 2.250 ms/op
                 gc.alloc.rate:      726.148 MB/sec
                 gc.alloc.rate.norm: 1713915.408 B/op
                 gc.count:           2.000 counts
                 gc.time:            1.000 ms

Iteration   5: 2.250 ms/op
                 gc.alloc.rate:      726.207 MB/sec
                 gc.alloc.rate.norm: 1714100.584 B/op
                 gc.count:           3.000 counts
                 gc.time:            2.000 ms


# Run progress: 25.93% complete, ETA 00:13:58
# Fork: 2 of 3
WARNING: A terminally deprecated method in sun.misc.Unsafe has been called
WARNING: sun.misc.Unsafe::objectFieldOffset has been called by org.openjdk.jmh.util.Utils (file:/home/test/Workspaces/JavaWorkspace/JavaStream_KeySkew/.deps/jmh-core-1.37.jar)
WARNING: Please consider reporting this to the maintainers of class org.openjdk.jmh.util.Utils
WARNING: sun.misc.Unsafe::objectFieldOffset will be removed in a future release
# Warmup Iteration   1: Input: n=100000, keys=1024, observedHotFraction=0.000980, poolParallelism=3, availableProcessors=4
2.477 ms/op
# Warmup Iteration   2: 2.001 ms/op
# Warmup Iteration   3: 2.017 ms/op
# Warmup Iteration   4: 2.013 ms/op
# Warmup Iteration   5: 2.026 ms/op
Iteration   1: 2.015 ms/op
                 gc.alloc.rate:      812.552 MB/sec
                 gc.alloc.rate.norm: 1716989.746 B/op
                 gc.count:           3.000 counts
                 gc.time:            7.000 ms

Iteration   2: 2.026 ms/op
                 gc.alloc.rate:      807.970 MB/sec
                 gc.alloc.rate.norm: 1716743.628 B/op
                 gc.count:           2.000 counts
                 gc.time:            1.000 ms

Iteration   3: 2.002 ms/op
                 gc.alloc.rate:      817.912 MB/sec
                 gc.alloc.rate.norm: 1717280.128 B/op
                 gc.count:           3.000 counts
                 gc.time:            2.000 ms

Iteration   4: 2.003 ms/op
                 gc.alloc.rate:      818.200 MB/sec
                 gc.alloc.rate.norm: 1719315.171 B/op
                 gc.count:           3.000 counts
                 gc.time:            2.000 ms

Iteration   5: 2.020 ms/op
                 gc.alloc.rate:      810.549 MB/sec
                 gc.alloc.rate.norm: 1717321.306 B/op
                 gc.count:           2.000 counts
                 gc.time:            2.000 ms


# Run progress: 26.85% complete, ETA 00:13:48
# Fork: 3 of 3
WARNING: A terminally deprecated method in sun.misc.Unsafe has been called
WARNING: sun.misc.Unsafe::objectFieldOffset has been called by org.openjdk.jmh.util.Utils (file:/home/test/Workspaces/JavaWorkspace/JavaStream_KeySkew/.deps/jmh-core-1.37.jar)
WARNING: Please consider reporting this to the maintainers of class org.openjdk.jmh.util.Utils
WARNING: sun.misc.Unsafe::objectFieldOffset will be removed in a future release
# Warmup Iteration   1: Input: n=100000, keys=1024, observedHotFraction=0.000980, poolParallelism=3, availableProcessors=4
2.302 ms/op
# Warmup Iteration   2: 2.145 ms/op
# Warmup Iteration   3: 2.137 ms/op
# Warmup Iteration   4: 2.126 ms/op
# Warmup Iteration   5: 2.123 ms/op
Iteration   1: 2.125 ms/op
                 gc.alloc.rate:      769.589 MB/sec
                 gc.alloc.rate.norm: 1715664.951 B/op
                 gc.count:           2.000 counts
                 gc.time:            6.000 ms

Iteration   2: 2.128 ms/op
                 gc.alloc.rate:      768.279 MB/sec
                 gc.alloc.rate.norm: 1715030.607 B/op
                 gc.count:           3.000 counts
                 gc.time:            2.000 ms

Iteration   3: 2.126 ms/op
                 gc.alloc.rate:      769.301 MB/sec
                 gc.alloc.rate.norm: 1715483.227 B/op
                 gc.count:           2.000 counts
                 gc.time:            2.000 ms

Iteration   4: 2.139 ms/op
                 gc.alloc.rate:      764.370 MB/sec
                 gc.alloc.rate.norm: 1714492.462 B/op
                 gc.count:           3.000 counts
                 gc.time:            2.000 ms

Iteration   5: 2.123 ms/op
                 gc.alloc.rate:      770.413 MB/sec
                 gc.alloc.rate.norm: 1715224.661 B/op
                 gc.count:           2.000 counts
                 gc.time:            1.000 ms



Result "research.skew.AggregationBenchmark.parallelConcurrentAdder":
  2.131 ±(99.9%) 0.107 ms/op [Average]
  (min, avg, max) = (2.002, 2.131, 2.258), stdev = 0.101
  CI (99.9%): [2.023, 2.238] (assumes normal distribution)

Secondary result "research.skew.AggregationBenchmark.parallelConcurrentAdder:gc.alloc.rate":
  769.373 ±(99.9%) 39.494 MB/sec [Average]
  (min, avg, max) = (723.802, 769.373, 818.200), stdev = 36.942
  CI (99.9%): [729.880, 808.867] (assumes normal distribution)

Secondary result "research.skew.AggregationBenchmark.parallelConcurrentAdder:gc.alloc.rate.norm":
  1715680.349 ±(99.9%) 1657.180 B/op [Average]
  (min, avg, max) = (1713915.408, 1715680.349, 1719315.171), stdev = 1550.127
  CI (99.9%): [1714023.169, 1717337.529] (assumes normal distribution)

Secondary result "research.skew.AggregationBenchmark.parallelConcurrentAdder:gc.count":
  37.000 ±(99.9%) 0.001 counts [Sum]
  (min, avg, max) = (2.000, 2.467, 3.000), stdev = 0.516
  CI (99.9%): [37.000, 37.000] (assumes normal distribution)

Secondary result "research.skew.AggregationBenchmark.parallelConcurrentAdder:gc.time":
  41.000 ±(99.9%) 0.001 ms [Sum]
  (min, avg, max) = (1.000, 2.733, 7.000), stdev = 1.870
  CI (99.9%): [41.000, 41.000] (assumes normal distribution)


# JMH version: 1.37
# VM version: JDK 25.0.4.1, OpenJDK 64-Bit Server VM, 25.0.4.1+1-LTS
# VM invoker: /home/test/jdk/jdk-25.0.4.1+1/bin/java
# VM options: -Xms512m -Xmx512m -Djava.util.concurrent.ForkJoinPool.common.parallelism=3
# Blackhole mode: compiler (auto-detected, use -Djmh.blackhole.autoDetect=false to disable)
# Warmup: 5 iterations, 1 s each
# Measurement: 5 iterations, 1 s each
# Timeout: 10 min per iteration
# Threads: 1 thread, will synchronize iterations
# Benchmark mode: Average time, time/op
# Benchmark: research.skew.AggregationBenchmark.parallelConcurrentAdder
# Parameters: (cardinality = 1024, distribution = hot50, seed = 20260929, size = 100000)

# Run progress: 27.78% complete, ETA 00:13:37
# Fork: 1 of 3
WARNING: A terminally deprecated method in sun.misc.Unsafe has been called
WARNING: sun.misc.Unsafe::objectFieldOffset has been called by org.openjdk.jmh.util.Utils (file:/home/test/Workspaces/JavaWorkspace/JavaStream_KeySkew/.deps/jmh-core-1.37.jar)
WARNING: Please consider reporting this to the maintainers of class org.openjdk.jmh.util.Utils
WARNING: sun.misc.Unsafe::objectFieldOffset will be removed in a future release
# Warmup Iteration   1: Input: n=100000, keys=1024, observedHotFraction=0.500000, poolParallelism=3, availableProcessors=4
2.230 ms/op
# Warmup Iteration   2: 2.024 ms/op
# Warmup Iteration   3: 1.999 ms/op
# Warmup Iteration   4: 1.854 ms/op
# Warmup Iteration   5: 1.864 ms/op
Iteration   1: 1.856 ms/op
                 gc.alloc.rate:      872.396 MB/sec
                 gc.alloc.rate.norm: 1698098.330 B/op
                 gc.count:           2.000 counts
                 gc.time:            4.000 ms

Iteration   2: 1.846 ms/op
                 gc.alloc.rate:      876.970 MB/sec
                 gc.alloc.rate.norm: 1698088.561 B/op
                 gc.count:           3.000 counts
                 gc.time:            2.000 ms

Iteration   3: 1.846 ms/op
                 gc.alloc.rate:      877.189 MB/sec
                 gc.alloc.rate.norm: 1698205.904 B/op
                 gc.count:           3.000 counts
                 gc.time:            2.000 ms

Iteration   4: 1.816 ms/op
                 gc.alloc.rate:      891.380 MB/sec
                 gc.alloc.rate.norm: 1698267.696 B/op
                 gc.count:           3.000 counts
                 gc.time:            2.000 ms

Iteration   5: 1.842 ms/op
                 gc.alloc.rate:      878.858 MB/sec
                 gc.alloc.rate.norm: 1697927.441 B/op
                 gc.count:           3.000 counts
                 gc.time:            2.000 ms


# Run progress: 28.70% complete, ETA 00:13:27
# Fork: 2 of 3
WARNING: A terminally deprecated method in sun.misc.Unsafe has been called
WARNING: sun.misc.Unsafe::objectFieldOffset has been called by org.openjdk.jmh.util.Utils (file:/home/test/Workspaces/JavaWorkspace/JavaStream_KeySkew/.deps/jmh-core-1.37.jar)
WARNING: Please consider reporting this to the maintainers of class org.openjdk.jmh.util.Utils
WARNING: sun.misc.Unsafe::objectFieldOffset will be removed in a future release
# Warmup Iteration   1: Input: n=100000, keys=1024, observedHotFraction=0.500000, poolParallelism=3, availableProcessors=4
2.111 ms/op
# Warmup Iteration   2: 1.803 ms/op
# Warmup Iteration   3: 1.731 ms/op
# Warmup Iteration   4: 1.750 ms/op
# Warmup Iteration   5: 1.713 ms/op
Iteration   1: 1.678 ms/op
                 gc.alloc.rate:      965.237 MB/sec
                 gc.alloc.rate.norm: 1698983.302 B/op
                 gc.count:           3.000 counts
                 gc.time:            2.000 ms

Iteration   2: 1.721 ms/op
                 gc.alloc.rate:      941.059 MB/sec
                 gc.alloc.rate.norm: 1698976.866 B/op
                 gc.count:           3.000 counts
                 gc.time:            2.000 ms

Iteration   3: 1.701 ms/op
                 gc.alloc.rate:      952.233 MB/sec
                 gc.alloc.rate.norm: 1698945.660 B/op
                 gc.count:           3.000 counts
                 gc.time:            2.000 ms

Iteration   4: 1.708 ms/op
                 gc.alloc.rate:      948.590 MB/sec
                 gc.alloc.rate.norm: 1699040.572 B/op
                 gc.count:           3.000 counts
                 gc.time:            2.000 ms

Iteration   5: 1.699 ms/op
                 gc.alloc.rate:      953.320 MB/sec
                 gc.alloc.rate.norm: 1699214.617 B/op
                 gc.count:           4.000 counts
                 gc.time:            3.000 ms


# Run progress: 29.63% complete, ETA 00:13:16
# Fork: 3 of 3
WARNING: A terminally deprecated method in sun.misc.Unsafe has been called
WARNING: sun.misc.Unsafe::objectFieldOffset has been called by org.openjdk.jmh.util.Utils (file:/home/test/Workspaces/JavaWorkspace/JavaStream_KeySkew/.deps/jmh-core-1.37.jar)
WARNING: Please consider reporting this to the maintainers of class org.openjdk.jmh.util.Utils
WARNING: sun.misc.Unsafe::objectFieldOffset will be removed in a future release
# Warmup Iteration   1: Input: n=100000, keys=1024, observedHotFraction=0.500000, poolParallelism=3, availableProcessors=4
2.219 ms/op
# Warmup Iteration   2: 1.780 ms/op
# Warmup Iteration   3: 1.804 ms/op
# Warmup Iteration   4: 1.797 ms/op
# Warmup Iteration   5: 1.758 ms/op
Iteration   1: 1.757 ms/op
                 gc.alloc.rate:      921.408 MB/sec
                 gc.alloc.rate.norm: 1698459.874 B/op
                 gc.count:           3.000 counts
                 gc.time:            2.000 ms

Iteration   2: 1.768 ms/op
                 gc.alloc.rate:      916.197 MB/sec
                 gc.alloc.rate.norm: 1698681.399 B/op
                 gc.count:           3.000 counts
                 gc.time:            2.000 ms

Iteration   3: 1.840 ms/op
                 gc.alloc.rate:      880.286 MB/sec
                 gc.alloc.rate.norm: 1698553.515 B/op
                 gc.count:           2.000 counts
                 gc.time:            1.000 ms

Iteration   4: 1.848 ms/op
                 gc.alloc.rate:      876.464 MB/sec
                 gc.alloc.rate.norm: 1698867.860 B/op
                 gc.count:           3.000 counts
                 gc.time:            3.000 ms

Iteration   5: 1.904 ms/op
                 gc.alloc.rate:      849.983 MB/sec
                 gc.alloc.rate.norm: 1697877.125 B/op
                 gc.count:           3.000 counts
                 gc.time:            2.000 ms



Result "research.skew.AggregationBenchmark.parallelConcurrentAdder":
  1.789 ±(99.9%) 0.078 ms/op [Average]
  (min, avg, max) = (1.678, 1.789, 1.904), stdev = 0.073
  CI (99.9%): [1.711, 1.867] (assumes normal distribution)

Secondary result "research.skew.AggregationBenchmark.parallelConcurrentAdder:gc.alloc.rate":
  906.771 ±(99.9%) 40.087 MB/sec [Average]
  (min, avg, max) = (849.983, 906.771, 965.237), stdev = 37.498
  CI (99.9%): [866.684, 946.859] (assumes normal distribution)

Secondary result "research.skew.AggregationBenchmark.parallelConcurrentAdder:gc.alloc.rate.norm":
  1698545.915 ±(99.9%) 477.282 B/op [Average]
  (min, avg, max) = (1697877.125, 1698545.915, 1699214.617), stdev = 446.450
  CI (99.9%): [1698068.633, 1699023.197] (assumes normal distribution)

Secondary result "research.skew.AggregationBenchmark.parallelConcurrentAdder:gc.count":
  44.000 ±(99.9%) 0.001 counts [Sum]
  (min, avg, max) = (2.000, 2.933, 4.000), stdev = 0.458
  CI (99.9%): [44.000, 44.000] (assumes normal distribution)

Secondary result "research.skew.AggregationBenchmark.parallelConcurrentAdder:gc.time":
  33.000 ±(99.9%) 0.001 ms [Sum]
  (min, avg, max) = (1.000, 2.200, 4.000), stdev = 0.676
  CI (99.9%): [33.000, 33.000] (assumes normal distribution)


# JMH version: 1.37
# VM version: JDK 25.0.4.1, OpenJDK 64-Bit Server VM, 25.0.4.1+1-LTS
# VM invoker: /home/test/jdk/jdk-25.0.4.1+1/bin/java
# VM options: -Xms512m -Xmx512m -Djava.util.concurrent.ForkJoinPool.common.parallelism=3
# Blackhole mode: compiler (auto-detected, use -Djmh.blackhole.autoDetect=false to disable)
# Warmup: 5 iterations, 1 s each
# Measurement: 5 iterations, 1 s each
# Timeout: 10 min per iteration
# Threads: 1 thread, will synchronize iterations
# Benchmark mode: Average time, time/op
# Benchmark: research.skew.AggregationBenchmark.parallelConcurrentAdder
# Parameters: (cardinality = 1024, distribution = hot90, seed = 20260929, size = 100000)

# Run progress: 30.56% complete, ETA 00:13:06
# Fork: 1 of 3
WARNING: A terminally deprecated method in sun.misc.Unsafe has been called
WARNING: sun.misc.Unsafe::objectFieldOffset has been called by org.openjdk.jmh.util.Utils (file:/home/test/Workspaces/JavaWorkspace/JavaStream_KeySkew/.deps/jmh-core-1.37.jar)
WARNING: Please consider reporting this to the maintainers of class org.openjdk.jmh.util.Utils
WARNING: sun.misc.Unsafe::objectFieldOffset will be removed in a future release
# Warmup Iteration   1: Input: n=100000, keys=1024, observedHotFraction=0.900000, poolParallelism=3, availableProcessors=4
2.224 ms/op
# Warmup Iteration   2: 1.986 ms/op
# Warmup Iteration   3: 1.945 ms/op
# Warmup Iteration   4: 2.151 ms/op
# Warmup Iteration   5: 1.940 ms/op
Iteration   1: 2.038 ms/op
                 gc.alloc.rate:      791.245 MB/sec
                 gc.alloc.rate.norm: 1690889.141 B/op
                 gc.count:           3.000 counts
                 gc.time:            7.000 ms

Iteration   2: 1.885 ms/op
                 gc.alloc.rate:      855.433 MB/sec
                 gc.alloc.rate.norm: 1690908.972 B/op
                 gc.count:           3.000 counts
                 gc.time:            3.000 ms

Iteration   3: 2.157 ms/op
                 gc.alloc.rate:      747.440 MB/sec
                 gc.alloc.rate.norm: 1690825.060 B/op
                 gc.count:           2.000 counts
                 gc.time:            1.000 ms

Iteration   4: 1.874 ms/op
                 gc.alloc.rate:      860.303 MB/sec
                 gc.alloc.rate.norm: 1690835.551 B/op
                 gc.count:           3.000 counts
                 gc.time:            2.000 ms

Iteration   5: 1.972 ms/op
                 gc.alloc.rate:      817.323 MB/sec
                 gc.alloc.rate.norm: 1690807.026 B/op
                 gc.count:           3.000 counts
                 gc.time:            3.000 ms


# Run progress: 31.48% complete, ETA 00:12:55
# Fork: 2 of 3
WARNING: A terminally deprecated method in sun.misc.Unsafe has been called
WARNING: sun.misc.Unsafe::objectFieldOffset has been called by org.openjdk.jmh.util.Utils (file:/home/test/Workspaces/JavaWorkspace/JavaStream_KeySkew/.deps/jmh-core-1.37.jar)
WARNING: Please consider reporting this to the maintainers of class org.openjdk.jmh.util.Utils
WARNING: sun.misc.Unsafe::objectFieldOffset will be removed in a future release
# Warmup Iteration   1: Input: n=100000, keys=1024, observedHotFraction=0.900000, poolParallelism=3, availableProcessors=4
1.842 ms/op
# Warmup Iteration   2: 1.856 ms/op
# Warmup Iteration   3: 1.935 ms/op
# Warmup Iteration   4: 2.016 ms/op
# Warmup Iteration   5: 2.018 ms/op
Iteration   1: 1.837 ms/op
                 gc.alloc.rate:      877.526 MB/sec
                 gc.alloc.rate.norm: 1690893.890 B/op
                 gc.count:           3.000 counts
                 gc.time:            5.000 ms

Iteration   2: 2.098 ms/op
                 gc.alloc.rate:      768.109 MB/sec
                 gc.alloc.rate.norm: 1690785.275 B/op
                 gc.count:           2.000 counts
                 gc.time:            1.000 ms

Iteration   3: 1.825 ms/op
                 gc.alloc.rate:      883.244 MB/sec
                 gc.alloc.rate.norm: 1690887.723 B/op
                 gc.count:           3.000 counts
                 gc.time:            2.000 ms

Iteration   4: 1.810 ms/op
                 gc.alloc.rate:      890.509 MB/sec
                 gc.alloc.rate.norm: 1690899.509 B/op
                 gc.count:           3.000 counts
                 gc.time:            3.000 ms

Iteration   5: 1.850 ms/op
                 gc.alloc.rate:      871.557 MB/sec
                 gc.alloc.rate.norm: 1690860.747 B/op
                 gc.count:           3.000 counts
                 gc.time:            2.000 ms


# Run progress: 32.41% complete, ETA 00:12:45
# Fork: 3 of 3
WARNING: A terminally deprecated method in sun.misc.Unsafe has been called
WARNING: sun.misc.Unsafe::objectFieldOffset has been called by org.openjdk.jmh.util.Utils (file:/home/test/Workspaces/JavaWorkspace/JavaStream_KeySkew/.deps/jmh-core-1.37.jar)
WARNING: Please consider reporting this to the maintainers of class org.openjdk.jmh.util.Utils
WARNING: sun.misc.Unsafe::objectFieldOffset will be removed in a future release
# Warmup Iteration   1: Input: n=100000, keys=1024, observedHotFraction=0.900000, poolParallelism=3, availableProcessors=4
1.999 ms/op
# Warmup Iteration   2: 1.741 ms/op
# Warmup Iteration   3: 1.856 ms/op
# Warmup Iteration   4: 1.704 ms/op
# Warmup Iteration   5: 1.907 ms/op
Iteration   1: 1.792 ms/op
                 gc.alloc.rate:      899.505 MB/sec
                 gc.alloc.rate.norm: 1690786.227 B/op
                 gc.count:           3.000 counts
                 gc.time:            3.000 ms

Iteration   2: 1.966 ms/op
                 gc.alloc.rate:      820.069 MB/sec
                 gc.alloc.rate.norm: 1690898.562 B/op
                 gc.count:           2.000 counts
                 gc.time:            1.000 ms

Iteration   3: 2.110 ms/op
                 gc.alloc.rate:      763.950 MB/sec
                 gc.alloc.rate.norm: 1690791.561 B/op
                 gc.count:           3.000 counts
                 gc.time:            2.000 ms

Iteration   4: 1.942 ms/op
                 gc.alloc.rate:      830.163 MB/sec
                 gc.alloc.rate.norm: 1690801.591 B/op
                 gc.count:           3.000 counts
                 gc.time:            2.000 ms

Iteration   5: 2.027 ms/op
                 gc.alloc.rate:      795.293 MB/sec
                 gc.alloc.rate.norm: 1690813.139 B/op
                 gc.count:           2.000 counts
                 gc.time:            2.000 ms



Result "research.skew.AggregationBenchmark.parallelConcurrentAdder":
  1.945 ±(99.9%) 0.127 ms/op [Average]
  (min, avg, max) = (1.792, 1.945, 2.157), stdev = 0.119
  CI (99.9%): [1.819, 2.072] (assumes normal distribution)

Secondary result "research.skew.AggregationBenchmark.parallelConcurrentAdder:gc.alloc.rate":
  831.445 ±(99.9%) 53.317 MB/sec [Average]
  (min, avg, max) = (747.440, 831.445, 899.505), stdev = 49.873
  CI (99.9%): [778.128, 884.762] (assumes normal distribution)

Secondary result "research.skew.AggregationBenchmark.parallelConcurrentAdder:gc.alloc.rate.norm":
  1690845.598 ±(99.9%) 50.342 B/op [Average]
  (min, avg, max) = (1690785.275, 1690845.598, 1690908.972), stdev = 47.090
  CI (99.9%): [1690795.256, 1690895.940] (assumes normal distribution)

Secondary result "research.skew.AggregationBenchmark.parallelConcurrentAdder:gc.count":
  41.000 ±(99.9%) 0.001 counts [Sum]
  (min, avg, max) = (2.000, 2.733, 3.000), stdev = 0.458
  CI (99.9%): [41.000, 41.000] (assumes normal distribution)

Secondary result "research.skew.AggregationBenchmark.parallelConcurrentAdder:gc.time":
  39.000 ±(99.9%) 0.001 ms [Sum]
  (min, avg, max) = (1.000, 2.600, 7.000), stdev = 1.595
  CI (99.9%): [39.000, 39.000] (assumes normal distribution)


# JMH version: 1.37
# VM version: JDK 25.0.4.1, OpenJDK 64-Bit Server VM, 25.0.4.1+1-LTS
# VM invoker: /home/test/jdk/jdk-25.0.4.1+1/bin/java
# VM options: -Xms512m -Xmx512m -Djava.util.concurrent.ForkJoinPool.common.parallelism=3
# Blackhole mode: compiler (auto-detected, use -Djmh.blackhole.autoDetect=false to disable)
# Warmup: 5 iterations, 1 s each
# Measurement: 5 iterations, 1 s each
# Timeout: 10 min per iteration
# Threads: 1 thread, will synchronize iterations
# Benchmark mode: Average time, time/op
# Benchmark: research.skew.AggregationBenchmark.parallelConcurrentAdder
# Parameters: (cardinality = 2048, distribution = uniform, seed = 20260929, size = 100000)

# Run progress: 33.33% complete, ETA 00:12:34
# Fork: 1 of 3
WARNING: A terminally deprecated method in sun.misc.Unsafe has been called
WARNING: sun.misc.Unsafe::objectFieldOffset has been called by org.openjdk.jmh.util.Utils (file:/home/test/Workspaces/JavaWorkspace/JavaStream_KeySkew/.deps/jmh-core-1.37.jar)
WARNING: Please consider reporting this to the maintainers of class org.openjdk.jmh.util.Utils
WARNING: sun.misc.Unsafe::objectFieldOffset will be removed in a future release
# Warmup Iteration   1: Input: n=100000, keys=2048, observedHotFraction=0.000490, poolParallelism=3, availableProcessors=4
2.504 ms/op
# Warmup Iteration   2: 1.993 ms/op
# Warmup Iteration   3: 1.964 ms/op
# Warmup Iteration   4: 2.038 ms/op
# Warmup Iteration   5: 2.078 ms/op
Iteration   1: 2.043 ms/op
                 gc.alloc.rate:      834.479 MB/sec
                 gc.alloc.rate.norm: 1788504.294 B/op
                 gc.count:           2.000 counts
                 gc.time:            4.000 ms

Iteration   2: 2.044 ms/op
                 gc.alloc.rate:      834.062 MB/sec
                 gc.alloc.rate.norm: 1788406.678 B/op
                 gc.count:           3.000 counts
                 gc.time:            3.000 ms

Iteration   3: 2.050 ms/op
                 gc.alloc.rate:      831.716 MB/sec
                 gc.alloc.rate.norm: 1788584.738 B/op
                 gc.count:           3.000 counts
                 gc.time:            3.000 ms

Iteration   4: 2.050 ms/op
                 gc.alloc.rate:      831.866 MB/sec
                 gc.alloc.rate.norm: 1788558.984 B/op
                 gc.count:           2.000 counts
                 gc.time:            1.000 ms

Iteration   5: 2.055 ms/op
                 gc.alloc.rate:      829.883 MB/sec
                 gc.alloc.rate.norm: 1788400.903 B/op
                 gc.count:           3.000 counts
                 gc.time:            3.000 ms


# Run progress: 34.26% complete, ETA 00:12:24
# Fork: 2 of 3
WARNING: A terminally deprecated method in sun.misc.Unsafe has been called
WARNING: sun.misc.Unsafe::objectFieldOffset has been called by org.openjdk.jmh.util.Utils (file:/home/test/Workspaces/JavaWorkspace/JavaStream_KeySkew/.deps/jmh-core-1.37.jar)
WARNING: Please consider reporting this to the maintainers of class org.openjdk.jmh.util.Utils
WARNING: sun.misc.Unsafe::objectFieldOffset will be removed in a future release
# Warmup Iteration   1: Input: n=100000, keys=2048, observedHotFraction=0.000490, poolParallelism=3, availableProcessors=4
2.574 ms/op
# Warmup Iteration   2: 2.017 ms/op
# Warmup Iteration   3: 1.992 ms/op
# Warmup Iteration   4: 1.971 ms/op
# Warmup Iteration   5: 2.077 ms/op
Iteration   1: 1.942 ms/op
                 gc.alloc.rate:      878.212 MB/sec
                 gc.alloc.rate.norm: 1788381.597 B/op
                 gc.count:           2.000 counts
                 gc.time:            5.000 ms

Iteration   2: 2.157 ms/op
                 gc.alloc.rate:      789.833 MB/sec
                 gc.alloc.rate.norm: 1786718.690 B/op
                 gc.count:           3.000 counts
                 gc.time:            3.000 ms

Iteration   3: 2.076 ms/op
                 gc.alloc.rate:      820.888 MB/sec
                 gc.alloc.rate.norm: 1787084.183 B/op
                 gc.count:           3.000 counts
                 gc.time:            2.000 ms

Iteration   4: 2.090 ms/op
                 gc.alloc.rate:      815.188 MB/sec
                 gc.alloc.rate.norm: 1787092.509 B/op
                 gc.count:           2.000 counts
                 gc.time:            1.000 ms

Iteration   5: 2.096 ms/op
                 gc.alloc.rate:      812.987 MB/sec
                 gc.alloc.rate.norm: 1787151.213 B/op
                 gc.count:           3.000 counts
                 gc.time:            3.000 ms


# Run progress: 35.19% complete, ETA 00:12:13
# Fork: 3 of 3
WARNING: A terminally deprecated method in sun.misc.Unsafe has been called
WARNING: sun.misc.Unsafe::objectFieldOffset has been called by org.openjdk.jmh.util.Utils (file:/home/test/Workspaces/JavaWorkspace/JavaStream_KeySkew/.deps/jmh-core-1.37.jar)
WARNING: Please consider reporting this to the maintainers of class org.openjdk.jmh.util.Utils
WARNING: sun.misc.Unsafe::objectFieldOffset will be removed in a future release
# Warmup Iteration   1: Input: n=100000, keys=2048, observedHotFraction=0.000490, poolParallelism=3, availableProcessors=4
2.454 ms/op
# Warmup Iteration   2: 2.155 ms/op
# Warmup Iteration   3: 2.124 ms/op
# Warmup Iteration   4: 2.192 ms/op
# Warmup Iteration   5: 2.125 ms/op
Iteration   1: 2.096 ms/op
                 gc.alloc.rate:      813.279 MB/sec
                 gc.alloc.rate.norm: 1787754.326 B/op
                 gc.count:           3.000 counts
                 gc.time:            8.000 ms

Iteration   2: 2.081 ms/op
                 gc.alloc.rate:      819.248 MB/sec
                 gc.alloc.rate.norm: 1788002.561 B/op
                 gc.count:           2.000 counts
                 gc.time:            1.000 ms

Iteration   3: 2.080 ms/op
                 gc.alloc.rate:      819.468 MB/sec
                 gc.alloc.rate.norm: 1787958.669 B/op
                 gc.count:           3.000 counts
                 gc.time:            3.000 ms

Iteration   4: 2.091 ms/op
                 gc.alloc.rate:      815.487 MB/sec
                 gc.alloc.rate.norm: 1788050.305 B/op
                 gc.count:           3.000 counts
                 gc.time:            2.000 ms

Iteration   5: 2.081 ms/op
                 gc.alloc.rate:      818.044 MB/sec
                 gc.alloc.rate.norm: 1787648.432 B/op
                 gc.count:           2.000 counts
                 gc.time:            2.000 ms



Result "research.skew.AggregationBenchmark.parallelConcurrentAdder":
  2.069 ±(99.9%) 0.049 ms/op [Average]
  (min, avg, max) = (1.942, 2.069, 2.157), stdev = 0.045
  CI (99.9%): [2.020, 2.117] (assumes normal distribution)

Secondary result "research.skew.AggregationBenchmark.parallelConcurrentAdder:gc.alloc.rate":
  824.309 ±(99.9%) 20.095 MB/sec [Average]
  (min, avg, max) = (789.833, 824.309, 878.212), stdev = 18.797
  CI (99.9%): [804.214, 844.405] (assumes normal distribution)

Secondary result "research.skew.AggregationBenchmark.parallelConcurrentAdder:gc.alloc.rate.norm":
  1787886.539 ±(99.9%) 663.948 B/op [Average]
  (min, avg, max) = (1786718.690, 1787886.539, 1788584.738), stdev = 621.058
  CI (99.9%): [1787222.591, 1788550.487] (assumes normal distribution)

Secondary result "research.skew.AggregationBenchmark.parallelConcurrentAdder:gc.count":
  39.000 ±(99.9%) 0.001 counts [Sum]
  (min, avg, max) = (2.000, 2.600, 3.000), stdev = 0.507
  CI (99.9%): [39.000, 39.000] (assumes normal distribution)

Secondary result "research.skew.AggregationBenchmark.parallelConcurrentAdder:gc.time":
  44.000 ±(99.9%) 0.001 ms [Sum]
  (min, avg, max) = (1.000, 2.933, 8.000), stdev = 1.792
  CI (99.9%): [44.000, 44.000] (assumes normal distribution)


# JMH version: 1.37
# VM version: JDK 25.0.4.1, OpenJDK 64-Bit Server VM, 25.0.4.1+1-LTS
# VM invoker: /home/test/jdk/jdk-25.0.4.1+1/bin/java
# VM options: -Xms512m -Xmx512m -Djava.util.concurrent.ForkJoinPool.common.parallelism=3
# Blackhole mode: compiler (auto-detected, use -Djmh.blackhole.autoDetect=false to disable)
# Warmup: 5 iterations, 1 s each
# Measurement: 5 iterations, 1 s each
# Timeout: 10 min per iteration
# Threads: 1 thread, will synchronize iterations
# Benchmark mode: Average time, time/op
# Benchmark: research.skew.AggregationBenchmark.parallelConcurrentAdder
# Parameters: (cardinality = 2048, distribution = hot50, seed = 20260929, size = 100000)

# Run progress: 36.11% complete, ETA 00:12:03
# Fork: 1 of 3
WARNING: A terminally deprecated method in sun.misc.Unsafe has been called
WARNING: sun.misc.Unsafe::objectFieldOffset has been called by org.openjdk.jmh.util.Utils (file:/home/test/Workspaces/JavaWorkspace/JavaStream_KeySkew/.deps/jmh-core-1.37.jar)
WARNING: Please consider reporting this to the maintainers of class org.openjdk.jmh.util.Utils
WARNING: sun.misc.Unsafe::objectFieldOffset will be removed in a future release
# Warmup Iteration   1: Input: n=100000, keys=2048, observedHotFraction=0.500000, poolParallelism=3, availableProcessors=4
2.015 ms/op
# Warmup Iteration   2: 1.712 ms/op
# Warmup Iteration   3: 1.715 ms/op
# Warmup Iteration   4: 1.694 ms/op
# Warmup Iteration   5: 1.685 ms/op
Iteration   1: 1.668 ms/op
                 gc.alloc.rate:      1017.996 MB/sec
                 gc.alloc.rate.norm: 1781146.733 B/op
                 gc.count:           3.000 counts
                 gc.time:            2.000 ms

Iteration   2: 1.661 ms/op
                 gc.alloc.rate:      1022.115 MB/sec
                 gc.alloc.rate.norm: 1781221.930 B/op
                 gc.count:           4.000 counts
                 gc.time:            4.000 ms

Iteration   3: 1.670 ms/op
                 gc.alloc.rate:      1016.805 MB/sec
                 gc.alloc.rate.norm: 1781146.484 B/op
                 gc.count:           3.000 counts
                 gc.time:            3.000 ms

Iteration   4: 1.676 ms/op
                 gc.alloc.rate:      1013.472 MB/sec
                 gc.alloc.rate.norm: 1781103.425 B/op
                 gc.count:           3.000 counts
                 gc.time:            2.000 ms

Iteration   5: 1.676 ms/op
                 gc.alloc.rate:      1013.049 MB/sec
                 gc.alloc.rate.norm: 1781011.725 B/op
                 gc.count:           4.000 counts
                 gc.time:            3.000 ms


# Run progress: 37.04% complete, ETA 00:11:52
# Fork: 2 of 3
WARNING: A terminally deprecated method in sun.misc.Unsafe has been called
WARNING: sun.misc.Unsafe::objectFieldOffset has been called by org.openjdk.jmh.util.Utils (file:/home/test/Workspaces/JavaWorkspace/JavaStream_KeySkew/.deps/jmh-core-1.37.jar)
WARNING: Please consider reporting this to the maintainers of class org.openjdk.jmh.util.Utils
WARNING: sun.misc.Unsafe::objectFieldOffset will be removed in a future release
# Warmup Iteration   1: Input: n=100000, keys=2048, observedHotFraction=0.500000, poolParallelism=3, availableProcessors=4
2.082 ms/op
# Warmup Iteration   2: 1.833 ms/op
# Warmup Iteration   3: 1.819 ms/op
# Warmup Iteration   4: 1.814 ms/op
# Warmup Iteration   5: 1.805 ms/op
Iteration   1: 1.790 ms/op
                 gc.alloc.rate:      948.629 MB/sec
                 gc.alloc.rate.norm: 1780884.751 B/op
                 gc.count:           4.000 counts
                 gc.time:            3.000 ms

Iteration   2: 1.819 ms/op
                 gc.alloc.rate:      933.064 MB/sec
                 gc.alloc.rate.norm: 1780690.487 B/op
                 gc.count:           3.000 counts
                 gc.time:            2.000 ms

Iteration   3: 1.812 ms/op
                 gc.alloc.rate:      937.003 MB/sec
                 gc.alloc.rate.norm: 1780975.522 B/op
                 gc.count:           3.000 counts
                 gc.time:            2.000 ms

Iteration   4: 1.800 ms/op
                 gc.alloc.rate:      943.493 MB/sec
                 gc.alloc.rate.norm: 1780987.597 B/op
                 gc.count:           3.000 counts
                 gc.time:            3.000 ms

Iteration   5: 1.818 ms/op
                 gc.alloc.rate:      933.877 MB/sec
                 gc.alloc.rate.norm: 1780753.873 B/op
                 gc.count:           3.000 counts
                 gc.time:            3.000 ms


# Run progress: 37.96% complete, ETA 00:11:42
# Fork: 3 of 3
WARNING: A terminally deprecated method in sun.misc.Unsafe has been called
WARNING: sun.misc.Unsafe::objectFieldOffset has been called by org.openjdk.jmh.util.Utils (file:/home/test/Workspaces/JavaWorkspace/JavaStream_KeySkew/.deps/jmh-core-1.37.jar)
WARNING: Please consider reporting this to the maintainers of class org.openjdk.jmh.util.Utils
WARNING: sun.misc.Unsafe::objectFieldOffset will be removed in a future release
# Warmup Iteration   1: Input: n=100000, keys=2048, observedHotFraction=0.500000, poolParallelism=3, availableProcessors=4
2.015 ms/op
# Warmup Iteration   2: 1.605 ms/op
# Warmup Iteration   3: 1.615 ms/op
# Warmup Iteration   4: 1.589 ms/op
# Warmup Iteration   5: 1.573 ms/op
Iteration   1: 1.567 ms/op
                 gc.alloc.rate:      1084.073 MB/sec
                 gc.alloc.rate.norm: 1781426.717 B/op
                 gc.count:           4.000 counts
                 gc.time:            4.000 ms

Iteration   2: 1.559 ms/op
                 gc.alloc.rate:      1089.532 MB/sec
                 gc.alloc.rate.norm: 1781565.408 B/op
                 gc.count:           3.000 counts
                 gc.time:            3.000 ms

Iteration   3: 1.697 ms/op
                 gc.alloc.rate:      1000.844 MB/sec
                 gc.alloc.rate.norm: 1780983.417 B/op
                 gc.count:           3.000 counts
                 gc.time:            2.000 ms

Iteration   4: 1.711 ms/op
                 gc.alloc.rate:      992.341 MB/sec
                 gc.alloc.rate.norm: 1781007.385 B/op
                 gc.count:           4.000 counts
                 gc.time:            4.000 ms

Iteration   5: 1.689 ms/op
                 gc.alloc.rate:      1005.225 MB/sec
                 gc.alloc.rate.norm: 1781100.951 B/op
                 gc.count:           3.000 counts
                 gc.time:            2.000 ms



Result "research.skew.AggregationBenchmark.parallelConcurrentAdder":
  1.708 ±(99.9%) 0.091 ms/op [Average]
  (min, avg, max) = (1.559, 1.708, 1.819), stdev = 0.085
  CI (99.9%): [1.617, 1.798] (assumes normal distribution)

Secondary result "research.skew.AggregationBenchmark.parallelConcurrentAdder:gc.alloc.rate":
  996.768 ±(99.9%) 53.541 MB/sec [Average]
  (min, avg, max) = (933.064, 996.768, 1089.532), stdev = 50.082
  CI (99.9%): [943.227, 1050.308] (assumes normal distribution)

Secondary result "research.skew.AggregationBenchmark.parallelConcurrentAdder:gc.alloc.rate.norm":
  1781067.094 ±(99.9%) 242.147 B/op [Average]
  (min, avg, max) = (1780690.487, 1781067.094, 1781565.408), stdev = 226.504
  CI (99.9%): [1780824.947, 1781309.240] (assumes normal distribution)

Secondary result "research.skew.AggregationBenchmark.parallelConcurrentAdder:gc.count":
  50.000 ±(99.9%) 0.001 counts [Sum]
  (min, avg, max) = (3.000, 3.333, 4.000), stdev = 0.488
  CI (99.9%): [50.000, 50.000] (assumes normal distribution)

Secondary result "research.skew.AggregationBenchmark.parallelConcurrentAdder:gc.time":
  42.000 ±(99.9%) 0.001 ms [Sum]
  (min, avg, max) = (2.000, 2.800, 4.000), stdev = 0.775
  CI (99.9%): [42.000, 42.000] (assumes normal distribution)


# JMH version: 1.37
# VM version: JDK 25.0.4.1, OpenJDK 64-Bit Server VM, 25.0.4.1+1-LTS
# VM invoker: /home/test/jdk/jdk-25.0.4.1+1/bin/java
# VM options: -Xms512m -Xmx512m -Djava.util.concurrent.ForkJoinPool.common.parallelism=3
# Blackhole mode: compiler (auto-detected, use -Djmh.blackhole.autoDetect=false to disable)
# Warmup: 5 iterations, 1 s each
# Measurement: 5 iterations, 1 s each
# Timeout: 10 min per iteration
# Threads: 1 thread, will synchronize iterations
# Benchmark mode: Average time, time/op
# Benchmark: research.skew.AggregationBenchmark.parallelConcurrentAdder
# Parameters: (cardinality = 2048, distribution = hot90, seed = 20260929, size = 100000)

# Run progress: 38.89% complete, ETA 00:11:31
# Fork: 1 of 3
WARNING: A terminally deprecated method in sun.misc.Unsafe has been called
WARNING: sun.misc.Unsafe::objectFieldOffset has been called by org.openjdk.jmh.util.Utils (file:/home/test/Workspaces/JavaWorkspace/JavaStream_KeySkew/.deps/jmh-core-1.37.jar)
WARNING: Please consider reporting this to the maintainers of class org.openjdk.jmh.util.Utils
WARNING: sun.misc.Unsafe::objectFieldOffset will be removed in a future release
# Warmup Iteration   1: Input: n=100000, keys=2048, observedHotFraction=0.900000, poolParallelism=3, availableProcessors=4
5.062 ms/op
# Warmup Iteration   2: 4.961 ms/op
# Warmup Iteration   3: 5.234 ms/op
# Warmup Iteration   4: 4.998 ms/op
# Warmup Iteration   5: 5.079 ms/op
Iteration   1: 4.875 ms/op
                 gc.alloc.rate:      347.546 MB/sec
                 gc.alloc.rate.norm: 1777085.333 B/op
                 gc.count:           1.000 counts
                 gc.time:            3.000 ms

Iteration   2: 5.142 ms/op
                 gc.alloc.rate:      329.418 MB/sec
                 gc.alloc.rate.norm: 1776908.759 B/op
                 gc.count:           1.000 counts
                 gc.time:            2.000 ms

Iteration   3: 5.135 ms/op
                 gc.alloc.rate:      329.942 MB/sec
                 gc.alloc.rate.norm: 1776956.286 B/op
                 gc.count:           1.000 counts
                 gc.time:            3.000 ms

Iteration   4: 4.917 ms/op
                 gc.alloc.rate:      344.546 MB/sec
                 gc.alloc.rate.norm: 1777021.216 B/op
                 gc.count:           1.000 counts
                 gc.time:            3.000 ms

Iteration   5: 5.128 ms/op
                 gc.alloc.rate:      330.347 MB/sec
                 gc.alloc.rate.norm: 1776925.796 B/op
                 gc.count:           1.000 counts
                 gc.time:            3.000 ms


# Run progress: 39.81% complete, ETA 00:11:21
# Fork: 2 of 3
WARNING: A terminally deprecated method in sun.misc.Unsafe has been called
WARNING: sun.misc.Unsafe::objectFieldOffset has been called by org.openjdk.jmh.util.Utils (file:/home/test/Workspaces/JavaWorkspace/JavaStream_KeySkew/.deps/jmh-core-1.37.jar)
WARNING: Please consider reporting this to the maintainers of class org.openjdk.jmh.util.Utils
WARNING: sun.misc.Unsafe::objectFieldOffset will be removed in a future release
# Warmup Iteration   1: Input: n=100000, keys=2048, observedHotFraction=0.900000, poolParallelism=3, availableProcessors=4
7.000 ms/op
# Warmup Iteration   2: 5.620 ms/op
# Warmup Iteration   3: 6.810 ms/op
# Warmup Iteration   4: 5.627 ms/op
# Warmup Iteration   5: 5.159 ms/op
Iteration   1: 5.687 ms/op
                 gc.alloc.rate:      297.892 MB/sec
                 gc.alloc.rate.norm: 1777058.000 B/op
                 gc.count:           1.000 counts
                 gc.time:            3.000 ms

Iteration   2: 6.264 ms/op
                 gc.alloc.rate:      270.489 MB/sec
                 gc.alloc.rate.norm: 1777259.200 B/op
                 gc.count:           1.000 counts
                 gc.time:            3.000 ms

Iteration   3: 5.254 ms/op
                 gc.alloc.rate:      322.474 MB/sec
                 gc.alloc.rate.norm: 1777097.089 B/op
                 gc.count:           1.000 counts
                 gc.time:            3.000 ms

Iteration   4: 6.111 ms/op
                 gc.alloc.rate:      277.213 MB/sec
                 gc.alloc.rate.norm: 1777014.341 B/op
                 gc.count:           1.000 counts
                 gc.time:            2.000 ms

Iteration   5: 5.194 ms/op
                 gc.alloc.rate:      326.147 MB/sec
                 gc.alloc.rate.norm: 1776943.585 B/op
                 gc.count:           1.000 counts
                 gc.time:            3.000 ms


# Run progress: 40.74% complete, ETA 00:11:10
# Fork: 3 of 3
WARNING: A terminally deprecated method in sun.misc.Unsafe has been called
WARNING: sun.misc.Unsafe::objectFieldOffset has been called by org.openjdk.jmh.util.Utils (file:/home/test/Workspaces/JavaWorkspace/JavaStream_KeySkew/.deps/jmh-core-1.37.jar)
WARNING: Please consider reporting this to the maintainers of class org.openjdk.jmh.util.Utils
WARNING: sun.misc.Unsafe::objectFieldOffset will be removed in a future release
# Warmup Iteration   1: Input: n=100000, keys=2048, observedHotFraction=0.900000, poolParallelism=3, availableProcessors=4
6.535 ms/op
# Warmup Iteration   2: 5.865 ms/op
# Warmup Iteration   3: 6.055 ms/op
# Warmup Iteration   4: 5.422 ms/op
# Warmup Iteration   5: 5.723 ms/op
Iteration   1: 5.302 ms/op
                 gc.alloc.rate:      319.537 MB/sec
                 gc.alloc.rate.norm: 1776997.418 B/op
                 gc.count:           1.000 counts
                 gc.time:            3.000 ms

Iteration   2: 6.145 ms/op
                 gc.alloc.rate:      275.709 MB/sec
                 gc.alloc.rate.norm: 1777046.976 B/op
                 gc.count:           1.000 counts
                 gc.time:            2.000 ms

Iteration   3: 5.987 ms/op
                 gc.alloc.rate:      282.995 MB/sec
                 gc.alloc.rate.norm: 1777193.952 B/op
                 gc.count:           1.000 counts
                 gc.time:            3.000 ms

Iteration   4: 6.143 ms/op
                 gc.alloc.rate:      275.864 MB/sec
                 gc.alloc.rate.norm: 1777339.902 B/op
                 gc.count:           1.000 counts
                 gc.time:            4.000 ms

Iteration   5: 6.084 ms/op
                 gc.alloc.rate:      278.443 MB/sec
                 gc.alloc.rate.norm: 1776915.879 B/op
                 gc.count:           1.000 counts
                 gc.time:            3.000 ms



Result "research.skew.AggregationBenchmark.parallelConcurrentAdder":
  5.558 ±(99.9%) 0.547 ms/op [Average]
  (min, avg, max) = (4.875, 5.558, 6.264), stdev = 0.512
  CI (99.9%): [5.010, 6.105] (assumes normal distribution)

Secondary result "research.skew.AggregationBenchmark.parallelConcurrentAdder:gc.alloc.rate":
  307.237 ±(99.9%) 30.012 MB/sec [Average]
  (min, avg, max) = (270.489, 307.237, 347.546), stdev = 28.073
  CI (99.9%): [277.225, 337.250] (assumes normal distribution)

Secondary result "research.skew.AggregationBenchmark.parallelConcurrentAdder:gc.alloc.rate.norm":
  1777050.916 ±(99.9%) 137.143 B/op [Average]
  (min, avg, max) = (1776908.759, 1777050.916, 1777339.902), stdev = 128.283
  CI (99.9%): [1776913.773, 1777188.058] (assumes normal distribution)

Secondary result "research.skew.AggregationBenchmark.parallelConcurrentAdder:gc.count":
  15.000 ±(99.9%) 0.001 counts [Sum]
  (min, avg, max) = (1.000, 1.000, 1.000), stdev = 0.001
  CI (99.9%): [15.000, 15.000] (assumes normal distribution)

Secondary result "research.skew.AggregationBenchmark.parallelConcurrentAdder:gc.time":
  43.000 ±(99.9%) 0.001 ms [Sum]
  (min, avg, max) = (2.000, 2.867, 4.000), stdev = 0.516
  CI (99.9%): [43.000, 43.000] (assumes normal distribution)


# JMH version: 1.37
# VM version: JDK 25.0.4.1, OpenJDK 64-Bit Server VM, 25.0.4.1+1-LTS
# VM invoker: /home/test/jdk/jdk-25.0.4.1+1/bin/java
# VM options: -Xms512m -Xmx512m -Djava.util.concurrent.ForkJoinPool.common.parallelism=3
# Blackhole mode: compiler (auto-detected, use -Djmh.blackhole.autoDetect=false to disable)
# Warmup: 5 iterations, 1 s each
# Measurement: 5 iterations, 1 s each
# Timeout: 10 min per iteration
# Threads: 1 thread, will synchronize iterations
# Benchmark mode: Average time, time/op
# Benchmark: research.skew.AggregationBenchmark.parallelConcurrentAdder
# Parameters: (cardinality = 4096, distribution = uniform, seed = 20260929, size = 100000)

# Run progress: 41.67% complete, ETA 00:11:00
# Fork: 1 of 3
WARNING: A terminally deprecated method in sun.misc.Unsafe has been called
WARNING: sun.misc.Unsafe::objectFieldOffset has been called by org.openjdk.jmh.util.Utils (file:/home/test/Workspaces/JavaWorkspace/JavaStream_KeySkew/.deps/jmh-core-1.37.jar)
WARNING: Please consider reporting this to the maintainers of class org.openjdk.jmh.util.Utils
WARNING: sun.misc.Unsafe::objectFieldOffset will be removed in a future release
# Warmup Iteration   1: Input: n=100000, keys=4096, observedHotFraction=0.000250, poolParallelism=3, availableProcessors=4
2.618 ms/op
# Warmup Iteration   2: 2.099 ms/op
# Warmup Iteration   3: 2.123 ms/op
# Warmup Iteration   4: 2.091 ms/op
# Warmup Iteration   5: 2.060 ms/op
Iteration   1: 2.055 ms/op
                 gc.alloc.rate:      907.109 MB/sec
                 gc.alloc.rate.norm: 1954817.068 B/op
                 gc.count:           3.000 counts
                 gc.time:            6.000 ms

Iteration   2: 2.037 ms/op
                 gc.alloc.rate:      915.038 MB/sec
                 gc.alloc.rate.norm: 1955086.878 B/op
                 gc.count:           3.000 counts
                 gc.time:            3.000 ms

Iteration   3: 2.030 ms/op
                 gc.alloc.rate:      918.205 MB/sec
                 gc.alloc.rate.norm: 1954769.396 B/op
                 gc.count:           3.000 counts
                 gc.time:            3.000 ms

Iteration   4: 2.032 ms/op
                 gc.alloc.rate:      917.279 MB/sec
                 gc.alloc.rate.norm: 1955145.363 B/op
                 gc.count:           3.000 counts
                 gc.time:            3.000 ms

Iteration   5: 2.041 ms/op
                 gc.alloc.rate:      912.939 MB/sec
                 gc.alloc.rate.norm: 1954730.367 B/op
                 gc.count:           3.000 counts
                 gc.time:            3.000 ms


# Run progress: 42.59% complete, ETA 00:10:49
# Fork: 2 of 3
WARNING: A terminally deprecated method in sun.misc.Unsafe has been called
WARNING: sun.misc.Unsafe::objectFieldOffset has been called by org.openjdk.jmh.util.Utils (file:/home/test/Workspaces/JavaWorkspace/JavaStream_KeySkew/.deps/jmh-core-1.37.jar)
WARNING: Please consider reporting this to the maintainers of class org.openjdk.jmh.util.Utils
WARNING: sun.misc.Unsafe::objectFieldOffset will be removed in a future release
# Warmup Iteration   1: Input: n=100000, keys=4096, observedHotFraction=0.000250, poolParallelism=3, availableProcessors=4
2.950 ms/op
# Warmup Iteration   2: 2.339 ms/op
# Warmup Iteration   3: 2.284 ms/op
# Warmup Iteration   4: 2.264 ms/op
# Warmup Iteration   5: 2.288 ms/op
Iteration   1: 2.272 ms/op
                 gc.alloc.rate:      820.046 MB/sec
                 gc.alloc.rate.norm: 1954056.907 B/op
                 gc.count:           3.000 counts
                 gc.time:            8.000 ms

Iteration   2: 2.253 ms/op
                 gc.alloc.rate:      827.099 MB/sec
                 gc.alloc.rate.norm: 1954484.270 B/op
                 gc.count:           3.000 counts
                 gc.time:            2.000 ms

Iteration   3: 2.253 ms/op
                 gc.alloc.rate:      826.799 MB/sec
                 gc.alloc.rate.norm: 1954062.721 B/op
                 gc.count:           2.000 counts
                 gc.time:            2.000 ms

Iteration   4: 2.255 ms/op
                 gc.alloc.rate:      826.362 MB/sec
                 gc.alloc.rate.norm: 1954305.135 B/op
                 gc.count:           3.000 counts
                 gc.time:            4.000 ms

Iteration   5: 2.253 ms/op
                 gc.alloc.rate:      826.663 MB/sec
                 gc.alloc.rate.norm: 1954132.378 B/op
                 gc.count:           3.000 counts
                 gc.time:            2.000 ms


# Run progress: 43.52% complete, ETA 00:10:39
# Fork: 3 of 3
WARNING: A terminally deprecated method in sun.misc.Unsafe has been called
WARNING: sun.misc.Unsafe::objectFieldOffset has been called by org.openjdk.jmh.util.Utils (file:/home/test/Workspaces/JavaWorkspace/JavaStream_KeySkew/.deps/jmh-core-1.37.jar)
WARNING: Please consider reporting this to the maintainers of class org.openjdk.jmh.util.Utils
WARNING: sun.misc.Unsafe::objectFieldOffset will be removed in a future release
# Warmup Iteration   1: Input: n=100000, keys=4096, observedHotFraction=0.000250, poolParallelism=3, availableProcessors=4
2.631 ms/op
# Warmup Iteration   2: 2.129 ms/op
# Warmup Iteration   3: 2.129 ms/op
# Warmup Iteration   4: 2.128 ms/op
# Warmup Iteration   5: 2.069 ms/op
Iteration   1: 2.054 ms/op
                 gc.alloc.rate:      907.070 MB/sec
                 gc.alloc.rate.norm: 1954561.101 B/op
                 gc.count:           3.000 counts
                 gc.time:            5.000 ms

Iteration   2: 2.050 ms/op
                 gc.alloc.rate:      909.098 MB/sec
                 gc.alloc.rate.norm: 1954570.721 B/op
                 gc.count:           3.000 counts
                 gc.time:            3.000 ms

Iteration   3: 2.046 ms/op
                 gc.alloc.rate:      910.633 MB/sec
                 gc.alloc.rate.norm: 1954403.517 B/op
                 gc.count:           3.000 counts
                 gc.time:            2.000 ms

Iteration   4: 2.044 ms/op
                 gc.alloc.rate:      911.625 MB/sec
                 gc.alloc.rate.norm: 1954475.788 B/op
                 gc.count:           3.000 counts
                 gc.time:            4.000 ms

Iteration   5: 2.043 ms/op
                 gc.alloc.rate:      911.938 MB/sec
                 gc.alloc.rate.norm: 1954374.077 B/op
                 gc.count:           3.000 counts
                 gc.time:            3.000 ms



Result "research.skew.AggregationBenchmark.parallelConcurrentAdder":
  2.115 ±(99.9%) 0.112 ms/op [Average]
  (min, avg, max) = (2.030, 2.115, 2.272), stdev = 0.105
  CI (99.9%): [2.003, 2.227] (assumes normal distribution)

Secondary result "research.skew.AggregationBenchmark.parallelConcurrentAdder:gc.alloc.rate":
  883.194 ±(99.9%) 45.381 MB/sec [Average]
  (min, avg, max) = (820.046, 883.194, 918.205), stdev = 42.449
  CI (99.9%): [837.813, 928.574] (assumes normal distribution)

Secondary result "research.skew.AggregationBenchmark.parallelConcurrentAdder:gc.alloc.rate.norm":
  1954531.713 ±(99.9%) 357.708 B/op [Average]
  (min, avg, max) = (1954056.907, 1954531.713, 1955145.363), stdev = 334.601
  CI (99.9%): [1954174.004, 1954889.421] (assumes normal distribution)

Secondary result "research.skew.AggregationBenchmark.parallelConcurrentAdder:gc.count":
  44.000 ±(99.9%) 0.001 counts [Sum]
  (min, avg, max) = (2.000, 2.933, 3.000), stdev = 0.258
  CI (99.9%): [44.000, 44.000] (assumes normal distribution)

Secondary result "research.skew.AggregationBenchmark.parallelConcurrentAdder:gc.time":
  53.000 ±(99.9%) 0.001 ms [Sum]
  (min, avg, max) = (2.000, 3.533, 8.000), stdev = 1.685
  CI (99.9%): [53.000, 53.000] (assumes normal distribution)


# JMH version: 1.37
# VM version: JDK 25.0.4.1, OpenJDK 64-Bit Server VM, 25.0.4.1+1-LTS
# VM invoker: /home/test/jdk/jdk-25.0.4.1+1/bin/java
# VM options: -Xms512m -Xmx512m -Djava.util.concurrent.ForkJoinPool.common.parallelism=3
# Blackhole mode: compiler (auto-detected, use -Djmh.blackhole.autoDetect=false to disable)
# Warmup: 5 iterations, 1 s each
# Measurement: 5 iterations, 1 s each
# Timeout: 10 min per iteration
# Threads: 1 thread, will synchronize iterations
# Benchmark mode: Average time, time/op
# Benchmark: research.skew.AggregationBenchmark.parallelConcurrentAdder
# Parameters: (cardinality = 4096, distribution = hot50, seed = 20260929, size = 100000)

# Run progress: 44.44% complete, ETA 00:10:28
# Fork: 1 of 3
WARNING: A terminally deprecated method in sun.misc.Unsafe has been called
WARNING: sun.misc.Unsafe::objectFieldOffset has been called by org.openjdk.jmh.util.Utils (file:/home/test/Workspaces/JavaWorkspace/JavaStream_KeySkew/.deps/jmh-core-1.37.jar)
WARNING: Please consider reporting this to the maintainers of class org.openjdk.jmh.util.Utils
WARNING: sun.misc.Unsafe::objectFieldOffset will be removed in a future release
# Warmup Iteration   1: Input: n=100000, keys=4096, observedHotFraction=0.500000, poolParallelism=3, availableProcessors=4
2.272 ms/op
# Warmup Iteration   2: 1.705 ms/op
# Warmup Iteration   3: 1.713 ms/op
# Warmup Iteration   4: 1.675 ms/op
# Warmup Iteration   5: 1.669 ms/op
Iteration   1: 1.665 ms/op
                 gc.alloc.rate:      1117.672 MB/sec
                 gc.alloc.rate.norm: 1951906.436 B/op
                 gc.count:           4.000 counts
                 gc.time:            4.000 ms

Iteration   2: 1.668 ms/op
                 gc.alloc.rate:      1115.480 MB/sec
                 gc.alloc.rate.norm: 1952000.373 B/op
                 gc.count:           4.000 counts
                 gc.time:            3.000 ms

Iteration   3: 1.653 ms/op
                 gc.alloc.rate:      1126.027 MB/sec
                 gc.alloc.rate.norm: 1951940.845 B/op
                 gc.count:           3.000 counts
                 gc.time:            3.000 ms

Iteration   4: 1.680 ms/op
                 gc.alloc.rate:      1108.039 MB/sec
                 gc.alloc.rate.norm: 1951981.101 B/op
                 gc.count:           4.000 counts
                 gc.time:            3.000 ms

Iteration   5: 1.681 ms/op
                 gc.alloc.rate:      1107.235 MB/sec
                 gc.alloc.rate.norm: 1951901.463 B/op
                 gc.count:           4.000 counts
                 gc.time:            4.000 ms


# Run progress: 45.37% complete, ETA 00:10:18
# Fork: 2 of 3
WARNING: A terminally deprecated method in sun.misc.Unsafe has been called
WARNING: sun.misc.Unsafe::objectFieldOffset has been called by org.openjdk.jmh.util.Utils (file:/home/test/Workspaces/JavaWorkspace/JavaStream_KeySkew/.deps/jmh-core-1.37.jar)
WARNING: Please consider reporting this to the maintainers of class org.openjdk.jmh.util.Utils
WARNING: sun.misc.Unsafe::objectFieldOffset will be removed in a future release
# Warmup Iteration   1: Input: n=100000, keys=4096, observedHotFraction=0.500000, poolParallelism=3, availableProcessors=4
2.283 ms/op
# Warmup Iteration   2: 1.717 ms/op
# Warmup Iteration   3: 1.704 ms/op
# Warmup Iteration   4: 1.692 ms/op
# Warmup Iteration   5: 1.686 ms/op
Iteration   1: 1.673 ms/op
                 gc.alloc.rate:      1111.962 MB/sec
                 gc.alloc.rate.norm: 1951873.003 B/op
                 gc.count:           4.000 counts
                 gc.time:            5.000 ms

Iteration   2: 1.679 ms/op
                 gc.alloc.rate:      1108.106 MB/sec
                 gc.alloc.rate.norm: 1951830.940 B/op
                 gc.count:           4.000 counts
                 gc.time:            4.000 ms

Iteration   3: 1.679 ms/op
                 gc.alloc.rate:      1108.668 MB/sec
                 gc.alloc.rate.norm: 1951829.409 B/op
                 gc.count:           3.000 counts
                 gc.time:            3.000 ms

Iteration   4: 1.686 ms/op
                 gc.alloc.rate:      1104.096 MB/sec
                 gc.alloc.rate.norm: 1951810.963 B/op
                 gc.count:           4.000 counts
                 gc.time:            4.000 ms

Iteration   5: 1.697 ms/op
                 gc.alloc.rate:      1096.489 MB/sec
                 gc.alloc.rate.norm: 1951849.817 B/op
                 gc.count:           3.000 counts
                 gc.time:            3.000 ms


# Run progress: 46.30% complete, ETA 00:10:07
# Fork: 3 of 3
WARNING: A terminally deprecated method in sun.misc.Unsafe has been called
WARNING: sun.misc.Unsafe::objectFieldOffset has been called by org.openjdk.jmh.util.Utils (file:/home/test/Workspaces/JavaWorkspace/JavaStream_KeySkew/.deps/jmh-core-1.37.jar)
WARNING: Please consider reporting this to the maintainers of class org.openjdk.jmh.util.Utils
WARNING: sun.misc.Unsafe::objectFieldOffset will be removed in a future release
# Warmup Iteration   1: Input: n=100000, keys=4096, observedHotFraction=0.500000, poolParallelism=3, availableProcessors=4
2.062 ms/op
# Warmup Iteration   2: 1.735 ms/op
# Warmup Iteration   3: 1.733 ms/op
# Warmup Iteration   4: 1.709 ms/op
# Warmup Iteration   5: 1.734 ms/op
Iteration   1: 1.667 ms/op
                 gc.alloc.rate:      1115.984 MB/sec
                 gc.alloc.rate.norm: 1951930.103 B/op
                 gc.count:           4.000 counts
                 gc.time:            4.000 ms

Iteration   2: 1.674 ms/op
                 gc.alloc.rate:      1111.346 MB/sec
                 gc.alloc.rate.norm: 1951850.595 B/op
                 gc.count:           4.000 counts
                 gc.time:            4.000 ms

Iteration   3: 1.667 ms/op
                 gc.alloc.rate:      1116.167 MB/sec
                 gc.alloc.rate.norm: 1951839.267 B/op
                 gc.count:           3.000 counts
                 gc.time:            2.000 ms

Iteration   4: 1.688 ms/op
                 gc.alloc.rate:      1102.376 MB/sec
                 gc.alloc.rate.norm: 1951847.528 B/op
                 gc.count:           4.000 counts
                 gc.time:            5.000 ms

Iteration   5: 1.688 ms/op
                 gc.alloc.rate:      1102.769 MB/sec
                 gc.alloc.rate.norm: 1952041.282 B/op
                 gc.count:           4.000 counts
                 gc.time:            4.000 ms



Result "research.skew.AggregationBenchmark.parallelConcurrentAdder":
  1.676 ±(99.9%) 0.012 ms/op [Average]
  (min, avg, max) = (1.653, 1.676, 1.697), stdev = 0.011
  CI (99.9%): [1.664, 1.688] (assumes normal distribution)

Secondary result "research.skew.AggregationBenchmark.parallelConcurrentAdder:gc.alloc.rate":
  1110.161 ±(99.9%) 7.926 MB/sec [Average]
  (min, avg, max) = (1096.489, 1110.161, 1126.027), stdev = 7.414
  CI (99.9%): [1102.235, 1118.087] (assumes normal distribution)

Secondary result "research.skew.AggregationBenchmark.parallelConcurrentAdder:gc.alloc.rate.norm":
  1951895.542 ±(99.9%) 74.912 B/op [Average]
  (min, avg, max) = (1951810.963, 1951895.542, 1952041.282), stdev = 70.073
  CI (99.9%): [1951820.630, 1951970.453] (assumes normal distribution)

Secondary result "research.skew.AggregationBenchmark.parallelConcurrentAdder:gc.count":
  56.000 ±(99.9%) 0.001 counts [Sum]
  (min, avg, max) = (3.000, 3.733, 4.000), stdev = 0.458
  CI (99.9%): [56.000, 56.000] (assumes normal distribution)

Secondary result "research.skew.AggregationBenchmark.parallelConcurrentAdder:gc.time":
  55.000 ±(99.9%) 0.001 ms [Sum]
  (min, avg, max) = (2.000, 3.667, 5.000), stdev = 0.816
  CI (99.9%): [55.000, 55.000] (assumes normal distribution)


# JMH version: 1.37
# VM version: JDK 25.0.4.1, OpenJDK 64-Bit Server VM, 25.0.4.1+1-LTS
# VM invoker: /home/test/jdk/jdk-25.0.4.1+1/bin/java
# VM options: -Xms512m -Xmx512m -Djava.util.concurrent.ForkJoinPool.common.parallelism=3
# Blackhole mode: compiler (auto-detected, use -Djmh.blackhole.autoDetect=false to disable)
# Warmup: 5 iterations, 1 s each
# Measurement: 5 iterations, 1 s each
# Timeout: 10 min per iteration
# Threads: 1 thread, will synchronize iterations
# Benchmark mode: Average time, time/op
# Benchmark: research.skew.AggregationBenchmark.parallelConcurrentAdder
# Parameters: (cardinality = 4096, distribution = hot90, seed = 20260929, size = 100000)

# Run progress: 47.22% complete, ETA 00:09:57
# Fork: 1 of 3
WARNING: A terminally deprecated method in sun.misc.Unsafe has been called
WARNING: sun.misc.Unsafe::objectFieldOffset has been called by org.openjdk.jmh.util.Utils (file:/home/test/Workspaces/JavaWorkspace/JavaStream_KeySkew/.deps/jmh-core-1.37.jar)
WARNING: Please consider reporting this to the maintainers of class org.openjdk.jmh.util.Utils
WARNING: sun.misc.Unsafe::objectFieldOffset will be removed in a future release
# Warmup Iteration   1: Input: n=100000, keys=4096, observedHotFraction=0.900000, poolParallelism=3, availableProcessors=4
1.451 ms/op
# Warmup Iteration   2: 1.191 ms/op
# Warmup Iteration   3: 1.172 ms/op
# Warmup Iteration   4: 1.141 ms/op
# Warmup Iteration   5: 1.139 ms/op
Iteration   1: 1.140 ms/op
                 gc.alloc.rate:      1630.082 MB/sec
                 gc.alloc.rate.norm: 1949813.421 B/op
                 gc.count:           6.000 counts
                 gc.time:            8.000 ms

Iteration   2: 1.150 ms/op
                 gc.alloc.rate:      1616.564 MB/sec
                 gc.alloc.rate.norm: 1949810.952 B/op
                 gc.count:           5.000 counts
                 gc.time:            4.000 ms

Iteration   3: 1.135 ms/op
                 gc.alloc.rate:      1638.070 MB/sec
                 gc.alloc.rate.norm: 1949811.773 B/op
                 gc.count:           5.000 counts
                 gc.time:            6.000 ms

Iteration   4: 1.136 ms/op
                 gc.alloc.rate:      1636.599 MB/sec
                 gc.alloc.rate.norm: 1949810.670 B/op
                 gc.count:           6.000 counts
                 gc.time:            5.000 ms

Iteration   5: 1.133 ms/op
                 gc.alloc.rate:      1640.637 MB/sec
                 gc.alloc.rate.norm: 1949803.095 B/op
                 gc.count:           5.000 counts
                 gc.time:            5.000 ms


# Run progress: 48.15% complete, ETA 00:09:46
# Fork: 2 of 3
WARNING: A terminally deprecated method in sun.misc.Unsafe has been called
WARNING: sun.misc.Unsafe::objectFieldOffset has been called by org.openjdk.jmh.util.Utils (file:/home/test/Workspaces/JavaWorkspace/JavaStream_KeySkew/.deps/jmh-core-1.37.jar)
WARNING: Please consider reporting this to the maintainers of class org.openjdk.jmh.util.Utils
WARNING: sun.misc.Unsafe::objectFieldOffset will be removed in a future release
# Warmup Iteration   1: Input: n=100000, keys=4096, observedHotFraction=0.900000, poolParallelism=3, availableProcessors=4
1.550 ms/op
# Warmup Iteration   2: 1.079 ms/op
# Warmup Iteration   3: 1.080 ms/op
# Warmup Iteration   4: 1.058 ms/op
# Warmup Iteration   5: 1.052 ms/op
Iteration   1: 1.068 ms/op
                 gc.alloc.rate:      1741.281 MB/sec
                 gc.alloc.rate.norm: 1949861.404 B/op
                 gc.count:           6.000 counts
                 gc.time:            5.000 ms

Iteration   2: 1.055 ms/op
                 gc.alloc.rate:      1761.725 MB/sec
                 gc.alloc.rate.norm: 1949895.131 B/op
                 gc.count:           5.000 counts
                 gc.time:            5.000 ms

Iteration   3: 1.050 ms/op
                 gc.alloc.rate:      1771.099 MB/sec
                 gc.alloc.rate.norm: 1949890.432 B/op
                 gc.count:           6.000 counts
                 gc.time:            5.000 ms

Iteration   4: 1.051 ms/op
                 gc.alloc.rate:      1769.004 MB/sec
                 gc.alloc.rate.norm: 1949895.840 B/op
                 gc.count:           6.000 counts
                 gc.time:            7.000 ms

Iteration   5: 1.055 ms/op
                 gc.alloc.rate:      1762.603 MB/sec
                 gc.alloc.rate.norm: 1950019.549 B/op
                 gc.count:           6.000 counts
                 gc.time:            6.000 ms


# Run progress: 49.07% complete, ETA 00:09:36
# Fork: 3 of 3
WARNING: A terminally deprecated method in sun.misc.Unsafe has been called
WARNING: sun.misc.Unsafe::objectFieldOffset has been called by org.openjdk.jmh.util.Utils (file:/home/test/Workspaces/JavaWorkspace/JavaStream_KeySkew/.deps/jmh-core-1.37.jar)
WARNING: Please consider reporting this to the maintainers of class org.openjdk.jmh.util.Utils
WARNING: sun.misc.Unsafe::objectFieldOffset will be removed in a future release
# Warmup Iteration   1: Input: n=100000, keys=4096, observedHotFraction=0.900000, poolParallelism=3, availableProcessors=4
1.485 ms/op
# Warmup Iteration   2: 1.176 ms/op
# Warmup Iteration   3: 1.157 ms/op
# Warmup Iteration   4: 1.135 ms/op
# Warmup Iteration   5: 1.132 ms/op
Iteration   1: 1.141 ms/op
                 gc.alloc.rate:      1629.256 MB/sec
                 gc.alloc.rate.norm: 1949797.044 B/op
                 gc.count:           5.000 counts
                 gc.time:            5.000 ms

Iteration   2: 1.141 ms/op
                 gc.alloc.rate:      1629.033 MB/sec
                 gc.alloc.rate.norm: 1949893.797 B/op
                 gc.count:           5.000 counts
                 gc.time:            6.000 ms

Iteration   3: 1.131 ms/op
                 gc.alloc.rate:      1643.712 MB/sec
                 gc.alloc.rate.norm: 1949944.027 B/op
                 gc.count:           6.000 counts
                 gc.time:            8.000 ms

Iteration   4: 1.126 ms/op
                 gc.alloc.rate:      1651.541 MB/sec
                 gc.alloc.rate.norm: 1949810.313 B/op
                 gc.count:           5.000 counts
                 gc.time:            5.000 ms

Iteration   5: 1.122 ms/op
                 gc.alloc.rate:      1656.769 MB/sec
                 gc.alloc.rate.norm: 1949820.350 B/op
                 gc.count:           6.000 counts
                 gc.time:            7.000 ms



Result "research.skew.AggregationBenchmark.parallelConcurrentAdder":
  1.109 ±(99.9%) 0.042 ms/op [Average]
  (min, avg, max) = (1.050, 1.109, 1.150), stdev = 0.040
  CI (99.9%): [1.066, 1.151] (assumes normal distribution)

Secondary result "research.skew.AggregationBenchmark.parallelConcurrentAdder:gc.alloc.rate":
  1678.532 ±(99.9%) 65.772 MB/sec [Average]
  (min, avg, max) = (1616.564, 1678.532, 1771.099), stdev = 61.524
  CI (99.9%): [1612.759, 1744.304] (assumes normal distribution)

Secondary result "research.skew.AggregationBenchmark.parallelConcurrentAdder:gc.alloc.rate.norm":
  1949858.520 ±(99.9%) 68.602 B/op [Average]
  (min, avg, max) = (1949797.044, 1949858.520, 1950019.549), stdev = 64.170
  CI (99.9%): [1949789.918, 1949927.122] (assumes normal distribution)

Secondary result "research.skew.AggregationBenchmark.parallelConcurrentAdder:gc.count":
  83.000 ±(99.9%) 0.001 counts [Sum]
  (min, avg, max) = (5.000, 5.533, 6.000), stdev = 0.516
  CI (99.9%): [83.000, 83.000] (assumes normal distribution)

Secondary result "research.skew.AggregationBenchmark.parallelConcurrentAdder:gc.time":
  87.000 ±(99.9%) 0.001 ms [Sum]
  (min, avg, max) = (4.000, 5.800, 8.000), stdev = 1.207
  CI (99.9%): [87.000, 87.000] (assumes normal distribution)


# JMH version: 1.37
# VM version: JDK 25.0.4.1, OpenJDK 64-Bit Server VM, 25.0.4.1+1-LTS
# VM invoker: /home/test/jdk/jdk-25.0.4.1+1/bin/java
# VM options: -Xms512m -Xmx512m -Djava.util.concurrent.ForkJoinPool.common.parallelism=3
# Blackhole mode: compiler (auto-detected, use -Djmh.blackhole.autoDetect=false to disable)
# Warmup: 5 iterations, 1 s each
# Measurement: 5 iterations, 1 s each
# Timeout: 10 min per iteration
# Threads: 1 thread, will synchronize iterations
# Benchmark mode: Average time, time/op
# Benchmark: research.skew.AggregationBenchmark.parallelMerge
# Parameters: (cardinality = 1024, distribution = uniform, seed = 20260929, size = 100000)

# Run progress: 50.00% complete, ETA 00:09:25
# Fork: 1 of 3
WARNING: A terminally deprecated method in sun.misc.Unsafe has been called
WARNING: sun.misc.Unsafe::objectFieldOffset has been called by org.openjdk.jmh.util.Utils (file:/home/test/Workspaces/JavaWorkspace/JavaStream_KeySkew/.deps/jmh-core-1.37.jar)
WARNING: Please consider reporting this to the maintainers of class org.openjdk.jmh.util.Utils
WARNING: sun.misc.Unsafe::objectFieldOffset will be removed in a future release
# Warmup Iteration   1: Input: n=100000, keys=1024, observedHotFraction=0.000980, poolParallelism=3, availableProcessors=4
1.233 ms/op
# Warmup Iteration   2: 1.070 ms/op
# Warmup Iteration   3: 0.952 ms/op
# Warmup Iteration   4: 0.954 ms/op
# Warmup Iteration   5: 0.961 ms/op
Iteration   1: 0.957 ms/op
                 gc.alloc.rate:      2773.559 MB/sec
                 gc.alloc.rate.norm: 2783886.952 B/op
                 gc.count:           9.000 counts
                 gc.time:            9.000 ms

Iteration   2: 0.948 ms/op
                 gc.alloc.rate:      2798.333 MB/sec
                 gc.alloc.rate.norm: 2783869.551 B/op
                 gc.count:           9.000 counts
                 gc.time:            8.000 ms

Iteration   3: 0.947 ms/op
                 gc.alloc.rate:      2803.706 MB/sec
                 gc.alloc.rate.norm: 2783869.555 B/op
                 gc.count:           10.000 counts
                 gc.time:            8.000 ms

Iteration   4: 0.944 ms/op
                 gc.alloc.rate:      2813.030 MB/sec
                 gc.alloc.rate.norm: 2783869.638 B/op
                 gc.count:           9.000 counts
                 gc.time:            8.000 ms

Iteration   5: 0.947 ms/op
                 gc.alloc.rate:      2803.373 MB/sec
                 gc.alloc.rate.norm: 2783869.063 B/op
                 gc.count:           9.000 counts
                 gc.time:            9.000 ms


# Run progress: 50.93% complete, ETA 00:09:15
# Fork: 2 of 3
WARNING: A terminally deprecated method in sun.misc.Unsafe has been called
WARNING: sun.misc.Unsafe::objectFieldOffset has been called by org.openjdk.jmh.util.Utils (file:/home/test/Workspaces/JavaWorkspace/JavaStream_KeySkew/.deps/jmh-core-1.37.jar)
WARNING: Please consider reporting this to the maintainers of class org.openjdk.jmh.util.Utils
WARNING: sun.misc.Unsafe::objectFieldOffset will be removed in a future release
# Warmup Iteration   1: Input: n=100000, keys=1024, observedHotFraction=0.000980, poolParallelism=3, availableProcessors=4
1.200 ms/op
# Warmup Iteration   2: 1.056 ms/op
# Warmup Iteration   3: 0.983 ms/op
# Warmup Iteration   4: 0.972 ms/op
# Warmup Iteration   5: 0.973 ms/op
Iteration   1: 0.990 ms/op
                 gc.alloc.rate:      2681.691 MB/sec
                 gc.alloc.rate.norm: 2783891.632 B/op
                 gc.count:           9.000 counts
                 gc.time:            8.000 ms

Iteration   2: 0.983 ms/op
                 gc.alloc.rate:      2699.919 MB/sec
                 gc.alloc.rate.norm: 2783868.542 B/op
                 gc.count:           8.000 counts
                 gc.time:            9.000 ms

Iteration   3: 0.966 ms/op
                 gc.alloc.rate:      2748.229 MB/sec
                 gc.alloc.rate.norm: 2783869.181 B/op
                 gc.count:           9.000 counts
                 gc.time:            7.000 ms

Iteration   4: 0.966 ms/op
                 gc.alloc.rate:      2749.075 MB/sec
                 gc.alloc.rate.norm: 2783869.120 B/op
                 gc.count:           10.000 counts
                 gc.time:            9.000 ms

Iteration   5: 0.978 ms/op
                 gc.alloc.rate:      2712.990 MB/sec
                 gc.alloc.rate.norm: 2783868.669 B/op
                 gc.count:           8.000 counts
                 gc.time:            7.000 ms


# Run progress: 51.85% complete, ETA 00:09:04
# Fork: 3 of 3
WARNING: A terminally deprecated method in sun.misc.Unsafe has been called
WARNING: sun.misc.Unsafe::objectFieldOffset has been called by org.openjdk.jmh.util.Utils (file:/home/test/Workspaces/JavaWorkspace/JavaStream_KeySkew/.deps/jmh-core-1.37.jar)
WARNING: Please consider reporting this to the maintainers of class org.openjdk.jmh.util.Utils
WARNING: sun.misc.Unsafe::objectFieldOffset will be removed in a future release
# Warmup Iteration   1: Input: n=100000, keys=1024, observedHotFraction=0.000980, poolParallelism=3, availableProcessors=4
1.144 ms/op
# Warmup Iteration   2: 1.076 ms/op
# Warmup Iteration   3: 0.947 ms/op
# Warmup Iteration   4: 0.943 ms/op
# Warmup Iteration   5: 0.931 ms/op
Iteration   1: 0.938 ms/op
                 gc.alloc.rate:      2829.534 MB/sec
                 gc.alloc.rate.norm: 2783881.282 B/op
                 gc.count:           9.000 counts
                 gc.time:            9.000 ms

Iteration   2: 0.929 ms/op
                 gc.alloc.rate:      2857.225 MB/sec
                 gc.alloc.rate.norm: 2783868.828 B/op
                 gc.count:           10.000 counts
                 gc.time:            9.000 ms

Iteration   3: 0.930 ms/op
                 gc.alloc.rate:      2855.409 MB/sec
                 gc.alloc.rate.norm: 2783868.431 B/op
                 gc.count:           9.000 counts
                 gc.time:            7.000 ms

Iteration   4: 0.919 ms/op
                 gc.alloc.rate:      2889.539 MB/sec
                 gc.alloc.rate.norm: 2783868.716 B/op
                 gc.count:           10.000 counts
                 gc.time:            8.000 ms

Iteration   5: 0.924 ms/op
                 gc.alloc.rate:      2872.536 MB/sec
                 gc.alloc.rate.norm: 2783868.720 B/op
                 gc.count:           9.000 counts
                 gc.time:            7.000 ms



Result "research.skew.AggregationBenchmark.parallelMerge":
  0.951 ±(99.9%) 0.023 ms/op [Average]
  (min, avg, max) = (0.919, 0.951, 0.990), stdev = 0.022
  CI (99.9%): [0.927, 0.974] (assumes normal distribution)

Secondary result "research.skew.AggregationBenchmark.parallelMerge:gc.alloc.rate":
  2792.543 ±(99.9%) 68.463 MB/sec [Average]
  (min, avg, max) = (2681.691, 2792.543, 2889.539), stdev = 64.040
  CI (99.9%): [2724.080, 2861.006] (assumes normal distribution)

Secondary result "research.skew.AggregationBenchmark.parallelMerge:gc.alloc.rate.norm":
  2783872.525 ±(99.9%) 8.085 B/op [Average]
  (min, avg, max) = (2783868.431, 2783872.525, 2783891.632), stdev = 7.563
  CI (99.9%): [2783864.440, 2783880.611] (assumes normal distribution)

Secondary result "research.skew.AggregationBenchmark.parallelMerge:gc.count":
  137.000 ±(99.9%) 0.001 counts [Sum]
  (min, avg, max) = (8.000, 9.133, 10.000), stdev = 0.640
  CI (99.9%): [137.000, 137.000] (assumes normal distribution)

Secondary result "research.skew.AggregationBenchmark.parallelMerge:gc.time":
  122.000 ±(99.9%) 0.001 ms [Sum]
  (min, avg, max) = (7.000, 8.133, 9.000), stdev = 0.834
  CI (99.9%): [122.000, 122.000] (assumes normal distribution)


# JMH version: 1.37
# VM version: JDK 25.0.4.1, OpenJDK 64-Bit Server VM, 25.0.4.1+1-LTS
# VM invoker: /home/test/jdk/jdk-25.0.4.1+1/bin/java
# VM options: -Xms512m -Xmx512m -Djava.util.concurrent.ForkJoinPool.common.parallelism=3
# Blackhole mode: compiler (auto-detected, use -Djmh.blackhole.autoDetect=false to disable)
# Warmup: 5 iterations, 1 s each
# Measurement: 5 iterations, 1 s each
# Timeout: 10 min per iteration
# Threads: 1 thread, will synchronize iterations
# Benchmark mode: Average time, time/op
# Benchmark: research.skew.AggregationBenchmark.parallelMerge
# Parameters: (cardinality = 1024, distribution = hot50, seed = 20260929, size = 100000)

# Run progress: 52.78% complete, ETA 00:08:54
# Fork: 1 of 3
WARNING: A terminally deprecated method in sun.misc.Unsafe has been called
WARNING: sun.misc.Unsafe::objectFieldOffset has been called by org.openjdk.jmh.util.Utils (file:/home/test/Workspaces/JavaWorkspace/JavaStream_KeySkew/.deps/jmh-core-1.37.jar)
WARNING: Please consider reporting this to the maintainers of class org.openjdk.jmh.util.Utils
WARNING: sun.misc.Unsafe::objectFieldOffset will be removed in a future release
# Warmup Iteration   1: Input: n=100000, keys=1024, observedHotFraction=0.500000, poolParallelism=3, availableProcessors=4
1.186 ms/op
# Warmup Iteration   2: 1.034 ms/op
# Warmup Iteration   3: 0.951 ms/op
# Warmup Iteration   4: 0.947 ms/op
# Warmup Iteration   5: 0.943 ms/op
Iteration   1: 0.956 ms/op
                 gc.alloc.rate:      2748.542 MB/sec
                 gc.alloc.rate.norm: 2756410.827 B/op
                 gc.count:           9.000 counts
                 gc.time:            8.000 ms

Iteration   2: 0.949 ms/op
                 gc.alloc.rate:      2770.415 MB/sec
                 gc.alloc.rate.norm: 2756397.202 B/op
                 gc.count:           9.000 counts
                 gc.time:            10.000 ms

Iteration   3: 0.945 ms/op
                 gc.alloc.rate:      2781.355 MB/sec
                 gc.alloc.rate.norm: 2756396.963 B/op
                 gc.count:           10.000 counts
                 gc.time:            10.000 ms

Iteration   4: 0.944 ms/op
                 gc.alloc.rate:      2785.407 MB/sec
                 gc.alloc.rate.norm: 2756396.996 B/op
                 gc.count:           9.000 counts
                 gc.time:            9.000 ms

Iteration   5: 0.948 ms/op
                 gc.alloc.rate:      2770.869 MB/sec
                 gc.alloc.rate.norm: 2756396.732 B/op
                 gc.count:           9.000 counts
                 gc.time:            9.000 ms


# Run progress: 53.70% complete, ETA 00:08:43
# Fork: 2 of 3
WARNING: A terminally deprecated method in sun.misc.Unsafe has been called
WARNING: sun.misc.Unsafe::objectFieldOffset has been called by org.openjdk.jmh.util.Utils (file:/home/test/Workspaces/JavaWorkspace/JavaStream_KeySkew/.deps/jmh-core-1.37.jar)
WARNING: Please consider reporting this to the maintainers of class org.openjdk.jmh.util.Utils
WARNING: sun.misc.Unsafe::objectFieldOffset will be removed in a future release
# Warmup Iteration   1: Input: n=100000, keys=1024, observedHotFraction=0.500000, poolParallelism=3, availableProcessors=4
1.140 ms/op
# Warmup Iteration   2: 1.013 ms/op
# Warmup Iteration   3: 0.952 ms/op
# Warmup Iteration   4: 0.963 ms/op
# Warmup Iteration   5: 0.953 ms/op
Iteration   1: 0.956 ms/op
                 gc.alloc.rate:      2748.136 MB/sec
                 gc.alloc.rate.norm: 2756409.239 B/op
                 gc.count:           9.000 counts
                 gc.time:            9.000 ms

Iteration   2: 0.954 ms/op
                 gc.alloc.rate:      2755.695 MB/sec
                 gc.alloc.rate.norm: 2756397.049 B/op
                 gc.count:           9.000 counts
                 gc.time:            8.000 ms

Iteration   3: 0.946 ms/op
                 gc.alloc.rate:      2778.540 MB/sec
                 gc.alloc.rate.norm: 2756396.870 B/op
                 gc.count:           9.000 counts
                 gc.time:            7.000 ms

Iteration   4: 0.946 ms/op
                 gc.alloc.rate:      2778.359 MB/sec
                 gc.alloc.rate.norm: 2756396.960 B/op
                 gc.count:           9.000 counts
                 gc.time:            9.000 ms

Iteration   5: 0.953 ms/op
                 gc.alloc.rate:      2757.724 MB/sec
                 gc.alloc.rate.norm: 2756396.686 B/op
                 gc.count:           9.000 counts
                 gc.time:            9.000 ms


# Run progress: 54.63% complete, ETA 00:08:33
# Fork: 3 of 3
WARNING: A terminally deprecated method in sun.misc.Unsafe has been called
WARNING: sun.misc.Unsafe::objectFieldOffset has been called by org.openjdk.jmh.util.Utils (file:/home/test/Workspaces/JavaWorkspace/JavaStream_KeySkew/.deps/jmh-core-1.37.jar)
WARNING: Please consider reporting this to the maintainers of class org.openjdk.jmh.util.Utils
WARNING: sun.misc.Unsafe::objectFieldOffset will be removed in a future release
# Warmup Iteration   1: Input: n=100000, keys=1024, observedHotFraction=0.500000, poolParallelism=3, availableProcessors=4
1.252 ms/op
# Warmup Iteration   2: 1.110 ms/op
# Warmup Iteration   3: 0.952 ms/op
# Warmup Iteration   4: 0.935 ms/op
# Warmup Iteration   5: 0.940 ms/op
Iteration   1: 0.938 ms/op
                 gc.alloc.rate:      2801.802 MB/sec
                 gc.alloc.rate.norm: 2756414.493 B/op
                 gc.count:           10.000 counts
                 gc.time:            10.000 ms

Iteration   2: 0.933 ms/op
                 gc.alloc.rate:      2818.067 MB/sec
                 gc.alloc.rate.norm: 2756397.502 B/op
                 gc.count:           9.000 counts
                 gc.time:            8.000 ms

Iteration   3: 0.927 ms/op
                 gc.alloc.rate:      2835.060 MB/sec
                 gc.alloc.rate.norm: 2756397.160 B/op
                 gc.count:           9.000 counts
                 gc.time:            7.000 ms

Iteration   4: 0.927 ms/op
                 gc.alloc.rate:      2834.435 MB/sec
                 gc.alloc.rate.norm: 2756397.160 B/op
                 gc.count:           10.000 counts
                 gc.time:            8.000 ms

Iteration   5: 0.930 ms/op
                 gc.alloc.rate:      2826.876 MB/sec
                 gc.alloc.rate.norm: 2756397.197 B/op
                 gc.count:           9.000 counts
                 gc.time:            7.000 ms



Result "research.skew.AggregationBenchmark.parallelMerge":
  0.943 ±(99.9%) 0.011 ms/op [Average]
  (min, avg, max) = (0.927, 0.943, 0.956), stdev = 0.010
  CI (99.9%): [0.932, 0.954] (assumes normal distribution)

Secondary result "research.skew.AggregationBenchmark.parallelMerge:gc.alloc.rate":
  2786.086 ±(99.9%) 32.406 MB/sec [Average]
  (min, avg, max) = (2748.136, 2786.086, 2835.060), stdev = 30.313
  CI (99.9%): [2753.679, 2818.492] (assumes normal distribution)

Secondary result "research.skew.AggregationBenchmark.parallelMerge:gc.alloc.rate.norm":
  2756399.936 ±(99.9%) 6.505 B/op [Average]
  (min, avg, max) = (2756396.686, 2756399.936, 2756414.493), stdev = 6.084
  CI (99.9%): [2756393.431, 2756406.440] (assumes normal distribution)

Secondary result "research.skew.AggregationBenchmark.parallelMerge:gc.count":
  138.000 ±(99.9%) 0.001 counts [Sum]
  (min, avg, max) = (9.000, 9.200, 10.000), stdev = 0.414
  CI (99.9%): [138.000, 138.000] (assumes normal distribution)

Secondary result "research.skew.AggregationBenchmark.parallelMerge:gc.time":
  128.000 ±(99.9%) 0.001 ms [Sum]
  (min, avg, max) = (7.000, 8.533, 10.000), stdev = 1.060
  CI (99.9%): [128.000, 128.000] (assumes normal distribution)


# JMH version: 1.37
# VM version: JDK 25.0.4.1, OpenJDK 64-Bit Server VM, 25.0.4.1+1-LTS
# VM invoker: /home/test/jdk/jdk-25.0.4.1+1/bin/java
# VM options: -Xms512m -Xmx512m -Djava.util.concurrent.ForkJoinPool.common.parallelism=3
# Blackhole mode: compiler (auto-detected, use -Djmh.blackhole.autoDetect=false to disable)
# Warmup: 5 iterations, 1 s each
# Measurement: 5 iterations, 1 s each
# Timeout: 10 min per iteration
# Threads: 1 thread, will synchronize iterations
# Benchmark mode: Average time, time/op
# Benchmark: research.skew.AggregationBenchmark.parallelMerge
# Parameters: (cardinality = 1024, distribution = hot90, seed = 20260929, size = 100000)

# Run progress: 55.56% complete, ETA 00:08:22
# Fork: 1 of 3
WARNING: A terminally deprecated method in sun.misc.Unsafe has been called
WARNING: sun.misc.Unsafe::objectFieldOffset has been called by org.openjdk.jmh.util.Utils (file:/home/test/Workspaces/JavaWorkspace/JavaStream_KeySkew/.deps/jmh-core-1.37.jar)
WARNING: Please consider reporting this to the maintainers of class org.openjdk.jmh.util.Utils
WARNING: sun.misc.Unsafe::objectFieldOffset will be removed in a future release
# Warmup Iteration   1: Input: n=100000, keys=1024, observedHotFraction=0.900000, poolParallelism=3, availableProcessors=4
1.027 ms/op
# Warmup Iteration   2: 0.919 ms/op
# Warmup Iteration   3: 0.879 ms/op
# Warmup Iteration   4: 0.897 ms/op
# Warmup Iteration   5: 0.890 ms/op
Iteration   1: 0.876 ms/op
                 gc.alloc.rate:      2502.664 MB/sec
                 gc.alloc.rate.norm: 2298964.469 B/op
                 gc.count:           9.000 counts
                 gc.time:            7.000 ms

Iteration   2: 0.881 ms/op
                 gc.alloc.rate:      2488.717 MB/sec
                 gc.alloc.rate.norm: 2298964.408 B/op
                 gc.count:           8.000 counts
                 gc.time:            7.000 ms

Iteration   3: 0.873 ms/op
                 gc.alloc.rate:      2510.657 MB/sec
                 gc.alloc.rate.norm: 2298964.370 B/op
                 gc.count:           8.000 counts
                 gc.time:            6.000 ms

Iteration   4: 0.874 ms/op
                 gc.alloc.rate:      2509.459 MB/sec
                 gc.alloc.rate.norm: 2298964.541 B/op
                 gc.count:           8.000 counts
                 gc.time:            6.000 ms

Iteration   5: 0.874 ms/op
                 gc.alloc.rate:      2506.710 MB/sec
                 gc.alloc.rate.norm: 2298964.280 B/op
                 gc.count:           8.000 counts
                 gc.time:            6.000 ms


# Run progress: 56.48% complete, ETA 00:08:12
# Fork: 2 of 3
WARNING: A terminally deprecated method in sun.misc.Unsafe has been called
WARNING: sun.misc.Unsafe::objectFieldOffset has been called by org.openjdk.jmh.util.Utils (file:/home/test/Workspaces/JavaWorkspace/JavaStream_KeySkew/.deps/jmh-core-1.37.jar)
WARNING: Please consider reporting this to the maintainers of class org.openjdk.jmh.util.Utils
WARNING: sun.misc.Unsafe::objectFieldOffset will be removed in a future release
# Warmup Iteration   1: Input: n=100000, keys=1024, observedHotFraction=0.900000, poolParallelism=3, availableProcessors=4
1.034 ms/op
# Warmup Iteration   2: 0.970 ms/op
# Warmup Iteration   3: 0.862 ms/op
# Warmup Iteration   4: 0.888 ms/op
# Warmup Iteration   5: 0.855 ms/op
Iteration   1: 0.840 ms/op
                 gc.alloc.rate:      2610.822 MB/sec
                 gc.alloc.rate.norm: 2298964.403 B/op
                 gc.count:           8.000 counts
                 gc.time:            5.000 ms

Iteration   2: 0.843 ms/op
                 gc.alloc.rate:      2600.860 MB/sec
                 gc.alloc.rate.norm: 2298964.104 B/op
                 gc.count:           9.000 counts
                 gc.time:            7.000 ms

Iteration   3: 0.846 ms/op
                 gc.alloc.rate:      2592.063 MB/sec
                 gc.alloc.rate.norm: 2298964.112 B/op
                 gc.count:           8.000 counts
                 gc.time:            7.000 ms

Iteration   4: 0.845 ms/op
                 gc.alloc.rate:      2592.582 MB/sec
                 gc.alloc.rate.norm: 2298964.318 B/op
                 gc.count:           9.000 counts
                 gc.time:            7.000 ms

Iteration   5: 0.837 ms/op
                 gc.alloc.rate:      2619.514 MB/sec
                 gc.alloc.rate.norm: 2298964.375 B/op
                 gc.count:           8.000 counts
                 gc.time:            6.000 ms


# Run progress: 57.41% complete, ETA 00:08:01
# Fork: 3 of 3
WARNING: A terminally deprecated method in sun.misc.Unsafe has been called
WARNING: sun.misc.Unsafe::objectFieldOffset has been called by org.openjdk.jmh.util.Utils (file:/home/test/Workspaces/JavaWorkspace/JavaStream_KeySkew/.deps/jmh-core-1.37.jar)
WARNING: Please consider reporting this to the maintainers of class org.openjdk.jmh.util.Utils
WARNING: sun.misc.Unsafe::objectFieldOffset will be removed in a future release
# Warmup Iteration   1: Input: n=100000, keys=1024, observedHotFraction=0.900000, poolParallelism=3, availableProcessors=4
1.054 ms/op
# Warmup Iteration   2: 0.926 ms/op
# Warmup Iteration   3: 0.887 ms/op
# Warmup Iteration   4: 0.882 ms/op
# Warmup Iteration   5: 0.899 ms/op
Iteration   1: 0.882 ms/op
                 gc.alloc.rate:      2484.669 MB/sec
                 gc.alloc.rate.norm: 2298963.894 B/op
                 gc.count:           8.000 counts
                 gc.time:            7.000 ms

Iteration   2: 0.885 ms/op
                 gc.alloc.rate:      2477.404 MB/sec
                 gc.alloc.rate.norm: 2298964.216 B/op
                 gc.count:           8.000 counts
                 gc.time:            6.000 ms

Iteration   3: 0.885 ms/op
                 gc.alloc.rate:      2475.877 MB/sec
                 gc.alloc.rate.norm: 2298963.855 B/op
                 gc.count:           8.000 counts
                 gc.time:            6.000 ms

Iteration   4: 0.881 ms/op
                 gc.alloc.rate:      2489.078 MB/sec
                 gc.alloc.rate.norm: 2298963.880 B/op
                 gc.count:           9.000 counts
                 gc.time:            7.000 ms

Iteration   5: 0.878 ms/op
                 gc.alloc.rate:      2495.951 MB/sec
                 gc.alloc.rate.norm: 2298963.856 B/op
                 gc.count:           8.000 counts
                 gc.time:            6.000 ms



Result "research.skew.AggregationBenchmark.parallelMerge":
  0.867 ±(99.9%) 0.020 ms/op [Average]
  (min, avg, max) = (0.837, 0.867, 0.885), stdev = 0.018
  CI (99.9%): [0.847, 0.886] (assumes normal distribution)

Secondary result "research.skew.AggregationBenchmark.parallelMerge:gc.alloc.rate":
  2530.468 ±(99.9%) 58.349 MB/sec [Average]
  (min, avg, max) = (2475.877, 2530.468, 2619.514), stdev = 54.580
  CI (99.9%): [2472.119, 2588.818] (assumes normal distribution)

Secondary result "research.skew.AggregationBenchmark.parallelMerge:gc.alloc.rate.norm":
  2298964.205 ±(99.9%) 0.256 B/op [Average]
  (min, avg, max) = (2298963.855, 2298964.205, 2298964.541), stdev = 0.240
  CI (99.9%): [2298963.949, 2298964.461] (assumes normal distribution)

Secondary result "research.skew.AggregationBenchmark.parallelMerge:gc.count":
  124.000 ±(99.9%) 0.001 counts [Sum]
  (min, avg, max) = (8.000, 8.267, 9.000), stdev = 0.458
  CI (99.9%): [124.000, 124.000] (assumes normal distribution)

Secondary result "research.skew.AggregationBenchmark.parallelMerge:gc.time":
  96.000 ±(99.9%) 0.001 ms [Sum]
  (min, avg, max) = (5.000, 6.400, 7.000), stdev = 0.632
  CI (99.9%): [96.000, 96.000] (assumes normal distribution)


# JMH version: 1.37
# VM version: JDK 25.0.4.1, OpenJDK 64-Bit Server VM, 25.0.4.1+1-LTS
# VM invoker: /home/test/jdk/jdk-25.0.4.1+1/bin/java
# VM options: -Xms512m -Xmx512m -Djava.util.concurrent.ForkJoinPool.common.parallelism=3
# Blackhole mode: compiler (auto-detected, use -Djmh.blackhole.autoDetect=false to disable)
# Warmup: 5 iterations, 1 s each
# Measurement: 5 iterations, 1 s each
# Timeout: 10 min per iteration
# Threads: 1 thread, will synchronize iterations
# Benchmark mode: Average time, time/op
# Benchmark: research.skew.AggregationBenchmark.parallelMerge
# Parameters: (cardinality = 2048, distribution = uniform, seed = 20260929, size = 100000)

# Run progress: 58.33% complete, ETA 00:07:51
# Fork: 1 of 3
WARNING: A terminally deprecated method in sun.misc.Unsafe has been called
WARNING: sun.misc.Unsafe::objectFieldOffset has been called by org.openjdk.jmh.util.Utils (file:/home/test/Workspaces/JavaWorkspace/JavaStream_KeySkew/.deps/jmh-core-1.37.jar)
WARNING: Please consider reporting this to the maintainers of class org.openjdk.jmh.util.Utils
WARNING: sun.misc.Unsafe::objectFieldOffset will be removed in a future release
# Warmup Iteration   1: Input: n=100000, keys=2048, observedHotFraction=0.000490, poolParallelism=3, availableProcessors=4
1.759 ms/op
# Warmup Iteration   2: 1.549 ms/op
# Warmup Iteration   3: 1.447 ms/op
# Warmup Iteration   4: 1.414 ms/op
# Warmup Iteration   5: 1.417 ms/op
Iteration   1: 1.420 ms/op
                 gc.alloc.rate:      2625.749 MB/sec
                 gc.alloc.rate.norm: 3909558.661 B/op
                 gc.count:           9.000 counts
                 gc.time:            10.000 ms

Iteration   2: 1.416 ms/op
                 gc.alloc.rate:      2631.443 MB/sec
                 gc.alloc.rate.norm: 3909559.185 B/op
                 gc.count:           8.000 counts
                 gc.time:            9.000 ms

Iteration   3: 1.426 ms/op
                 gc.alloc.rate:      2613.467 MB/sec
                 gc.alloc.rate.norm: 3909548.080 B/op
                 gc.count:           9.000 counts
                 gc.time:            10.000 ms

Iteration   4: 1.435 ms/op
                 gc.alloc.rate:      2598.005 MB/sec
                 gc.alloc.rate.norm: 3909510.074 B/op
                 gc.count:           8.000 counts
                 gc.time:            8.000 ms

Iteration   5: 1.402 ms/op
                 gc.alloc.rate:      2659.549 MB/sec
                 gc.alloc.rate.norm: 3909510.915 B/op
                 gc.count:           9.000 counts
                 gc.time:            10.000 ms


# Run progress: 59.26% complete, ETA 00:07:40
# Fork: 2 of 3
WARNING: A terminally deprecated method in sun.misc.Unsafe has been called
WARNING: sun.misc.Unsafe::objectFieldOffset has been called by org.openjdk.jmh.util.Utils (file:/home/test/Workspaces/JavaWorkspace/JavaStream_KeySkew/.deps/jmh-core-1.37.jar)
WARNING: Please consider reporting this to the maintainers of class org.openjdk.jmh.util.Utils
WARNING: sun.misc.Unsafe::objectFieldOffset will be removed in a future release
# Warmup Iteration   1: Input: n=100000, keys=2048, observedHotFraction=0.000490, poolParallelism=3, availableProcessors=4
1.755 ms/op
# Warmup Iteration   2: 1.554 ms/op
# Warmup Iteration   3: 1.585 ms/op
# Warmup Iteration   4: 1.456 ms/op
# Warmup Iteration   5: 1.421 ms/op
Iteration   1: 1.407 ms/op
                 gc.alloc.rate:      2650.265 MB/sec
                 gc.alloc.rate.norm: 3909559.573 B/op
                 gc.count:           9.000 counts
                 gc.time:            10.000 ms

Iteration   2: 1.417 ms/op
                 gc.alloc.rate:      2629.737 MB/sec
                 gc.alloc.rate.norm: 3909559.365 B/op
                 gc.count:           8.000 counts
                 gc.time:            10.000 ms

Iteration   3: 1.425 ms/op
                 gc.alloc.rate:      2615.803 MB/sec
                 gc.alloc.rate.norm: 3909551.453 B/op
                 gc.count:           9.000 counts
                 gc.time:            10.000 ms

Iteration   4: 1.405 ms/op
                 gc.alloc.rate:      2652.708 MB/sec
                 gc.alloc.rate.norm: 3909511.730 B/op
                 gc.count:           9.000 counts
                 gc.time:            10.000 ms

Iteration   5: 1.409 ms/op
                 gc.alloc.rate:      2645.015 MB/sec
                 gc.alloc.rate.norm: 3909510.862 B/op
                 gc.count:           8.000 counts
                 gc.time:            9.000 ms


# Run progress: 60.19% complete, ETA 00:07:30
# Fork: 3 of 3
WARNING: A terminally deprecated method in sun.misc.Unsafe has been called
WARNING: sun.misc.Unsafe::objectFieldOffset has been called by org.openjdk.jmh.util.Utils (file:/home/test/Workspaces/JavaWorkspace/JavaStream_KeySkew/.deps/jmh-core-1.37.jar)
WARNING: Please consider reporting this to the maintainers of class org.openjdk.jmh.util.Utils
WARNING: sun.misc.Unsafe::objectFieldOffset will be removed in a future release
# Warmup Iteration   1: Input: n=100000, keys=2048, observedHotFraction=0.000490, poolParallelism=3, availableProcessors=4
1.890 ms/op
# Warmup Iteration   2: 1.537 ms/op
# Warmup Iteration   3: 1.388 ms/op
# Warmup Iteration   4: 1.379 ms/op
# Warmup Iteration   5: 1.376 ms/op
Iteration   1: 1.421 ms/op
                 gc.alloc.rate:      2622.488 MB/sec
                 gc.alloc.rate.norm: 3909558.636 B/op
                 gc.count:           9.000 counts
                 gc.time:            10.000 ms

Iteration   2: 1.380 ms/op
                 gc.alloc.rate:      2701.524 MB/sec
                 gc.alloc.rate.norm: 3909559.470 B/op
                 gc.count:           9.000 counts
                 gc.time:            10.000 ms

Iteration   3: 1.381 ms/op
                 gc.alloc.rate:      2699.370 MB/sec
                 gc.alloc.rate.norm: 3909543.338 B/op
                 gc.count:           9.000 counts
                 gc.time:            10.000 ms

Iteration   4: 1.364 ms/op
                 gc.alloc.rate:      2732.815 MB/sec
                 gc.alloc.rate.norm: 3909511.052 B/op
                 gc.count:           9.000 counts
                 gc.time:            10.000 ms

Iteration   5: 1.367 ms/op
                 gc.alloc.rate:      2727.061 MB/sec
                 gc.alloc.rate.norm: 3909511.213 B/op
                 gc.count:           9.000 counts
                 gc.time:            9.000 ms



Result "research.skew.AggregationBenchmark.parallelMerge":
  1.405 ±(99.9%) 0.024 ms/op [Average]
  (min, avg, max) = (1.364, 1.405, 1.435), stdev = 0.022
  CI (99.9%): [1.381, 1.429] (assumes normal distribution)

Secondary result "research.skew.AggregationBenchmark.parallelMerge:gc.alloc.rate":
  2653.667 ±(99.9%) 45.283 MB/sec [Average]
  (min, avg, max) = (2598.005, 2653.667, 2732.815), stdev = 42.357
  CI (99.9%): [2608.384, 2698.949] (assumes normal distribution)

Secondary result "research.skew.AggregationBenchmark.parallelMerge:gc.alloc.rate.norm":
  3909537.574 ±(99.9%) 24.539 B/op [Average]
  (min, avg, max) = (3909510.074, 3909537.574, 3909559.573), stdev = 22.954
  CI (99.9%): [3909513.034, 3909562.113] (assumes normal distribution)

Secondary result "research.skew.AggregationBenchmark.parallelMerge:gc.count":
  131.000 ±(99.9%) 0.001 counts [Sum]
  (min, avg, max) = (8.000, 8.733, 9.000), stdev = 0.458
  CI (99.9%): [131.000, 131.000] (assumes normal distribution)

Secondary result "research.skew.AggregationBenchmark.parallelMerge:gc.time":
  145.000 ±(99.9%) 0.001 ms [Sum]
  (min, avg, max) = (8.000, 9.667, 10.000), stdev = 0.617
  CI (99.9%): [145.000, 145.000] (assumes normal distribution)


# JMH version: 1.37
# VM version: JDK 25.0.4.1, OpenJDK 64-Bit Server VM, 25.0.4.1+1-LTS
# VM invoker: /home/test/jdk/jdk-25.0.4.1+1/bin/java
# VM options: -Xms512m -Xmx512m -Djava.util.concurrent.ForkJoinPool.common.parallelism=3
# Blackhole mode: compiler (auto-detected, use -Djmh.blackhole.autoDetect=false to disable)
# Warmup: 5 iterations, 1 s each
# Measurement: 5 iterations, 1 s each
# Timeout: 10 min per iteration
# Threads: 1 thread, will synchronize iterations
# Benchmark mode: Average time, time/op
# Benchmark: research.skew.AggregationBenchmark.parallelMerge
# Parameters: (cardinality = 2048, distribution = hot50, seed = 20260929, size = 100000)

# Run progress: 61.11% complete, ETA 00:07:19
# Fork: 1 of 3
WARNING: A terminally deprecated method in sun.misc.Unsafe has been called
WARNING: sun.misc.Unsafe::objectFieldOffset has been called by org.openjdk.jmh.util.Utils (file:/home/test/Workspaces/JavaWorkspace/JavaStream_KeySkew/.deps/jmh-core-1.37.jar)
WARNING: Please consider reporting this to the maintainers of class org.openjdk.jmh.util.Utils
WARNING: sun.misc.Unsafe::objectFieldOffset will be removed in a future release
# Warmup Iteration   1: Input: n=100000, keys=2048, observedHotFraction=0.500000, poolParallelism=3, availableProcessors=4
1.703 ms/op
# Warmup Iteration   2: 1.507 ms/op
# Warmup Iteration   3: 1.388 ms/op
# Warmup Iteration   4: 1.431 ms/op
# Warmup Iteration   5: 1.371 ms/op
Iteration   1: 1.376 ms/op
                 gc.alloc.rate:      2552.557 MB/sec
                 gc.alloc.rate.norm: 3683302.178 B/op
                 gc.count:           8.000 counts
                 gc.time:            9.000 ms

Iteration   2: 1.383 ms/op
                 gc.alloc.rate:      2538.512 MB/sec
                 gc.alloc.rate.norm: 3683303.071 B/op
                 gc.count:           9.000 counts
                 gc.time:            9.000 ms

Iteration   3: 1.384 ms/op
                 gc.alloc.rate:      2536.538 MB/sec
                 gc.alloc.rate.norm: 3683282.999 B/op
                 gc.count:           8.000 counts
                 gc.time:            9.000 ms

Iteration   4: 1.363 ms/op
                 gc.alloc.rate:      2576.553 MB/sec
                 gc.alloc.rate.norm: 3683254.921 B/op
                 gc.count:           8.000 counts
                 gc.time:            8.000 ms

Iteration   5: 1.360 ms/op
                 gc.alloc.rate:      2582.887 MB/sec
                 gc.alloc.rate.norm: 3683254.978 B/op
                 gc.count:           9.000 counts
                 gc.time:            8.000 ms


# Run progress: 62.04% complete, ETA 00:07:09
# Fork: 2 of 3
WARNING: A terminally deprecated method in sun.misc.Unsafe has been called
WARNING: sun.misc.Unsafe::objectFieldOffset has been called by org.openjdk.jmh.util.Utils (file:/home/test/Workspaces/JavaWorkspace/JavaStream_KeySkew/.deps/jmh-core-1.37.jar)
WARNING: Please consider reporting this to the maintainers of class org.openjdk.jmh.util.Utils
WARNING: sun.misc.Unsafe::objectFieldOffset will be removed in a future release
# Warmup Iteration   1: Input: n=100000, keys=2048, observedHotFraction=0.500000, poolParallelism=3, availableProcessors=4
1.688 ms/op
# Warmup Iteration   2: 1.491 ms/op
# Warmup Iteration   3: 1.395 ms/op
# Warmup Iteration   4: 1.393 ms/op
# Warmup Iteration   5: 1.383 ms/op
Iteration   1: 1.373 ms/op
                 gc.alloc.rate:      2557.020 MB/sec
                 gc.alloc.rate.norm: 3683303.298 B/op
                 gc.count:           8.000 counts
                 gc.time:            8.000 ms

Iteration   2: 1.388 ms/op
                 gc.alloc.rate:      2529.553 MB/sec
                 gc.alloc.rate.norm: 3683303.402 B/op
                 gc.count:           9.000 counts
                 gc.time:            10.000 ms

Iteration   3: 1.391 ms/op
                 gc.alloc.rate:      2525.149 MB/sec
                 gc.alloc.rate.norm: 3683281.344 B/op
                 gc.count:           8.000 counts
                 gc.time:            8.000 ms

Iteration   4: 1.364 ms/op
                 gc.alloc.rate:      2575.523 MB/sec
                 gc.alloc.rate.norm: 3683255.019 B/op
                 gc.count:           8.000 counts
                 gc.time:            9.000 ms

Iteration   5: 1.368 ms/op
                 gc.alloc.rate:      2567.693 MB/sec
                 gc.alloc.rate.norm: 3683255.082 B/op
                 gc.count:           9.000 counts
                 gc.time:            9.000 ms


# Run progress: 62.96% complete, ETA 00:06:58
# Fork: 3 of 3
WARNING: A terminally deprecated method in sun.misc.Unsafe has been called
WARNING: sun.misc.Unsafe::objectFieldOffset has been called by org.openjdk.jmh.util.Utils (file:/home/test/Workspaces/JavaWorkspace/JavaStream_KeySkew/.deps/jmh-core-1.37.jar)
WARNING: Please consider reporting this to the maintainers of class org.openjdk.jmh.util.Utils
WARNING: sun.misc.Unsafe::objectFieldOffset will be removed in a future release
# Warmup Iteration   1: Input: n=100000, keys=2048, observedHotFraction=0.500000, poolParallelism=3, availableProcessors=4
1.721 ms/op
# Warmup Iteration   2: 1.497 ms/op
# Warmup Iteration   3: 1.391 ms/op
# Warmup Iteration   4: 1.384 ms/op
# Warmup Iteration   5: 1.475 ms/op
Iteration   1: 1.443 ms/op
                 gc.alloc.rate:      2433.278 MB/sec
                 gc.alloc.rate.norm: 3683302.421 B/op
                 gc.count:           8.000 counts
                 gc.time:            9.000 ms

Iteration   2: 1.381 ms/op
                 gc.alloc.rate:      2542.807 MB/sec
                 gc.alloc.rate.norm: 3683302.974 B/op
                 gc.count:           8.000 counts
                 gc.time:            9.000 ms

Iteration   3: 1.399 ms/op
                 gc.alloc.rate:      2509.827 MB/sec
                 gc.alloc.rate.norm: 3683292.509 B/op
                 gc.count:           9.000 counts
                 gc.time:            9.000 ms

Iteration   4: 1.372 ms/op
                 gc.alloc.rate:      2560.374 MB/sec
                 gc.alloc.rate.norm: 3683257.118 B/op
                 gc.count:           8.000 counts
                 gc.time:            8.000 ms

Iteration   5: 1.367 ms/op
                 gc.alloc.rate:      2569.569 MB/sec
                 gc.alloc.rate.norm: 3683255.443 B/op
                 gc.count:           9.000 counts
                 gc.time:            9.000 ms



Result "research.skew.AggregationBenchmark.parallelMerge":
  1.381 ±(99.9%) 0.022 ms/op [Average]
  (min, avg, max) = (1.360, 1.381, 1.443), stdev = 0.021
  CI (99.9%): [1.359, 1.403] (assumes normal distribution)

Secondary result "research.skew.AggregationBenchmark.parallelMerge:gc.alloc.rate":
  2543.856 ±(99.9%) 39.765 MB/sec [Average]
  (min, avg, max) = (2433.278, 2543.856, 2582.887), stdev = 37.196
  CI (99.9%): [2504.091, 2583.621] (assumes normal distribution)

Secondary result "research.skew.AggregationBenchmark.parallelMerge:gc.alloc.rate.norm":
  3683280.450 ±(99.9%) 23.795 B/op [Average]
  (min, avg, max) = (3683254.921, 3683280.450, 3683303.402), stdev = 22.258
  CI (99.9%): [3683256.655, 3683304.246] (assumes normal distribution)

Secondary result "research.skew.AggregationBenchmark.parallelMerge:gc.count":
  126.000 ±(99.9%) 0.001 counts [Sum]
  (min, avg, max) = (8.000, 8.400, 9.000), stdev = 0.507
  CI (99.9%): [126.000, 126.000] (assumes normal distribution)

Secondary result "research.skew.AggregationBenchmark.parallelMerge:gc.time":
  131.000 ±(99.9%) 0.001 ms [Sum]
  (min, avg, max) = (8.000, 8.733, 10.000), stdev = 0.594
  CI (99.9%): [131.000, 131.000] (assumes normal distribution)


# JMH version: 1.37
# VM version: JDK 25.0.4.1, OpenJDK 64-Bit Server VM, 25.0.4.1+1-LTS
# VM invoker: /home/test/jdk/jdk-25.0.4.1+1/bin/java
# VM options: -Xms512m -Xmx512m -Djava.util.concurrent.ForkJoinPool.common.parallelism=3
# Blackhole mode: compiler (auto-detected, use -Djmh.blackhole.autoDetect=false to disable)
# Warmup: 5 iterations, 1 s each
# Measurement: 5 iterations, 1 s each
# Timeout: 10 min per iteration
# Threads: 1 thread, will synchronize iterations
# Benchmark mode: Average time, time/op
# Benchmark: research.skew.AggregationBenchmark.parallelMerge
# Parameters: (cardinality = 2048, distribution = hot90, seed = 20260929, size = 100000)

# Run progress: 63.89% complete, ETA 00:06:48
# Fork: 1 of 3
WARNING: A terminally deprecated method in sun.misc.Unsafe has been called
WARNING: sun.misc.Unsafe::objectFieldOffset has been called by org.openjdk.jmh.util.Utils (file:/home/test/Workspaces/JavaWorkspace/JavaStream_KeySkew/.deps/jmh-core-1.37.jar)
WARNING: Please consider reporting this to the maintainers of class org.openjdk.jmh.util.Utils
WARNING: sun.misc.Unsafe::objectFieldOffset will be removed in a future release
# Warmup Iteration   1: Input: n=100000, keys=2048, observedHotFraction=0.900000, poolParallelism=3, availableProcessors=4
1.288 ms/op
# Warmup Iteration   2: 1.133 ms/op
# Warmup Iteration   3: 1.058 ms/op
# Warmup Iteration   4: 1.062 ms/op
# Warmup Iteration   5: 1.047 ms/op
Iteration   1: 1.070 ms/op
                 gc.alloc.rate:      2296.344 MB/sec
                 gc.alloc.rate.norm: 2577163.191 B/op
                 gc.count:           7.000 counts
                 gc.time:            8.000 ms

Iteration   2: 1.045 ms/op
                 gc.alloc.rate:      2351.665 MB/sec
                 gc.alloc.rate.norm: 2577117.537 B/op
                 gc.count:           8.000 counts
                 gc.time:            8.000 ms

Iteration   3: 1.082 ms/op
                 gc.alloc.rate:      2271.091 MB/sec
                 gc.alloc.rate.norm: 2577118.244 B/op
                 gc.count:           7.000 counts
                 gc.time:            9.000 ms

Iteration   4: 1.054 ms/op
                 gc.alloc.rate:      2332.248 MB/sec
                 gc.alloc.rate.norm: 2577117.726 B/op
                 gc.count:           8.000 counts
                 gc.time:            7.000 ms

Iteration   5: 1.056 ms/op
                 gc.alloc.rate:      2326.806 MB/sec
                 gc.alloc.rate.norm: 2577117.468 B/op
                 gc.count:           8.000 counts
                 gc.time:            8.000 ms


# Run progress: 64.81% complete, ETA 00:06:38
# Fork: 2 of 3
WARNING: A terminally deprecated method in sun.misc.Unsafe has been called
WARNING: sun.misc.Unsafe::objectFieldOffset has been called by org.openjdk.jmh.util.Utils (file:/home/test/Workspaces/JavaWorkspace/JavaStream_KeySkew/.deps/jmh-core-1.37.jar)
WARNING: Please consider reporting this to the maintainers of class org.openjdk.jmh.util.Utils
WARNING: sun.misc.Unsafe::objectFieldOffset will be removed in a future release
# Warmup Iteration   1: Input: n=100000, keys=2048, observedHotFraction=0.900000, poolParallelism=3, availableProcessors=4
1.293 ms/op
# Warmup Iteration   2: 1.124 ms/op
# Warmup Iteration   3: 1.061 ms/op
# Warmup Iteration   4: 1.058 ms/op
# Warmup Iteration   5: 1.060 ms/op
Iteration   1: 1.075 ms/op
                 gc.alloc.rate:      2285.279 MB/sec
                 gc.alloc.rate.norm: 2577161.787 B/op
                 gc.count:           7.000 counts
                 gc.time:            6.000 ms

Iteration   2: 1.058 ms/op
                 gc.alloc.rate:      2322.371 MB/sec
                 gc.alloc.rate.norm: 2577117.066 B/op
                 gc.count:           8.000 counts
                 gc.time:            8.000 ms

Iteration   3: 1.057 ms/op
                 gc.alloc.rate:      2324.487 MB/sec
                 gc.alloc.rate.norm: 2577118.082 B/op
                 gc.count:           7.000 counts
                 gc.time:            8.000 ms

Iteration   4: 1.050 ms/op
                 gc.alloc.rate:      2339.618 MB/sec
                 gc.alloc.rate.norm: 2577117.784 B/op
                 gc.count:           8.000 counts
                 gc.time:            6.000 ms

Iteration   5: 1.054 ms/op
                 gc.alloc.rate:      2331.932 MB/sec
                 gc.alloc.rate.norm: 2577117.432 B/op
                 gc.count:           8.000 counts
                 gc.time:            6.000 ms


# Run progress: 65.74% complete, ETA 00:06:27
# Fork: 3 of 3
WARNING: A terminally deprecated method in sun.misc.Unsafe has been called
WARNING: sun.misc.Unsafe::objectFieldOffset has been called by org.openjdk.jmh.util.Utils (file:/home/test/Workspaces/JavaWorkspace/JavaStream_KeySkew/.deps/jmh-core-1.37.jar)
WARNING: Please consider reporting this to the maintainers of class org.openjdk.jmh.util.Utils
WARNING: sun.misc.Unsafe::objectFieldOffset will be removed in a future release
# Warmup Iteration   1: Input: n=100000, keys=2048, observedHotFraction=0.900000, poolParallelism=3, availableProcessors=4
1.262 ms/op
# Warmup Iteration   2: 1.085 ms/op
# Warmup Iteration   3: 1.035 ms/op
# Warmup Iteration   4: 1.026 ms/op
# Warmup Iteration   5: 1.018 ms/op
Iteration   1: 1.026 ms/op
                 gc.alloc.rate:      2394.855 MB/sec
                 gc.alloc.rate.norm: 2577152.993 B/op
                 gc.count:           8.000 counts
                 gc.time:            7.000 ms

Iteration   2: 1.012 ms/op
                 gc.alloc.rate:      2427.685 MB/sec
                 gc.alloc.rate.norm: 2577117.306 B/op
                 gc.count:           8.000 counts
                 gc.time:            7.000 ms

Iteration   3: 1.018 ms/op
                 gc.alloc.rate:      2414.783 MB/sec
                 gc.alloc.rate.norm: 2577117.602 B/op
                 gc.count:           7.000 counts
                 gc.time:            7.000 ms

Iteration   4: 1.011 ms/op
                 gc.alloc.rate:      2429.689 MB/sec
                 gc.alloc.rate.norm: 2577117.624 B/op
                 gc.count:           8.000 counts
                 gc.time:            7.000 ms

Iteration   5: 1.009 ms/op
                 gc.alloc.rate:      2435.768 MB/sec
                 gc.alloc.rate.norm: 2577117.637 B/op
                 gc.count:           8.000 counts
                 gc.time:            7.000 ms



Result "research.skew.AggregationBenchmark.parallelMerge":
  1.045 ±(99.9%) 0.026 ms/op [Average]
  (min, avg, max) = (1.009, 1.045, 1.082), stdev = 0.024
  CI (99.9%): [1.019, 1.071] (assumes normal distribution)

Secondary result "research.skew.AggregationBenchmark.parallelMerge:gc.alloc.rate":
  2352.308 ±(99.9%) 58.463 MB/sec [Average]
  (min, avg, max) = (2271.091, 2352.308, 2435.768), stdev = 54.687
  CI (99.9%): [2293.845, 2410.771] (assumes normal distribution)

Secondary result "research.skew.AggregationBenchmark.parallelMerge:gc.alloc.rate.norm":
  2577125.965 ±(99.9%) 18.594 B/op [Average]
  (min, avg, max) = (2577117.066, 2577125.965, 2577163.191), stdev = 17.393
  CI (99.9%): [2577107.371, 2577144.559] (assumes normal distribution)

Secondary result "research.skew.AggregationBenchmark.parallelMerge:gc.count":
  115.000 ±(99.9%) 0.001 counts [Sum]
  (min, avg, max) = (7.000, 7.667, 8.000), stdev = 0.488
  CI (99.9%): [115.000, 115.000] (assumes normal distribution)

Secondary result "research.skew.AggregationBenchmark.parallelMerge:gc.time":
  109.000 ±(99.9%) 0.001 ms [Sum]
  (min, avg, max) = (6.000, 7.267, 9.000), stdev = 0.884
  CI (99.9%): [109.000, 109.000] (assumes normal distribution)


# JMH version: 1.37
# VM version: JDK 25.0.4.1, OpenJDK 64-Bit Server VM, 25.0.4.1+1-LTS
# VM invoker: /home/test/jdk/jdk-25.0.4.1+1/bin/java
# VM options: -Xms512m -Xmx512m -Djava.util.concurrent.ForkJoinPool.common.parallelism=3
# Blackhole mode: compiler (auto-detected, use -Djmh.blackhole.autoDetect=false to disable)
# Warmup: 5 iterations, 1 s each
# Measurement: 5 iterations, 1 s each
# Timeout: 10 min per iteration
# Threads: 1 thread, will synchronize iterations
# Benchmark mode: Average time, time/op
# Benchmark: research.skew.AggregationBenchmark.parallelMerge
# Parameters: (cardinality = 4096, distribution = uniform, seed = 20260929, size = 100000)

# Run progress: 66.67% complete, ETA 00:06:17
# Fork: 1 of 3
WARNING: A terminally deprecated method in sun.misc.Unsafe has been called
WARNING: sun.misc.Unsafe::objectFieldOffset has been called by org.openjdk.jmh.util.Utils (file:/home/test/Workspaces/JavaWorkspace/JavaStream_KeySkew/.deps/jmh-core-1.37.jar)
WARNING: Please consider reporting this to the maintainers of class org.openjdk.jmh.util.Utils
WARNING: sun.misc.Unsafe::objectFieldOffset will be removed in a future release
# Warmup Iteration   1: Input: n=100000, keys=4096, observedHotFraction=0.000250, poolParallelism=3, availableProcessors=4
2.613 ms/op
# Warmup Iteration   2: 2.462 ms/op
# Warmup Iteration   3: 2.237 ms/op
# Warmup Iteration   4: 2.237 ms/op
# Warmup Iteration   5: 2.214 ms/op
Iteration   1: 2.217 ms/op
                 gc.alloc.rate:      2476.017 MB/sec
                 gc.alloc.rate.norm: 5757924.850 B/op
                 gc.count:           8.000 counts
                 gc.time:            11.000 ms

Iteration   2: 2.228 ms/op
                 gc.alloc.rate:      2464.221 MB/sec
                 gc.alloc.rate.norm: 5757924.864 B/op
                 gc.count:           8.000 counts
                 gc.time:            12.000 ms

Iteration   3: 2.209 ms/op
                 gc.alloc.rate:      2485.465 MB/sec
                 gc.alloc.rate.norm: 5757924.539 B/op
                 gc.count:           8.000 counts
                 gc.time:            11.000 ms

Iteration   4: 2.214 ms/op
                 gc.alloc.rate:      2480.050 MB/sec
                 gc.alloc.rate.norm: 5757924.531 B/op
                 gc.count:           9.000 counts
                 gc.time:            13.000 ms

Iteration   5: 2.207 ms/op
                 gc.alloc.rate:      2486.964 MB/sec
                 gc.alloc.rate.norm: 5757924.793 B/op
                 gc.count:           8.000 counts
                 gc.time:            12.000 ms


# Run progress: 67.59% complete, ETA 00:06:06
# Fork: 2 of 3
WARNING: A terminally deprecated method in sun.misc.Unsafe has been called
WARNING: sun.misc.Unsafe::objectFieldOffset has been called by org.openjdk.jmh.util.Utils (file:/home/test/Workspaces/JavaWorkspace/JavaStream_KeySkew/.deps/jmh-core-1.37.jar)
WARNING: Please consider reporting this to the maintainers of class org.openjdk.jmh.util.Utils
WARNING: sun.misc.Unsafe::objectFieldOffset will be removed in a future release
# Warmup Iteration   1: Input: n=100000, keys=4096, observedHotFraction=0.000250, poolParallelism=3, availableProcessors=4
2.761 ms/op
# Warmup Iteration   2: 2.554 ms/op
# Warmup Iteration   3: 2.275 ms/op
# Warmup Iteration   4: 2.445 ms/op
# Warmup Iteration   5: 2.327 ms/op
Iteration   1: 2.218 ms/op
                 gc.alloc.rate:      2474.782 MB/sec
                 gc.alloc.rate.norm: 5757924.931 B/op
                 gc.count:           8.000 counts
                 gc.time:            12.000 ms

Iteration   2: 2.223 ms/op
                 gc.alloc.rate:      2469.626 MB/sec
                 gc.alloc.rate.norm: 5757924.836 B/op
                 gc.count:           8.000 counts
                 gc.time:            11.000 ms

Iteration   3: 2.242 ms/op
                 gc.alloc.rate:      2449.010 MB/sec
                 gc.alloc.rate.norm: 5757924.482 B/op
                 gc.count:           9.000 counts
                 gc.time:            13.000 ms

Iteration   4: 2.255 ms/op
                 gc.alloc.rate:      2434.579 MB/sec
                 gc.alloc.rate.norm: 5757925.622 B/op
                 gc.count:           8.000 counts
                 gc.time:            10.000 ms

Iteration   5: 2.256 ms/op
                 gc.alloc.rate:      2433.419 MB/sec
                 gc.alloc.rate.norm: 5757924.973 B/op
                 gc.count:           8.000 counts
                 gc.time:            12.000 ms


# Run progress: 68.52% complete, ETA 00:05:56
# Fork: 3 of 3
WARNING: A terminally deprecated method in sun.misc.Unsafe has been called
WARNING: sun.misc.Unsafe::objectFieldOffset has been called by org.openjdk.jmh.util.Utils (file:/home/test/Workspaces/JavaWorkspace/JavaStream_KeySkew/.deps/jmh-core-1.37.jar)
WARNING: Please consider reporting this to the maintainers of class org.openjdk.jmh.util.Utils
WARNING: sun.misc.Unsafe::objectFieldOffset will be removed in a future release
# Warmup Iteration   1: Input: n=100000, keys=4096, observedHotFraction=0.000250, poolParallelism=3, availableProcessors=4
2.606 ms/op
# Warmup Iteration   2: 2.515 ms/op
# Warmup Iteration   3: 2.236 ms/op
# Warmup Iteration   4: 2.250 ms/op
# Warmup Iteration   5: 2.226 ms/op
Iteration   1: 2.206 ms/op
                 gc.alloc.rate:      2488.529 MB/sec
                 gc.alloc.rate.norm: 5757924.564 B/op
                 gc.count:           8.000 counts
                 gc.time:            11.000 ms

Iteration   2: 2.221 ms/op
                 gc.alloc.rate:      2471.858 MB/sec
                 gc.alloc.rate.norm: 5757925.659 B/op
                 gc.count:           8.000 counts
                 gc.time:            11.000 ms

Iteration   3: 2.215 ms/op
                 gc.alloc.rate:      2478.570 MB/sec
                 gc.alloc.rate.norm: 5757924.726 B/op
                 gc.count:           8.000 counts
                 gc.time:            11.000 ms

Iteration   4: 2.267 ms/op
                 gc.alloc.rate:      2421.360 MB/sec
                 gc.alloc.rate.norm: 5757924.253 B/op
                 gc.count:           8.000 counts
                 gc.time:            10.000 ms

Iteration   5: 2.230 ms/op
                 gc.alloc.rate:      2461.761 MB/sec
                 gc.alloc.rate.norm: 5757924.829 B/op
                 gc.count:           8.000 counts
                 gc.time:            11.000 ms



Result "research.skew.AggregationBenchmark.parallelMerge":
  2.227 ±(99.9%) 0.021 ms/op [Average]
  (min, avg, max) = (2.206, 2.227, 2.267), stdev = 0.019
  CI (99.9%): [2.207, 2.248] (assumes normal distribution)

Secondary result "research.skew.AggregationBenchmark.parallelMerge:gc.alloc.rate":
  2465.081 ±(99.9%) 22.579 MB/sec [Average]
  (min, avg, max) = (2421.360, 2465.081, 2488.529), stdev = 21.120
  CI (99.9%): [2442.502, 2487.660] (assumes normal distribution)

Secondary result "research.skew.AggregationBenchmark.parallelMerge:gc.alloc.rate.norm":
  5757924.830 ±(99.9%) 0.410 B/op [Average]
  (min, avg, max) = (5757924.253, 5757924.830, 5757925.659), stdev = 0.383
  CI (99.9%): [5757924.420, 5757925.240] (assumes normal distribution)

Secondary result "research.skew.AggregationBenchmark.parallelMerge:gc.count":
  122.000 ±(99.9%) 0.001 counts [Sum]
  (min, avg, max) = (8.000, 8.133, 9.000), stdev = 0.352
  CI (99.9%): [122.000, 122.000] (assumes normal distribution)

Secondary result "research.skew.AggregationBenchmark.parallelMerge:gc.time":
  171.000 ±(99.9%) 0.001 ms [Sum]
  (min, avg, max) = (10.000, 11.400, 13.000), stdev = 0.910
  CI (99.9%): [171.000, 171.000] (assumes normal distribution)


# JMH version: 1.37
# VM version: JDK 25.0.4.1, OpenJDK 64-Bit Server VM, 25.0.4.1+1-LTS
# VM invoker: /home/test/jdk/jdk-25.0.4.1+1/bin/java
# VM options: -Xms512m -Xmx512m -Djava.util.concurrent.ForkJoinPool.common.parallelism=3
# Blackhole mode: compiler (auto-detected, use -Djmh.blackhole.autoDetect=false to disable)
# Warmup: 5 iterations, 1 s each
# Measurement: 5 iterations, 1 s each
# Timeout: 10 min per iteration
# Threads: 1 thread, will synchronize iterations
# Benchmark mode: Average time, time/op
# Benchmark: research.skew.AggregationBenchmark.parallelMerge
# Parameters: (cardinality = 4096, distribution = hot50, seed = 20260929, size = 100000)

# Run progress: 69.44% complete, ETA 00:05:45
# Fork: 1 of 3
WARNING: A terminally deprecated method in sun.misc.Unsafe has been called
WARNING: sun.misc.Unsafe::objectFieldOffset has been called by org.openjdk.jmh.util.Utils (file:/home/test/Workspaces/JavaWorkspace/JavaStream_KeySkew/.deps/jmh-core-1.37.jar)
WARNING: Please consider reporting this to the maintainers of class org.openjdk.jmh.util.Utils
WARNING: sun.misc.Unsafe::objectFieldOffset will be removed in a future release
# Warmup Iteration   1: Input: n=100000, keys=4096, observedHotFraction=0.500000, poolParallelism=3, availableProcessors=4
2.482 ms/op
# Warmup Iteration   2: 2.255 ms/op
# Warmup Iteration   3: 2.036 ms/op
# Warmup Iteration   4: 1.952 ms/op
# Warmup Iteration   5: 1.959 ms/op
Iteration   1: 1.952 ms/op
                 gc.alloc.rate:      2325.846 MB/sec
                 gc.alloc.rate.norm: 4760707.540 B/op
                 gc.count:           8.000 counts
                 gc.time:            9.000 ms

Iteration   2: 2.014 ms/op
                 gc.alloc.rate:      2253.774 MB/sec
                 gc.alloc.rate.norm: 4760707.743 B/op
                 gc.count:           8.000 counts
                 gc.time:            9.000 ms

Iteration   3: 1.950 ms/op
                 gc.alloc.rate:      2327.342 MB/sec
                 gc.alloc.rate.norm: 4760708.429 B/op
                 gc.count:           7.000 counts
                 gc.time:            9.000 ms

Iteration   4: 1.950 ms/op
                 gc.alloc.rate:      2327.737 MB/sec
                 gc.alloc.rate.norm: 4760708.522 B/op
                 gc.count:           8.000 counts
                 gc.time:            10.000 ms

Iteration   5: 1.947 ms/op
                 gc.alloc.rate:      2330.644 MB/sec
                 gc.alloc.rate.norm: 4760707.907 B/op
                 gc.count:           8.000 counts
                 gc.time:            10.000 ms


# Run progress: 70.37% complete, ETA 00:05:35
# Fork: 2 of 3
WARNING: A terminally deprecated method in sun.misc.Unsafe has been called
WARNING: sun.misc.Unsafe::objectFieldOffset has been called by org.openjdk.jmh.util.Utils (file:/home/test/Workspaces/JavaWorkspace/JavaStream_KeySkew/.deps/jmh-core-1.37.jar)
WARNING: Please consider reporting this to the maintainers of class org.openjdk.jmh.util.Utils
WARNING: sun.misc.Unsafe::objectFieldOffset will be removed in a future release
# Warmup Iteration   1: Input: n=100000, keys=4096, observedHotFraction=0.500000, poolParallelism=3, availableProcessors=4
2.398 ms/op
# Warmup Iteration   2: 2.199 ms/op
# Warmup Iteration   3: 1.992 ms/op
# Warmup Iteration   4: 1.951 ms/op
# Warmup Iteration   5: 1.966 ms/op
Iteration   1: 1.966 ms/op
                 gc.alloc.rate:      2308.429 MB/sec
                 gc.alloc.rate.norm: 4760708.574 B/op
                 gc.count:           8.000 counts
                 gc.time:            10.000 ms

Iteration   2: 1.960 ms/op
                 gc.alloc.rate:      2316.278 MB/sec
                 gc.alloc.rate.norm: 4760708.477 B/op
                 gc.count:           7.000 counts
                 gc.time:            9.000 ms

Iteration   3: 1.961 ms/op
                 gc.alloc.rate:      2314.144 MB/sec
                 gc.alloc.rate.norm: 4760709.135 B/op
                 gc.count:           8.000 counts
                 gc.time:            11.000 ms

Iteration   4: 1.974 ms/op
                 gc.alloc.rate:      2299.606 MB/sec
                 gc.alloc.rate.norm: 4760709.002 B/op
                 gc.count:           7.000 counts
                 gc.time:            8.000 ms

Iteration   5: 1.961 ms/op
                 gc.alloc.rate:      2314.429 MB/sec
                 gc.alloc.rate.norm: 4760709.104 B/op
                 gc.count:           8.000 counts
                 gc.time:            10.000 ms


# Run progress: 71.30% complete, ETA 00:05:24
# Fork: 3 of 3
WARNING: A terminally deprecated method in sun.misc.Unsafe has been called
WARNING: sun.misc.Unsafe::objectFieldOffset has been called by org.openjdk.jmh.util.Utils (file:/home/test/Workspaces/JavaWorkspace/JavaStream_KeySkew/.deps/jmh-core-1.37.jar)
WARNING: Please consider reporting this to the maintainers of class org.openjdk.jmh.util.Utils
WARNING: sun.misc.Unsafe::objectFieldOffset will be removed in a future release
# Warmup Iteration   1: Input: n=100000, keys=4096, observedHotFraction=0.500000, poolParallelism=3, availableProcessors=4
2.535 ms/op
# Warmup Iteration   2: 2.231 ms/op
# Warmup Iteration   3: 2.033 ms/op
# Warmup Iteration   4: 2.003 ms/op
# Warmup Iteration   5: 1.989 ms/op
Iteration   1: 1.989 ms/op
                 gc.alloc.rate:      2282.459 MB/sec
                 gc.alloc.rate.norm: 4760709.344 B/op
                 gc.count:           8.000 counts
                 gc.time:            9.000 ms

Iteration   2: 1.990 ms/op
                 gc.alloc.rate:      2281.147 MB/sec
                 gc.alloc.rate.norm: 4760709.105 B/op
                 gc.count:           7.000 counts
                 gc.time:            9.000 ms

Iteration   3: 1.995 ms/op
                 gc.alloc.rate:      2274.866 MB/sec
                 gc.alloc.rate.norm: 4760709.179 B/op
                 gc.count:           8.000 counts
                 gc.time:            9.000 ms

Iteration   4: 1.988 ms/op
                 gc.alloc.rate:      2283.465 MB/sec
                 gc.alloc.rate.norm: 4760709.429 B/op
                 gc.count:           7.000 counts
                 gc.time:            9.000 ms

Iteration   5: 1.985 ms/op
                 gc.alloc.rate:      2286.360 MB/sec
                 gc.alloc.rate.norm: 4760709.238 B/op
                 gc.count:           8.000 counts
                 gc.time:            10.000 ms



Result "research.skew.AggregationBenchmark.parallelMerge":
  1.972 ±(99.9%) 0.022 ms/op [Average]
  (min, avg, max) = (1.947, 1.972, 2.014), stdev = 0.020
  CI (99.9%): [1.951, 1.994] (assumes normal distribution)

Secondary result "research.skew.AggregationBenchmark.parallelMerge:gc.alloc.rate":
  2301.768 ±(99.9%) 25.092 MB/sec [Average]
  (min, avg, max) = (2253.774, 2301.768, 2330.644), stdev = 23.471
  CI (99.9%): [2276.676, 2326.861] (assumes normal distribution)

Secondary result "research.skew.AggregationBenchmark.parallelMerge:gc.alloc.rate.norm":
  4760708.715 ±(99.9%) 0.647 B/op [Average]
  (min, avg, max) = (4760707.540, 4760708.715, 4760709.429), stdev = 0.605
  CI (99.9%): [4760708.068, 4760709.362] (assumes normal distribution)

Secondary result "research.skew.AggregationBenchmark.parallelMerge:gc.count":
  115.000 ±(99.9%) 0.001 counts [Sum]
  (min, avg, max) = (7.000, 7.667, 8.000), stdev = 0.488
  CI (99.9%): [115.000, 115.000] (assumes normal distribution)

Secondary result "research.skew.AggregationBenchmark.parallelMerge:gc.time":
  141.000 ±(99.9%) 0.001 ms [Sum]
  (min, avg, max) = (8.000, 9.400, 11.000), stdev = 0.737
  CI (99.9%): [141.000, 141.000] (assumes normal distribution)


# JMH version: 1.37
# VM version: JDK 25.0.4.1, OpenJDK 64-Bit Server VM, 25.0.4.1+1-LTS
# VM invoker: /home/test/jdk/jdk-25.0.4.1+1/bin/java
# VM options: -Xms512m -Xmx512m -Djava.util.concurrent.ForkJoinPool.common.parallelism=3
# Blackhole mode: compiler (auto-detected, use -Djmh.blackhole.autoDetect=false to disable)
# Warmup: 5 iterations, 1 s each
# Measurement: 5 iterations, 1 s each
# Timeout: 10 min per iteration
# Threads: 1 thread, will synchronize iterations
# Benchmark mode: Average time, time/op
# Benchmark: research.skew.AggregationBenchmark.parallelMerge
# Parameters: (cardinality = 4096, distribution = hot90, seed = 20260929, size = 100000)

# Run progress: 72.22% complete, ETA 00:05:14
# Fork: 1 of 3
WARNING: A terminally deprecated method in sun.misc.Unsafe has been called
WARNING: sun.misc.Unsafe::objectFieldOffset has been called by org.openjdk.jmh.util.Utils (file:/home/test/Workspaces/JavaWorkspace/JavaStream_KeySkew/.deps/jmh-core-1.37.jar)
WARNING: Please consider reporting this to the maintainers of class org.openjdk.jmh.util.Utils
WARNING: sun.misc.Unsafe::objectFieldOffset will be removed in a future release
# Warmup Iteration   1: Input: n=100000, keys=4096, observedHotFraction=0.900000, poolParallelism=3, availableProcessors=4
1.450 ms/op
# Warmup Iteration   2: 1.283 ms/op
# Warmup Iteration   3: 1.238 ms/op
# Warmup Iteration   4: 1.227 ms/op
# Warmup Iteration   5: 1.223 ms/op
Iteration   1: 1.215 ms/op
                 gc.alloc.rate:      2220.615 MB/sec
                 gc.alloc.rate.norm: 2829294.223 B/op
                 gc.count:           7.000 counts
                 gc.time:            7.000 ms

Iteration   2: 1.233 ms/op
                 gc.alloc.rate:      2188.007 MB/sec
                 gc.alloc.rate.norm: 2829285.498 B/op
                 gc.count:           7.000 counts
                 gc.time:            7.000 ms

Iteration   3: 1.215 ms/op
                 gc.alloc.rate:      2219.754 MB/sec
                 gc.alloc.rate.norm: 2829278.756 B/op
                 gc.count:           8.000 counts
                 gc.time:            8.000 ms

Iteration   4: 1.215 ms/op
                 gc.alloc.rate:      2219.623 MB/sec
                 gc.alloc.rate.norm: 2829247.640 B/op
                 gc.count:           7.000 counts
                 gc.time:            7.000 ms

Iteration   5: 1.213 ms/op
                 gc.alloc.rate:      2223.976 MB/sec
                 gc.alloc.rate.norm: 2829246.836 B/op
                 gc.count:           7.000 counts
                 gc.time:            7.000 ms


# Run progress: 73.15% complete, ETA 00:05:03
# Fork: 2 of 3
WARNING: A terminally deprecated method in sun.misc.Unsafe has been called
WARNING: sun.misc.Unsafe::objectFieldOffset has been called by org.openjdk.jmh.util.Utils (file:/home/test/Workspaces/JavaWorkspace/JavaStream_KeySkew/.deps/jmh-core-1.37.jar)
WARNING: Please consider reporting this to the maintainers of class org.openjdk.jmh.util.Utils
WARNING: sun.misc.Unsafe::objectFieldOffset will be removed in a future release
# Warmup Iteration   1: Input: n=100000, keys=4096, observedHotFraction=0.900000, poolParallelism=3, availableProcessors=4
1.509 ms/op
# Warmup Iteration   2: 1.288 ms/op
# Warmup Iteration   3: 1.248 ms/op
# Warmup Iteration   4: 1.233 ms/op
# Warmup Iteration   5: 1.246 ms/op
Iteration   1: 1.220 ms/op
                 gc.alloc.rate:      2210.576 MB/sec
                 gc.alloc.rate.norm: 2829294.254 B/op
                 gc.count:           7.000 counts
                 gc.time:            7.000 ms

Iteration   2: 1.234 ms/op
                 gc.alloc.rate:      2185.920 MB/sec
                 gc.alloc.rate.norm: 2829281.983 B/op
                 gc.count:           7.000 counts
                 gc.time:            7.000 ms

Iteration   3: 1.221 ms/op
                 gc.alloc.rate:      2209.997 MB/sec
                 gc.alloc.rate.norm: 2829246.810 B/op
                 gc.count:           7.000 counts
                 gc.time:            6.000 ms

Iteration   4: 1.214 ms/op
                 gc.alloc.rate:      2221.948 MB/sec
                 gc.alloc.rate.norm: 2829246.516 B/op
                 gc.count:           8.000 counts
                 gc.time:            8.000 ms

Iteration   5: 1.217 ms/op
                 gc.alloc.rate:      2215.751 MB/sec
                 gc.alloc.rate.norm: 2829246.336 B/op
                 gc.count:           7.000 counts
                 gc.time:            6.000 ms


# Run progress: 74.07% complete, ETA 00:04:53
# Fork: 3 of 3
WARNING: A terminally deprecated method in sun.misc.Unsafe has been called
WARNING: sun.misc.Unsafe::objectFieldOffset has been called by org.openjdk.jmh.util.Utils (file:/home/test/Workspaces/JavaWorkspace/JavaStream_KeySkew/.deps/jmh-core-1.37.jar)
WARNING: Please consider reporting this to the maintainers of class org.openjdk.jmh.util.Utils
WARNING: sun.misc.Unsafe::objectFieldOffset will be removed in a future release
# Warmup Iteration   1: Input: n=100000, keys=4096, observedHotFraction=0.900000, poolParallelism=3, availableProcessors=4
1.470 ms/op
# Warmup Iteration   2: 1.305 ms/op
# Warmup Iteration   3: 1.241 ms/op
# Warmup Iteration   4: 1.227 ms/op
# Warmup Iteration   5: 1.240 ms/op
Iteration   1: 1.224 ms/op
                 gc.alloc.rate:      2203.977 MB/sec
                 gc.alloc.rate.norm: 2829294.122 B/op
                 gc.count:           7.000 counts
                 gc.time:            6.000 ms

Iteration   2: 1.240 ms/op
                 gc.alloc.rate:      2176.095 MB/sec
                 gc.alloc.rate.norm: 2829281.586 B/op
                 gc.count:           7.000 counts
                 gc.time:            6.000 ms

Iteration   3: 1.233 ms/op
                 gc.alloc.rate:      2187.035 MB/sec
                 gc.alloc.rate.norm: 2829252.104 B/op
                 gc.count:           7.000 counts
                 gc.time:            7.000 ms

Iteration   4: 1.217 ms/op
                 gc.alloc.rate:      2216.213 MB/sec
                 gc.alloc.rate.norm: 2829246.297 B/op
                 gc.count:           7.000 counts
                 gc.time:            5.000 ms

Iteration   5: 1.219 ms/op
                 gc.alloc.rate:      2212.699 MB/sec
                 gc.alloc.rate.norm: 2829246.753 B/op
                 gc.count:           8.000 counts
                 gc.time:            8.000 ms



Result "research.skew.AggregationBenchmark.parallelMerge":
  1.222 ±(99.9%) 0.009 ms/op [Average]
  (min, avg, max) = (1.213, 1.222, 1.240), stdev = 0.009
  CI (99.9%): [1.213, 1.231] (assumes normal distribution)

Secondary result "research.skew.AggregationBenchmark.parallelMerge:gc.alloc.rate":
  2207.479 ±(99.9%) 16.658 MB/sec [Average]
  (min, avg, max) = (2176.095, 2207.479, 2223.976), stdev = 15.582
  CI (99.9%): [2190.821, 2224.137] (assumes normal distribution)

Secondary result "research.skew.AggregationBenchmark.parallelMerge:gc.alloc.rate.norm":
  2829265.981 ±(99.9%) 22.529 B/op [Average]
  (min, avg, max) = (2829246.297, 2829265.981, 2829294.254), stdev = 21.074
  CI (99.9%): [2829243.452, 2829288.510] (assumes normal distribution)

Secondary result "research.skew.AggregationBenchmark.parallelMerge:gc.count":
  108.000 ±(99.9%) 0.001 counts [Sum]
  (min, avg, max) = (7.000, 7.200, 8.000), stdev = 0.414
  CI (99.9%): [108.000, 108.000] (assumes normal distribution)

Secondary result "research.skew.AggregationBenchmark.parallelMerge:gc.time":
  102.000 ±(99.9%) 0.001 ms [Sum]
  (min, avg, max) = (5.000, 6.800, 8.000), stdev = 0.862
  CI (99.9%): [102.000, 102.000] (assumes normal distribution)


# JMH version: 1.37
# VM version: JDK 25.0.4.1, OpenJDK 64-Bit Server VM, 25.0.4.1+1-LTS
# VM invoker: /home/test/jdk/jdk-25.0.4.1+1/bin/java
# VM options: -Xms512m -Xmx512m -Djava.util.concurrent.ForkJoinPool.common.parallelism=3
# Blackhole mode: compiler (auto-detected, use -Djmh.blackhole.autoDetect=false to disable)
# Warmup: 5 iterations, 1 s each
# Measurement: 5 iterations, 1 s each
# Timeout: 10 min per iteration
# Threads: 1 thread, will synchronize iterations
# Benchmark mode: Average time, time/op
# Benchmark: research.skew.AggregationBenchmark.sequential
# Parameters: (cardinality = 1024, distribution = uniform, seed = 20260929, size = 100000)

# Run progress: 75.00% complete, ETA 00:04:42
# Fork: 1 of 3
WARNING: A terminally deprecated method in sun.misc.Unsafe has been called
WARNING: sun.misc.Unsafe::objectFieldOffset has been called by org.openjdk.jmh.util.Utils (file:/home/test/Workspaces/JavaWorkspace/JavaStream_KeySkew/.deps/jmh-core-1.37.jar)
WARNING: Please consider reporting this to the maintainers of class org.openjdk.jmh.util.Utils
WARNING: sun.misc.Unsafe::objectFieldOffset will be removed in a future release
# Warmup Iteration   1: Input: n=100000, keys=1024, observedHotFraction=0.000980, poolParallelism=3, availableProcessors=4
1.879 ms/op
# Warmup Iteration   2: 1.592 ms/op
# Warmup Iteration   3: 1.612 ms/op
# Warmup Iteration   4: 1.610 ms/op
# Warmup Iteration   5: 1.580 ms/op
Iteration   1: 1.530 ms/op
                 gc.alloc.rate:      1043.296 MB/sec
                 gc.alloc.rate.norm: 1674162.789 B/op
                 gc.count:           4.000 counts
                 gc.time:            5.000 ms

Iteration   2: 1.527 ms/op
                 gc.alloc.rate:      1045.083 MB/sec
                 gc.alloc.rate.norm: 1674162.724 B/op
                 gc.count:           3.000 counts
                 gc.time:            3.000 ms

Iteration   3: 1.525 ms/op
                 gc.alloc.rate:      1046.550 MB/sec
                 gc.alloc.rate.norm: 1674162.707 B/op
                 gc.count:           4.000 counts
                 gc.time:            4.000 ms

Iteration   4: 1.567 ms/op
                 gc.alloc.rate:      1018.512 MB/sec
                 gc.alloc.rate.norm: 1674107.130 B/op
                 gc.count:           3.000 counts
                 gc.time:            3.000 ms

Iteration   5: 1.566 ms/op
                 gc.alloc.rate:      1018.906 MB/sec
                 gc.alloc.rate.norm: 1674082.942 B/op
                 gc.count:           3.000 counts
                 gc.time:            3.000 ms


# Run progress: 75.93% complete, ETA 00:04:32
# Fork: 2 of 3
WARNING: A terminally deprecated method in sun.misc.Unsafe has been called
WARNING: sun.misc.Unsafe::objectFieldOffset has been called by org.openjdk.jmh.util.Utils (file:/home/test/Workspaces/JavaWorkspace/JavaStream_KeySkew/.deps/jmh-core-1.37.jar)
WARNING: Please consider reporting this to the maintainers of class org.openjdk.jmh.util.Utils
WARNING: sun.misc.Unsafe::objectFieldOffset will be removed in a future release
# Warmup Iteration   1: Input: n=100000, keys=1024, observedHotFraction=0.000980, poolParallelism=3, availableProcessors=4
2.057 ms/op
# Warmup Iteration   2: 1.736 ms/op
# Warmup Iteration   3: 1.733 ms/op
# Warmup Iteration   4: 1.735 ms/op
# Warmup Iteration   5: 1.768 ms/op
Iteration   1: 1.701 ms/op
                 gc.alloc.rate:      938.172 MB/sec
                 gc.alloc.rate.norm: 1674163.946 B/op
                 gc.count:           3.000 counts
                 gc.time:            4.000 ms

Iteration   2: 1.703 ms/op
                 gc.alloc.rate:      937.336 MB/sec
                 gc.alloc.rate.norm: 1674163.946 B/op
                 gc.count:           3.000 counts
                 gc.time:            3.000 ms

Iteration   3: 1.696 ms/op
                 gc.alloc.rate:      941.072 MB/sec
                 gc.alloc.rate.norm: 1674163.905 B/op
                 gc.count:           3.000 counts
                 gc.time:            3.000 ms

Iteration   4: 1.686 ms/op
                 gc.alloc.rate:      946.744 MB/sec
                 gc.alloc.rate.norm: 1674157.657 B/op
                 gc.count:           3.000 counts
                 gc.time:            3.000 ms

Iteration   5: 1.564 ms/op
                 gc.alloc.rate:      1020.521 MB/sec
                 gc.alloc.rate.norm: 1674094.850 B/op
                 gc.count:           3.000 counts
                 gc.time:            3.000 ms


# Run progress: 76.85% complete, ETA 00:04:21
# Fork: 3 of 3
WARNING: A terminally deprecated method in sun.misc.Unsafe has been called
WARNING: sun.misc.Unsafe::objectFieldOffset has been called by org.openjdk.jmh.util.Utils (file:/home/test/Workspaces/JavaWorkspace/JavaStream_KeySkew/.deps/jmh-core-1.37.jar)
WARNING: Please consider reporting this to the maintainers of class org.openjdk.jmh.util.Utils
WARNING: sun.misc.Unsafe::objectFieldOffset will be removed in a future release
# Warmup Iteration   1: Input: n=100000, keys=1024, observedHotFraction=0.000980, poolParallelism=3, availableProcessors=4
1.938 ms/op
# Warmup Iteration   2: 1.568 ms/op
# Warmup Iteration   3: 1.571 ms/op
# Warmup Iteration   4: 1.589 ms/op
# Warmup Iteration   5: 1.552 ms/op
Iteration   1: 1.534 ms/op
                 gc.alloc.rate:      1040.653 MB/sec
                 gc.alloc.rate.norm: 1674162.757 B/op
                 gc.count:           4.000 counts
                 gc.time:            4.000 ms

Iteration   2: 1.535 ms/op
                 gc.alloc.rate:      1039.929 MB/sec
                 gc.alloc.rate.norm: 1674162.822 B/op
                 gc.count:           3.000 counts
                 gc.time:            3.000 ms

Iteration   3: 1.533 ms/op
                 gc.alloc.rate:      1041.366 MB/sec
                 gc.alloc.rate.norm: 1674162.757 B/op
                 gc.count:           3.000 counts
                 gc.time:            3.000 ms

Iteration   4: 1.573 ms/op
                 gc.alloc.rate:      1014.927 MB/sec
                 gc.alloc.rate.norm: 1674104.527 B/op
                 gc.count:           4.000 counts
                 gc.time:            5.000 ms

Iteration   5: 1.577 ms/op
                 gc.alloc.rate:      1011.856 MB/sec
                 gc.alloc.rate.norm: 1674083.011 B/op
                 gc.count:           3.000 counts
                 gc.time:            3.000 ms



Result "research.skew.AggregationBenchmark.sequential":
  1.588 ±(99.9%) 0.075 ms/op [Average]
  (min, avg, max) = (1.525, 1.588, 1.703), stdev = 0.070
  CI (99.9%): [1.513, 1.663] (assumes normal distribution)

Secondary result "research.skew.AggregationBenchmark.sequential:gc.alloc.rate":
  1006.995 ±(99.9%) 45.930 MB/sec [Average]
  (min, avg, max) = (937.336, 1006.995, 1046.550), stdev = 42.963
  CI (99.9%): [961.065, 1052.925] (assumes normal distribution)

Secondary result "research.skew.AggregationBenchmark.sequential:gc.alloc.rate.norm":
  1674139.898 ±(99.9%) 36.162 B/op [Average]
  (min, avg, max) = (1674082.942, 1674139.898, 1674163.946), stdev = 33.826
  CI (99.9%): [1674103.736, 1674176.059] (assumes normal distribution)

Secondary result "research.skew.AggregationBenchmark.sequential:gc.count":
  49.000 ±(99.9%) 0.001 counts [Sum]
  (min, avg, max) = (3.000, 3.267, 4.000), stdev = 0.458
  CI (99.9%): [49.000, 49.000] (assumes normal distribution)

Secondary result "research.skew.AggregationBenchmark.sequential:gc.time":
  52.000 ±(99.9%) 0.001 ms [Sum]
  (min, avg, max) = (3.000, 3.467, 5.000), stdev = 0.743
  CI (99.9%): [52.000, 52.000] (assumes normal distribution)


# JMH version: 1.37
# VM version: JDK 25.0.4.1, OpenJDK 64-Bit Server VM, 25.0.4.1+1-LTS
# VM invoker: /home/test/jdk/jdk-25.0.4.1+1/bin/java
# VM options: -Xms512m -Xmx512m -Djava.util.concurrent.ForkJoinPool.common.parallelism=3
# Blackhole mode: compiler (auto-detected, use -Djmh.blackhole.autoDetect=false to disable)
# Warmup: 5 iterations, 1 s each
# Measurement: 5 iterations, 1 s each
# Timeout: 10 min per iteration
# Threads: 1 thread, will synchronize iterations
# Benchmark mode: Average time, time/op
# Benchmark: research.skew.AggregationBenchmark.sequential
# Parameters: (cardinality = 1024, distribution = hot50, seed = 20260929, size = 100000)

# Run progress: 77.78% complete, ETA 00:04:11
# Fork: 1 of 3
WARNING: A terminally deprecated method in sun.misc.Unsafe has been called
WARNING: sun.misc.Unsafe::objectFieldOffset has been called by org.openjdk.jmh.util.Utils (file:/home/test/Workspaces/JavaWorkspace/JavaStream_KeySkew/.deps/jmh-core-1.37.jar)
WARNING: Please consider reporting this to the maintainers of class org.openjdk.jmh.util.Utils
WARNING: sun.misc.Unsafe::objectFieldOffset will be removed in a future release
# Warmup Iteration   1: Input: n=100000, keys=1024, observedHotFraction=0.500000, poolParallelism=3, availableProcessors=4
1.814 ms/op
# Warmup Iteration   2: 1.547 ms/op
# Warmup Iteration   3: 1.551 ms/op
# Warmup Iteration   4: 1.568 ms/op
# Warmup Iteration   5: 1.532 ms/op
Iteration   1: 1.497 ms/op
                 gc.alloc.rate:      1066.198 MB/sec
                 gc.alloc.rate.norm: 1674186.499 B/op
                 gc.count:           3.000 counts
                 gc.time:            3.000 ms

Iteration   2: 1.499 ms/op
                 gc.alloc.rate:      1064.569 MB/sec
                 gc.alloc.rate.norm: 1674186.515 B/op
                 gc.count:           4.000 counts
                 gc.time:            4.000 ms

Iteration   3: 1.494 ms/op
                 gc.alloc.rate:      1068.581 MB/sec
                 gc.alloc.rate.norm: 1674181.445 B/op
                 gc.count:           3.000 counts
                 gc.time:            4.000 ms

Iteration   4: 1.490 ms/op
                 gc.alloc.rate:      1070.987 MB/sec
                 gc.alloc.rate.norm: 1674117.762 B/op
                 gc.count:           4.000 counts
                 gc.time:            3.000 ms

Iteration   5: 1.493 ms/op
                 gc.alloc.rate:      1069.019 MB/sec
                 gc.alloc.rate.norm: 1674106.436 B/op
                 gc.count:           3.000 counts
                 gc.time:            4.000 ms


# Run progress: 78.70% complete, ETA 00:04:00
# Fork: 2 of 3
WARNING: A terminally deprecated method in sun.misc.Unsafe has been called
WARNING: sun.misc.Unsafe::objectFieldOffset has been called by org.openjdk.jmh.util.Utils (file:/home/test/Workspaces/JavaWorkspace/JavaStream_KeySkew/.deps/jmh-core-1.37.jar)
WARNING: Please consider reporting this to the maintainers of class org.openjdk.jmh.util.Utils
WARNING: sun.misc.Unsafe::objectFieldOffset will be removed in a future release
# Warmup Iteration   1: Input: n=100000, keys=1024, observedHotFraction=0.500000, poolParallelism=3, availableProcessors=4
1.859 ms/op
# Warmup Iteration   2: 1.582 ms/op
# Warmup Iteration   3: 1.572 ms/op
# Warmup Iteration   4: 1.578 ms/op
# Warmup Iteration   5: 1.541 ms/op
Iteration   1: 1.499 ms/op
                 gc.alloc.rate:      1064.727 MB/sec
                 gc.alloc.rate.norm: 1674186.563 B/op
                 gc.count:           4.000 counts
                 gc.time:            4.000 ms

Iteration   2: 1.505 ms/op
                 gc.alloc.rate:      1060.610 MB/sec
                 gc.alloc.rate.norm: 1674186.562 B/op
                 gc.count:           3.000 counts
                 gc.time:            3.000 ms

Iteration   3: 1.498 ms/op
                 gc.alloc.rate:      1065.510 MB/sec
                 gc.alloc.rate.norm: 1674185.126 B/op
                 gc.count:           4.000 counts
                 gc.time:            4.000 ms

Iteration   4: 1.546 ms/op
                 gc.alloc.rate:      1032.204 MB/sec
                 gc.alloc.rate.norm: 1674121.076 B/op
                 gc.count:           3.000 counts
                 gc.time:            3.000 ms

Iteration   5: 1.549 ms/op
                 gc.alloc.rate:      1030.136 MB/sec
                 gc.alloc.rate.norm: 1674106.824 B/op
                 gc.count:           4.000 counts
                 gc.time:            5.000 ms


# Run progress: 79.63% complete, ETA 00:03:50
# Fork: 3 of 3
WARNING: A terminally deprecated method in sun.misc.Unsafe has been called
WARNING: sun.misc.Unsafe::objectFieldOffset has been called by org.openjdk.jmh.util.Utils (file:/home/test/Workspaces/JavaWorkspace/JavaStream_KeySkew/.deps/jmh-core-1.37.jar)
WARNING: Please consider reporting this to the maintainers of class org.openjdk.jmh.util.Utils
WARNING: sun.misc.Unsafe::objectFieldOffset will be removed in a future release
# Warmup Iteration   1: Input: n=100000, keys=1024, observedHotFraction=0.500000, poolParallelism=3, availableProcessors=4
1.896 ms/op
# Warmup Iteration   2: 1.589 ms/op
# Warmup Iteration   3: 1.592 ms/op
# Warmup Iteration   4: 1.569 ms/op
# Warmup Iteration   5: 1.549 ms/op
Iteration   1: 1.518 ms/op
                 gc.alloc.rate:      1051.567 MB/sec
                 gc.alloc.rate.norm: 1674186.659 B/op
                 gc.count:           4.000 counts
                 gc.time:            5.000 ms

Iteration   2: 1.519 ms/op
                 gc.alloc.rate:      1050.705 MB/sec
                 gc.alloc.rate.norm: 1674186.659 B/op
                 gc.count:           3.000 counts
                 gc.time:            3.000 ms

Iteration   3: 1.521 ms/op
                 gc.alloc.rate:      1049.395 MB/sec
                 gc.alloc.rate.norm: 1674186.675 B/op
                 gc.count:           4.000 counts
                 gc.time:            3.000 ms

Iteration   4: 1.569 ms/op
                 gc.alloc.rate:      1017.529 MB/sec
                 gc.alloc.rate.norm: 1674125.668 B/op
                 gc.count:           3.000 counts
                 gc.time:            3.000 ms

Iteration   5: 1.565 ms/op
                 gc.alloc.rate:      1020.042 MB/sec
                 gc.alloc.rate.norm: 1674106.925 B/op
                 gc.count:           3.000 counts
                 gc.time:            4.000 ms



Result "research.skew.AggregationBenchmark.sequential":
  1.518 ±(99.9%) 0.029 ms/op [Average]
  (min, avg, max) = (1.490, 1.518, 1.569), stdev = 0.027
  CI (99.9%): [1.489, 1.546] (assumes normal distribution)

Secondary result "research.skew.AggregationBenchmark.sequential:gc.alloc.rate":
  1052.119 ±(99.9%) 19.777 MB/sec [Average]
  (min, avg, max) = (1017.529, 1052.119, 1070.987), stdev = 18.500
  CI (99.9%): [1032.342, 1071.896] (assumes normal distribution)

Secondary result "research.skew.AggregationBenchmark.sequential:gc.alloc.rate.norm":
  1674157.159 ±(99.9%) 39.291 B/op [Average]
  (min, avg, max) = (1674106.436, 1674157.159, 1674186.675), stdev = 36.753
  CI (99.9%): [1674117.868, 1674196.451] (assumes normal distribution)

Secondary result "research.skew.AggregationBenchmark.sequential:gc.count":
  52.000 ±(99.9%) 0.001 counts [Sum]
  (min, avg, max) = (3.000, 3.467, 4.000), stdev = 0.516
  CI (99.9%): [52.000, 52.000] (assumes normal distribution)

Secondary result "research.skew.AggregationBenchmark.sequential:gc.time":
  55.000 ±(99.9%) 0.001 ms [Sum]
  (min, avg, max) = (3.000, 3.667, 5.000), stdev = 0.724
  CI (99.9%): [55.000, 55.000] (assumes normal distribution)


# JMH version: 1.37
# VM version: JDK 25.0.4.1, OpenJDK 64-Bit Server VM, 25.0.4.1+1-LTS
# VM invoker: /home/test/jdk/jdk-25.0.4.1+1/bin/java
# VM options: -Xms512m -Xmx512m -Djava.util.concurrent.ForkJoinPool.common.parallelism=3
# Blackhole mode: compiler (auto-detected, use -Djmh.blackhole.autoDetect=false to disable)
# Warmup: 5 iterations, 1 s each
# Measurement: 5 iterations, 1 s each
# Timeout: 10 min per iteration
# Threads: 1 thread, will synchronize iterations
# Benchmark mode: Average time, time/op
# Benchmark: research.skew.AggregationBenchmark.sequential
# Parameters: (cardinality = 1024, distribution = hot90, seed = 20260929, size = 100000)

# Run progress: 80.56% complete, ETA 00:03:39
# Fork: 1 of 3
WARNING: A terminally deprecated method in sun.misc.Unsafe has been called
WARNING: sun.misc.Unsafe::objectFieldOffset has been called by org.openjdk.jmh.util.Utils (file:/home/test/Workspaces/JavaWorkspace/JavaStream_KeySkew/.deps/jmh-core-1.37.jar)
WARNING: Please consider reporting this to the maintainers of class org.openjdk.jmh.util.Utils
WARNING: sun.misc.Unsafe::objectFieldOffset will be removed in a future release
# Warmup Iteration   1: Input: n=100000, keys=1024, observedHotFraction=0.900000, poolParallelism=3, availableProcessors=4
1.731 ms/op
# Warmup Iteration   2: 1.495 ms/op
# Warmup Iteration   3: 1.499 ms/op
# Warmup Iteration   4: 1.496 ms/op
# Warmup Iteration   5: 1.468 ms/op
Iteration   1: 1.469 ms/op
                 gc.alloc.rate:      1086.581 MB/sec
                 gc.alloc.rate.norm: 1674186.314 B/op
                 gc.count:           4.000 counts
                 gc.time:            4.000 ms

Iteration   2: 1.477 ms/op
                 gc.alloc.rate:      1080.819 MB/sec
                 gc.alloc.rate.norm: 1674186.360 B/op
                 gc.count:           3.000 counts
                 gc.time:            3.000 ms

Iteration   3: 1.485 ms/op
                 gc.alloc.rate:      1074.424 MB/sec
                 gc.alloc.rate.norm: 1674170.303 B/op
                 gc.count:           4.000 counts
                 gc.time:            4.000 ms

Iteration   4: 1.512 ms/op
                 gc.alloc.rate:      1055.284 MB/sec
                 gc.alloc.rate.norm: 1674110.502 B/op
                 gc.count:           3.000 counts
                 gc.time:            4.000 ms

Iteration   5: 1.513 ms/op
                 gc.alloc.rate:      1054.822 MB/sec
                 gc.alloc.rate.norm: 1674106.562 B/op
                 gc.count:           4.000 counts
                 gc.time:            5.000 ms


# Run progress: 81.48% complete, ETA 00:03:29
# Fork: 2 of 3
WARNING: A terminally deprecated method in sun.misc.Unsafe has been called
WARNING: sun.misc.Unsafe::objectFieldOffset has been called by org.openjdk.jmh.util.Utils (file:/home/test/Workspaces/JavaWorkspace/JavaStream_KeySkew/.deps/jmh-core-1.37.jar)
WARNING: Please consider reporting this to the maintainers of class org.openjdk.jmh.util.Utils
WARNING: sun.misc.Unsafe::objectFieldOffset will be removed in a future release
# Warmup Iteration   1: Input: n=100000, keys=1024, observedHotFraction=0.900000, poolParallelism=3, availableProcessors=4
1.760 ms/op
# Warmup Iteration   2: 1.509 ms/op
# Warmup Iteration   3: 1.497 ms/op
# Warmup Iteration   4: 1.500 ms/op
# Warmup Iteration   5: 1.476 ms/op
Iteration   1: 1.469 ms/op
                 gc.alloc.rate:      1086.253 MB/sec
                 gc.alloc.rate.norm: 1674186.314 B/op
                 gc.count:           4.000 counts
                 gc.time:            4.000 ms

Iteration   2: 1.475 ms/op
                 gc.alloc.rate:      1082.056 MB/sec
                 gc.alloc.rate.norm: 1674186.345 B/op
                 gc.count:           3.000 counts
                 gc.time:            4.000 ms

Iteration   3: 1.479 ms/op
                 gc.alloc.rate:      1078.818 MB/sec
                 gc.alloc.rate.norm: 1674171.651 B/op
                 gc.count:           4.000 counts
                 gc.time:            4.000 ms

Iteration   4: 1.502 ms/op
                 gc.alloc.rate:      1062.696 MB/sec
                 gc.alloc.rate.norm: 1674111.231 B/op
                 gc.count:           3.000 counts
                 gc.time:            3.000 ms

Iteration   5: 1.505 ms/op
                 gc.alloc.rate:      1060.170 MB/sec
                 gc.alloc.rate.norm: 1674106.514 B/op
                 gc.count:           4.000 counts
                 gc.time:            5.000 ms


# Run progress: 82.41% complete, ETA 00:03:18
# Fork: 3 of 3
WARNING: A terminally deprecated method in sun.misc.Unsafe has been called
WARNING: sun.misc.Unsafe::objectFieldOffset has been called by org.openjdk.jmh.util.Utils (file:/home/test/Workspaces/JavaWorkspace/JavaStream_KeySkew/.deps/jmh-core-1.37.jar)
WARNING: Please consider reporting this to the maintainers of class org.openjdk.jmh.util.Utils
WARNING: sun.misc.Unsafe::objectFieldOffset will be removed in a future release
# Warmup Iteration   1: Input: n=100000, keys=1024, observedHotFraction=0.900000, poolParallelism=3, availableProcessors=4
2.083 ms/op
# Warmup Iteration   2: 1.773 ms/op
# Warmup Iteration   3: 1.773 ms/op
# Warmup Iteration   4: 1.769 ms/op
# Warmup Iteration   5: 1.766 ms/op
Iteration   1: 1.745 ms/op
                 gc.alloc.rate:      914.800 MB/sec
                 gc.alloc.rate.norm: 1674188.237 B/op
                 gc.count:           3.000 counts
                 gc.time:            5.000 ms

Iteration   2: 1.744 ms/op
                 gc.alloc.rate:      915.189 MB/sec
                 gc.alloc.rate.norm: 1674188.237 B/op
                 gc.count:           3.000 counts
                 gc.time:            3.000 ms

Iteration   3: 1.745 ms/op
                 gc.alloc.rate:      914.926 MB/sec
                 gc.alloc.rate.norm: 1674188.237 B/op
                 gc.count:           3.000 counts
                 gc.time:            3.000 ms

Iteration   4: 1.742 ms/op
                 gc.alloc.rate:      916.088 MB/sec
                 gc.alloc.rate.norm: 1674188.216 B/op
                 gc.count:           3.000 counts
                 gc.time:            3.000 ms

Iteration   5: 1.541 ms/op
                 gc.alloc.rate:      1035.759 MB/sec
                 gc.alloc.rate.norm: 1674125.268 B/op
                 gc.count:           4.000 counts
                 gc.time:            4.000 ms



Result "research.skew.AggregationBenchmark.sequential":
  1.560 ±(99.9%) 0.124 ms/op [Average]
  (min, avg, max) = (1.469, 1.560, 1.745), stdev = 0.116
  CI (99.9%): [1.436, 1.685] (assumes normal distribution)

Secondary result "research.skew.AggregationBenchmark.sequential:gc.alloc.rate":
  1027.912 ±(99.9%) 76.607 MB/sec [Average]
  (min, avg, max) = (914.800, 1027.912, 1086.581), stdev = 71.658
  CI (99.9%): [951.306, 1104.519] (assumes normal distribution)

Secondary result "research.skew.AggregationBenchmark.sequential:gc.alloc.rate.norm":
  1674160.019 ±(99.9%) 38.285 B/op [Average]
  (min, avg, max) = (1674106.514, 1674160.019, 1674188.237), stdev = 35.812
  CI (99.9%): [1674121.734, 1674198.304] (assumes normal distribution)

Secondary result "research.skew.AggregationBenchmark.sequential:gc.count":
  52.000 ±(99.9%) 0.001 counts [Sum]
  (min, avg, max) = (3.000, 3.467, 4.000), stdev = 0.516
  CI (99.9%): [52.000, 52.000] (assumes normal distribution)

Secondary result "research.skew.AggregationBenchmark.sequential:gc.time":
  58.000 ±(99.9%) 0.001 ms [Sum]
  (min, avg, max) = (3.000, 3.867, 5.000), stdev = 0.743
  CI (99.9%): [58.000, 58.000] (assumes normal distribution)


# JMH version: 1.37
# VM version: JDK 25.0.4.1, OpenJDK 64-Bit Server VM, 25.0.4.1+1-LTS
# VM invoker: /home/test/jdk/jdk-25.0.4.1+1/bin/java
# VM options: -Xms512m -Xmx512m -Djava.util.concurrent.ForkJoinPool.common.parallelism=3
# Blackhole mode: compiler (auto-detected, use -Djmh.blackhole.autoDetect=false to disable)
# Warmup: 5 iterations, 1 s each
# Measurement: 5 iterations, 1 s each
# Timeout: 10 min per iteration
# Threads: 1 thread, will synchronize iterations
# Benchmark mode: Average time, time/op
# Benchmark: research.skew.AggregationBenchmark.sequential
# Parameters: (cardinality = 2048, distribution = uniform, seed = 20260929, size = 100000)

# Run progress: 83.33% complete, ETA 00:03:08
# Fork: 1 of 3
WARNING: A terminally deprecated method in sun.misc.Unsafe has been called
WARNING: sun.misc.Unsafe::objectFieldOffset has been called by org.openjdk.jmh.util.Utils (file:/home/test/Workspaces/JavaWorkspace/JavaStream_KeySkew/.deps/jmh-core-1.37.jar)
WARNING: Please consider reporting this to the maintainers of class org.openjdk.jmh.util.Utils
WARNING: sun.misc.Unsafe::objectFieldOffset will be removed in a future release
# Warmup Iteration   1: Input: n=100000, keys=2048, observedHotFraction=0.000490, poolParallelism=3, availableProcessors=4
2.273 ms/op
# Warmup Iteration   2: 1.850 ms/op
# Warmup Iteration   3: 1.903 ms/op
# Warmup Iteration   4: 1.892 ms/op
# Warmup Iteration   5: 1.878 ms/op
Iteration   1: 1.807 ms/op
                 gc.alloc.rate:      922.136 MB/sec
                 gc.alloc.rate.norm: 1747908.679 B/op
                 gc.count:           3.000 counts
                 gc.time:            5.000 ms

Iteration   2: 1.809 ms/op
                 gc.alloc.rate:      920.928 MB/sec
                 gc.alloc.rate.norm: 1747908.702 B/op
                 gc.count:           3.000 counts
                 gc.time:            3.000 ms

Iteration   3: 1.800 ms/op
                 gc.alloc.rate:      926.013 MB/sec
                 gc.alloc.rate.norm: 1747908.633 B/op
                 gc.count:           3.000 counts
                 gc.time:            3.000 ms

Iteration   4: 1.801 ms/op
                 gc.alloc.rate:      925.564 MB/sec
                 gc.alloc.rate.norm: 1747908.633 B/op
                 gc.count:           3.000 counts
                 gc.time:            3.000 ms

Iteration   5: 1.822 ms/op
                 gc.alloc.rate:      914.734 MB/sec
                 gc.alloc.rate.norm: 1747884.867 B/op
                 gc.count:           3.000 counts
                 gc.time:            3.000 ms


# Run progress: 84.26% complete, ETA 00:02:57
# Fork: 2 of 3
WARNING: A terminally deprecated method in sun.misc.Unsafe has been called
WARNING: sun.misc.Unsafe::objectFieldOffset has been called by org.openjdk.jmh.util.Utils (file:/home/test/Workspaces/JavaWorkspace/JavaStream_KeySkew/.deps/jmh-core-1.37.jar)
WARNING: Please consider reporting this to the maintainers of class org.openjdk.jmh.util.Utils
WARNING: sun.misc.Unsafe::objectFieldOffset will be removed in a future release
# Warmup Iteration   1: Input: n=100000, keys=2048, observedHotFraction=0.000490, poolParallelism=3, availableProcessors=4
2.461 ms/op
# Warmup Iteration   2: 2.057 ms/op
# Warmup Iteration   3: 2.050 ms/op
# Warmup Iteration   4: 2.059 ms/op
# Warmup Iteration   5: 2.045 ms/op
Iteration   1: 2.020 ms/op
                 gc.alloc.rate:      825.071 MB/sec
                 gc.alloc.rate.norm: 1747910.161 B/op
                 gc.count:           3.000 counts
                 gc.time:            7.000 ms

Iteration   2: 1.981 ms/op
                 gc.alloc.rate:      841.314 MB/sec
                 gc.alloc.rate.norm: 1747909.972 B/op
                 gc.count:           3.000 counts
                 gc.time:            4.000 ms

Iteration   3: 1.977 ms/op
                 gc.alloc.rate:      842.937 MB/sec
                 gc.alloc.rate.norm: 1747909.881 B/op
                 gc.count:           3.000 counts
                 gc.time:            3.000 ms

Iteration   4: 1.984 ms/op
                 gc.alloc.rate:      839.915 MB/sec
                 gc.alloc.rate.norm: 1747909.909 B/op
                 gc.count:           2.000 counts
                 gc.time:            2.000 ms

Iteration   5: 1.986 ms/op
                 gc.alloc.rate:      839.078 MB/sec
                 gc.alloc.rate.norm: 1747910.000 B/op
                 gc.count:           3.000 counts
                 gc.time:            4.000 ms


# Run progress: 85.19% complete, ETA 00:02:47
# Fork: 3 of 3
WARNING: A terminally deprecated method in sun.misc.Unsafe has been called
WARNING: sun.misc.Unsafe::objectFieldOffset has been called by org.openjdk.jmh.util.Utils (file:/home/test/Workspaces/JavaWorkspace/JavaStream_KeySkew/.deps/jmh-core-1.37.jar)
WARNING: Please consider reporting this to the maintainers of class org.openjdk.jmh.util.Utils
WARNING: sun.misc.Unsafe::objectFieldOffset will be removed in a future release
# Warmup Iteration   1: Input: n=100000, keys=2048, observedHotFraction=0.000490, poolParallelism=3, availableProcessors=4
2.319 ms/op
# Warmup Iteration   2: 1.935 ms/op
# Warmup Iteration   3: 1.928 ms/op
# Warmup Iteration   4: 1.942 ms/op
# Warmup Iteration   5: 1.952 ms/op
Iteration   1: 1.858 ms/op
                 gc.alloc.rate:      896.769 MB/sec
                 gc.alloc.rate.norm: 1747909.032 B/op
                 gc.count:           3.000 counts
                 gc.time:            5.000 ms

Iteration   2: 1.852 ms/op
                 gc.alloc.rate:      899.997 MB/sec
                 gc.alloc.rate.norm: 1747908.983 B/op
                 gc.count:           3.000 counts
                 gc.time:            3.000 ms

Iteration   3: 1.841 ms/op
                 gc.alloc.rate:      905.128 MB/sec
                 gc.alloc.rate.norm: 1747908.912 B/op
                 gc.count:           3.000 counts
                 gc.time:            4.000 ms

Iteration   4: 1.836 ms/op
                 gc.alloc.rate:      907.803 MB/sec
                 gc.alloc.rate.norm: 1747908.888 B/op
                 gc.count:           3.000 counts
                 gc.time:            3.000 ms

Iteration   5: 1.837 ms/op
                 gc.alloc.rate:      906.814 MB/sec
                 gc.alloc.rate.norm: 1747908.947 B/op
                 gc.count:           3.000 counts
                 gc.time:            3.000 ms



Result "research.skew.AggregationBenchmark.sequential":
  1.881 ±(99.9%) 0.088 ms/op [Average]
  (min, avg, max) = (1.800, 1.881, 2.020), stdev = 0.082
  CI (99.9%): [1.793, 1.968] (assumes normal distribution)

Secondary result "research.skew.AggregationBenchmark.sequential:gc.alloc.rate":
  887.614 ±(99.9%) 40.360 MB/sec [Average]
  (min, avg, max) = (825.071, 887.614, 926.013), stdev = 37.753
  CI (99.9%): [847.253, 927.974] (assumes normal distribution)

Secondary result "research.skew.AggregationBenchmark.sequential:gc.alloc.rate.norm":
  1747907.613 ±(99.9%) 6.755 B/op [Average]
  (min, avg, max) = (1747884.867, 1747907.613, 1747910.161), stdev = 6.319
  CI (99.9%): [1747900.858, 1747914.368] (assumes normal distribution)

Secondary result "research.skew.AggregationBenchmark.sequential:gc.count":
  44.000 ±(99.9%) 0.001 counts [Sum]
  (min, avg, max) = (2.000, 2.933, 3.000), stdev = 0.258
  CI (99.9%): [44.000, 44.000] (assumes normal distribution)

Secondary result "research.skew.AggregationBenchmark.sequential:gc.time":
  55.000 ±(99.9%) 0.001 ms [Sum]
  (min, avg, max) = (2.000, 3.667, 7.000), stdev = 1.234
  CI (99.9%): [55.000, 55.000] (assumes normal distribution)


# JMH version: 1.37
# VM version: JDK 25.0.4.1, OpenJDK 64-Bit Server VM, 25.0.4.1+1-LTS
# VM invoker: /home/test/jdk/jdk-25.0.4.1+1/bin/java
# VM options: -Xms512m -Xmx512m -Djava.util.concurrent.ForkJoinPool.common.parallelism=3
# Blackhole mode: compiler (auto-detected, use -Djmh.blackhole.autoDetect=false to disable)
# Warmup: 5 iterations, 1 s each
# Measurement: 5 iterations, 1 s each
# Timeout: 10 min per iteration
# Threads: 1 thread, will synchronize iterations
# Benchmark mode: Average time, time/op
# Benchmark: research.skew.AggregationBenchmark.sequential
# Parameters: (cardinality = 2048, distribution = hot50, seed = 20260929, size = 100000)

# Run progress: 86.11% complete, ETA 00:02:37
# Fork: 1 of 3
WARNING: A terminally deprecated method in sun.misc.Unsafe has been called
WARNING: sun.misc.Unsafe::objectFieldOffset has been called by org.openjdk.jmh.util.Utils (file:/home/test/Workspaces/JavaWorkspace/JavaStream_KeySkew/.deps/jmh-core-1.37.jar)
WARNING: Please consider reporting this to the maintainers of class org.openjdk.jmh.util.Utils
WARNING: sun.misc.Unsafe::objectFieldOffset will be removed in a future release
# Warmup Iteration   1: Input: n=100000, keys=2048, observedHotFraction=0.500000, poolParallelism=3, availableProcessors=4
2.316 ms/op
# Warmup Iteration   2: 1.978 ms/op
# Warmup Iteration   3: 1.992 ms/op
# Warmup Iteration   4: 2.036 ms/op
# Warmup Iteration   5: 1.964 ms/op
Iteration   1: 1.921 ms/op
                 gc.alloc.rate:      867.482 MB/sec
                 gc.alloc.rate.norm: 1747933.482 B/op
                 gc.count:           2.000 counts
                 gc.time:            5.000 ms

Iteration   2: 1.917 ms/op
                 gc.alloc.rate:      869.430 MB/sec
                 gc.alloc.rate.norm: 1747933.456 B/op
                 gc.count:           3.000 counts
                 gc.time:            4.000 ms

Iteration   3: 1.913 ms/op
                 gc.alloc.rate:      871.076 MB/sec
                 gc.alloc.rate.norm: 1747933.491 B/op
                 gc.count:           3.000 counts
                 gc.time:            3.000 ms

Iteration   4: 1.920 ms/op
                 gc.alloc.rate:      868.005 MB/sec
                 gc.alloc.rate.norm: 1747933.482 B/op
                 gc.count:           3.000 counts
                 gc.time:            3.000 ms

Iteration   5: 1.907 ms/op
                 gc.alloc.rate:      873.682 MB/sec
                 gc.alloc.rate.norm: 1747933.440 B/op
                 gc.count:           3.000 counts
                 gc.time:            4.000 ms


# Run progress: 87.04% complete, ETA 00:02:26
# Fork: 2 of 3
WARNING: A terminally deprecated method in sun.misc.Unsafe has been called
WARNING: sun.misc.Unsafe::objectFieldOffset has been called by org.openjdk.jmh.util.Utils (file:/home/test/Workspaces/JavaWorkspace/JavaStream_KeySkew/.deps/jmh-core-1.37.jar)
WARNING: Please consider reporting this to the maintainers of class org.openjdk.jmh.util.Utils
WARNING: sun.misc.Unsafe::objectFieldOffset will be removed in a future release
# Warmup Iteration   1: Input: n=100000, keys=2048, observedHotFraction=0.500000, poolParallelism=3, availableProcessors=4
2.117 ms/op
# Warmup Iteration   2: 1.798 ms/op
# Warmup Iteration   3: 1.825 ms/op
# Warmup Iteration   4: 1.839 ms/op
# Warmup Iteration   5: 1.797 ms/op
Iteration   1: 1.737 ms/op
                 gc.alloc.rate:      959.681 MB/sec
                 gc.alloc.rate.norm: 1747932.194 B/op
                 gc.count:           3.000 counts
                 gc.time:            3.000 ms

Iteration   2: 1.738 ms/op
                 gc.alloc.rate:      959.052 MB/sec
                 gc.alloc.rate.norm: 1747932.194 B/op
                 gc.count:           3.000 counts
                 gc.time:            4.000 ms

Iteration   3: 1.743 ms/op
                 gc.alloc.rate:      956.034 MB/sec
                 gc.alloc.rate.norm: 1747932.237 B/op
                 gc.count:           3.000 counts
                 gc.time:            3.000 ms

Iteration   4: 1.733 ms/op
                 gc.alloc.rate:      961.888 MB/sec
                 gc.alloc.rate.norm: 1747932.152 B/op
                 gc.count:           3.000 counts
                 gc.time:            3.000 ms

Iteration   5: 1.790 ms/op
                 gc.alloc.rate:      930.898 MB/sec
                 gc.alloc.rate.norm: 1747882.476 B/op
                 gc.count:           3.000 counts
                 gc.time:            3.000 ms


# Run progress: 87.96% complete, ETA 00:02:16
# Fork: 3 of 3
WARNING: A terminally deprecated method in sun.misc.Unsafe has been called
WARNING: sun.misc.Unsafe::objectFieldOffset has been called by org.openjdk.jmh.util.Utils (file:/home/test/Workspaces/JavaWorkspace/JavaStream_KeySkew/.deps/jmh-core-1.37.jar)
WARNING: Please consider reporting this to the maintainers of class org.openjdk.jmh.util.Utils
WARNING: sun.misc.Unsafe::objectFieldOffset will be removed in a future release
# Warmup Iteration   1: Input: n=100000, keys=2048, observedHotFraction=0.500000, poolParallelism=3, availableProcessors=4
2.345 ms/op
# Warmup Iteration   2: 2.043 ms/op
# Warmup Iteration   3: 1.991 ms/op
# Warmup Iteration   4: 1.981 ms/op
# Warmup Iteration   5: 1.974 ms/op
Iteration   1: 1.951 ms/op
                 gc.alloc.rate:      854.433 MB/sec
                 gc.alloc.rate.norm: 1747933.692 B/op
                 gc.count:           2.000 counts
                 gc.time:            4.000 ms

Iteration   2: 1.925 ms/op
                 gc.alloc.rate:      865.575 MB/sec
                 gc.alloc.rate.norm: 1747933.508 B/op
                 gc.count:           3.000 counts
                 gc.time:            4.000 ms

Iteration   3: 1.923 ms/op
                 gc.alloc.rate:      866.747 MB/sec
                 gc.alloc.rate.norm: 1747933.482 B/op
                 gc.count:           3.000 counts
                 gc.time:            3.000 ms

Iteration   4: 1.919 ms/op
                 gc.alloc.rate:      868.450 MB/sec
                 gc.alloc.rate.norm: 1747933.456 B/op
                 gc.count:           3.000 counts
                 gc.time:            3.000 ms

Iteration   5: 1.911 ms/op
                 gc.alloc.rate:      871.963 MB/sec
                 gc.alloc.rate.norm: 1747933.466 B/op
                 gc.count:           3.000 counts
                 gc.time:            4.000 ms



Result "research.skew.AggregationBenchmark.sequential":
  1.863 ±(99.9%) 0.092 ms/op [Average]
  (min, avg, max) = (1.733, 1.863, 1.951), stdev = 0.086
  CI (99.9%): [1.771, 1.955] (assumes normal distribution)

Secondary result "research.skew.AggregationBenchmark.sequential:gc.alloc.rate":
  896.293 ±(99.9%) 45.591 MB/sec [Average]
  (min, avg, max) = (854.433, 896.293, 961.888), stdev = 42.646
  CI (99.9%): [850.702, 941.884] (assumes normal distribution)

Secondary result "research.skew.AggregationBenchmark.sequential:gc.alloc.rate.norm":
  1747929.747 ±(99.9%) 13.995 B/op [Average]
  (min, avg, max) = (1747882.476, 1747929.747, 1747933.692), stdev = 13.091
  CI (99.9%): [1747915.753, 1747943.742] (assumes normal distribution)

Secondary result "research.skew.AggregationBenchmark.sequential:gc.count":
  43.000 ±(99.9%) 0.001 counts [Sum]
  (min, avg, max) = (2.000, 2.867, 3.000), stdev = 0.352
  CI (99.9%): [43.000, 43.000] (assumes normal distribution)

Secondary result "research.skew.AggregationBenchmark.sequential:gc.time":
  53.000 ±(99.9%) 0.001 ms [Sum]
  (min, avg, max) = (3.000, 3.533, 5.000), stdev = 0.640
  CI (99.9%): [53.000, 53.000] (assumes normal distribution)


# JMH version: 1.37
# VM version: JDK 25.0.4.1, OpenJDK 64-Bit Server VM, 25.0.4.1+1-LTS
# VM invoker: /home/test/jdk/jdk-25.0.4.1+1/bin/java
# VM options: -Xms512m -Xmx512m -Djava.util.concurrent.ForkJoinPool.common.parallelism=3
# Blackhole mode: compiler (auto-detected, use -Djmh.blackhole.autoDetect=false to disable)
# Warmup: 5 iterations, 1 s each
# Measurement: 5 iterations, 1 s each
# Timeout: 10 min per iteration
# Threads: 1 thread, will synchronize iterations
# Benchmark mode: Average time, time/op
# Benchmark: research.skew.AggregationBenchmark.sequential
# Parameters: (cardinality = 2048, distribution = hot90, seed = 20260929, size = 100000)

# Run progress: 88.89% complete, ETA 00:02:05
# Fork: 1 of 3
WARNING: A terminally deprecated method in sun.misc.Unsafe has been called
WARNING: sun.misc.Unsafe::objectFieldOffset has been called by org.openjdk.jmh.util.Utils (file:/home/test/Workspaces/JavaWorkspace/JavaStream_KeySkew/.deps/jmh-core-1.37.jar)
WARNING: Please consider reporting this to the maintainers of class org.openjdk.jmh.util.Utils
WARNING: sun.misc.Unsafe::objectFieldOffset will be removed in a future release
# Warmup Iteration   1: Input: n=100000, keys=2048, observedHotFraction=0.900000, poolParallelism=3, availableProcessors=4
1.841 ms/op
# Warmup Iteration   2: 1.584 ms/op
# Warmup Iteration   3: 1.560 ms/op
# Warmup Iteration   4: 1.557 ms/op
# Warmup Iteration   5: 1.549 ms/op
Iteration   1: 1.538 ms/op
                 gc.alloc.rate:      1083.815 MB/sec
                 gc.alloc.rate.norm: 1747930.790 B/op
                 gc.count:           4.000 counts
                 gc.time:            4.000 ms

Iteration   2: 1.538 ms/op
                 gc.alloc.rate:      1083.258 MB/sec
                 gc.alloc.rate.norm: 1747930.790 B/op
                 gc.count:           3.000 counts
                 gc.time:            3.000 ms

Iteration   3: 1.536 ms/op
                 gc.alloc.rate:      1084.775 MB/sec
                 gc.alloc.rate.norm: 1747930.790 B/op
                 gc.count:           4.000 counts
                 gc.time:            4.000 ms

Iteration   4: 1.619 ms/op
                 gc.alloc.rate:      1029.525 MB/sec
                 gc.alloc.rate.norm: 1747869.131 B/op
                 gc.count:           3.000 counts
                 gc.time:            4.000 ms

Iteration   5: 1.614 ms/op
                 gc.alloc.rate:      1032.838 MB/sec
                 gc.alloc.rate.norm: 1747851.259 B/op
                 gc.count:           4.000 counts
                 gc.time:            3.000 ms


# Run progress: 89.81% complete, ETA 00:01:55
# Fork: 2 of 3
WARNING: A terminally deprecated method in sun.misc.Unsafe has been called
WARNING: sun.misc.Unsafe::objectFieldOffset has been called by org.openjdk.jmh.util.Utils (file:/home/test/Workspaces/JavaWorkspace/JavaStream_KeySkew/.deps/jmh-core-1.37.jar)
WARNING: Please consider reporting this to the maintainers of class org.openjdk.jmh.util.Utils
WARNING: sun.misc.Unsafe::objectFieldOffset will be removed in a future release
# Warmup Iteration   1: Input: n=100000, keys=2048, observedHotFraction=0.900000, poolParallelism=3, availableProcessors=4
1.991 ms/op
# Warmup Iteration   2: 1.755 ms/op
# Warmup Iteration   3: 1.755 ms/op
# Warmup Iteration   4: 1.771 ms/op
# Warmup Iteration   5: 1.761 ms/op
Iteration   1: 1.731 ms/op
                 gc.alloc.rate:      962.592 MB/sec
                 gc.alloc.rate.norm: 1747932.152 B/op
                 gc.count:           3.000 counts
                 gc.time:            4.000 ms

Iteration   2: 1.727 ms/op
                 gc.alloc.rate:      964.957 MB/sec
                 gc.alloc.rate.norm: 1747932.110 B/op
                 gc.count:           4.000 counts
                 gc.time:            3.000 ms

Iteration   3: 1.733 ms/op
                 gc.alloc.rate:      961.676 MB/sec
                 gc.alloc.rate.norm: 1747932.152 B/op
                 gc.count:           3.000 counts
                 gc.time:            4.000 ms

Iteration   4: 1.723 ms/op
                 gc.alloc.rate:      967.409 MB/sec
                 gc.alloc.rate.norm: 1747929.997 B/op
                 gc.count:           3.000 counts
                 gc.time:            3.000 ms

Iteration   5: 1.622 ms/op
                 gc.alloc.rate:      1027.532 MB/sec
                 gc.alloc.rate.norm: 1747866.347 B/op
                 gc.count:           3.000 counts
                 gc.time:            3.000 ms


# Run progress: 90.74% complete, ETA 00:01:44
# Fork: 3 of 3
WARNING: A terminally deprecated method in sun.misc.Unsafe has been called
WARNING: sun.misc.Unsafe::objectFieldOffset has been called by org.openjdk.jmh.util.Utils (file:/home/test/Workspaces/JavaWorkspace/JavaStream_KeySkew/.deps/jmh-core-1.37.jar)
WARNING: Please consider reporting this to the maintainers of class org.openjdk.jmh.util.Utils
WARNING: sun.misc.Unsafe::objectFieldOffset will be removed in a future release
# Warmup Iteration   1: Input: n=100000, keys=2048, observedHotFraction=0.900000, poolParallelism=3, availableProcessors=4
1.838 ms/op
# Warmup Iteration   2: 1.600 ms/op
# Warmup Iteration   3: 1.591 ms/op
# Warmup Iteration   4: 1.578 ms/op
# Warmup Iteration   5: 1.552 ms/op
Iteration   1: 1.540 ms/op
                 gc.alloc.rate:      1081.813 MB/sec
                 gc.alloc.rate.norm: 1747930.806 B/op
                 gc.count:           4.000 counts
                 gc.time:            5.000 ms

Iteration   2: 1.544 ms/op
                 gc.alloc.rate:      1079.452 MB/sec
                 gc.alloc.rate.norm: 1747930.840 B/op
                 gc.count:           3.000 counts
                 gc.time:            3.000 ms

Iteration   3: 1.546 ms/op
                 gc.alloc.rate:      1077.735 MB/sec
                 gc.alloc.rate.norm: 1747930.856 B/op
                 gc.count:           4.000 counts
                 gc.time:            4.000 ms

Iteration   4: 1.598 ms/op
                 gc.alloc.rate:      1042.701 MB/sec
                 gc.alloc.rate.norm: 1747907.853 B/op
                 gc.count:           3.000 counts
                 gc.time:            4.000 ms

Iteration   5: 1.616 ms/op
                 gc.alloc.rate:      1031.380 MB/sec
                 gc.alloc.rate.norm: 1747883.381 B/op
                 gc.count:           3.000 counts
                 gc.time:            3.000 ms



Result "research.skew.AggregationBenchmark.sequential":
  1.615 ±(99.9%) 0.083 ms/op [Average]
  (min, avg, max) = (1.536, 1.615, 1.733), stdev = 0.078
  CI (99.9%): [1.532, 1.698] (assumes normal distribution)

Secondary result "research.skew.AggregationBenchmark.sequential:gc.alloc.rate":
  1034.097 ±(99.9%) 52.238 MB/sec [Average]
  (min, avg, max) = (961.676, 1034.097, 1084.775), stdev = 48.864
  CI (99.9%): [981.859, 1086.336] (assumes normal distribution)

Secondary result "research.skew.AggregationBenchmark.sequential:gc.alloc.rate.norm":
  1747912.617 ±(99.9%) 31.437 B/op [Average]
  (min, avg, max) = (1747851.259, 1747912.617, 1747932.152), stdev = 29.406
  CI (99.9%): [1747881.180, 1747944.053] (assumes normal distribution)

Secondary result "research.skew.AggregationBenchmark.sequential:gc.count":
  51.000 ±(99.9%) 0.001 counts [Sum]
  (min, avg, max) = (3.000, 3.400, 4.000), stdev = 0.507
  CI (99.9%): [51.000, 51.000] (assumes normal distribution)

Secondary result "research.skew.AggregationBenchmark.sequential:gc.time":
  54.000 ±(99.9%) 0.001 ms [Sum]
  (min, avg, max) = (3.000, 3.600, 5.000), stdev = 0.632
  CI (99.9%): [54.000, 54.000] (assumes normal distribution)


# JMH version: 1.37
# VM version: JDK 25.0.4.1, OpenJDK 64-Bit Server VM, 25.0.4.1+1-LTS
# VM invoker: /home/test/jdk/jdk-25.0.4.1+1/bin/java
# VM options: -Xms512m -Xmx512m -Djava.util.concurrent.ForkJoinPool.common.parallelism=3
# Blackhole mode: compiler (auto-detected, use -Djmh.blackhole.autoDetect=false to disable)
# Warmup: 5 iterations, 1 s each
# Measurement: 5 iterations, 1 s each
# Timeout: 10 min per iteration
# Threads: 1 thread, will synchronize iterations
# Benchmark mode: Average time, time/op
# Benchmark: research.skew.AggregationBenchmark.sequential
# Parameters: (cardinality = 4096, distribution = uniform, seed = 20260929, size = 100000)

# Run progress: 91.67% complete, ETA 00:01:34
# Fork: 1 of 3
WARNING: A terminally deprecated method in sun.misc.Unsafe has been called
WARNING: sun.misc.Unsafe::objectFieldOffset has been called by org.openjdk.jmh.util.Utils (file:/home/test/Workspaces/JavaWorkspace/JavaStream_KeySkew/.deps/jmh-core-1.37.jar)
WARNING: Please consider reporting this to the maintainers of class org.openjdk.jmh.util.Utils
WARNING: sun.misc.Unsafe::objectFieldOffset will be removed in a future release
# Warmup Iteration   1: Input: n=100000, keys=4096, observedHotFraction=0.000250, poolParallelism=3, availableProcessors=4
2.655 ms/op
# Warmup Iteration   2: 2.395 ms/op
# Warmup Iteration   3: 2.295 ms/op
# Warmup Iteration   4: 2.310 ms/op
# Warmup Iteration   5: 2.343 ms/op
Iteration   1: 2.322 ms/op
                 gc.alloc.rate:      778.264 MB/sec
                 gc.alloc.rate.norm: 1895384.297 B/op
                 gc.count:           3.000 counts
                 gc.time:            9.000 ms

Iteration   2: 2.274 ms/op
                 gc.alloc.rate:      794.727 MB/sec
                 gc.alloc.rate.norm: 1895383.927 B/op
                 gc.count:           3.000 counts
                 gc.time:            4.000 ms

Iteration   3: 2.246 ms/op
                 gc.alloc.rate:      804.590 MB/sec
                 gc.alloc.rate.norm: 1895383.749 B/op
                 gc.count:           2.000 counts
                 gc.time:            2.000 ms

Iteration   4: 2.250 ms/op
                 gc.alloc.rate:      800.868 MB/sec
                 gc.alloc.rate.norm: 1895383.784 B/op
                 gc.count:           3.000 counts
                 gc.time:            4.000 ms

Iteration   5: 2.243 ms/op
                 gc.alloc.rate:      805.595 MB/sec
                 gc.alloc.rate.norm: 1895383.821 B/op
                 gc.count:           3.000 counts
                 gc.time:            3.000 ms


# Run progress: 92.59% complete, ETA 00:01:23
# Fork: 2 of 3
WARNING: A terminally deprecated method in sun.misc.Unsafe has been called
WARNING: sun.misc.Unsafe::objectFieldOffset has been called by org.openjdk.jmh.util.Utils (file:/home/test/Workspaces/JavaWorkspace/JavaStream_KeySkew/.deps/jmh-core-1.37.jar)
WARNING: Please consider reporting this to the maintainers of class org.openjdk.jmh.util.Utils
WARNING: sun.misc.Unsafe::objectFieldOffset will be removed in a future release
# Warmup Iteration   1: Input: n=100000, keys=4096, observedHotFraction=0.000250, poolParallelism=3, availableProcessors=4
2.679 ms/op
# Warmup Iteration   2: 2.380 ms/op
# Warmup Iteration   3: 2.307 ms/op
# Warmup Iteration   4: 2.340 ms/op
# Warmup Iteration   5: 2.354 ms/op
Iteration   1: 2.307 ms/op
                 gc.alloc.rate:      783.443 MB/sec
                 gc.alloc.rate.norm: 1895384.184 B/op
                 gc.count:           3.000 counts
                 gc.time:            9.000 ms

Iteration   2: 2.272 ms/op
                 gc.alloc.rate:      795.112 MB/sec
                 gc.alloc.rate.norm: 1895383.927 B/op
                 gc.count:           3.000 counts
                 gc.time:            4.000 ms

Iteration   3: 2.277 ms/op
                 gc.alloc.rate:      793.681 MB/sec
                 gc.alloc.rate.norm: 1895383.964 B/op
                 gc.count:           2.000 counts
                 gc.time:            2.000 ms

Iteration   4: 2.282 ms/op
                 gc.alloc.rate:      791.747 MB/sec
                 gc.alloc.rate.norm: 1895384.000 B/op
                 gc.count:           3.000 counts
                 gc.time:            3.000 ms

Iteration   5: 2.280 ms/op
                 gc.alloc.rate:      792.621 MB/sec
                 gc.alloc.rate.norm: 1895384.000 B/op
                 gc.count:           2.000 counts
                 gc.time:            2.000 ms


# Run progress: 93.52% complete, ETA 00:01:13
# Fork: 3 of 3
WARNING: A terminally deprecated method in sun.misc.Unsafe has been called
WARNING: sun.misc.Unsafe::objectFieldOffset has been called by org.openjdk.jmh.util.Utils (file:/home/test/Workspaces/JavaWorkspace/JavaStream_KeySkew/.deps/jmh-core-1.37.jar)
WARNING: Please consider reporting this to the maintainers of class org.openjdk.jmh.util.Utils
WARNING: sun.misc.Unsafe::objectFieldOffset will be removed in a future release
# Warmup Iteration   1: Input: n=100000, keys=4096, observedHotFraction=0.000250, poolParallelism=3, availableProcessors=4
2.818 ms/op
# Warmup Iteration   2: 2.498 ms/op
# Warmup Iteration   3: 2.463 ms/op
# Warmup Iteration   4: 2.549 ms/op
# Warmup Iteration   5: 2.540 ms/op
Iteration   1: 2.481 ms/op
                 gc.alloc.rate:      728.295 MB/sec
                 gc.alloc.rate.norm: 1895385.386 B/op
                 gc.count:           2.000 counts
                 gc.time:            6.000 ms

Iteration   2: 2.444 ms/op
                 gc.alloc.rate:      739.486 MB/sec
                 gc.alloc.rate.norm: 1895385.132 B/op
                 gc.count:           2.000 counts
                 gc.time:            4.000 ms

Iteration   3: 2.431 ms/op
                 gc.alloc.rate:      743.486 MB/sec
                 gc.alloc.rate.norm: 1895385.049 B/op
                 gc.count:           3.000 counts
                 gc.time:            3.000 ms

Iteration   4: 2.445 ms/op
                 gc.alloc.rate:      739.161 MB/sec
                 gc.alloc.rate.norm: 1895385.132 B/op
                 gc.count:           2.000 counts
                 gc.time:            2.000 ms

Iteration   5: 2.438 ms/op
                 gc.alloc.rate:      741.085 MB/sec
                 gc.alloc.rate.norm: 1895385.168 B/op
                 gc.count:           3.000 counts
                 gc.time:            3.000 ms



Result "research.skew.AggregationBenchmark.sequential":
  2.333 ±(99.9%) 0.093 ms/op [Average]
  (min, avg, max) = (2.243, 2.333, 2.481), stdev = 0.087
  CI (99.9%): [2.240, 2.426] (assumes normal distribution)

Secondary result "research.skew.AggregationBenchmark.sequential:gc.alloc.rate":
  775.477 ±(99.9%) 30.188 MB/sec [Average]
  (min, avg, max) = (728.295, 775.477, 805.595), stdev = 28.238
  CI (99.9%): [745.289, 805.665] (assumes normal distribution)

Secondary result "research.skew.AggregationBenchmark.sequential:gc.alloc.rate.norm":
  1895384.368 ±(99.9%) 0.651 B/op [Average]
  (min, avg, max) = (1895383.749, 1895384.368, 1895385.386), stdev = 0.609
  CI (99.9%): [1895383.717, 1895385.019] (assumes normal distribution)

Secondary result "research.skew.AggregationBenchmark.sequential:gc.count":
  39.000 ±(99.9%) 0.001 counts [Sum]
  (min, avg, max) = (2.000, 2.600, 3.000), stdev = 0.507
  CI (99.9%): [39.000, 39.000] (assumes normal distribution)

Secondary result "research.skew.AggregationBenchmark.sequential:gc.time":
  60.000 ±(99.9%) 0.001 ms [Sum]
  (min, avg, max) = (2.000, 4.000, 9.000), stdev = 2.299
  CI (99.9%): [60.000, 60.000] (assumes normal distribution)


# JMH version: 1.37
# VM version: JDK 25.0.4.1, OpenJDK 64-Bit Server VM, 25.0.4.1+1-LTS
# VM invoker: /home/test/jdk/jdk-25.0.4.1+1/bin/java
# VM options: -Xms512m -Xmx512m -Djava.util.concurrent.ForkJoinPool.common.parallelism=3
# Blackhole mode: compiler (auto-detected, use -Djmh.blackhole.autoDetect=false to disable)
# Warmup: 5 iterations, 1 s each
# Measurement: 5 iterations, 1 s each
# Timeout: 10 min per iteration
# Threads: 1 thread, will synchronize iterations
# Benchmark mode: Average time, time/op
# Benchmark: research.skew.AggregationBenchmark.sequential
# Parameters: (cardinality = 4096, distribution = hot50, seed = 20260929, size = 100000)

# Run progress: 94.44% complete, ETA 00:01:02
# Fork: 1 of 3
WARNING: A terminally deprecated method in sun.misc.Unsafe has been called
WARNING: sun.misc.Unsafe::objectFieldOffset has been called by org.openjdk.jmh.util.Utils (file:/home/test/Workspaces/JavaWorkspace/JavaStream_KeySkew/.deps/jmh-core-1.37.jar)
WARNING: Please consider reporting this to the maintainers of class org.openjdk.jmh.util.Utils
WARNING: sun.misc.Unsafe::objectFieldOffset will be removed in a future release
# Warmup Iteration   1: Input: n=100000, keys=4096, observedHotFraction=0.500000, poolParallelism=3, availableProcessors=4
2.548 ms/op
# Warmup Iteration   2: 2.325 ms/op
# Warmup Iteration   3: 2.233 ms/op
# Warmup Iteration   4: 2.208 ms/op
# Warmup Iteration   5: 2.205 ms/op
Iteration   1: 2.214 ms/op
                 gc.alloc.rate:      816.269 MB/sec
                 gc.alloc.rate.norm: 1895407.540 B/op
                 gc.count:           3.000 counts
                 gc.time:            7.000 ms

Iteration   2: 2.176 ms/op
                 gc.alloc.rate:      830.431 MB/sec
                 gc.alloc.rate.norm: 1895407.270 B/op
                 gc.count:           2.000 counts
                 gc.time:            3.000 ms

Iteration   3: 2.174 ms/op
                 gc.alloc.rate:      831.281 MB/sec
                 gc.alloc.rate.norm: 1895407.236 B/op
                 gc.count:           3.000 counts
                 gc.time:            3.000 ms

Iteration   4: 2.169 ms/op
                 gc.alloc.rate:      833.178 MB/sec
                 gc.alloc.rate.norm: 1895407.203 B/op
                 gc.count:           3.000 counts
                 gc.time:            3.000 ms

Iteration   5: 2.179 ms/op
                 gc.alloc.rate:      829.414 MB/sec
                 gc.alloc.rate.norm: 1895407.339 B/op
                 gc.count:           3.000 counts
                 gc.time:            3.000 ms


# Run progress: 95.37% complete, ETA 00:00:52
# Fork: 2 of 3
WARNING: A terminally deprecated method in sun.misc.Unsafe has been called
WARNING: sun.misc.Unsafe::objectFieldOffset has been called by org.openjdk.jmh.util.Utils (file:/home/test/Workspaces/JavaWorkspace/JavaStream_KeySkew/.deps/jmh-core-1.37.jar)
WARNING: Please consider reporting this to the maintainers of class org.openjdk.jmh.util.Utils
WARNING: sun.misc.Unsafe::objectFieldOffset will be removed in a future release
# Warmup Iteration   1: Input: n=100000, keys=4096, observedHotFraction=0.500000, poolParallelism=3, availableProcessors=4
2.425 ms/op
# Warmup Iteration   2: 2.063 ms/op
# Warmup Iteration   3: 2.053 ms/op
# Warmup Iteration   4: 2.120 ms/op
# Warmup Iteration   5: 2.047 ms/op
Iteration   1: 2.017 ms/op
                 gc.alloc.rate:      895.848 MB/sec
                 gc.alloc.rate.norm: 1895406.161 B/op
                 gc.count:           3.000 counts
                 gc.time:            5.000 ms

Iteration   2: 2.032 ms/op
                 gc.alloc.rate:      889.417 MB/sec
                 gc.alloc.rate.norm: 1895406.247 B/op
                 gc.count:           3.000 counts
                 gc.time:            4.000 ms

Iteration   3: 2.014 ms/op
                 gc.alloc.rate:      897.353 MB/sec
                 gc.alloc.rate.norm: 1895406.133 B/op
                 gc.count:           3.000 counts
                 gc.time:            3.000 ms

Iteration   4: 2.007 ms/op
                 gc.alloc.rate:      900.206 MB/sec
                 gc.alloc.rate.norm: 1895406.076 B/op
                 gc.count:           3.000 counts
                 gc.time:            3.000 ms

Iteration   5: 2.007 ms/op
                 gc.alloc.rate:      900.149 MB/sec
                 gc.alloc.rate.norm: 1895406.140 B/op
                 gc.count:           3.000 counts
                 gc.time:            3.000 ms


# Run progress: 96.30% complete, ETA 00:00:41
# Fork: 3 of 3
WARNING: A terminally deprecated method in sun.misc.Unsafe has been called
WARNING: sun.misc.Unsafe::objectFieldOffset has been called by org.openjdk.jmh.util.Utils (file:/home/test/Workspaces/JavaWorkspace/JavaStream_KeySkew/.deps/jmh-core-1.37.jar)
WARNING: Please consider reporting this to the maintainers of class org.openjdk.jmh.util.Utils
WARNING: sun.misc.Unsafe::objectFieldOffset will be removed in a future release
# Warmup Iteration   1: Input: n=100000, keys=4096, observedHotFraction=0.500000, poolParallelism=3, availableProcessors=4
2.589 ms/op
# Warmup Iteration   2: 2.311 ms/op
# Warmup Iteration   3: 2.213 ms/op
# Warmup Iteration   4: 2.204 ms/op
# Warmup Iteration   5: 2.226 ms/op
Iteration   1: 2.200 ms/op
                 gc.alloc.rate:      821.456 MB/sec
                 gc.alloc.rate.norm: 1895407.437 B/op
                 gc.count:           3.000 counts
                 gc.time:            7.000 ms

Iteration   2: 2.177 ms/op
                 gc.alloc.rate:      830.202 MB/sec
                 gc.alloc.rate.norm: 1895407.270 B/op
                 gc.count:           2.000 counts
                 gc.time:            3.000 ms

Iteration   3: 2.163 ms/op
                 gc.alloc.rate:      835.466 MB/sec
                 gc.alloc.rate.norm: 1895407.171 B/op
                 gc.count:           3.000 counts
                 gc.time:            4.000 ms

Iteration   4: 2.156 ms/op
                 gc.alloc.rate:      838.182 MB/sec
                 gc.alloc.rate.norm: 1895407.138 B/op
                 gc.count:           3.000 counts
                 gc.time:            3.000 ms

Iteration   5: 2.156 ms/op
                 gc.alloc.rate:      838.221 MB/sec
                 gc.alloc.rate.norm: 1895407.207 B/op
                 gc.count:           3.000 counts
                 gc.time:            3.000 ms



Result "research.skew.AggregationBenchmark.sequential":
  2.123 ±(99.9%) 0.086 ms/op [Average]
  (min, avg, max) = (2.007, 2.123, 2.214), stdev = 0.080
  CI (99.9%): [2.037, 2.208] (assumes normal distribution)

Secondary result "research.skew.AggregationBenchmark.sequential:gc.alloc.rate":
  852.471 ±(99.9%) 35.128 MB/sec [Average]
  (min, avg, max) = (816.269, 852.471, 900.206), stdev = 32.859
  CI (99.9%): [817.343, 887.600] (assumes normal distribution)

Secondary result "research.skew.AggregationBenchmark.sequential:gc.alloc.rate.norm":
  1895406.905 ±(99.9%) 0.600 B/op [Average]
  (min, avg, max) = (1895406.076, 1895406.905, 1895407.540), stdev = 0.561
  CI (99.9%): [1895406.305, 1895407.505] (assumes normal distribution)

Secondary result "research.skew.AggregationBenchmark.sequential:gc.count":
  43.000 ±(99.9%) 0.001 counts [Sum]
  (min, avg, max) = (2.000, 2.867, 3.000), stdev = 0.352
  CI (99.9%): [43.000, 43.000] (assumes normal distribution)

Secondary result "research.skew.AggregationBenchmark.sequential:gc.time":
  57.000 ±(99.9%) 0.001 ms [Sum]
  (min, avg, max) = (3.000, 3.800, 7.000), stdev = 1.424
  CI (99.9%): [57.000, 57.000] (assumes normal distribution)


# JMH version: 1.37
# VM version: JDK 25.0.4.1, OpenJDK 64-Bit Server VM, 25.0.4.1+1-LTS
# VM invoker: /home/test/jdk/jdk-25.0.4.1+1/bin/java
# VM options: -Xms512m -Xmx512m -Djava.util.concurrent.ForkJoinPool.common.parallelism=3
# Blackhole mode: compiler (auto-detected, use -Djmh.blackhole.autoDetect=false to disable)
# Warmup: 5 iterations, 1 s each
# Measurement: 5 iterations, 1 s each
# Timeout: 10 min per iteration
# Threads: 1 thread, will synchronize iterations
# Benchmark mode: Average time, time/op
# Benchmark: research.skew.AggregationBenchmark.sequential
# Parameters: (cardinality = 4096, distribution = hot90, seed = 20260929, size = 100000)

# Run progress: 97.22% complete, ETA 00:00:31
# Fork: 1 of 3
WARNING: A terminally deprecated method in sun.misc.Unsafe has been called
WARNING: sun.misc.Unsafe::objectFieldOffset has been called by org.openjdk.jmh.util.Utils (file:/home/test/Workspaces/JavaWorkspace/JavaStream_KeySkew/.deps/jmh-core-1.37.jar)
WARNING: Please consider reporting this to the maintainers of class org.openjdk.jmh.util.Utils
WARNING: sun.misc.Unsafe::objectFieldOffset will be removed in a future release
# Warmup Iteration   1: Input: n=100000, keys=4096, observedHotFraction=0.900000, poolParallelism=3, availableProcessors=4
1.983 ms/op
# Warmup Iteration   2: 1.713 ms/op
# Warmup Iteration   3: 1.685 ms/op
# Warmup Iteration   4: 1.723 ms/op
# Warmup Iteration   5: 1.685 ms/op
Iteration   1: 1.681 ms/op
                 gc.alloc.rate:      1074.974 MB/sec
                 gc.alloc.rate.norm: 1895403.805 B/op
                 gc.count:           4.000 counts
                 gc.time:            5.000 ms

Iteration   2: 1.679 ms/op
                 gc.alloc.rate:      1076.474 MB/sec
                 gc.alloc.rate.norm: 1895403.893 B/op
                 gc.count:           3.000 counts
                 gc.time:            3.000 ms

Iteration   3: 1.672 ms/op
                 gc.alloc.rate:      1080.541 MB/sec
                 gc.alloc.rate.norm: 1895403.726 B/op
                 gc.count:           4.000 counts
                 gc.time:            5.000 ms

Iteration   4: 1.676 ms/op
                 gc.alloc.rate:      1078.297 MB/sec
                 gc.alloc.rate.norm: 1895389.508 B/op
                 gc.count:           3.000 counts
                 gc.time:            4.000 ms

Iteration   5: 1.669 ms/op
                 gc.alloc.rate:      1082.667 MB/sec
                 gc.alloc.rate.norm: 1895331.040 B/op
                 gc.count:           4.000 counts
                 gc.time:            4.000 ms


# Run progress: 98.15% complete, ETA 00:00:20
# Fork: 2 of 3
WARNING: A terminally deprecated method in sun.misc.Unsafe has been called
WARNING: sun.misc.Unsafe::objectFieldOffset has been called by org.openjdk.jmh.util.Utils (file:/home/test/Workspaces/JavaWorkspace/JavaStream_KeySkew/.deps/jmh-core-1.37.jar)
WARNING: Please consider reporting this to the maintainers of class org.openjdk.jmh.util.Utils
WARNING: sun.misc.Unsafe::objectFieldOffset will be removed in a future release
# Warmup Iteration   1: Input: n=100000, keys=4096, observedHotFraction=0.900000, poolParallelism=3, availableProcessors=4
2.004 ms/op
# Warmup Iteration   2: 1.716 ms/op
# Warmup Iteration   3: 1.712 ms/op
# Warmup Iteration   4: 1.698 ms/op
# Warmup Iteration   5: 1.708 ms/op
Iteration   1: 1.690 ms/op
                 gc.alloc.rate:      1068.966 MB/sec
                 gc.alloc.rate.norm: 1895403.973 B/op
                 gc.count:           4.000 counts
                 gc.time:            5.000 ms

Iteration   2: 1.696 ms/op
                 gc.alloc.rate:      1065.362 MB/sec
                 gc.alloc.rate.norm: 1895403.905 B/op
                 gc.count:           3.000 counts
                 gc.time:            3.000 ms

Iteration   3: 1.696 ms/op
                 gc.alloc.rate:      1065.698 MB/sec
                 gc.alloc.rate.norm: 1895403.905 B/op
                 gc.count:           4.000 counts
                 gc.time:            5.000 ms

Iteration   4: 1.723 ms/op
                 gc.alloc.rate:      1048.668 MB/sec
                 gc.alloc.rate.norm: 1895393.487 B/op
                 gc.count:           3.000 counts
                 gc.time:            4.000 ms

Iteration   5: 1.807 ms/op
                 gc.alloc.rate:      1000.181 MB/sec
                 gc.alloc.rate.norm: 1895335.451 B/op
                 gc.count:           3.000 counts
                 gc.time:            3.000 ms


# Run progress: 99.07% complete, ETA 00:00:10
# Fork: 3 of 3
WARNING: A terminally deprecated method in sun.misc.Unsafe has been called
WARNING: sun.misc.Unsafe::objectFieldOffset has been called by org.openjdk.jmh.util.Utils (file:/home/test/Workspaces/JavaWorkspace/JavaStream_KeySkew/.deps/jmh-core-1.37.jar)
WARNING: Please consider reporting this to the maintainers of class org.openjdk.jmh.util.Utils
WARNING: sun.misc.Unsafe::objectFieldOffset will be removed in a future release
# Warmup Iteration   1: Input: n=100000, keys=4096, observedHotFraction=0.900000, poolParallelism=3, availableProcessors=4
2.169 ms/op
# Warmup Iteration   2: 1.889 ms/op
# Warmup Iteration   3: 1.920 ms/op
# Warmup Iteration   4: 1.917 ms/op
# Warmup Iteration   5: 1.892 ms/op
Iteration   1: 1.870 ms/op
                 gc.alloc.rate:      966.599 MB/sec
                 gc.alloc.rate.norm: 1895405.129 B/op
                 gc.count:           4.000 counts
                 gc.time:            5.000 ms

Iteration   2: 1.871 ms/op
                 gc.alloc.rate:      965.990 MB/sec
                 gc.alloc.rate.norm: 1895405.129 B/op
                 gc.count:           3.000 counts
                 gc.time:            3.000 ms

Iteration   3: 1.871 ms/op
                 gc.alloc.rate:      966.032 MB/sec
                 gc.alloc.rate.norm: 1895405.129 B/op
                 gc.count:           3.000 counts
                 gc.time:            3.000 ms

Iteration   4: 1.874 ms/op
                 gc.alloc.rate:      964.266 MB/sec
                 gc.alloc.rate.norm: 1895405.154 B/op
                 gc.count:           3.000 counts
                 gc.time:            3.000 ms

Iteration   5: 1.841 ms/op
                 gc.alloc.rate:      981.523 MB/sec
                 gc.alloc.rate.norm: 1895388.618 B/op
                 gc.count:           3.000 counts
                 gc.time:            4.000 ms



Result "research.skew.AggregationBenchmark.sequential":
  1.754 ±(99.9%) 0.094 ms/op [Average]
  (min, avg, max) = (1.669, 1.754, 1.874), stdev = 0.088
  CI (99.9%): [1.660, 1.848] (assumes normal distribution)

Secondary result "research.skew.AggregationBenchmark.sequential:gc.alloc.rate":
  1032.416 ±(99.9%) 54.148 MB/sec [Average]
  (min, avg, max) = (964.266, 1032.416, 1082.667), stdev = 50.650
  CI (99.9%): [978.267, 1086.564] (assumes normal distribution)

Secondary result "research.skew.AggregationBenchmark.sequential:gc.alloc.rate.norm":
  1895392.123 ±(99.9%) 26.293 B/op [Average]
  (min, avg, max) = (1895331.040, 1895392.123, 1895405.154), stdev = 24.595
  CI (99.9%): [1895365.830, 1895418.417] (assumes normal distribution)

Secondary result "research.skew.AggregationBenchmark.sequential:gc.count":
  51.000 ±(99.9%) 0.001 counts [Sum]
  (min, avg, max) = (3.000, 3.400, 4.000), stdev = 0.507
  CI (99.9%): [51.000, 51.000] (assumes normal distribution)

Secondary result "research.skew.AggregationBenchmark.sequential:gc.time":
  59.000 ±(99.9%) 0.001 ms [Sum]
  (min, avg, max) = (3.000, 3.933, 5.000), stdev = 0.884
  CI (99.9%): [59.000, 59.000] (assumes normal distribution)


# Run complete. Total time: 00:18:50

REMEMBER: The numbers below are just data. To gain reusable insights, you need to follow up on
why the numbers are the way they are. Use profilers (see -prof, -lprof), design factorial
experiments, perform baseline and negative tests that provide experimental control, make sure
the benchmarking environment is safe on JVM/OS/HW level, ask for reviews from the domain experts.
Do not assume the numbers tell you what you want them to tell.

NOTE: Current JVM experimentally supports Compiler Blackholes, and they are in use. Please exercise
extra caution when trusting the results, look into the generated code to check the benchmark still
works, and factor in a small probability of new VM bugs. Additionally, while comparisons between
different JVMs are already problematic, the performance difference caused by different Blackhole
modes can be very significant. Please make sure you use the consistent Blackhole mode for comparisons.

Benchmark                                                        (cardinality)  (distribution)    (seed)  (size)  Mode  Cnt        Score      Error   Units
AggregationBenchmark.parallelConcurrent                                   1024         uniform  20260929  100000  avgt   15        2.312 ±    0.151   ms/op
AggregationBenchmark.parallelConcurrent:gc.alloc.rate                     1024         uniform  20260929  100000  avgt   15      696.118 ±   47.006  MB/sec
AggregationBenchmark.parallelConcurrent:gc.alloc.rate.norm                1024         uniform  20260929  100000  avgt   15  1681937.617 ±  260.632    B/op
AggregationBenchmark.parallelConcurrent:gc.count                          1024         uniform  20260929  100000  avgt   15       35.000             counts
AggregationBenchmark.parallelConcurrent:gc.time                           1024         uniform  20260929  100000  avgt   15       48.000                 ms
AggregationBenchmark.parallelConcurrent                                   1024           hot50  20260929  100000  avgt   15        8.197 ±    0.051   ms/op
AggregationBenchmark.parallelConcurrent:gc.alloc.rate                     1024           hot50  20260929  100000  avgt   15      195.614 ±    1.218  MB/sec
AggregationBenchmark.parallelConcurrent:gc.alloc.rate.norm                1024           hot50  20260929  100000  avgt   15  1681702.126 ±  365.117    B/op
AggregationBenchmark.parallelConcurrent:gc.count                          1024           hot50  20260929  100000  avgt   15       12.000             counts
AggregationBenchmark.parallelConcurrent:gc.time                           1024           hot50  20260929  100000  avgt   15       34.000                 ms
AggregationBenchmark.parallelConcurrent                                   1024           hot90  20260929  100000  avgt   15       11.778 ±    0.520   ms/op
AggregationBenchmark.parallelConcurrent:gc.alloc.rate                     1024           hot90  20260929  100000  avgt   15      136.890 ±    6.754  MB/sec
AggregationBenchmark.parallelConcurrent:gc.alloc.rate.norm                1024           hot90  20260929  100000  avgt   15  1688155.615 ± 1180.625    B/op
AggregationBenchmark.parallelConcurrent:gc.count                          1024           hot90  20260929  100000  avgt   15        9.000             counts
AggregationBenchmark.parallelConcurrent:gc.time                           1024           hot90  20260929  100000  avgt   15       26.000                 ms
AggregationBenchmark.parallelConcurrent                                   2048         uniform  20260929  100000  avgt   15        2.365 ±    0.040   ms/op
AggregationBenchmark.parallelConcurrent:gc.alloc.rate                     2048         uniform  20260929  100000  avgt   15      709.490 ±   12.145  MB/sec
AggregationBenchmark.parallelConcurrent:gc.alloc.rate.norm                2048         uniform  20260929  100000  avgt   15  1759781.459 ±  103.613    B/op
AggregationBenchmark.parallelConcurrent:gc.count                          2048         uniform  20260929  100000  avgt   15       36.000             counts
AggregationBenchmark.parallelConcurrent:gc.time                           2048         uniform  20260929  100000  avgt   15       56.000                 ms
AggregationBenchmark.parallelConcurrent                                   2048           hot50  20260929  100000  avgt   15        8.226 ±    0.026   ms/op
AggregationBenchmark.parallelConcurrent:gc.alloc.rate                     2048           hot50  20260929  100000  avgt   15      203.926 ±    0.636  MB/sec
AggregationBenchmark.parallelConcurrent:gc.alloc.rate.norm                2048           hot50  20260929  100000  avgt   15  1759558.647 ±  279.327    B/op
AggregationBenchmark.parallelConcurrent:gc.count                          2048           hot50  20260929  100000  avgt   15       11.000             counts
AggregationBenchmark.parallelConcurrent:gc.time                           2048           hot50  20260929  100000  avgt   15       33.000                 ms
AggregationBenchmark.parallelConcurrent                                   2048           hot90  20260929  100000  avgt   15       12.827 ±    0.235   ms/op
AggregationBenchmark.parallelConcurrent:gc.alloc.rate                     2048           hot90  20260929  100000  avgt   15      130.999 ±    2.424  MB/sec
AggregationBenchmark.parallelConcurrent:gc.alloc.rate.norm                2048           hot90  20260929  100000  avgt   15  1762128.053 ±  983.343    B/op
AggregationBenchmark.parallelConcurrent:gc.count                          2048           hot90  20260929  100000  avgt   15        8.000             counts
AggregationBenchmark.parallelConcurrent:gc.time                           2048           hot90  20260929  100000  avgt   15       21.000                 ms
AggregationBenchmark.parallelConcurrent                                   4096         uniform  20260929  100000  avgt   15        2.487 ±    0.035   ms/op
AggregationBenchmark.parallelConcurrent:gc.alloc.rate                     4096         uniform  20260929  100000  avgt   15      734.755 ±   10.347  MB/sec
AggregationBenchmark.parallelConcurrent:gc.alloc.rate.norm                4096         uniform  20260929  100000  avgt   15  1916088.531 ±   27.075    B/op
AggregationBenchmark.parallelConcurrent:gc.count                          4096         uniform  20260929  100000  avgt   15       36.000             counts
AggregationBenchmark.parallelConcurrent:gc.time                           4096         uniform  20260929  100000  avgt   15       53.000                 ms
AggregationBenchmark.parallelConcurrent                                   4096           hot50  20260929  100000  avgt   15        8.262 ±    0.038   ms/op
AggregationBenchmark.parallelConcurrent:gc.alloc.rate                     4096           hot50  20260929  100000  avgt   15      221.128 ±    1.016  MB/sec
AggregationBenchmark.parallelConcurrent:gc.alloc.rate.norm                4096           hot50  20260929  100000  avgt   15  1916125.385 ±  379.626    B/op
AggregationBenchmark.parallelConcurrent:gc.count                          4096           hot50  20260929  100000  avgt   15        9.000             counts
AggregationBenchmark.parallelConcurrent:gc.time                           4096           hot50  20260929  100000  avgt   15       29.000                 ms
AggregationBenchmark.parallelConcurrent                                   4096           hot90  20260929  100000  avgt   15       11.415 ±    0.131   ms/op
AggregationBenchmark.parallelConcurrent:gc.alloc.rate                     4096           hot90  20260929  100000  avgt   15      160.126 ±    1.916  MB/sec
AggregationBenchmark.parallelConcurrent:gc.alloc.rate.norm                4096           hot90  20260929  100000  avgt   15  1916933.648 ± 1129.270    B/op
AggregationBenchmark.parallelConcurrent:gc.count                          4096           hot90  20260929  100000  avgt   15        7.000             counts
AggregationBenchmark.parallelConcurrent:gc.time                           4096           hot90  20260929  100000  avgt   15       19.000                 ms
AggregationBenchmark.parallelConcurrentAdder                              1024         uniform  20260929  100000  avgt   15        2.131 ±    0.107   ms/op
AggregationBenchmark.parallelConcurrentAdder:gc.alloc.rate                1024         uniform  20260929  100000  avgt   15      769.373 ±   39.494  MB/sec
AggregationBenchmark.parallelConcurrentAdder:gc.alloc.rate.norm           1024         uniform  20260929  100000  avgt   15  1715680.349 ± 1657.180    B/op
AggregationBenchmark.parallelConcurrentAdder:gc.count                     1024         uniform  20260929  100000  avgt   15       37.000             counts
AggregationBenchmark.parallelConcurrentAdder:gc.time                      1024         uniform  20260929  100000  avgt   15       41.000                 ms
AggregationBenchmark.parallelConcurrentAdder                              1024           hot50  20260929  100000  avgt   15        1.789 ±    0.078   ms/op
AggregationBenchmark.parallelConcurrentAdder:gc.alloc.rate                1024           hot50  20260929  100000  avgt   15      906.771 ±   40.087  MB/sec
AggregationBenchmark.parallelConcurrentAdder:gc.alloc.rate.norm           1024           hot50  20260929  100000  avgt   15  1698545.915 ±  477.282    B/op
AggregationBenchmark.parallelConcurrentAdder:gc.count                     1024           hot50  20260929  100000  avgt   15       44.000             counts
AggregationBenchmark.parallelConcurrentAdder:gc.time                      1024           hot50  20260929  100000  avgt   15       33.000                 ms
AggregationBenchmark.parallelConcurrentAdder                              1024           hot90  20260929  100000  avgt   15        1.945 ±    0.127   ms/op
AggregationBenchmark.parallelConcurrentAdder:gc.alloc.rate                1024           hot90  20260929  100000  avgt   15      831.445 ±   53.317  MB/sec
AggregationBenchmark.parallelConcurrentAdder:gc.alloc.rate.norm           1024           hot90  20260929  100000  avgt   15  1690845.598 ±   50.342    B/op
AggregationBenchmark.parallelConcurrentAdder:gc.count                     1024           hot90  20260929  100000  avgt   15       41.000             counts
AggregationBenchmark.parallelConcurrentAdder:gc.time                      1024           hot90  20260929  100000  avgt   15       39.000                 ms
AggregationBenchmark.parallelConcurrentAdder                              2048         uniform  20260929  100000  avgt   15        2.069 ±    0.049   ms/op
AggregationBenchmark.parallelConcurrentAdder:gc.alloc.rate                2048         uniform  20260929  100000  avgt   15      824.309 ±   20.095  MB/sec
AggregationBenchmark.parallelConcurrentAdder:gc.alloc.rate.norm           2048         uniform  20260929  100000  avgt   15  1787886.539 ±  663.948    B/op
AggregationBenchmark.parallelConcurrentAdder:gc.count                     2048         uniform  20260929  100000  avgt   15       39.000             counts
AggregationBenchmark.parallelConcurrentAdder:gc.time                      2048         uniform  20260929  100000  avgt   15       44.000                 ms
AggregationBenchmark.parallelConcurrentAdder                              2048           hot50  20260929  100000  avgt   15        1.708 ±    0.091   ms/op
AggregationBenchmark.parallelConcurrentAdder:gc.alloc.rate                2048           hot50  20260929  100000  avgt   15      996.768 ±   53.541  MB/sec
AggregationBenchmark.parallelConcurrentAdder:gc.alloc.rate.norm           2048           hot50  20260929  100000  avgt   15  1781067.094 ±  242.147    B/op
AggregationBenchmark.parallelConcurrentAdder:gc.count                     2048           hot50  20260929  100000  avgt   15       50.000             counts
AggregationBenchmark.parallelConcurrentAdder:gc.time                      2048           hot50  20260929  100000  avgt   15       42.000                 ms
AggregationBenchmark.parallelConcurrentAdder                              2048           hot90  20260929  100000  avgt   15        5.558 ±    0.547   ms/op
AggregationBenchmark.parallelConcurrentAdder:gc.alloc.rate                2048           hot90  20260929  100000  avgt   15      307.237 ±   30.012  MB/sec
AggregationBenchmark.parallelConcurrentAdder:gc.alloc.rate.norm           2048           hot90  20260929  100000  avgt   15  1777050.916 ±  137.143    B/op
AggregationBenchmark.parallelConcurrentAdder:gc.count                     2048           hot90  20260929  100000  avgt   15       15.000             counts
AggregationBenchmark.parallelConcurrentAdder:gc.time                      2048           hot90  20260929  100000  avgt   15       43.000                 ms
AggregationBenchmark.parallelConcurrentAdder                              4096         uniform  20260929  100000  avgt   15        2.115 ±    0.112   ms/op
AggregationBenchmark.parallelConcurrentAdder:gc.alloc.rate                4096         uniform  20260929  100000  avgt   15      883.194 ±   45.381  MB/sec
AggregationBenchmark.parallelConcurrentAdder:gc.alloc.rate.norm           4096         uniform  20260929  100000  avgt   15  1954531.713 ±  357.708    B/op
AggregationBenchmark.parallelConcurrentAdder:gc.count                     4096         uniform  20260929  100000  avgt   15       44.000             counts
AggregationBenchmark.parallelConcurrentAdder:gc.time                      4096         uniform  20260929  100000  avgt   15       53.000                 ms
AggregationBenchmark.parallelConcurrentAdder                              4096           hot50  20260929  100000  avgt   15        1.676 ±    0.012   ms/op
AggregationBenchmark.parallelConcurrentAdder:gc.alloc.rate                4096           hot50  20260929  100000  avgt   15     1110.161 ±    7.926  MB/sec
AggregationBenchmark.parallelConcurrentAdder:gc.alloc.rate.norm           4096           hot50  20260929  100000  avgt   15  1951895.542 ±   74.912    B/op
AggregationBenchmark.parallelConcurrentAdder:gc.count                     4096           hot50  20260929  100000  avgt   15       56.000             counts
AggregationBenchmark.parallelConcurrentAdder:gc.time                      4096           hot50  20260929  100000  avgt   15       55.000                 ms
AggregationBenchmark.parallelConcurrentAdder                              4096           hot90  20260929  100000  avgt   15        1.109 ±    0.042   ms/op
AggregationBenchmark.parallelConcurrentAdder:gc.alloc.rate                4096           hot90  20260929  100000  avgt   15     1678.532 ±   65.772  MB/sec
AggregationBenchmark.parallelConcurrentAdder:gc.alloc.rate.norm           4096           hot90  20260929  100000  avgt   15  1949858.520 ±   68.602    B/op
AggregationBenchmark.parallelConcurrentAdder:gc.count                     4096           hot90  20260929  100000  avgt   15       83.000             counts
AggregationBenchmark.parallelConcurrentAdder:gc.time                      4096           hot90  20260929  100000  avgt   15       87.000                 ms
AggregationBenchmark.parallelMerge                                        1024         uniform  20260929  100000  avgt   15        0.951 ±    0.023   ms/op
AggregationBenchmark.parallelMerge:gc.alloc.rate                          1024         uniform  20260929  100000  avgt   15     2792.543 ±   68.463  MB/sec
AggregationBenchmark.parallelMerge:gc.alloc.rate.norm                     1024         uniform  20260929  100000  avgt   15  2783872.525 ±    8.085    B/op
AggregationBenchmark.parallelMerge:gc.count                               1024         uniform  20260929  100000  avgt   15      137.000             counts
AggregationBenchmark.parallelMerge:gc.time                                1024         uniform  20260929  100000  avgt   15      122.000                 ms
AggregationBenchmark.parallelMerge                                        1024           hot50  20260929  100000  avgt   15        0.943 ±    0.011   ms/op
AggregationBenchmark.parallelMerge:gc.alloc.rate                          1024           hot50  20260929  100000  avgt   15     2786.086 ±   32.406  MB/sec
AggregationBenchmark.parallelMerge:gc.alloc.rate.norm                     1024           hot50  20260929  100000  avgt   15  2756399.936 ±    6.505    B/op
AggregationBenchmark.parallelMerge:gc.count                               1024           hot50  20260929  100000  avgt   15      138.000             counts
AggregationBenchmark.parallelMerge:gc.time                                1024           hot50  20260929  100000  avgt   15      128.000                 ms
AggregationBenchmark.parallelMerge                                        1024           hot90  20260929  100000  avgt   15        0.867 ±    0.020   ms/op
AggregationBenchmark.parallelMerge:gc.alloc.rate                          1024           hot90  20260929  100000  avgt   15     2530.468 ±   58.349  MB/sec
AggregationBenchmark.parallelMerge:gc.alloc.rate.norm                     1024           hot90  20260929  100000  avgt   15  2298964.205 ±    0.256    B/op
AggregationBenchmark.parallelMerge:gc.count                               1024           hot90  20260929  100000  avgt   15      124.000             counts
AggregationBenchmark.parallelMerge:gc.time                                1024           hot90  20260929  100000  avgt   15       96.000                 ms
AggregationBenchmark.parallelMerge                                        2048         uniform  20260929  100000  avgt   15        1.405 ±    0.024   ms/op
AggregationBenchmark.parallelMerge:gc.alloc.rate                          2048         uniform  20260929  100000  avgt   15     2653.667 ±   45.283  MB/sec
AggregationBenchmark.parallelMerge:gc.alloc.rate.norm                     2048         uniform  20260929  100000  avgt   15  3909537.574 ±   24.539    B/op
AggregationBenchmark.parallelMerge:gc.count                               2048         uniform  20260929  100000  avgt   15      131.000             counts
AggregationBenchmark.parallelMerge:gc.time                                2048         uniform  20260929  100000  avgt   15      145.000                 ms
AggregationBenchmark.parallelMerge                                        2048           hot50  20260929  100000  avgt   15        1.381 ±    0.022   ms/op
AggregationBenchmark.parallelMerge:gc.alloc.rate                          2048           hot50  20260929  100000  avgt   15     2543.856 ±   39.765  MB/sec
AggregationBenchmark.parallelMerge:gc.alloc.rate.norm                     2048           hot50  20260929  100000  avgt   15  3683280.450 ±   23.795    B/op
AggregationBenchmark.parallelMerge:gc.count                               2048           hot50  20260929  100000  avgt   15      126.000             counts
AggregationBenchmark.parallelMerge:gc.time                                2048           hot50  20260929  100000  avgt   15      131.000                 ms
AggregationBenchmark.parallelMerge                                        2048           hot90  20260929  100000  avgt   15        1.045 ±    0.026   ms/op
AggregationBenchmark.parallelMerge:gc.alloc.rate                          2048           hot90  20260929  100000  avgt   15     2352.308 ±   58.463  MB/sec
AggregationBenchmark.parallelMerge:gc.alloc.rate.norm                     2048           hot90  20260929  100000  avgt   15  2577125.965 ±   18.594    B/op
AggregationBenchmark.parallelMerge:gc.count                               2048           hot90  20260929  100000  avgt   15      115.000             counts
AggregationBenchmark.parallelMerge:gc.time                                2048           hot90  20260929  100000  avgt   15      109.000                 ms
AggregationBenchmark.parallelMerge                                        4096         uniform  20260929  100000  avgt   15        2.227 ±    0.021   ms/op
AggregationBenchmark.parallelMerge:gc.alloc.rate                          4096         uniform  20260929  100000  avgt   15     2465.081 ±   22.579  MB/sec
AggregationBenchmark.parallelMerge:gc.alloc.rate.norm                     4096         uniform  20260929  100000  avgt   15  5757924.830 ±    0.410    B/op
AggregationBenchmark.parallelMerge:gc.count                               4096         uniform  20260929  100000  avgt   15      122.000             counts
AggregationBenchmark.parallelMerge:gc.time                                4096         uniform  20260929  100000  avgt   15      171.000                 ms
AggregationBenchmark.parallelMerge                                        4096           hot50  20260929  100000  avgt   15        1.972 ±    0.022   ms/op
AggregationBenchmark.parallelMerge:gc.alloc.rate                          4096           hot50  20260929  100000  avgt   15     2301.768 ±   25.092  MB/sec
AggregationBenchmark.parallelMerge:gc.alloc.rate.norm                     4096           hot50  20260929  100000  avgt   15  4760708.715 ±    0.647    B/op
AggregationBenchmark.parallelMerge:gc.count                               4096           hot50  20260929  100000  avgt   15      115.000             counts
AggregationBenchmark.parallelMerge:gc.time                                4096           hot50  20260929  100000  avgt   15      141.000                 ms
AggregationBenchmark.parallelMerge                                        4096           hot90  20260929  100000  avgt   15        1.222 ±    0.009   ms/op
AggregationBenchmark.parallelMerge:gc.alloc.rate                          4096           hot90  20260929  100000  avgt   15     2207.479 ±   16.658  MB/sec
AggregationBenchmark.parallelMerge:gc.alloc.rate.norm                     4096           hot90  20260929  100000  avgt   15  2829265.981 ±   22.529    B/op
AggregationBenchmark.parallelMerge:gc.count                               4096           hot90  20260929  100000  avgt   15      108.000             counts
AggregationBenchmark.parallelMerge:gc.time                                4096           hot90  20260929  100000  avgt   15      102.000                 ms
AggregationBenchmark.sequential                                           1024         uniform  20260929  100000  avgt   15        1.588 ±    0.075   ms/op
AggregationBenchmark.sequential:gc.alloc.rate                             1024         uniform  20260929  100000  avgt   15     1006.995 ±   45.930  MB/sec
AggregationBenchmark.sequential:gc.alloc.rate.norm                        1024         uniform  20260929  100000  avgt   15  1674139.898 ±   36.162    B/op
AggregationBenchmark.sequential:gc.count                                  1024         uniform  20260929  100000  avgt   15       49.000             counts
AggregationBenchmark.sequential:gc.time                                   1024         uniform  20260929  100000  avgt   15       52.000                 ms
AggregationBenchmark.sequential                                           1024           hot50  20260929  100000  avgt   15        1.518 ±    0.029   ms/op
AggregationBenchmark.sequential:gc.alloc.rate                             1024           hot50  20260929  100000  avgt   15     1052.119 ±   19.777  MB/sec
AggregationBenchmark.sequential:gc.alloc.rate.norm                        1024           hot50  20260929  100000  avgt   15  1674157.159 ±   39.291    B/op
AggregationBenchmark.sequential:gc.count                                  1024           hot50  20260929  100000  avgt   15       52.000             counts
AggregationBenchmark.sequential:gc.time                                   1024           hot50  20260929  100000  avgt   15       55.000                 ms
AggregationBenchmark.sequential                                           1024           hot90  20260929  100000  avgt   15        1.560 ±    0.124   ms/op
AggregationBenchmark.sequential:gc.alloc.rate                             1024           hot90  20260929  100000  avgt   15     1027.912 ±   76.607  MB/sec
AggregationBenchmark.sequential:gc.alloc.rate.norm                        1024           hot90  20260929  100000  avgt   15  1674160.019 ±   38.285    B/op
AggregationBenchmark.sequential:gc.count                                  1024           hot90  20260929  100000  avgt   15       52.000             counts
AggregationBenchmark.sequential:gc.time                                   1024           hot90  20260929  100000  avgt   15       58.000                 ms
AggregationBenchmark.sequential                                           2048         uniform  20260929  100000  avgt   15        1.881 ±    0.088   ms/op
AggregationBenchmark.sequential:gc.alloc.rate                             2048         uniform  20260929  100000  avgt   15      887.614 ±   40.360  MB/sec
AggregationBenchmark.sequential:gc.alloc.rate.norm                        2048         uniform  20260929  100000  avgt   15  1747907.613 ±    6.755    B/op
AggregationBenchmark.sequential:gc.count                                  2048         uniform  20260929  100000  avgt   15       44.000             counts
AggregationBenchmark.sequential:gc.time                                   2048         uniform  20260929  100000  avgt   15       55.000                 ms
AggregationBenchmark.sequential                                           2048           hot50  20260929  100000  avgt   15        1.863 ±    0.092   ms/op
AggregationBenchmark.sequential:gc.alloc.rate                             2048           hot50  20260929  100000  avgt   15      896.293 ±   45.591  MB/sec
AggregationBenchmark.sequential:gc.alloc.rate.norm                        2048           hot50  20260929  100000  avgt   15  1747929.747 ±   13.995    B/op
AggregationBenchmark.sequential:gc.count                                  2048           hot50  20260929  100000  avgt   15       43.000             counts
AggregationBenchmark.sequential:gc.time                                   2048           hot50  20260929  100000  avgt   15       53.000                 ms
AggregationBenchmark.sequential                                           2048           hot90  20260929  100000  avgt   15        1.615 ±    0.083   ms/op
AggregationBenchmark.sequential:gc.alloc.rate                             2048           hot90  20260929  100000  avgt   15     1034.097 ±   52.238  MB/sec
AggregationBenchmark.sequential:gc.alloc.rate.norm                        2048           hot90  20260929  100000  avgt   15  1747912.617 ±   31.437    B/op
AggregationBenchmark.sequential:gc.count                                  2048           hot90  20260929  100000  avgt   15       51.000             counts
AggregationBenchmark.sequential:gc.time                                   2048           hot90  20260929  100000  avgt   15       54.000                 ms
AggregationBenchmark.sequential                                           4096         uniform  20260929  100000  avgt   15        2.333 ±    0.093   ms/op
AggregationBenchmark.sequential:gc.alloc.rate                             4096         uniform  20260929  100000  avgt   15      775.477 ±   30.188  MB/sec
AggregationBenchmark.sequential:gc.alloc.rate.norm                        4096         uniform  20260929  100000  avgt   15  1895384.368 ±    0.651    B/op
AggregationBenchmark.sequential:gc.count                                  4096         uniform  20260929  100000  avgt   15       39.000             counts
AggregationBenchmark.sequential:gc.time                                   4096         uniform  20260929  100000  avgt   15       60.000                 ms
AggregationBenchmark.sequential                                           4096           hot50  20260929  100000  avgt   15        2.123 ±    0.086   ms/op
AggregationBenchmark.sequential:gc.alloc.rate                             4096           hot50  20260929  100000  avgt   15      852.471 ±   35.128  MB/sec
AggregationBenchmark.sequential:gc.alloc.rate.norm                        4096           hot50  20260929  100000  avgt   15  1895406.905 ±    0.600    B/op
AggregationBenchmark.sequential:gc.count                                  4096           hot50  20260929  100000  avgt   15       43.000             counts
AggregationBenchmark.sequential:gc.time                                   4096           hot50  20260929  100000  avgt   15       57.000                 ms
AggregationBenchmark.sequential                                           4096           hot90  20260929  100000  avgt   15        1.754 ±    0.094   ms/op
AggregationBenchmark.sequential:gc.alloc.rate                             4096           hot90  20260929  100000  avgt   15     1032.416 ±   54.148  MB/sec
AggregationBenchmark.sequential:gc.alloc.rate.norm                        4096           hot90  20260929  100000  avgt   15  1895392.123 ±   26.293    B/op
AggregationBenchmark.sequential:gc.count                                  4096           hot90  20260929  100000  avgt   15       51.000             counts
AggregationBenchmark.sequential:gc.time                                   4096           hot90  20260929  100000  avgt   15       59.000                 ms

Benchmark result is saved to results-envB/full-20260929T231652Z.7S9sLM/jmh.json
