WARNING: A terminally deprecated method in sun.misc.Unsafe has been called
WARNING: sun.misc.Unsafe::objectFieldOffset has been called by org.openjdk.jmh.util.Utils (file:/Users/jaehyeon/Documents/Obsidian%20Vault/2026/04.%ed%98%b8%ec%84%9c%eb%8c%80%ed%95%99%ea%b5%90/11.%ec%b0%a8%ec%84%b8%eb%8c%80%ec%bb%b4%ed%93%a8%ed%8c%85%ed%95%99%ed%9a%8c%eb%85%bc%eb%ac%b8/JavaStream_%ed%82%a4%ed%8e%b8%ed%96%a5/.deps/jmh-core-1.37.jar)
WARNING: Please consider reporting this to the maintainers of class org.openjdk.jmh.util.Utils
WARNING: sun.misc.Unsafe::objectFieldOffset will be removed in a future release
# JMH version: 1.37
# VM version: JDK 25.0.4.1, OpenJDK 64-Bit Server VM, 25.0.4.1+1-LTS
# VM invoker: /Users/jaehyeon/Library/Java/JavaVirtualMachines/temurin-25.0.4.1/Contents/Home/bin/java
# VM options: -Xms512m -Xmx512m -Djava.util.concurrent.ForkJoinPool.common.parallelism=3
# Blackhole mode: compiler (auto-detected, use -Djmh.blackhole.autoDetect=false to disable)
# Warmup: 5 iterations, 1 s each
# Measurement: 5 iterations, 1 s each
# Timeout: 10 min per iteration
# Threads: 1 thread, will synchronize iterations
# Benchmark mode: Average time, time/op
# Benchmark: research.skew.ControlBenchmark.casAdder
# Parameters: (cardinality = 256, distribution = uniform, seed = 20260929, size = 100000)

# Run progress: 0.00% complete, ETA 00:06:00
# Fork: 1 of 3
WARNING: A terminally deprecated method in sun.misc.Unsafe has been called
WARNING: sun.misc.Unsafe::objectFieldOffset has been called by org.openjdk.jmh.util.Utils (file:/Users/jaehyeon/Documents/Obsidian%20Vault/2026/04.%ed%98%b8%ec%84%9c%eb%8c%80%ed%95%99%ea%b5%90/11.%ec%b0%a8%ec%84%b8%eb%8c%80%ec%bb%b4%ed%93%a8%ed%8c%85%ed%95%99%ed%9a%8c%eb%85%bc%eb%ac%b8/JavaStream_%ed%82%a4%ed%8e%b8%ed%96%a5/.deps/jmh-core-1.37.jar)
WARNING: Please consider reporting this to the maintainers of class org.openjdk.jmh.util.Utils
WARNING: sun.misc.Unsafe::objectFieldOffset will be removed in a future release
# Warmup Iteration   1: Input: n=100000, keys=256, poolParallelism=3, availableProcessors=10
0.775 ms/op
# Warmup Iteration   2: 0.735 ms/op
# Warmup Iteration   3: 0.732 ms/op
# Warmup Iteration   4: 0.738 ms/op
# Warmup Iteration   5: 0.729 ms/op
Iteration   1: 0.729 ms/op
                 gc.alloc.rate:      2331.693 MB/sec
                 gc.alloc.rate.norm: 1783309.569 B/op
                 gc.count:           8.000 counts
                 gc.time:            3.000 ms

Iteration   2: 0.725 ms/op
                 gc.alloc.rate:      2344.574 MB/sec
                 gc.alloc.rate.norm: 1783500.023 B/op
                 gc.count:           7.000 counts
                 gc.time:            3.000 ms

Iteration   3: 0.728 ms/op
                 gc.alloc.rate:      2337.131 MB/sec
                 gc.alloc.rate.norm: 1783344.684 B/op
                 gc.count:           8.000 counts
                 gc.time:            3.000 ms

Iteration   4: 0.731 ms/op
                 gc.alloc.rate:      2326.498 MB/sec
                 gc.alloc.rate.norm: 1783333.616 B/op
                 gc.count:           8.000 counts
                 gc.time:            3.000 ms

Iteration   5: 0.728 ms/op
                 gc.alloc.rate:      2336.462 MB/sec
                 gc.alloc.rate.norm: 1783171.105 B/op
                 gc.count:           7.000 counts
                 gc.time:            3.000 ms


# Run progress: 2.78% complete, ETA 00:05:58
# Fork: 2 of 3
WARNING: A terminally deprecated method in sun.misc.Unsafe has been called
WARNING: sun.misc.Unsafe::objectFieldOffset has been called by org.openjdk.jmh.util.Utils (file:/Users/jaehyeon/Documents/Obsidian%20Vault/2026/04.%ed%98%b8%ec%84%9c%eb%8c%80%ed%95%99%ea%b5%90/11.%ec%b0%a8%ec%84%b8%eb%8c%80%ec%bb%b4%ed%93%a8%ed%8c%85%ed%95%99%ed%9a%8c%eb%85%bc%eb%ac%b8/JavaStream_%ed%82%a4%ed%8e%b8%ed%96%a5/.deps/jmh-core-1.37.jar)
WARNING: Please consider reporting this to the maintainers of class org.openjdk.jmh.util.Utils
WARNING: sun.misc.Unsafe::objectFieldOffset will be removed in a future release
# Warmup Iteration   1: Input: n=100000, keys=256, poolParallelism=3, availableProcessors=10
0.816 ms/op
# Warmup Iteration   2: 0.762 ms/op
# Warmup Iteration   3: 0.753 ms/op
# Warmup Iteration   4: 0.753 ms/op
# Warmup Iteration   5: 0.760 ms/op
Iteration   1: 0.755 ms/op
                 gc.alloc.rate:      2250.820 MB/sec
                 gc.alloc.rate.norm: 1782692.063 B/op
                 gc.count:           7.000 counts
                 gc.time:            3.000 ms

Iteration   2: 0.752 ms/op
                 gc.alloc.rate:      2261.019 MB/sec
                 gc.alloc.rate.norm: 1782707.584 B/op
                 gc.count:           7.000 counts
                 gc.time:            3.000 ms

Iteration   3: 0.753 ms/op
                 gc.alloc.rate:      2258.535 MB/sec
                 gc.alloc.rate.norm: 1782700.489 B/op
                 gc.count:           8.000 counts
                 gc.time:            3.000 ms

Iteration   4: 0.751 ms/op
                 gc.alloc.rate:      2264.513 MB/sec
                 gc.alloc.rate.norm: 1782694.823 B/op
                 gc.count:           7.000 counts
                 gc.time:            2.000 ms

Iteration   5: 0.753 ms/op
                 gc.alloc.rate:      2256.950 MB/sec
                 gc.alloc.rate.norm: 1782743.417 B/op
                 gc.count:           8.000 counts
                 gc.time:            4.000 ms


# Run progress: 5.56% complete, ETA 00:05:47
# Fork: 3 of 3
WARNING: A terminally deprecated method in sun.misc.Unsafe has been called
WARNING: sun.misc.Unsafe::objectFieldOffset has been called by org.openjdk.jmh.util.Utils (file:/Users/jaehyeon/Documents/Obsidian%20Vault/2026/04.%ed%98%b8%ec%84%9c%eb%8c%80%ed%95%99%ea%b5%90/11.%ec%b0%a8%ec%84%b8%eb%8c%80%ec%bb%b4%ed%93%a8%ed%8c%85%ed%95%99%ed%9a%8c%eb%85%bc%eb%ac%b8/JavaStream_%ed%82%a4%ed%8e%b8%ed%96%a5/.deps/jmh-core-1.37.jar)
WARNING: Please consider reporting this to the maintainers of class org.openjdk.jmh.util.Utils
WARNING: sun.misc.Unsafe::objectFieldOffset will be removed in a future release
# Warmup Iteration   1: Input: n=100000, keys=256, poolParallelism=3, availableProcessors=10
0.792 ms/op
# Warmup Iteration   2: 0.751 ms/op
# Warmup Iteration   3: 0.747 ms/op
# Warmup Iteration   4: 0.750 ms/op
# Warmup Iteration   5: 0.747 ms/op
Iteration   1: 0.743 ms/op
                 gc.alloc.rate:      2287.492 MB/sec
                 gc.alloc.rate.norm: 1782689.568 B/op
                 gc.count:           8.000 counts
                 gc.time:            3.000 ms

Iteration   2: 0.751 ms/op
                 gc.alloc.rate:      2264.811 MB/sec
                 gc.alloc.rate.norm: 1782752.060 B/op
                 gc.count:           7.000 counts
                 gc.time:            3.000 ms

Iteration   3: 0.748 ms/op
                 gc.alloc.rate:      2272.692 MB/sec
                 gc.alloc.rate.norm: 1782726.467 B/op
                 gc.count:           8.000 counts
                 gc.time:            3.000 ms

Iteration   4: 0.743 ms/op
                 gc.alloc.rate:      2289.394 MB/sec
                 gc.alloc.rate.norm: 1782784.804 B/op
                 gc.count:           7.000 counts
                 gc.time:            3.000 ms

Iteration   5: 0.746 ms/op
                 gc.alloc.rate:      2279.086 MB/sec
                 gc.alloc.rate.norm: 1782657.697 B/op
                 gc.count:           8.000 counts
                 gc.time:            3.000 ms



Result "research.skew.ControlBenchmark.casAdder":
  0.742 ±(99.9%) 0.012 ms/op [Average]
  (min, avg, max) = (0.725, 0.742, 0.755), stdev = 0.011
  CI (99.9%): [0.731, 0.754] (assumes normal distribution)

Secondary result "research.skew.ControlBenchmark.casAdder:gc.alloc.rate":
  2290.778 ±(99.9%) 36.797 MB/sec [Average]
  (min, avg, max) = (2250.820, 2290.778, 2344.574), stdev = 34.420
  CI (99.9%): [2253.981, 2327.575] (assumes normal distribution)

Secondary result "research.skew.ControlBenchmark.casAdder:gc.alloc.rate.norm":
  1782920.531 ±(99.9%) 330.207 B/op [Average]
  (min, avg, max) = (1782657.697, 1782920.531, 1783500.023), stdev = 308.876
  CI (99.9%): [1782590.324, 1783250.738] (assumes normal distribution)

Secondary result "research.skew.ControlBenchmark.casAdder:gc.count":
  113.000 ±(99.9%) 0.001 counts [Sum]
  (min, avg, max) = (7.000, 7.533, 8.000), stdev = 0.516
  CI (99.9%): [113.000, 113.000] (assumes normal distribution)

Secondary result "research.skew.ControlBenchmark.casAdder:gc.time":
  45.000 ±(99.9%) 0.001 ms [Sum]
  (min, avg, max) = (2.000, 3.000, 4.000), stdev = 0.378
  CI (99.9%): [45.000, 45.000] (assumes normal distribution)


# JMH version: 1.37
# VM version: JDK 25.0.4.1, OpenJDK 64-Bit Server VM, 25.0.4.1+1-LTS
# VM invoker: /Users/jaehyeon/Library/Java/JavaVirtualMachines/temurin-25.0.4.1/Contents/Home/bin/java
# VM options: -Xms512m -Xmx512m -Djava.util.concurrent.ForkJoinPool.common.parallelism=3
# Blackhole mode: compiler (auto-detected, use -Djmh.blackhole.autoDetect=false to disable)
# Warmup: 5 iterations, 1 s each
# Measurement: 5 iterations, 1 s each
# Timeout: 10 min per iteration
# Threads: 1 thread, will synchronize iterations
# Benchmark mode: Average time, time/op
# Benchmark: research.skew.ControlBenchmark.casAdder
# Parameters: (cardinality = 256, distribution = hot50, seed = 20260929, size = 100000)

# Run progress: 8.33% complete, ETA 00:05:37
# Fork: 1 of 3
WARNING: A terminally deprecated method in sun.misc.Unsafe has been called
WARNING: sun.misc.Unsafe::objectFieldOffset has been called by org.openjdk.jmh.util.Utils (file:/Users/jaehyeon/Documents/Obsidian%20Vault/2026/04.%ed%98%b8%ec%84%9c%eb%8c%80%ed%95%99%ea%b5%90/11.%ec%b0%a8%ec%84%b8%eb%8c%80%ec%bb%b4%ed%93%a8%ed%8c%85%ed%95%99%ed%9a%8c%eb%85%bc%eb%ac%b8/JavaStream_%ed%82%a4%ed%8e%b8%ed%96%a5/.deps/jmh-core-1.37.jar)
WARNING: Please consider reporting this to the maintainers of class org.openjdk.jmh.util.Utils
WARNING: sun.misc.Unsafe::objectFieldOffset will be removed in a future release
# Warmup Iteration   1: Input: n=100000, keys=256, poolParallelism=3, availableProcessors=10
0.572 ms/op
# Warmup Iteration   2: 0.558 ms/op
# Warmup Iteration   3: 0.561 ms/op
# Warmup Iteration   4: 0.553 ms/op
# Warmup Iteration   5: 0.552 ms/op
Iteration   1: 0.553 ms/op
                 gc.alloc.rate:      3020.164 MB/sec
                 gc.alloc.rate.norm: 1752053.169 B/op
                 gc.count:           10.000 counts
                 gc.time:            3.000 ms

Iteration   2: 0.557 ms/op
                 gc.alloc.rate:      2998.881 MB/sec
                 gc.alloc.rate.norm: 1751840.492 B/op
                 gc.count:           10.000 counts
                 gc.time:            4.000 ms

Iteration   3: 0.573 ms/op
                 gc.alloc.rate:      2909.544 MB/sec
                 gc.alloc.rate.norm: 1749504.037 B/op
                 gc.count:           10.000 counts
                 gc.time:            4.000 ms

Iteration   4: 0.567 ms/op
                 gc.alloc.rate:      2944.813 MB/sec
                 gc.alloc.rate.norm: 1750679.792 B/op
                 gc.count:           9.000 counts
                 gc.time:            4.000 ms

Iteration   5: 0.552 ms/op
                 gc.alloc.rate:      3024.938 MB/sec
                 gc.alloc.rate.norm: 1751851.156 B/op
                 gc.count:           10.000 counts
                 gc.time:            4.000 ms


# Run progress: 11.11% complete, ETA 00:05:27
# Fork: 2 of 3
WARNING: A terminally deprecated method in sun.misc.Unsafe has been called
WARNING: sun.misc.Unsafe::objectFieldOffset has been called by org.openjdk.jmh.util.Utils (file:/Users/jaehyeon/Documents/Obsidian%20Vault/2026/04.%ed%98%b8%ec%84%9c%eb%8c%80%ed%95%99%ea%b5%90/11.%ec%b0%a8%ec%84%b8%eb%8c%80%ec%bb%b4%ed%93%a8%ed%8c%85%ed%95%99%ed%9a%8c%eb%85%bc%eb%ac%b8/JavaStream_%ed%82%a4%ed%8e%b8%ed%96%a5/.deps/jmh-core-1.37.jar)
WARNING: Please consider reporting this to the maintainers of class org.openjdk.jmh.util.Utils
WARNING: sun.misc.Unsafe::objectFieldOffset will be removed in a future release
# Warmup Iteration   1: Input: n=100000, keys=256, poolParallelism=3, availableProcessors=10
0.561 ms/op
# Warmup Iteration   2: 0.529 ms/op
# Warmup Iteration   3: 0.530 ms/op
# Warmup Iteration   4: 0.531 ms/op
# Warmup Iteration   5: 0.526 ms/op
Iteration   1: 0.528 ms/op
                 gc.alloc.rate:      3167.240 MB/sec
                 gc.alloc.rate.norm: 1753049.919 B/op
                 gc.count:           10.000 counts
                 gc.time:            4.000 ms

Iteration   2: 0.527 ms/op
                 gc.alloc.rate:      3175.247 MB/sec
                 gc.alloc.rate.norm: 1753435.569 B/op
                 gc.count:           10.000 counts
                 gc.time:            4.000 ms

Iteration   3: 0.523 ms/op
                 gc.alloc.rate:      3194.771 MB/sec
                 gc.alloc.rate.norm: 1753365.834 B/op
                 gc.count:           11.000 counts
                 gc.time:            4.000 ms

Iteration   4: 0.526 ms/op
                 gc.alloc.rate:      3176.526 MB/sec
                 gc.alloc.rate.norm: 1753212.725 B/op
                 gc.count:           10.000 counts
                 gc.time:            4.000 ms

Iteration   5: 0.531 ms/op
                 gc.alloc.rate:      3150.583 MB/sec
                 gc.alloc.rate.norm: 1753089.993 B/op
                 gc.count:           11.000 counts
                 gc.time:            4.000 ms


# Run progress: 13.89% complete, ETA 00:05:16
# Fork: 3 of 3
WARNING: A terminally deprecated method in sun.misc.Unsafe has been called
WARNING: sun.misc.Unsafe::objectFieldOffset has been called by org.openjdk.jmh.util.Utils (file:/Users/jaehyeon/Documents/Obsidian%20Vault/2026/04.%ed%98%b8%ec%84%9c%eb%8c%80%ed%95%99%ea%b5%90/11.%ec%b0%a8%ec%84%b8%eb%8c%80%ec%bb%b4%ed%93%a8%ed%8c%85%ed%95%99%ed%9a%8c%eb%85%bc%eb%ac%b8/JavaStream_%ed%82%a4%ed%8e%b8%ed%96%a5/.deps/jmh-core-1.37.jar)
WARNING: Please consider reporting this to the maintainers of class org.openjdk.jmh.util.Utils
WARNING: sun.misc.Unsafe::objectFieldOffset will be removed in a future release
# Warmup Iteration   1: Input: n=100000, keys=256, poolParallelism=3, availableProcessors=10
0.556 ms/op
# Warmup Iteration   2: 0.540 ms/op
# Warmup Iteration   3: 0.538 ms/op
# Warmup Iteration   4: 0.538 ms/op
# Warmup Iteration   5: 0.531 ms/op
Iteration   1: 0.538 ms/op
                 gc.alloc.rate:      3107.941 MB/sec
                 gc.alloc.rate.norm: 1752607.940 B/op
                 gc.count:           10.000 counts
                 gc.time:            4.000 ms

Iteration   2: 0.536 ms/op
                 gc.alloc.rate:      3119.222 MB/sec
                 gc.alloc.rate.norm: 1752690.092 B/op
                 gc.count:           11.000 counts
                 gc.time:            5.000 ms

Iteration   3: 0.531 ms/op
                 gc.alloc.rate:      3146.091 MB/sec
                 gc.alloc.rate.norm: 1752715.734 B/op
                 gc.count:           10.000 counts
                 gc.time:            4.000 ms

Iteration   4: 0.533 ms/op
                 gc.alloc.rate:      3138.192 MB/sec
                 gc.alloc.rate.norm: 1752495.119 B/op
                 gc.count:           10.000 counts
                 gc.time:            3.000 ms

Iteration   5: 0.537 ms/op
                 gc.alloc.rate:      3112.543 MB/sec
                 gc.alloc.rate.norm: 1752237.271 B/op
                 gc.count:           11.000 counts
                 gc.time:            5.000 ms



Result "research.skew.ControlBenchmark.casAdder":
  0.541 ±(99.9%) 0.017 ms/op [Average]
  (min, avg, max) = (0.523, 0.541, 0.573), stdev = 0.016
  CI (99.9%): [0.524, 0.558] (assumes normal distribution)

Secondary result "research.skew.ControlBenchmark.casAdder:gc.alloc.rate":
  3092.446 ±(99.9%) 96.252 MB/sec [Average]
  (min, avg, max) = (2909.544, 3092.446, 3194.771), stdev = 90.034
  CI (99.9%): [2996.194, 3188.698] (assumes normal distribution)

Secondary result "research.skew.ControlBenchmark.casAdder:gc.alloc.rate.norm":
  1752321.923 ±(99.9%) 1136.273 B/op [Average]
  (min, avg, max) = (1749504.037, 1752321.923, 1753435.569), stdev = 1062.870
  CI (99.9%): [1751185.650, 1753458.195] (assumes normal distribution)

Secondary result "research.skew.ControlBenchmark.casAdder:gc.count":
  153.000 ±(99.9%) 0.001 counts [Sum]
  (min, avg, max) = (9.000, 10.200, 11.000), stdev = 0.561
  CI (99.9%): [153.000, 153.000] (assumes normal distribution)

Secondary result "research.skew.ControlBenchmark.casAdder:gc.time":
  60.000 ±(99.9%) 0.001 ms [Sum]
  (min, avg, max) = (3.000, 4.000, 5.000), stdev = 0.535
  CI (99.9%): [60.000, 60.000] (assumes normal distribution)


# JMH version: 1.37
# VM version: JDK 25.0.4.1, OpenJDK 64-Bit Server VM, 25.0.4.1+1-LTS
# VM invoker: /Users/jaehyeon/Library/Java/JavaVirtualMachines/temurin-25.0.4.1/Contents/Home/bin/java
# VM options: -Xms512m -Xmx512m -Djava.util.concurrent.ForkJoinPool.common.parallelism=3
# Blackhole mode: compiler (auto-detected, use -Djmh.blackhole.autoDetect=false to disable)
# Warmup: 5 iterations, 1 s each
# Measurement: 5 iterations, 1 s each
# Timeout: 10 min per iteration
# Threads: 1 thread, will synchronize iterations
# Benchmark mode: Average time, time/op
# Benchmark: research.skew.ControlBenchmark.casAdder
# Parameters: (cardinality = 256, distribution = hot90, seed = 20260929, size = 100000)

# Run progress: 16.67% complete, ETA 00:05:06
# Fork: 1 of 3
WARNING: A terminally deprecated method in sun.misc.Unsafe has been called
WARNING: sun.misc.Unsafe::objectFieldOffset has been called by org.openjdk.jmh.util.Utils (file:/Users/jaehyeon/Documents/Obsidian%20Vault/2026/04.%ed%98%b8%ec%84%9c%eb%8c%80%ed%95%99%ea%b5%90/11.%ec%b0%a8%ec%84%b8%eb%8c%80%ec%bb%b4%ed%93%a8%ed%8c%85%ed%95%99%ed%9a%8c%eb%85%bc%eb%ac%b8/JavaStream_%ed%82%a4%ed%8e%b8%ed%96%a5/.deps/jmh-core-1.37.jar)
WARNING: Please consider reporting this to the maintainers of class org.openjdk.jmh.util.Utils
WARNING: sun.misc.Unsafe::objectFieldOffset will be removed in a future release
# Warmup Iteration   1: Input: n=100000, keys=256, poolParallelism=3, availableProcessors=10
0.337 ms/op
# Warmup Iteration   2: 0.322 ms/op
# Warmup Iteration   3: 0.318 ms/op
# Warmup Iteration   4: 0.334 ms/op
# Warmup Iteration   5: 0.337 ms/op
Iteration   1: 0.339 ms/op
                 gc.alloc.rate:      4596.148 MB/sec
                 gc.alloc.rate.norm: 1633531.333 B/op
                 gc.count:           15.000 counts
                 gc.time:            6.000 ms

Iteration   2: 0.338 ms/op
                 gc.alloc.rate:      4614.207 MB/sec
                 gc.alloc.rate.norm: 1633465.651 B/op
                 gc.count:           15.000 counts
                 gc.time:            5.000 ms

Iteration   3: 0.340 ms/op
                 gc.alloc.rate:      4584.494 MB/sec
                 gc.alloc.rate.norm: 1633580.818 B/op
                 gc.count:           15.000 counts
                 gc.time:            6.000 ms

Iteration   4: 0.338 ms/op
                 gc.alloc.rate:      4614.514 MB/sec
                 gc.alloc.rate.norm: 1633541.537 B/op
                 gc.count:           15.000 counts
                 gc.time:            6.000 ms

Iteration   5: 0.337 ms/op
                 gc.alloc.rate:      4618.611 MB/sec
                 gc.alloc.rate.norm: 1633549.774 B/op
                 gc.count:           16.000 counts
                 gc.time:            6.000 ms


# Run progress: 19.44% complete, ETA 00:04:56
# Fork: 2 of 3
WARNING: A terminally deprecated method in sun.misc.Unsafe has been called
WARNING: sun.misc.Unsafe::objectFieldOffset has been called by org.openjdk.jmh.util.Utils (file:/Users/jaehyeon/Documents/Obsidian%20Vault/2026/04.%ed%98%b8%ec%84%9c%eb%8c%80%ed%95%99%ea%b5%90/11.%ec%b0%a8%ec%84%b8%eb%8c%80%ec%bb%b4%ed%93%a8%ed%8c%85%ed%95%99%ed%9a%8c%eb%85%bc%eb%ac%b8/JavaStream_%ed%82%a4%ed%8e%b8%ed%96%a5/.deps/jmh-core-1.37.jar)
WARNING: Please consider reporting this to the maintainers of class org.openjdk.jmh.util.Utils
WARNING: sun.misc.Unsafe::objectFieldOffset will be removed in a future release
# Warmup Iteration   1: Input: n=100000, keys=256, poolParallelism=3, availableProcessors=10
0.349 ms/op
# Warmup Iteration   2: 0.329 ms/op
# Warmup Iteration   3: 0.327 ms/op
# Warmup Iteration   4: 0.330 ms/op
# Warmup Iteration   5: 0.327 ms/op
Iteration   1: 0.327 ms/op
                 gc.alloc.rate:      4770.871 MB/sec
                 gc.alloc.rate.norm: 1633604.867 B/op
                 gc.count:           16.000 counts
                 gc.time:            6.000 ms

Iteration   2: 0.327 ms/op
                 gc.alloc.rate:      4769.888 MB/sec
                 gc.alloc.rate.norm: 1633595.828 B/op
                 gc.count:           16.000 counts
                 gc.time:            6.000 ms

Iteration   3: 0.328 ms/op
                 gc.alloc.rate:      4747.991 MB/sec
                 gc.alloc.rate.norm: 1633627.452 B/op
                 gc.count:           15.000 counts
                 gc.time:            6.000 ms

Iteration   4: 0.327 ms/op
                 gc.alloc.rate:      4770.214 MB/sec
                 gc.alloc.rate.norm: 1633592.639 B/op
                 gc.count:           16.000 counts
                 gc.time:            7.000 ms

Iteration   5: 0.328 ms/op
                 gc.alloc.rate:      4747.781 MB/sec
                 gc.alloc.rate.norm: 1633563.000 B/op
                 gc.count:           16.000 counts
                 gc.time:            6.000 ms


# Run progress: 22.22% complete, ETA 00:04:46
# Fork: 3 of 3
WARNING: A terminally deprecated method in sun.misc.Unsafe has been called
WARNING: sun.misc.Unsafe::objectFieldOffset has been called by org.openjdk.jmh.util.Utils (file:/Users/jaehyeon/Documents/Obsidian%20Vault/2026/04.%ed%98%b8%ec%84%9c%eb%8c%80%ed%95%99%ea%b5%90/11.%ec%b0%a8%ec%84%b8%eb%8c%80%ec%bb%b4%ed%93%a8%ed%8c%85%ed%95%99%ed%9a%8c%eb%85%bc%eb%ac%b8/JavaStream_%ed%82%a4%ed%8e%b8%ed%96%a5/.deps/jmh-core-1.37.jar)
WARNING: Please consider reporting this to the maintainers of class org.openjdk.jmh.util.Utils
WARNING: sun.misc.Unsafe::objectFieldOffset will be removed in a future release
# Warmup Iteration   1: Input: n=100000, keys=256, poolParallelism=3, availableProcessors=10
0.361 ms/op
# Warmup Iteration   2: 0.343 ms/op
# Warmup Iteration   3: 0.352 ms/op
# Warmup Iteration   4: 0.342 ms/op
# Warmup Iteration   5: 0.340 ms/op
Iteration   1: 0.341 ms/op
                 gc.alloc.rate:      4566.966 MB/sec
                 gc.alloc.rate.norm: 1633490.671 B/op
                 gc.count:           15.000 counts
                 gc.time:            6.000 ms

Iteration   2: 0.339 ms/op
                 gc.alloc.rate:      4594.544 MB/sec
                 gc.alloc.rate.norm: 1633624.580 B/op
                 gc.count:           15.000 counts
                 gc.time:            6.000 ms

Iteration   3: 0.339 ms/op
                 gc.alloc.rate:      4599.589 MB/sec
                 gc.alloc.rate.norm: 1633595.291 B/op
                 gc.count:           15.000 counts
                 gc.time:            6.000 ms

Iteration   4: 0.338 ms/op
                 gc.alloc.rate:      4604.439 MB/sec
                 gc.alloc.rate.norm: 1633599.731 B/op
                 gc.count:           15.000 counts
                 gc.time:            5.000 ms

Iteration   5: 0.338 ms/op
                 gc.alloc.rate:      4607.251 MB/sec
                 gc.alloc.rate.norm: 1633604.361 B/op
                 gc.count:           16.000 counts
                 gc.time:            7.000 ms



Result "research.skew.ControlBenchmark.casAdder":
  0.335 ±(99.9%) 0.006 ms/op [Average]
  (min, avg, max) = (0.327, 0.335, 0.341), stdev = 0.006
  CI (99.9%): [0.329, 0.341] (assumes normal distribution)

Secondary result "research.skew.ControlBenchmark.casAdder:gc.alloc.rate":
  4653.834 ±(99.9%) 85.481 MB/sec [Average]
  (min, avg, max) = (4566.966, 4653.834, 4770.871), stdev = 79.959
  CI (99.9%): [4568.353, 4739.315] (assumes normal distribution)

Secondary result "research.skew.ControlBenchmark.casAdder:gc.alloc.rate.norm":
  1633571.169 ±(99.9%) 50.646 B/op [Average]
  (min, avg, max) = (1633465.651, 1633571.169, 1633627.452), stdev = 47.375
  CI (99.9%): [1633520.522, 1633621.815] (assumes normal distribution)

Secondary result "research.skew.ControlBenchmark.casAdder:gc.count":
  231.000 ±(99.9%) 0.001 counts [Sum]
  (min, avg, max) = (15.000, 15.400, 16.000), stdev = 0.507
  CI (99.9%): [231.000, 231.000] (assumes normal distribution)

Secondary result "research.skew.ControlBenchmark.casAdder:gc.time":
  90.000 ±(99.9%) 0.001 ms [Sum]
  (min, avg, max) = (5.000, 6.000, 7.000), stdev = 0.535
  CI (99.9%): [90.000, 90.000] (assumes normal distribution)


# JMH version: 1.37
# VM version: JDK 25.0.4.1, OpenJDK 64-Bit Server VM, 25.0.4.1+1-LTS
# VM invoker: /Users/jaehyeon/Library/Java/JavaVirtualMachines/temurin-25.0.4.1/Contents/Home/bin/java
# VM options: -Xms512m -Xmx512m -Djava.util.concurrent.ForkJoinPool.common.parallelism=3
# Blackhole mode: compiler (auto-detected, use -Djmh.blackhole.autoDetect=false to disable)
# Warmup: 5 iterations, 1 s each
# Measurement: 5 iterations, 1 s each
# Timeout: 10 min per iteration
# Threads: 1 thread, will synchronize iterations
# Benchmark mode: Average time, time/op
# Benchmark: research.skew.ControlBenchmark.casAtomic
# Parameters: (cardinality = 256, distribution = uniform, seed = 20260929, size = 100000)

# Run progress: 25.00% complete, ETA 00:04:36
# Fork: 1 of 3
WARNING: A terminally deprecated method in sun.misc.Unsafe has been called
WARNING: sun.misc.Unsafe::objectFieldOffset has been called by org.openjdk.jmh.util.Utils (file:/Users/jaehyeon/Documents/Obsidian%20Vault/2026/04.%ed%98%b8%ec%84%9c%eb%8c%80%ed%95%99%ea%b5%90/11.%ec%b0%a8%ec%84%b8%eb%8c%80%ec%bb%b4%ed%93%a8%ed%8c%85%ed%95%99%ed%9a%8c%eb%85%bc%eb%ac%b8/JavaStream_%ed%82%a4%ed%8e%b8%ed%96%a5/.deps/jmh-core-1.37.jar)
WARNING: Please consider reporting this to the maintainers of class org.openjdk.jmh.util.Utils
WARNING: sun.misc.Unsafe::objectFieldOffset will be removed in a future release
# Warmup Iteration   1: Input: n=100000, keys=256, poolParallelism=3, availableProcessors=10
0.885 ms/op
# Warmup Iteration   2: 0.844 ms/op
# Warmup Iteration   3: 0.842 ms/op
# Warmup Iteration   4: 0.836 ms/op
# Warmup Iteration   5: 0.840 ms/op
Iteration   1: 0.835 ms/op
                 gc.alloc.rate:      1868.125 MB/sec
                 gc.alloc.rate.norm: 1635017.281 B/op
                 gc.count:           6.000 counts
                 gc.time:            2.000 ms

Iteration   2: 0.845 ms/op
                 gc.alloc.rate:      1844.276 MB/sec
                 gc.alloc.rate.norm: 1634912.558 B/op
                 gc.count:           7.000 counts
                 gc.time:            3.000 ms

Iteration   3: 0.835 ms/op
                 gc.alloc.rate:      1868.043 MB/sec
                 gc.alloc.rate.norm: 1634897.835 B/op
                 gc.count:           6.000 counts
                 gc.time:            2.000 ms

Iteration   4: 0.836 ms/op
                 gc.alloc.rate:      1865.301 MB/sec
                 gc.alloc.rate.norm: 1634882.707 B/op
                 gc.count:           6.000 counts
                 gc.time:            3.000 ms

Iteration   5: 0.835 ms/op
                 gc.alloc.rate:      1866.711 MB/sec
                 gc.alloc.rate.norm: 1634915.336 B/op
                 gc.count:           6.000 counts
                 gc.time:            2.000 ms


# Run progress: 27.78% complete, ETA 00:04:25
# Fork: 2 of 3
WARNING: A terminally deprecated method in sun.misc.Unsafe has been called
WARNING: sun.misc.Unsafe::objectFieldOffset has been called by org.openjdk.jmh.util.Utils (file:/Users/jaehyeon/Documents/Obsidian%20Vault/2026/04.%ed%98%b8%ec%84%9c%eb%8c%80%ed%95%99%ea%b5%90/11.%ec%b0%a8%ec%84%b8%eb%8c%80%ec%bb%b4%ed%93%a8%ed%8c%85%ed%95%99%ed%9a%8c%eb%85%bc%eb%ac%b8/JavaStream_%ed%82%a4%ed%8e%b8%ed%96%a5/.deps/jmh-core-1.37.jar)
WARNING: Please consider reporting this to the maintainers of class org.openjdk.jmh.util.Utils
WARNING: sun.misc.Unsafe::objectFieldOffset will be removed in a future release
# Warmup Iteration   1: Input: n=100000, keys=256, poolParallelism=3, availableProcessors=10
0.873 ms/op
# Warmup Iteration   2: 0.851 ms/op
# Warmup Iteration   3: 0.847 ms/op
# Warmup Iteration   4: 0.842 ms/op
# Warmup Iteration   5: 0.845 ms/op
Iteration   1: 0.838 ms/op
                 gc.alloc.rate:      1859.292 MB/sec
                 gc.alloc.rate.norm: 1634404.473 B/op
                 gc.count:           6.000 counts
                 gc.time:            2.000 ms

Iteration   2: 0.842 ms/op
                 gc.alloc.rate:      1850.165 MB/sec
                 gc.alloc.rate.norm: 1634350.758 B/op
                 gc.count:           6.000 counts
                 gc.time:            3.000 ms

Iteration   3: 0.838 ms/op
                 gc.alloc.rate:      1859.601 MB/sec
                 gc.alloc.rate.norm: 1634420.612 B/op
                 gc.count:           7.000 counts
                 gc.time:            2.000 ms

Iteration   4: 0.845 ms/op
                 gc.alloc.rate:      1844.608 MB/sec
                 gc.alloc.rate.norm: 1634456.881 B/op
                 gc.count:           6.000 counts
                 gc.time:            3.000 ms

Iteration   5: 0.839 ms/op
                 gc.alloc.rate:      1857.394 MB/sec
                 gc.alloc.rate.norm: 1634432.995 B/op
                 gc.count:           6.000 counts
                 gc.time:            2.000 ms


# Run progress: 30.56% complete, ETA 00:04:15
# Fork: 3 of 3
WARNING: A terminally deprecated method in sun.misc.Unsafe has been called
WARNING: sun.misc.Unsafe::objectFieldOffset has been called by org.openjdk.jmh.util.Utils (file:/Users/jaehyeon/Documents/Obsidian%20Vault/2026/04.%ed%98%b8%ec%84%9c%eb%8c%80%ed%95%99%ea%b5%90/11.%ec%b0%a8%ec%84%b8%eb%8c%80%ec%bb%b4%ed%93%a8%ed%8c%85%ed%95%99%ed%9a%8c%eb%85%bc%eb%ac%b8/JavaStream_%ed%82%a4%ed%8e%b8%ed%96%a5/.deps/jmh-core-1.37.jar)
WARNING: Please consider reporting this to the maintainers of class org.openjdk.jmh.util.Utils
WARNING: sun.misc.Unsafe::objectFieldOffset will be removed in a future release
# Warmup Iteration   1: Input: n=100000, keys=256, poolParallelism=3, availableProcessors=10
0.868 ms/op
# Warmup Iteration   2: 0.855 ms/op
# Warmup Iteration   3: 0.843 ms/op
# Warmup Iteration   4: 0.842 ms/op
# Warmup Iteration   5: 0.854 ms/op
Iteration   1: 0.839 ms/op
                 gc.alloc.rate:      1858.003 MB/sec
                 gc.alloc.rate.norm: 1634189.405 B/op
                 gc.count:           6.000 counts
                 gc.time:            2.000 ms

Iteration   2: 0.838 ms/op
                 gc.alloc.rate:      1860.390 MB/sec
                 gc.alloc.rate.norm: 1634165.583 B/op
                 gc.count:           6.000 counts
                 gc.time:            3.000 ms

Iteration   3: 0.842 ms/op
                 gc.alloc.rate:      1849.772 MB/sec
                 gc.alloc.rate.norm: 1634181.524 B/op
                 gc.count:           6.000 counts
                 gc.time:            2.000 ms

Iteration   4: 0.839 ms/op
                 gc.alloc.rate:      1858.155 MB/sec
                 gc.alloc.rate.norm: 1634203.623 B/op
                 gc.count:           7.000 counts
                 gc.time:            3.000 ms

Iteration   5: 0.839 ms/op
                 gc.alloc.rate:      1857.853 MB/sec
                 gc.alloc.rate.norm: 1634187.249 B/op
                 gc.count:           6.000 counts
                 gc.time:            2.000 ms



Result "research.skew.ControlBenchmark.casAtomic":
  0.839 ±(99.9%) 0.004 ms/op [Average]
  (min, avg, max) = (0.835, 0.839, 0.845), stdev = 0.003
  CI (99.9%): [0.835, 0.843] (assumes normal distribution)

Secondary result "research.skew.ControlBenchmark.casAtomic:gc.alloc.rate":
  1857.846 ±(99.9%) 8.278 MB/sec [Average]
  (min, avg, max) = (1844.276, 1857.846, 1868.125), stdev = 7.743
  CI (99.9%): [1849.568, 1866.124] (assumes normal distribution)

Secondary result "research.skew.ControlBenchmark.casAtomic:gc.alloc.rate.norm":
  1634507.921 ±(99.9%) 344.468 B/op [Average]
  (min, avg, max) = (1634165.583, 1634507.921, 1635017.281), stdev = 322.215
  CI (99.9%): [1634163.454, 1634852.389] (assumes normal distribution)

Secondary result "research.skew.ControlBenchmark.casAtomic:gc.count":
  93.000 ±(99.9%) 0.001 counts [Sum]
  (min, avg, max) = (6.000, 6.200, 7.000), stdev = 0.414
  CI (99.9%): [93.000, 93.000] (assumes normal distribution)

Secondary result "research.skew.ControlBenchmark.casAtomic:gc.time":
  36.000 ±(99.9%) 0.001 ms [Sum]
  (min, avg, max) = (2.000, 2.400, 3.000), stdev = 0.507
  CI (99.9%): [36.000, 36.000] (assumes normal distribution)


# JMH version: 1.37
# VM version: JDK 25.0.4.1, OpenJDK 64-Bit Server VM, 25.0.4.1+1-LTS
# VM invoker: /Users/jaehyeon/Library/Java/JavaVirtualMachines/temurin-25.0.4.1/Contents/Home/bin/java
# VM options: -Xms512m -Xmx512m -Djava.util.concurrent.ForkJoinPool.common.parallelism=3
# Blackhole mode: compiler (auto-detected, use -Djmh.blackhole.autoDetect=false to disable)
# Warmup: 5 iterations, 1 s each
# Measurement: 5 iterations, 1 s each
# Timeout: 10 min per iteration
# Threads: 1 thread, will synchronize iterations
# Benchmark mode: Average time, time/op
# Benchmark: research.skew.ControlBenchmark.casAtomic
# Parameters: (cardinality = 256, distribution = hot50, seed = 20260929, size = 100000)

# Run progress: 33.33% complete, ETA 00:04:05
# Fork: 1 of 3
WARNING: A terminally deprecated method in sun.misc.Unsafe has been called
WARNING: sun.misc.Unsafe::objectFieldOffset has been called by org.openjdk.jmh.util.Utils (file:/Users/jaehyeon/Documents/Obsidian%20Vault/2026/04.%ed%98%b8%ec%84%9c%eb%8c%80%ed%95%99%ea%b5%90/11.%ec%b0%a8%ec%84%b8%eb%8c%80%ec%bb%b4%ed%93%a8%ed%8c%85%ed%95%99%ed%9a%8c%eb%85%bc%eb%ac%b8/JavaStream_%ed%82%a4%ed%8e%b8%ed%96%a5/.deps/jmh-core-1.37.jar)
WARNING: Please consider reporting this to the maintainers of class org.openjdk.jmh.util.Utils
WARNING: sun.misc.Unsafe::objectFieldOffset will be removed in a future release
# Warmup Iteration   1: Input: n=100000, keys=256, poolParallelism=3, availableProcessors=10
1.625 ms/op
# Warmup Iteration   2: 1.583 ms/op
# Warmup Iteration   3: 1.585 ms/op
# Warmup Iteration   4: 1.574 ms/op
# Warmup Iteration   5: 1.573 ms/op
Iteration   1: 1.570 ms/op
                 gc.alloc.rate:      992.322 MB/sec
                 gc.alloc.rate.norm: 1633415.401 B/op
                 gc.count:           3.000 counts
                 gc.time:            1.000 ms

Iteration   2: 1.584 ms/op
                 gc.alloc.rate:      983.357 MB/sec
                 gc.alloc.rate.norm: 1633450.852 B/op
                 gc.count:           4.000 counts
                 gc.time:            1.000 ms

Iteration   3: 1.571 ms/op
                 gc.alloc.rate:      991.260 MB/sec
                 gc.alloc.rate.norm: 1633407.950 B/op
                 gc.count:           3.000 counts
                 gc.time:            2.000 ms

Iteration   4: 1.582 ms/op
                 gc.alloc.rate:      984.473 MB/sec
                 gc.alloc.rate.norm: 1633453.653 B/op
                 gc.count:           3.000 counts
                 gc.time:            1.000 ms

Iteration   5: 1.569 ms/op
                 gc.alloc.rate:      992.840 MB/sec
                 gc.alloc.rate.norm: 1633462.066 B/op
                 gc.count:           3.000 counts
                 gc.time:            1.000 ms


# Run progress: 36.11% complete, ETA 00:03:55
# Fork: 2 of 3
WARNING: A terminally deprecated method in sun.misc.Unsafe has been called
WARNING: sun.misc.Unsafe::objectFieldOffset has been called by org.openjdk.jmh.util.Utils (file:/Users/jaehyeon/Documents/Obsidian%20Vault/2026/04.%ed%98%b8%ec%84%9c%eb%8c%80%ed%95%99%ea%b5%90/11.%ec%b0%a8%ec%84%b8%eb%8c%80%ec%bb%b4%ed%93%a8%ed%8c%85%ed%95%99%ed%9a%8c%eb%85%bc%eb%ac%b8/JavaStream_%ed%82%a4%ed%8e%b8%ed%96%a5/.deps/jmh-core-1.37.jar)
WARNING: Please consider reporting this to the maintainers of class org.openjdk.jmh.util.Utils
WARNING: sun.misc.Unsafe::objectFieldOffset will be removed in a future release
# Warmup Iteration   1: Input: n=100000, keys=256, poolParallelism=3, availableProcessors=10
1.641 ms/op
# Warmup Iteration   2: 1.645 ms/op
# Warmup Iteration   3: 1.611 ms/op
# Warmup Iteration   4: 1.596 ms/op
# Warmup Iteration   5: 1.588 ms/op
Iteration   1: 1.584 ms/op
                 gc.alloc.rate:      983.499 MB/sec
                 gc.alloc.rate.norm: 1633340.699 B/op
                 gc.count:           3.000 counts
                 gc.time:            1.000 ms

Iteration   2: 1.585 ms/op
                 gc.alloc.rate:      982.662 MB/sec
                 gc.alloc.rate.norm: 1633331.288 B/op
                 gc.count:           3.000 counts
                 gc.time:            1.000 ms

Iteration   3: 1.601 ms/op
                 gc.alloc.rate:      972.639 MB/sec
                 gc.alloc.rate.norm: 1633319.325 B/op
                 gc.count:           4.000 counts
                 gc.time:            2.000 ms

Iteration   4: 1.592 ms/op
                 gc.alloc.rate:      978.493 MB/sec
                 gc.alloc.rate.norm: 1633297.127 B/op
                 gc.count:           3.000 counts
                 gc.time:            1.000 ms

Iteration   5: 1.582 ms/op
                 gc.alloc.rate:      984.679 MB/sec
                 gc.alloc.rate.norm: 1633320.604 B/op
                 gc.count:           3.000 counts
                 gc.time:            1.000 ms


# Run progress: 38.89% complete, ETA 00:03:44
# Fork: 3 of 3
WARNING: A terminally deprecated method in sun.misc.Unsafe has been called
WARNING: sun.misc.Unsafe::objectFieldOffset has been called by org.openjdk.jmh.util.Utils (file:/Users/jaehyeon/Documents/Obsidian%20Vault/2026/04.%ed%98%b8%ec%84%9c%eb%8c%80%ed%95%99%ea%b5%90/11.%ec%b0%a8%ec%84%b8%eb%8c%80%ec%bb%b4%ed%93%a8%ed%8c%85%ed%95%99%ed%9a%8c%eb%85%bc%eb%ac%b8/JavaStream_%ed%82%a4%ed%8e%b8%ed%96%a5/.deps/jmh-core-1.37.jar)
WARNING: Please consider reporting this to the maintainers of class org.openjdk.jmh.util.Utils
WARNING: sun.misc.Unsafe::objectFieldOffset will be removed in a future release
# Warmup Iteration   1: Input: n=100000, keys=256, poolParallelism=3, availableProcessors=10
1.606 ms/op
# Warmup Iteration   2: 1.583 ms/op
# Warmup Iteration   3: 1.582 ms/op
# Warmup Iteration   4: 1.582 ms/op
# Warmup Iteration   5: 1.573 ms/op
Iteration   1: 1.573 ms/op
                 gc.alloc.rate:      990.453 MB/sec
                 gc.alloc.rate.norm: 1633388.713 B/op
                 gc.count:           3.000 counts
                 gc.time:            2.000 ms

Iteration   2: 1.575 ms/op
                 gc.alloc.rate:      989.221 MB/sec
                 gc.alloc.rate.norm: 1633391.812 B/op
                 gc.count:           4.000 counts
                 gc.time:            1.000 ms

Iteration   3: 1.571 ms/op
                 gc.alloc.rate:      991.207 MB/sec
                 gc.alloc.rate.norm: 1633379.138 B/op
                 gc.count:           3.000 counts
                 gc.time:            1.000 ms

Iteration   4: 1.583 ms/op
                 gc.alloc.rate:      983.934 MB/sec
                 gc.alloc.rate.norm: 1633403.754 B/op
                 gc.count:           3.000 counts
                 gc.time:            2.000 ms

Iteration   5: 1.586 ms/op
                 gc.alloc.rate:      981.892 MB/sec
                 gc.alloc.rate.norm: 1633367.304 B/op
                 gc.count:           4.000 counts
                 gc.time:            1.000 ms



Result "research.skew.ControlBenchmark.casAtomic":
  1.580 ±(99.9%) 0.010 ms/op [Average]
  (min, avg, max) = (1.569, 1.580, 1.601), stdev = 0.009
  CI (99.9%): [1.571, 1.590] (assumes normal distribution)

Secondary result "research.skew.ControlBenchmark.casAtomic:gc.alloc.rate":
  985.529 ±(99.9%) 6.081 MB/sec [Average]
  (min, avg, max) = (972.639, 985.529, 992.840), stdev = 5.688
  CI (99.9%): [979.448, 991.609] (assumes normal distribution)

Secondary result "research.skew.ControlBenchmark.casAtomic:gc.alloc.rate.norm":
  1633381.979 ±(99.9%) 55.764 B/op [Average]
  (min, avg, max) = (1633297.127, 1633381.979, 1633462.066), stdev = 52.162
  CI (99.9%): [1633326.215, 1633437.743] (assumes normal distribution)

Secondary result "research.skew.ControlBenchmark.casAtomic:gc.count":
  49.000 ±(99.9%) 0.001 counts [Sum]
  (min, avg, max) = (3.000, 3.267, 4.000), stdev = 0.458
  CI (99.9%): [49.000, 49.000] (assumes normal distribution)

Secondary result "research.skew.ControlBenchmark.casAtomic:gc.time":
  19.000 ±(99.9%) 0.001 ms [Sum]
  (min, avg, max) = (1.000, 1.267, 2.000), stdev = 0.458
  CI (99.9%): [19.000, 19.000] (assumes normal distribution)


# JMH version: 1.37
# VM version: JDK 25.0.4.1, OpenJDK 64-Bit Server VM, 25.0.4.1+1-LTS
# VM invoker: /Users/jaehyeon/Library/Java/JavaVirtualMachines/temurin-25.0.4.1/Contents/Home/bin/java
# VM options: -Xms512m -Xmx512m -Djava.util.concurrent.ForkJoinPool.common.parallelism=3
# Blackhole mode: compiler (auto-detected, use -Djmh.blackhole.autoDetect=false to disable)
# Warmup: 5 iterations, 1 s each
# Measurement: 5 iterations, 1 s each
# Timeout: 10 min per iteration
# Threads: 1 thread, will synchronize iterations
# Benchmark mode: Average time, time/op
# Benchmark: research.skew.ControlBenchmark.casAtomic
# Parameters: (cardinality = 256, distribution = hot90, seed = 20260929, size = 100000)

# Run progress: 41.67% complete, ETA 00:03:34
# Fork: 1 of 3
WARNING: A terminally deprecated method in sun.misc.Unsafe has been called
WARNING: sun.misc.Unsafe::objectFieldOffset has been called by org.openjdk.jmh.util.Utils (file:/Users/jaehyeon/Documents/Obsidian%20Vault/2026/04.%ed%98%b8%ec%84%9c%eb%8c%80%ed%95%99%ea%b5%90/11.%ec%b0%a8%ec%84%b8%eb%8c%80%ec%bb%b4%ed%93%a8%ed%8c%85%ed%95%99%ed%9a%8c%eb%85%bc%eb%ac%b8/JavaStream_%ed%82%a4%ed%8e%b8%ed%96%a5/.deps/jmh-core-1.37.jar)
WARNING: Please consider reporting this to the maintainers of class org.openjdk.jmh.util.Utils
WARNING: sun.misc.Unsafe::objectFieldOffset will be removed in a future release
# Warmup Iteration   1: Input: n=100000, keys=256, poolParallelism=3, availableProcessors=10
2.325 ms/op
# Warmup Iteration   2: 2.240 ms/op
# Warmup Iteration   3: 2.302 ms/op
# Warmup Iteration   4: 2.295 ms/op
# Warmup Iteration   5: 2.271 ms/op
Iteration   1: 2.259 ms/op
                 gc.alloc.rate:      685.025 MB/sec
                 gc.alloc.rate.norm: 1622945.528 B/op
                 gc.count:           2.000 counts
                 gc.time:            2.000 ms

Iteration   2: 2.266 ms/op
                 gc.alloc.rate:      682.944 MB/sec
                 gc.alloc.rate.norm: 1623080.685 B/op
                 gc.count:           3.000 counts
                 gc.time:            2.000 ms

Iteration   3: 2.259 ms/op
                 gc.alloc.rate:      685.251 MB/sec
                 gc.alloc.rate.norm: 1623007.820 B/op
                 gc.count:           2.000 counts
                 gc.time:            1.000 ms

Iteration   4: 2.259 ms/op
                 gc.alloc.rate:      685.218 MB/sec
                 gc.alloc.rate.norm: 1623022.526 B/op
                 gc.count:           2.000 counts
                 gc.time:            1.000 ms

Iteration   5: 2.221 ms/op
                 gc.alloc.rate:      696.841 MB/sec
                 gc.alloc.rate.norm: 1622876.962 B/op
                 gc.count:           2.000 counts
                 gc.time:            1.000 ms


# Run progress: 44.44% complete, ETA 00:03:24
# Fork: 2 of 3
WARNING: A terminally deprecated method in sun.misc.Unsafe has been called
WARNING: sun.misc.Unsafe::objectFieldOffset has been called by org.openjdk.jmh.util.Utils (file:/Users/jaehyeon/Documents/Obsidian%20Vault/2026/04.%ed%98%b8%ec%84%9c%eb%8c%80%ed%95%99%ea%b5%90/11.%ec%b0%a8%ec%84%b8%eb%8c%80%ec%bb%b4%ed%93%a8%ed%8c%85%ed%95%99%ed%9a%8c%eb%85%bc%eb%ac%b8/JavaStream_%ed%82%a4%ed%8e%b8%ed%96%a5/.deps/jmh-core-1.37.jar)
WARNING: Please consider reporting this to the maintainers of class org.openjdk.jmh.util.Utils
WARNING: sun.misc.Unsafe::objectFieldOffset will be removed in a future release
# Warmup Iteration   1: Input: n=100000, keys=256, poolParallelism=3, availableProcessors=10
2.362 ms/op
# Warmup Iteration   2: 2.349 ms/op
# Warmup Iteration   3: 2.313 ms/op
# Warmup Iteration   4: 2.313 ms/op
# Warmup Iteration   5: 2.313 ms/op
Iteration   1: 2.304 ms/op
                 gc.alloc.rate:      671.688 MB/sec
                 gc.alloc.rate.norm: 1622927.706 B/op
                 gc.count:           2.000 counts
                 gc.time:            1.000 ms

Iteration   2: 2.303 ms/op
                 gc.alloc.rate:      672.031 MB/sec
                 gc.alloc.rate.norm: 1622692.522 B/op
                 gc.count:           2.000 counts
                 gc.time:            2.000 ms

Iteration   3: 2.331 ms/op
                 gc.alloc.rate:      663.790 MB/sec
                 gc.alloc.rate.norm: 1622896.910 B/op
                 gc.count:           3.000 counts
                 gc.time:            2.000 ms

Iteration   4: 2.305 ms/op
                 gc.alloc.rate:      671.292 MB/sec
                 gc.alloc.rate.norm: 1622861.596 B/op
                 gc.count:           2.000 counts
                 gc.time:            1.000 ms

Iteration   5: 2.301 ms/op
                 gc.alloc.rate:      672.392 MB/sec
                 gc.alloc.rate.norm: 1622775.286 B/op
                 gc.count:           2.000 counts
                 gc.time:            ≈ 0 ms


# Run progress: 47.22% complete, ETA 00:03:14
# Fork: 3 of 3
WARNING: A terminally deprecated method in sun.misc.Unsafe has been called
WARNING: sun.misc.Unsafe::objectFieldOffset has been called by org.openjdk.jmh.util.Utils (file:/Users/jaehyeon/Documents/Obsidian%20Vault/2026/04.%ed%98%b8%ec%84%9c%eb%8c%80%ed%95%99%ea%b5%90/11.%ec%b0%a8%ec%84%b8%eb%8c%80%ec%bb%b4%ed%93%a8%ed%8c%85%ed%95%99%ed%9a%8c%eb%85%bc%eb%ac%b8/JavaStream_%ed%82%a4%ed%8e%b8%ed%96%a5/.deps/jmh-core-1.37.jar)
WARNING: Please consider reporting this to the maintainers of class org.openjdk.jmh.util.Utils
WARNING: sun.misc.Unsafe::objectFieldOffset will be removed in a future release
# Warmup Iteration   1: Input: n=100000, keys=256, poolParallelism=3, availableProcessors=10
2.389 ms/op
# Warmup Iteration   2: 2.296 ms/op
# Warmup Iteration   3: 2.306 ms/op
# Warmup Iteration   4: 2.324 ms/op
# Warmup Iteration   5: 2.286 ms/op
Iteration   1: 2.295 ms/op
                 gc.alloc.rate:      674.373 MB/sec
                 gc.alloc.rate.norm: 1623052.621 B/op
                 gc.count:           2.000 counts
                 gc.time:            2.000 ms

Iteration   2: 2.289 ms/op
                 gc.alloc.rate:      676.197 MB/sec
                 gc.alloc.rate.norm: 1622826.709 B/op
                 gc.count:           2.000 counts
                 gc.time:            2.000 ms

Iteration   3: 2.279 ms/op
                 gc.alloc.rate:      679.069 MB/sec
                 gc.alloc.rate.norm: 1622837.810 B/op
                 gc.count:           3.000 counts
                 gc.time:            1.000 ms

Iteration   4: 2.306 ms/op
                 gc.alloc.rate:      671.194 MB/sec
                 gc.alloc.rate.norm: 1623045.780 B/op
                 gc.count:           2.000 counts
                 gc.time:            1.000 ms

Iteration   5: 2.278 ms/op
                 gc.alloc.rate:      679.429 MB/sec
                 gc.alloc.rate.norm: 1622769.032 B/op
                 gc.count:           2.000 counts
                 gc.time:            1.000 ms



Result "research.skew.ControlBenchmark.casAtomic":
  2.284 ±(99.9%) 0.029 ms/op [Average]
  (min, avg, max) = (2.221, 2.284, 2.331), stdev = 0.028
  CI (99.9%): [2.254, 2.313] (assumes normal distribution)

Secondary result "research.skew.ControlBenchmark.casAtomic:gc.alloc.rate":
  677.782 ±(99.9%) 8.818 MB/sec [Average]
  (min, avg, max) = (663.790, 677.782, 696.841), stdev = 8.248
  CI (99.9%): [668.964, 686.600] (assumes normal distribution)

Secondary result "research.skew.ControlBenchmark.casAtomic:gc.alloc.rate.norm":
  1622907.966 ±(99.9%) 125.432 B/op [Average]
  (min, avg, max) = (1622692.522, 1622907.966, 1623080.685), stdev = 117.329
  CI (99.9%): [1622782.534, 1623033.398] (assumes normal distribution)

Secondary result "research.skew.ControlBenchmark.casAtomic:gc.count":
  33.000 ±(99.9%) 0.001 counts [Sum]
  (min, avg, max) = (2.000, 2.200, 3.000), stdev = 0.414
  CI (99.9%): [33.000, 33.000] (assumes normal distribution)

Secondary result "research.skew.ControlBenchmark.casAtomic:gc.time":
  20.000 ±(99.9%) 0.001 ms [Sum]
  (min, avg, max) = (≈ 0, 1.333, 2.000), stdev = 0.617
  CI (99.9%): [20.000, 20.000] (assumes normal distribution)


# JMH version: 1.37
# VM version: JDK 25.0.4.1, OpenJDK 64-Bit Server VM, 25.0.4.1+1-LTS
# VM invoker: /Users/jaehyeon/Library/Java/JavaVirtualMachines/temurin-25.0.4.1/Contents/Home/bin/java
# VM options: -Xms512m -Xmx512m -Djava.util.concurrent.ForkJoinPool.common.parallelism=3
# Blackhole mode: compiler (auto-detected, use -Djmh.blackhole.autoDetect=false to disable)
# Warmup: 5 iterations, 1 s each
# Measurement: 5 iterations, 1 s each
# Timeout: 10 min per iteration
# Threads: 1 thread, will synchronize iterations
# Benchmark mode: Average time, time/op
# Benchmark: research.skew.ControlBenchmark.syncAdder
# Parameters: (cardinality = 256, distribution = uniform, seed = 20260929, size = 100000)

# Run progress: 50.00% complete, ETA 00:03:04
# Fork: 1 of 3
WARNING: A terminally deprecated method in sun.misc.Unsafe has been called
WARNING: sun.misc.Unsafe::objectFieldOffset has been called by org.openjdk.jmh.util.Utils (file:/Users/jaehyeon/Documents/Obsidian%20Vault/2026/04.%ed%98%b8%ec%84%9c%eb%8c%80%ed%95%99%ea%b5%90/11.%ec%b0%a8%ec%84%b8%eb%8c%80%ec%bb%b4%ed%93%a8%ed%8c%85%ed%95%99%ed%9a%8c%eb%85%bc%eb%ac%b8/JavaStream_%ed%82%a4%ed%8e%b8%ed%96%a5/.deps/jmh-core-1.37.jar)
WARNING: Please consider reporting this to the maintainers of class org.openjdk.jmh.util.Utils
WARNING: sun.misc.Unsafe::objectFieldOffset will be removed in a future release
# Warmup Iteration   1: Input: n=100000, keys=256, poolParallelism=3, availableProcessors=10
1.197 ms/op
# Warmup Iteration   2: 1.161 ms/op
# Warmup Iteration   3: 1.149 ms/op
# Warmup Iteration   4: 1.146 ms/op
# Warmup Iteration   5: 1.161 ms/op
Iteration   1: 1.151 ms/op
                 gc.alloc.rate:      1354.889 MB/sec
                 gc.alloc.rate.norm: 1635617.538 B/op
                 gc.count:           5.000 counts
                 gc.time:            2.000 ms

Iteration   2: 1.149 ms/op
                 gc.alloc.rate:      1357.071 MB/sec
                 gc.alloc.rate.norm: 1635515.209 B/op
                 gc.count:           4.000 counts
                 gc.time:            2.000 ms

Iteration   3: 1.147 ms/op
                 gc.alloc.rate:      1359.460 MB/sec
                 gc.alloc.rate.norm: 1635541.154 B/op
                 gc.count:           5.000 counts
                 gc.time:            2.000 ms

Iteration   4: 1.150 ms/op
                 gc.alloc.rate:      1355.970 MB/sec
                 gc.alloc.rate.norm: 1635565.629 B/op
                 gc.count:           4.000 counts
                 gc.time:            2.000 ms

Iteration   5: 1.144 ms/op
                 gc.alloc.rate:      1363.626 MB/sec
                 gc.alloc.rate.norm: 1635556.997 B/op
                 gc.count:           5.000 counts
                 gc.time:            2.000 ms


# Run progress: 52.78% complete, ETA 00:02:53
# Fork: 2 of 3
WARNING: A terminally deprecated method in sun.misc.Unsafe has been called
WARNING: sun.misc.Unsafe::objectFieldOffset has been called by org.openjdk.jmh.util.Utils (file:/Users/jaehyeon/Documents/Obsidian%20Vault/2026/04.%ed%98%b8%ec%84%9c%eb%8c%80%ed%95%99%ea%b5%90/11.%ec%b0%a8%ec%84%b8%eb%8c%80%ec%bb%b4%ed%93%a8%ed%8c%85%ed%95%99%ed%9a%8c%eb%85%bc%eb%ac%b8/JavaStream_%ed%82%a4%ed%8e%b8%ed%96%a5/.deps/jmh-core-1.37.jar)
WARNING: Please consider reporting this to the maintainers of class org.openjdk.jmh.util.Utils
WARNING: sun.misc.Unsafe::objectFieldOffset will be removed in a future release
# Warmup Iteration   1: Input: n=100000, keys=256, poolParallelism=3, availableProcessors=10
1.206 ms/op
# Warmup Iteration   2: 1.164 ms/op
# Warmup Iteration   3: 1.160 ms/op
# Warmup Iteration   4: 1.153 ms/op
# Warmup Iteration   5: 1.163 ms/op
Iteration   1: 1.157 ms/op
                 gc.alloc.rate:      1347.748 MB/sec
                 gc.alloc.rate.norm: 1635433.298 B/op
                 gc.count:           4.000 counts
                 gc.time:            1.000 ms

Iteration   2: 1.166 ms/op
                 gc.alloc.rate:      1336.973 MB/sec
                 gc.alloc.rate.norm: 1635458.654 B/op
                 gc.count:           5.000 counts
                 gc.time:            3.000 ms

Iteration   3: 1.153 ms/op
                 gc.alloc.rate:      1352.067 MB/sec
                 gc.alloc.rate.norm: 1635408.385 B/op
                 gc.count:           4.000 counts
                 gc.time:            1.000 ms

Iteration   4: 1.152 ms/op
                 gc.alloc.rate:      1354.166 MB/sec
                 gc.alloc.rate.norm: 1635416.651 B/op
                 gc.count:           5.000 counts
                 gc.time:            3.000 ms

Iteration   5: 1.150 ms/op
                 gc.alloc.rate:      1355.694 MB/sec
                 gc.alloc.rate.norm: 1635429.510 B/op
                 gc.count:           4.000 counts
                 gc.time:            1.000 ms


# Run progress: 55.56% complete, ETA 00:02:43
# Fork: 3 of 3
WARNING: A terminally deprecated method in sun.misc.Unsafe has been called
WARNING: sun.misc.Unsafe::objectFieldOffset has been called by org.openjdk.jmh.util.Utils (file:/Users/jaehyeon/Documents/Obsidian%20Vault/2026/04.%ed%98%b8%ec%84%9c%eb%8c%80%ed%95%99%ea%b5%90/11.%ec%b0%a8%ec%84%b8%eb%8c%80%ec%bb%b4%ed%93%a8%ed%8c%85%ed%95%99%ed%9a%8c%eb%85%bc%eb%ac%b8/JavaStream_%ed%82%a4%ed%8e%b8%ed%96%a5/.deps/jmh-core-1.37.jar)
WARNING: Please consider reporting this to the maintainers of class org.openjdk.jmh.util.Utils
WARNING: sun.misc.Unsafe::objectFieldOffset will be removed in a future release
# Warmup Iteration   1: Input: n=100000, keys=256, poolParallelism=3, availableProcessors=10
1.215 ms/op
# Warmup Iteration   2: 1.150 ms/op
# Warmup Iteration   3: 1.155 ms/op
# Warmup Iteration   4: 1.155 ms/op
# Warmup Iteration   5: 1.141 ms/op
Iteration   1: 1.148 ms/op
                 gc.alloc.rate:      1358.893 MB/sec
                 gc.alloc.rate.norm: 1635397.571 B/op
                 gc.count:           5.000 counts
                 gc.time:            2.000 ms

Iteration   2: 1.153 ms/op
                 gc.alloc.rate:      1352.830 MB/sec
                 gc.alloc.rate.norm: 1635437.431 B/op
                 gc.count:           4.000 counts
                 gc.time:            2.000 ms

Iteration   3: 1.146 ms/op
                 gc.alloc.rate:      1361.092 MB/sec
                 gc.alloc.rate.norm: 1635432.657 B/op
                 gc.count:           5.000 counts
                 gc.time:            2.000 ms

Iteration   4: 1.151 ms/op
                 gc.alloc.rate:      1355.462 MB/sec
                 gc.alloc.rate.norm: 1635416.897 B/op
                 gc.count:           4.000 counts
                 gc.time:            2.000 ms

Iteration   5: 1.146 ms/op
                 gc.alloc.rate:      1361.325 MB/sec
                 gc.alloc.rate.norm: 1635427.002 B/op
                 gc.count:           5.000 counts
                 gc.time:            2.000 ms



Result "research.skew.ControlBenchmark.syncAdder":
  1.151 ±(99.9%) 0.006 ms/op [Average]
  (min, avg, max) = (1.144, 1.151, 1.166), stdev = 0.006
  CI (99.9%): [1.145, 1.157] (assumes normal distribution)

Secondary result "research.skew.ControlBenchmark.syncAdder:gc.alloc.rate":
  1355.151 ±(99.9%) 6.903 MB/sec [Average]
  (min, avg, max) = (1336.973, 1355.151, 1363.626), stdev = 6.457
  CI (99.9%): [1348.248, 1362.054] (assumes normal distribution)

Secondary result "research.skew.ControlBenchmark.syncAdder:gc.alloc.rate.norm":
  1635470.306 ±(99.9%) 74.349 B/op [Average]
  (min, avg, max) = (1635397.571, 1635470.306, 1635617.538), stdev = 69.546
  CI (99.9%): [1635395.956, 1635544.655] (assumes normal distribution)

Secondary result "research.skew.ControlBenchmark.syncAdder:gc.count":
  68.000 ±(99.9%) 0.001 counts [Sum]
  (min, avg, max) = (4.000, 4.533, 5.000), stdev = 0.516
  CI (99.9%): [68.000, 68.000] (assumes normal distribution)

Secondary result "research.skew.ControlBenchmark.syncAdder:gc.time":
  29.000 ±(99.9%) 0.001 ms [Sum]
  (min, avg, max) = (1.000, 1.933, 3.000), stdev = 0.594
  CI (99.9%): [29.000, 29.000] (assumes normal distribution)


# JMH version: 1.37
# VM version: JDK 25.0.4.1, OpenJDK 64-Bit Server VM, 25.0.4.1+1-LTS
# VM invoker: /Users/jaehyeon/Library/Java/JavaVirtualMachines/temurin-25.0.4.1/Contents/Home/bin/java
# VM options: -Xms512m -Xmx512m -Djava.util.concurrent.ForkJoinPool.common.parallelism=3
# Blackhole mode: compiler (auto-detected, use -Djmh.blackhole.autoDetect=false to disable)
# Warmup: 5 iterations, 1 s each
# Measurement: 5 iterations, 1 s each
# Timeout: 10 min per iteration
# Threads: 1 thread, will synchronize iterations
# Benchmark mode: Average time, time/op
# Benchmark: research.skew.ControlBenchmark.syncAdder
# Parameters: (cardinality = 256, distribution = hot50, seed = 20260929, size = 100000)

# Run progress: 58.33% complete, ETA 00:02:33
# Fork: 1 of 3
WARNING: A terminally deprecated method in sun.misc.Unsafe has been called
WARNING: sun.misc.Unsafe::objectFieldOffset has been called by org.openjdk.jmh.util.Utils (file:/Users/jaehyeon/Documents/Obsidian%20Vault/2026/04.%ed%98%b8%ec%84%9c%eb%8c%80%ed%95%99%ea%b5%90/11.%ec%b0%a8%ec%84%b8%eb%8c%80%ec%bb%b4%ed%93%a8%ed%8c%85%ed%95%99%ed%9a%8c%eb%85%bc%eb%ac%b8/JavaStream_%ed%82%a4%ed%8e%b8%ed%96%a5/.deps/jmh-core-1.37.jar)
WARNING: Please consider reporting this to the maintainers of class org.openjdk.jmh.util.Utils
WARNING: sun.misc.Unsafe::objectFieldOffset will be removed in a future release
# Warmup Iteration   1: Input: n=100000, keys=256, poolParallelism=3, availableProcessors=10
4.466 ms/op
# Warmup Iteration   2: 4.283 ms/op
# Warmup Iteration   3: 4.228 ms/op
# Warmup Iteration   4: 4.326 ms/op
# Warmup Iteration   5: 4.396 ms/op
Iteration   1: 4.450 ms/op
                 gc.alloc.rate:      350.462 MB/sec
                 gc.alloc.rate.norm: 1635583.788 B/op
                 gc.count:           1.000 counts
                 gc.time:            1.000 ms

Iteration   2: 4.452 ms/op
                 gc.alloc.rate:      350.363 MB/sec
                 gc.alloc.rate.norm: 1635765.451 B/op
                 gc.count:           1.000 counts
                 gc.time:            1.000 ms

Iteration   3: 4.434 ms/op
                 gc.alloc.rate:      351.756 MB/sec
                 gc.alloc.rate.norm: 1635693.181 B/op
                 gc.count:           1.000 counts
                 gc.time:            1.000 ms

Iteration   4: 4.433 ms/op
                 gc.alloc.rate:      351.902 MB/sec
                 gc.alloc.rate.norm: 1635920.885 B/op
                 gc.count:           2.000 counts
                 gc.time:            2.000 ms

Iteration   5: 4.429 ms/op
                 gc.alloc.rate:      352.220 MB/sec
                 gc.alloc.rate.norm: 1635800.423 B/op
                 gc.count:           1.000 counts
                 gc.time:            1.000 ms


# Run progress: 61.11% complete, ETA 00:02:23
# Fork: 2 of 3
WARNING: A terminally deprecated method in sun.misc.Unsafe has been called
WARNING: sun.misc.Unsafe::objectFieldOffset has been called by org.openjdk.jmh.util.Utils (file:/Users/jaehyeon/Documents/Obsidian%20Vault/2026/04.%ed%98%b8%ec%84%9c%eb%8c%80%ed%95%99%ea%b5%90/11.%ec%b0%a8%ec%84%b8%eb%8c%80%ec%bb%b4%ed%93%a8%ed%8c%85%ed%95%99%ed%9a%8c%eb%85%bc%eb%ac%b8/JavaStream_%ed%82%a4%ed%8e%b8%ed%96%a5/.deps/jmh-core-1.37.jar)
WARNING: Please consider reporting this to the maintainers of class org.openjdk.jmh.util.Utils
WARNING: sun.misc.Unsafe::objectFieldOffset will be removed in a future release
# Warmup Iteration   1: Input: n=100000, keys=256, poolParallelism=3, availableProcessors=10
4.532 ms/op
# Warmup Iteration   2: 4.477 ms/op
# Warmup Iteration   3: 4.439 ms/op
# Warmup Iteration   4: 4.443 ms/op
# Warmup Iteration   5: 4.459 ms/op
Iteration   1: 4.441 ms/op
                 gc.alloc.rate:      351.198 MB/sec
                 gc.alloc.rate.norm: 1635716.617 B/op
                 gc.count:           1.000 counts
                 gc.time:            1.000 ms

Iteration   2: 4.436 ms/op
                 gc.alloc.rate:      351.587 MB/sec
                 gc.alloc.rate.norm: 1635653.533 B/op
                 gc.count:           1.000 counts
                 gc.time:            1.000 ms

Iteration   3: 4.433 ms/op
                 gc.alloc.rate:      351.851 MB/sec
                 gc.alloc.rate.norm: 1635635.066 B/op
                 gc.count:           1.000 counts
                 gc.time:            1.000 ms

Iteration   4: 4.439 ms/op
                 gc.alloc.rate:      351.383 MB/sec
                 gc.alloc.rate.norm: 1635730.784 B/op
                 gc.count:           1.000 counts
                 gc.time:            1.000 ms

Iteration   5: 4.437 ms/op
                 gc.alloc.rate:      351.544 MB/sec
                 gc.alloc.rate.norm: 1635700.828 B/op
                 gc.count:           2.000 counts
                 gc.time:            2.000 ms


# Run progress: 63.89% complete, ETA 00:02:12
# Fork: 3 of 3
WARNING: A terminally deprecated method in sun.misc.Unsafe has been called
WARNING: sun.misc.Unsafe::objectFieldOffset has been called by org.openjdk.jmh.util.Utils (file:/Users/jaehyeon/Documents/Obsidian%20Vault/2026/04.%ed%98%b8%ec%84%9c%eb%8c%80%ed%95%99%ea%b5%90/11.%ec%b0%a8%ec%84%b8%eb%8c%80%ec%bb%b4%ed%93%a8%ed%8c%85%ed%95%99%ed%9a%8c%eb%85%bc%eb%ac%b8/JavaStream_%ed%82%a4%ed%8e%b8%ed%96%a5/.deps/jmh-core-1.37.jar)
WARNING: Please consider reporting this to the maintainers of class org.openjdk.jmh.util.Utils
WARNING: sun.misc.Unsafe::objectFieldOffset will be removed in a future release
# Warmup Iteration   1: Input: n=100000, keys=256, poolParallelism=3, availableProcessors=10
4.531 ms/op
# Warmup Iteration   2: 4.439 ms/op
# Warmup Iteration   3: 4.432 ms/op
# Warmup Iteration   4: 4.429 ms/op
# Warmup Iteration   5: 4.428 ms/op
Iteration   1: 4.436 ms/op
                 gc.alloc.rate:      351.574 MB/sec
                 gc.alloc.rate.norm: 1635658.009 B/op
                 gc.count:           1.000 counts
                 gc.time:            1.000 ms

Iteration   2: 4.420 ms/op
                 gc.alloc.rate:      352.880 MB/sec
                 gc.alloc.rate.norm: 1635731.789 B/op
                 gc.count:           1.000 counts
                 gc.time:            1.000 ms

Iteration   3: 4.422 ms/op
                 gc.alloc.rate:      352.702 MB/sec
                 gc.alloc.rate.norm: 1635590.211 B/op
                 gc.count:           1.000 counts
                 gc.time:            1.000 ms

Iteration   4: 4.428 ms/op
                 gc.alloc.rate:      352.233 MB/sec
                 gc.alloc.rate.norm: 1635607.965 B/op
                 gc.count:           1.000 counts
                 gc.time:            1.000 ms

Iteration   5: 4.434 ms/op
                 gc.alloc.rate:      351.773 MB/sec
                 gc.alloc.rate.norm: 1635611.489 B/op
                 gc.count:           2.000 counts
                 gc.time:            2.000 ms



Result "research.skew.ControlBenchmark.syncAdder":
  4.435 ±(99.9%) 0.009 ms/op [Average]
  (min, avg, max) = (4.420, 4.435, 4.452), stdev = 0.009
  CI (99.9%): [4.426, 4.444] (assumes normal distribution)

Secondary result "research.skew.ControlBenchmark.syncAdder:gc.alloc.rate":
  351.695 ±(99.9%) 0.742 MB/sec [Average]
  (min, avg, max) = (350.363, 351.695, 352.880), stdev = 0.694
  CI (99.9%): [350.953, 352.437] (assumes normal distribution)

Secondary result "research.skew.ControlBenchmark.syncAdder:gc.alloc.rate.norm":
  1635693.335 ±(99.9%) 96.798 B/op [Average]
  (min, avg, max) = (1635583.788, 1635693.335, 1635920.885), stdev = 90.545
  CI (99.9%): [1635596.537, 1635790.132] (assumes normal distribution)

Secondary result "research.skew.ControlBenchmark.syncAdder:gc.count":
  18.000 ±(99.9%) 0.001 counts [Sum]
  (min, avg, max) = (1.000, 1.200, 2.000), stdev = 0.414
  CI (99.9%): [18.000, 18.000] (assumes normal distribution)

Secondary result "research.skew.ControlBenchmark.syncAdder:gc.time":
  18.000 ±(99.9%) 0.001 ms [Sum]
  (min, avg, max) = (1.000, 1.200, 2.000), stdev = 0.414
  CI (99.9%): [18.000, 18.000] (assumes normal distribution)


# JMH version: 1.37
# VM version: JDK 25.0.4.1, OpenJDK 64-Bit Server VM, 25.0.4.1+1-LTS
# VM invoker: /Users/jaehyeon/Library/Java/JavaVirtualMachines/temurin-25.0.4.1/Contents/Home/bin/java
# VM options: -Xms512m -Xmx512m -Djava.util.concurrent.ForkJoinPool.common.parallelism=3
# Blackhole mode: compiler (auto-detected, use -Djmh.blackhole.autoDetect=false to disable)
# Warmup: 5 iterations, 1 s each
# Measurement: 5 iterations, 1 s each
# Timeout: 10 min per iteration
# Threads: 1 thread, will synchronize iterations
# Benchmark mode: Average time, time/op
# Benchmark: research.skew.ControlBenchmark.syncAdder
# Parameters: (cardinality = 256, distribution = hot90, seed = 20260929, size = 100000)

# Run progress: 66.67% complete, ETA 00:02:02
# Fork: 1 of 3
WARNING: A terminally deprecated method in sun.misc.Unsafe has been called
WARNING: sun.misc.Unsafe::objectFieldOffset has been called by org.openjdk.jmh.util.Utils (file:/Users/jaehyeon/Documents/Obsidian%20Vault/2026/04.%ed%98%b8%ec%84%9c%eb%8c%80%ed%95%99%ea%b5%90/11.%ec%b0%a8%ec%84%b8%eb%8c%80%ec%bb%b4%ed%93%a8%ed%8c%85%ed%95%99%ed%9a%8c%eb%85%bc%eb%ac%b8/JavaStream_%ed%82%a4%ed%8e%b8%ed%96%a5/.deps/jmh-core-1.37.jar)
WARNING: Please consider reporting this to the maintainers of class org.openjdk.jmh.util.Utils
WARNING: sun.misc.Unsafe::objectFieldOffset will be removed in a future release
# Warmup Iteration   1: Input: n=100000, keys=256, poolParallelism=3, availableProcessors=10
3.754 ms/op
# Warmup Iteration   2: 3.697 ms/op
# Warmup Iteration   3: 3.716 ms/op
# Warmup Iteration   4: 3.872 ms/op
# Warmup Iteration   5: 3.688 ms/op
Iteration   1: 3.618 ms/op
                 gc.alloc.rate:      429.635 MB/sec
                 gc.alloc.rate.norm: 1630116.978 B/op
                 gc.count:           1.000 counts
                 gc.time:            1.000 ms

Iteration   2: 3.739 ms/op
                 gc.alloc.rate:      415.654 MB/sec
                 gc.alloc.rate.norm: 1629982.751 B/op
                 gc.count:           2.000 counts
                 gc.time:            2.000 ms

Iteration   3: 3.657 ms/op
                 gc.alloc.rate:      425.109 MB/sec
                 gc.alloc.rate.norm: 1630181.033 B/op
                 gc.count:           1.000 counts
                 gc.time:            1.000 ms

Iteration   4: 3.607 ms/op
                 gc.alloc.rate:      430.932 MB/sec
                 gc.alloc.rate.norm: 1630152.717 B/op
                 gc.count:           1.000 counts
                 gc.time:            ≈ 0 ms

Iteration   5: 3.574 ms/op
                 gc.alloc.rate:      434.994 MB/sec
                 gc.alloc.rate.norm: 1630180.454 B/op
                 gc.count:           2.000 counts
                 gc.time:            2.000 ms


# Run progress: 69.44% complete, ETA 00:01:52
# Fork: 2 of 3
WARNING: A terminally deprecated method in sun.misc.Unsafe has been called
WARNING: sun.misc.Unsafe::objectFieldOffset has been called by org.openjdk.jmh.util.Utils (file:/Users/jaehyeon/Documents/Obsidian%20Vault/2026/04.%ed%98%b8%ec%84%9c%eb%8c%80%ed%95%99%ea%b5%90/11.%ec%b0%a8%ec%84%b8%eb%8c%80%ec%bb%b4%ed%93%a8%ed%8c%85%ed%95%99%ed%9a%8c%eb%85%bc%eb%ac%b8/JavaStream_%ed%82%a4%ed%8e%b8%ed%96%a5/.deps/jmh-core-1.37.jar)
WARNING: Please consider reporting this to the maintainers of class org.openjdk.jmh.util.Utils
WARNING: sun.misc.Unsafe::objectFieldOffset will be removed in a future release
# Warmup Iteration   1: Input: n=100000, keys=256, poolParallelism=3, availableProcessors=10
4.100 ms/op
# Warmup Iteration   2: 3.987 ms/op
# Warmup Iteration   3: 3.952 ms/op
# Warmup Iteration   4: 3.947 ms/op
# Warmup Iteration   5: 3.917 ms/op
Iteration   1: 3.965 ms/op
                 gc.alloc.rate:      392.067 MB/sec
                 gc.alloc.rate.norm: 1630094.110 B/op
                 gc.count:           2.000 counts
                 gc.time:            2.000 ms

Iteration   2: 3.933 ms/op
                 gc.alloc.rate:      395.184 MB/sec
                 gc.alloc.rate.norm: 1629794.625 B/op
                 gc.count:           1.000 counts
                 gc.time:            1.000 ms

Iteration   3: 3.903 ms/op
                 gc.alloc.rate:      398.329 MB/sec
                 gc.alloc.rate.norm: 1630151.442 B/op
                 gc.count:           1.000 counts
                 gc.time:            1.000 ms

Iteration   4: 3.949 ms/op
                 gc.alloc.rate:      393.647 MB/sec
                 gc.alloc.rate.norm: 1630176.220 B/op
                 gc.count:           2.000 counts
                 gc.time:            2.000 ms

Iteration   5: 3.954 ms/op
                 gc.alloc.rate:      393.117 MB/sec
                 gc.alloc.rate.norm: 1630060.580 B/op
                 gc.count:           1.000 counts
                 gc.time:            ≈ 0 ms


# Run progress: 72.22% complete, ETA 00:01:42
# Fork: 3 of 3
WARNING: A terminally deprecated method in sun.misc.Unsafe has been called
WARNING: sun.misc.Unsafe::objectFieldOffset has been called by org.openjdk.jmh.util.Utils (file:/Users/jaehyeon/Documents/Obsidian%20Vault/2026/04.%ed%98%b8%ec%84%9c%eb%8c%80%ed%95%99%ea%b5%90/11.%ec%b0%a8%ec%84%b8%eb%8c%80%ec%bb%b4%ed%93%a8%ed%8c%85%ed%95%99%ed%9a%8c%eb%85%bc%eb%ac%b8/JavaStream_%ed%82%a4%ed%8e%b8%ed%96%a5/.deps/jmh-core-1.37.jar)
WARNING: Please consider reporting this to the maintainers of class org.openjdk.jmh.util.Utils
WARNING: sun.misc.Unsafe::objectFieldOffset will be removed in a future release
# Warmup Iteration   1: Input: n=100000, keys=256, poolParallelism=3, availableProcessors=10
3.846 ms/op
# Warmup Iteration   2: 3.722 ms/op
# Warmup Iteration   3: 3.656 ms/op
# Warmup Iteration   4: 3.728 ms/op
# Warmup Iteration   5: 3.709 ms/op
Iteration   1: 3.673 ms/op
                 gc.alloc.rate:      423.265 MB/sec
                 gc.alloc.rate.norm: 1630204.204 B/op
                 gc.count:           1.000 counts
                 gc.time:            1.000 ms

Iteration   2: 3.685 ms/op
                 gc.alloc.rate:      421.869 MB/sec
                 gc.alloc.rate.norm: 1630204.425 B/op
                 gc.count:           2.000 counts
                 gc.time:            2.000 ms

Iteration   3: 3.788 ms/op
                 gc.alloc.rate:      410.297 MB/sec
                 gc.alloc.rate.norm: 1630017.564 B/op
                 gc.count:           1.000 counts
                 gc.time:            1.000 ms

Iteration   4: 3.745 ms/op
                 gc.alloc.rate:      415.149 MB/sec
                 gc.alloc.rate.norm: 1630212.431 B/op
                 gc.count:           1.000 counts
                 gc.time:            1.000 ms

Iteration   5: 3.749 ms/op
                 gc.alloc.rate:      414.553 MB/sec
                 gc.alloc.rate.norm: 1629987.301 B/op
                 gc.count:           2.000 counts
                 gc.time:            2.000 ms



Result "research.skew.ControlBenchmark.syncAdder":
  3.769 ±(99.9%) 0.148 ms/op [Average]
  (min, avg, max) = (3.574, 3.769, 3.965), stdev = 0.138
  CI (99.9%): [3.621, 3.917] (assumes normal distribution)

Secondary result "research.skew.ControlBenchmark.syncAdder:gc.alloc.rate":
  412.920 ±(99.9%) 16.099 MB/sec [Average]
  (min, avg, max) = (392.067, 412.920, 434.994), stdev = 15.059
  CI (99.9%): [396.821, 429.019] (assumes normal distribution)

Secondary result "research.skew.ControlBenchmark.syncAdder:gc.alloc.rate.norm":
  1630101.122 ±(99.9%) 123.566 B/op [Average]
  (min, avg, max) = (1629794.625, 1630101.122, 1630212.431), stdev = 115.584
  CI (99.9%): [1629977.557, 1630224.688] (assumes normal distribution)

Secondary result "research.skew.ControlBenchmark.syncAdder:gc.count":
  21.000 ±(99.9%) 0.001 counts [Sum]
  (min, avg, max) = (1.000, 1.400, 2.000), stdev = 0.507
  CI (99.9%): [21.000, 21.000] (assumes normal distribution)

Secondary result "research.skew.ControlBenchmark.syncAdder:gc.time":
  19.000 ±(99.9%) 0.001 ms [Sum]
  (min, avg, max) = (≈ 0, 1.267, 2.000), stdev = 0.704
  CI (99.9%): [19.000, 19.000] (assumes normal distribution)


# JMH version: 1.37
# VM version: JDK 25.0.4.1, OpenJDK 64-Bit Server VM, 25.0.4.1+1-LTS
# VM invoker: /Users/jaehyeon/Library/Java/JavaVirtualMachines/temurin-25.0.4.1/Contents/Home/bin/java
# VM options: -Xms512m -Xmx512m -Djava.util.concurrent.ForkJoinPool.common.parallelism=3
# Blackhole mode: compiler (auto-detected, use -Djmh.blackhole.autoDetect=false to disable)
# Warmup: 5 iterations, 1 s each
# Measurement: 5 iterations, 1 s each
# Timeout: 10 min per iteration
# Threads: 1 thread, will synchronize iterations
# Benchmark mode: Average time, time/op
# Benchmark: research.skew.ControlBenchmark.syncLong
# Parameters: (cardinality = 256, distribution = uniform, seed = 20260929, size = 100000)

# Run progress: 75.00% complete, ETA 00:01:32
# Fork: 1 of 3
WARNING: A terminally deprecated method in sun.misc.Unsafe has been called
WARNING: sun.misc.Unsafe::objectFieldOffset has been called by org.openjdk.jmh.util.Utils (file:/Users/jaehyeon/Documents/Obsidian%20Vault/2026/04.%ed%98%b8%ec%84%9c%eb%8c%80%ed%95%99%ea%b5%90/11.%ec%b0%a8%ec%84%b8%eb%8c%80%ec%bb%b4%ed%93%a8%ed%8c%85%ed%95%99%ed%9a%8c%eb%85%bc%eb%ac%b8/JavaStream_%ed%82%a4%ed%8e%b8%ed%96%a5/.deps/jmh-core-1.37.jar)
WARNING: Please consider reporting this to the maintainers of class org.openjdk.jmh.util.Utils
WARNING: sun.misc.Unsafe::objectFieldOffset will be removed in a future release
# Warmup Iteration   1: Input: n=100000, keys=256, poolParallelism=3, availableProcessors=10
1.125 ms/op
# Warmup Iteration   2: 1.082 ms/op
# Warmup Iteration   3: 1.080 ms/op
# Warmup Iteration   4: 1.068 ms/op
# Warmup Iteration   5: 1.069 ms/op
Iteration   1: 1.081 ms/op
                 gc.alloc.rate:      1441.235 MB/sec
                 gc.alloc.rate.norm: 1633503.871 B/op
                 gc.count:           4.000 counts
                 gc.time:            2.000 ms

Iteration   2: 1.066 ms/op
                 gc.alloc.rate:      1461.433 MB/sec
                 gc.alloc.rate.norm: 1633492.403 B/op
                 gc.count:           5.000 counts
                 gc.time:            2.000 ms

Iteration   3: 1.069 ms/op
                 gc.alloc.rate:      1457.051 MB/sec
                 gc.alloc.rate.norm: 1633524.973 B/op
                 gc.count:           5.000 counts
                 gc.time:            2.000 ms

Iteration   4: 1.078 ms/op
                 gc.alloc.rate:      1445.386 MB/sec
                 gc.alloc.rate.norm: 1633475.001 B/op
                 gc.count:           5.000 counts
                 gc.time:            2.000 ms

Iteration   5: 1.071 ms/op
                 gc.alloc.rate:      1454.441 MB/sec
                 gc.alloc.rate.norm: 1633478.168 B/op
                 gc.count:           5.000 counts
                 gc.time:            2.000 ms


# Run progress: 77.78% complete, ETA 00:01:21
# Fork: 2 of 3
WARNING: A terminally deprecated method in sun.misc.Unsafe has been called
WARNING: sun.misc.Unsafe::objectFieldOffset has been called by org.openjdk.jmh.util.Utils (file:/Users/jaehyeon/Documents/Obsidian%20Vault/2026/04.%ed%98%b8%ec%84%9c%eb%8c%80%ed%95%99%ea%b5%90/11.%ec%b0%a8%ec%84%b8%eb%8c%80%ec%bb%b4%ed%93%a8%ed%8c%85%ed%95%99%ed%9a%8c%eb%85%bc%eb%ac%b8/JavaStream_%ed%82%a4%ed%8e%b8%ed%96%a5/.deps/jmh-core-1.37.jar)
WARNING: Please consider reporting this to the maintainers of class org.openjdk.jmh.util.Utils
WARNING: sun.misc.Unsafe::objectFieldOffset will be removed in a future release
# Warmup Iteration   1: Input: n=100000, keys=256, poolParallelism=3, availableProcessors=10
1.127 ms/op
# Warmup Iteration   2: 1.085 ms/op
# Warmup Iteration   3: 1.074 ms/op
# Warmup Iteration   4: 1.074 ms/op
# Warmup Iteration   5: 1.080 ms/op
Iteration   1: 1.077 ms/op
                 gc.alloc.rate:      1447.020 MB/sec
                 gc.alloc.rate.norm: 1633635.536 B/op
                 gc.count:           4.000 counts
                 gc.time:            1.000 ms

Iteration   2: 1.071 ms/op
                 gc.alloc.rate:      1454.246 MB/sec
                 gc.alloc.rate.norm: 1633681.154 B/op
                 gc.count:           5.000 counts
                 gc.time:            2.000 ms

Iteration   3: 1.076 ms/op
                 gc.alloc.rate:      1447.657 MB/sec
                 gc.alloc.rate.norm: 1633656.808 B/op
                 gc.count:           5.000 counts
                 gc.time:            2.000 ms

Iteration   4: 1.065 ms/op
                 gc.alloc.rate:      1463.389 MB/sec
                 gc.alloc.rate.norm: 1633608.337 B/op
                 gc.count:           5.000 counts
                 gc.time:            3.000 ms

Iteration   5: 1.070 ms/op
                 gc.alloc.rate:      1455.286 MB/sec
                 gc.alloc.rate.norm: 1633622.398 B/op
                 gc.count:           5.000 counts
                 gc.time:            2.000 ms


# Run progress: 80.56% complete, ETA 00:01:11
# Fork: 3 of 3
WARNING: A terminally deprecated method in sun.misc.Unsafe has been called
WARNING: sun.misc.Unsafe::objectFieldOffset has been called by org.openjdk.jmh.util.Utils (file:/Users/jaehyeon/Documents/Obsidian%20Vault/2026/04.%ed%98%b8%ec%84%9c%eb%8c%80%ed%95%99%ea%b5%90/11.%ec%b0%a8%ec%84%b8%eb%8c%80%ec%bb%b4%ed%93%a8%ed%8c%85%ed%95%99%ed%9a%8c%eb%85%bc%eb%ac%b8/JavaStream_%ed%82%a4%ed%8e%b8%ed%96%a5/.deps/jmh-core-1.37.jar)
WARNING: Please consider reporting this to the maintainers of class org.openjdk.jmh.util.Utils
WARNING: sun.misc.Unsafe::objectFieldOffset will be removed in a future release
# Warmup Iteration   1: Input: n=100000, keys=256, poolParallelism=3, availableProcessors=10
1.130 ms/op
# Warmup Iteration   2: 1.087 ms/op
# Warmup Iteration   3: 1.085 ms/op
# Warmup Iteration   4: 1.077 ms/op
# Warmup Iteration   5: 1.081 ms/op
Iteration   1: 1.079 ms/op
                 gc.alloc.rate:      1443.471 MB/sec
                 gc.alloc.rate.norm: 1633822.188 B/op
                 gc.count:           4.000 counts
                 gc.time:            2.000 ms

Iteration   2: 1.081 ms/op
                 gc.alloc.rate:      1440.645 MB/sec
                 gc.alloc.rate.norm: 1633770.053 B/op
                 gc.count:           5.000 counts
                 gc.time:            2.000 ms

Iteration   3: 1.074 ms/op
                 gc.alloc.rate:      1449.991 MB/sec
                 gc.alloc.rate.norm: 1633739.120 B/op
                 gc.count:           5.000 counts
                 gc.time:            2.000 ms

Iteration   4: 1.076 ms/op
                 gc.alloc.rate:      1448.148 MB/sec
                 gc.alloc.rate.norm: 1633737.691 B/op
                 gc.count:           5.000 counts
                 gc.time:            2.000 ms

Iteration   5: 1.082 ms/op
                 gc.alloc.rate:      1439.944 MB/sec
                 gc.alloc.rate.norm: 1633746.784 B/op
                 gc.count:           5.000 counts
                 gc.time:            2.000 ms



Result "research.skew.ControlBenchmark.syncLong":
  1.074 ±(99.9%) 0.006 ms/op [Average]
  (min, avg, max) = (1.065, 1.074, 1.082), stdev = 0.006
  CI (99.9%): [1.068, 1.080] (assumes normal distribution)

Secondary result "research.skew.ControlBenchmark.syncLong:gc.alloc.rate":
  1449.956 ±(99.9%) 7.941 MB/sec [Average]
  (min, avg, max) = (1439.944, 1449.956, 1463.389), stdev = 7.428
  CI (99.9%): [1442.015, 1457.898] (assumes normal distribution)

Secondary result "research.skew.ControlBenchmark.syncLong:gc.alloc.rate.norm":
  1633632.966 ±(99.9%) 124.674 B/op [Average]
  (min, avg, max) = (1633475.001, 1633632.966, 1633822.188), stdev = 116.621
  CI (99.9%): [1633508.291, 1633757.640] (assumes normal distribution)

Secondary result "research.skew.ControlBenchmark.syncLong:gc.count":
  72.000 ±(99.9%) 0.001 counts [Sum]
  (min, avg, max) = (4.000, 4.800, 5.000), stdev = 0.414
  CI (99.9%): [72.000, 72.000] (assumes normal distribution)

Secondary result "research.skew.ControlBenchmark.syncLong:gc.time":
  30.000 ±(99.9%) 0.001 ms [Sum]
  (min, avg, max) = (1.000, 2.000, 3.000), stdev = 0.378
  CI (99.9%): [30.000, 30.000] (assumes normal distribution)


# JMH version: 1.37
# VM version: JDK 25.0.4.1, OpenJDK 64-Bit Server VM, 25.0.4.1+1-LTS
# VM invoker: /Users/jaehyeon/Library/Java/JavaVirtualMachines/temurin-25.0.4.1/Contents/Home/bin/java
# VM options: -Xms512m -Xmx512m -Djava.util.concurrent.ForkJoinPool.common.parallelism=3
# Blackhole mode: compiler (auto-detected, use -Djmh.blackhole.autoDetect=false to disable)
# Warmup: 5 iterations, 1 s each
# Measurement: 5 iterations, 1 s each
# Timeout: 10 min per iteration
# Threads: 1 thread, will synchronize iterations
# Benchmark mode: Average time, time/op
# Benchmark: research.skew.ControlBenchmark.syncLong
# Parameters: (cardinality = 256, distribution = hot50, seed = 20260929, size = 100000)

# Run progress: 83.33% complete, ETA 00:01:01
# Fork: 1 of 3
WARNING: A terminally deprecated method in sun.misc.Unsafe has been called
WARNING: sun.misc.Unsafe::objectFieldOffset has been called by org.openjdk.jmh.util.Utils (file:/Users/jaehyeon/Documents/Obsidian%20Vault/2026/04.%ed%98%b8%ec%84%9c%eb%8c%80%ed%95%99%ea%b5%90/11.%ec%b0%a8%ec%84%b8%eb%8c%80%ec%bb%b4%ed%93%a8%ed%8c%85%ed%95%99%ed%9a%8c%eb%85%bc%eb%ac%b8/JavaStream_%ed%82%a4%ed%8e%b8%ed%96%a5/.deps/jmh-core-1.37.jar)
WARNING: Please consider reporting this to the maintainers of class org.openjdk.jmh.util.Utils
WARNING: sun.misc.Unsafe::objectFieldOffset will be removed in a future release
# Warmup Iteration   1: Input: n=100000, keys=256, poolParallelism=3, availableProcessors=10
4.524 ms/op
# Warmup Iteration   2: 4.395 ms/op
# Warmup Iteration   3: 4.370 ms/op
# Warmup Iteration   4: 4.423 ms/op
# Warmup Iteration   5: 4.438 ms/op
Iteration   1: 4.448 ms/op
                 gc.alloc.rate:      350.252 MB/sec
                 gc.alloc.rate.norm: 1633631.895 B/op
                 gc.count:           1.000 counts
                 gc.time:            1.000 ms

Iteration   2: 4.483 ms/op
                 gc.alloc.rate:      347.475 MB/sec
                 gc.alloc.rate.norm: 1633553.097 B/op
                 gc.count:           1.000 counts
                 gc.time:            1.000 ms

Iteration   3: 4.386 ms/op
                 gc.alloc.rate:      355.194 MB/sec
                 gc.alloc.rate.norm: 1633618.087 B/op
                 gc.count:           1.000 counts
                 gc.time:            1.000 ms

Iteration   4: 4.404 ms/op
                 gc.alloc.rate:      353.761 MB/sec
                 gc.alloc.rate.norm: 1633670.922 B/op
                 gc.count:           1.000 counts
                 gc.time:            1.000 ms

Iteration   5: 4.419 ms/op
                 gc.alloc.rate:      352.555 MB/sec
                 gc.alloc.rate.norm: 1633724.122 B/op
                 gc.count:           2.000 counts
                 gc.time:            2.000 ms


# Run progress: 86.11% complete, ETA 00:00:51
# Fork: 2 of 3
WARNING: A terminally deprecated method in sun.misc.Unsafe has been called
WARNING: sun.misc.Unsafe::objectFieldOffset has been called by org.openjdk.jmh.util.Utils (file:/Users/jaehyeon/Documents/Obsidian%20Vault/2026/04.%ed%98%b8%ec%84%9c%eb%8c%80%ed%95%99%ea%b5%90/11.%ec%b0%a8%ec%84%b8%eb%8c%80%ec%bb%b4%ed%93%a8%ed%8c%85%ed%95%99%ed%9a%8c%eb%85%bc%eb%ac%b8/JavaStream_%ed%82%a4%ed%8e%b8%ed%96%a5/.deps/jmh-core-1.37.jar)
WARNING: Please consider reporting this to the maintainers of class org.openjdk.jmh.util.Utils
WARNING: sun.misc.Unsafe::objectFieldOffset will be removed in a future release
# Warmup Iteration   1: Input: n=100000, keys=256, poolParallelism=3, availableProcessors=10
4.566 ms/op
# Warmup Iteration   2: 4.425 ms/op
# Warmup Iteration   3: 4.375 ms/op
# Warmup Iteration   4: 4.408 ms/op
# Warmup Iteration   5: 4.407 ms/op
Iteration   1: 4.405 ms/op
                 gc.alloc.rate:      353.612 MB/sec
                 gc.alloc.rate.norm: 1633636.730 B/op
                 gc.count:           1.000 counts
                 gc.time:            1.000 ms

Iteration   2: 4.453 ms/op
                 gc.alloc.rate:      349.860 MB/sec
                 gc.alloc.rate.norm: 1633622.062 B/op
                 gc.count:           1.000 counts
                 gc.time:            1.000 ms

Iteration   3: 4.417 ms/op
                 gc.alloc.rate:      352.660 MB/sec
                 gc.alloc.rate.norm: 1633623.162 B/op
                 gc.count:           1.000 counts
                 gc.time:            1.000 ms

Iteration   4: 4.411 ms/op
                 gc.alloc.rate:      353.138 MB/sec
                 gc.alloc.rate.norm: 1633663.301 B/op
                 gc.count:           1.000 counts
                 gc.time:            1.000 ms

Iteration   5: 4.484 ms/op
                 gc.alloc.rate:      347.383 MB/sec
                 gc.alloc.rate.norm: 1633550.973 B/op
                 gc.count:           2.000 counts
                 gc.time:            2.000 ms


# Run progress: 88.89% complete, ETA 00:00:40
# Fork: 3 of 3
WARNING: A terminally deprecated method in sun.misc.Unsafe has been called
WARNING: sun.misc.Unsafe::objectFieldOffset has been called by org.openjdk.jmh.util.Utils (file:/Users/jaehyeon/Documents/Obsidian%20Vault/2026/04.%ed%98%b8%ec%84%9c%eb%8c%80%ed%95%99%ea%b5%90/11.%ec%b0%a8%ec%84%b8%eb%8c%80%ec%bb%b4%ed%93%a8%ed%8c%85%ed%95%99%ed%9a%8c%eb%85%bc%eb%ac%b8/JavaStream_%ed%82%a4%ed%8e%b8%ed%96%a5/.deps/jmh-core-1.37.jar)
WARNING: Please consider reporting this to the maintainers of class org.openjdk.jmh.util.Utils
WARNING: sun.misc.Unsafe::objectFieldOffset will be removed in a future release
# Warmup Iteration   1: Input: n=100000, keys=256, poolParallelism=3, availableProcessors=10
4.514 ms/op
# Warmup Iteration   2: 4.381 ms/op
# Warmup Iteration   3: 4.341 ms/op
# Warmup Iteration   4: 4.376 ms/op
# Warmup Iteration   5: 4.409 ms/op
Iteration   1: 4.390 ms/op
                 gc.alloc.rate:      354.848 MB/sec
                 gc.alloc.rate.norm: 1633724.606 B/op
                 gc.count:           1.000 counts
                 gc.time:            1.000 ms

Iteration   2: 4.434 ms/op
                 gc.alloc.rate:      351.336 MB/sec
                 gc.alloc.rate.norm: 1633793.965 B/op
                 gc.count:           1.000 counts
                 gc.time:            1.000 ms

Iteration   3: 4.365 ms/op
                 gc.alloc.rate:      356.903 MB/sec
                 gc.alloc.rate.norm: 1633553.966 B/op
                 gc.count:           1.000 counts
                 gc.time:            1.000 ms

Iteration   4: 4.412 ms/op
                 gc.alloc.rate:      353.091 MB/sec
                 gc.alloc.rate.norm: 1633721.445 B/op
                 gc.count:           2.000 counts
                 gc.time:            2.000 ms

Iteration   5: 4.495 ms/op
                 gc.alloc.rate:      346.588 MB/sec
                 gc.alloc.rate.norm: 1633634.916 B/op
                 gc.count:           1.000 counts
                 gc.time:            1.000 ms



Result "research.skew.ControlBenchmark.syncLong":
  4.427 ±(99.9%) 0.041 ms/op [Average]
  (min, avg, max) = (4.365, 4.427, 4.495), stdev = 0.038
  CI (99.9%): [4.386, 4.468] (assumes normal distribution)

Secondary result "research.skew.ControlBenchmark.syncLong:gc.alloc.rate":
  351.910 ±(99.9%) 3.262 MB/sec [Average]
  (min, avg, max) = (346.588, 351.910, 356.903), stdev = 3.051
  CI (99.9%): [348.649, 355.172] (assumes normal distribution)

Secondary result "research.skew.ControlBenchmark.syncLong:gc.alloc.rate.norm":
  1633648.217 ±(99.9%) 75.121 B/op [Average]
  (min, avg, max) = (1633550.973, 1633648.217, 1633793.965), stdev = 70.268
  CI (99.9%): [1633573.095, 1633723.338] (assumes normal distribution)

Secondary result "research.skew.ControlBenchmark.syncLong:gc.count":
  18.000 ±(99.9%) 0.001 counts [Sum]
  (min, avg, max) = (1.000, 1.200, 2.000), stdev = 0.414
  CI (99.9%): [18.000, 18.000] (assumes normal distribution)

Secondary result "research.skew.ControlBenchmark.syncLong:gc.time":
  18.000 ±(99.9%) 0.001 ms [Sum]
  (min, avg, max) = (1.000, 1.200, 2.000), stdev = 0.414
  CI (99.9%): [18.000, 18.000] (assumes normal distribution)


# JMH version: 1.37
# VM version: JDK 25.0.4.1, OpenJDK 64-Bit Server VM, 25.0.4.1+1-LTS
# VM invoker: /Users/jaehyeon/Library/Java/JavaVirtualMachines/temurin-25.0.4.1/Contents/Home/bin/java
# VM options: -Xms512m -Xmx512m -Djava.util.concurrent.ForkJoinPool.common.parallelism=3
# Blackhole mode: compiler (auto-detected, use -Djmh.blackhole.autoDetect=false to disable)
# Warmup: 5 iterations, 1 s each
# Measurement: 5 iterations, 1 s each
# Timeout: 10 min per iteration
# Threads: 1 thread, will synchronize iterations
# Benchmark mode: Average time, time/op
# Benchmark: research.skew.ControlBenchmark.syncLong
# Parameters: (cardinality = 256, distribution = hot90, seed = 20260929, size = 100000)

# Run progress: 91.67% complete, ETA 00:00:30
# Fork: 1 of 3
WARNING: A terminally deprecated method in sun.misc.Unsafe has been called
WARNING: sun.misc.Unsafe::objectFieldOffset has been called by org.openjdk.jmh.util.Utils (file:/Users/jaehyeon/Documents/Obsidian%20Vault/2026/04.%ed%98%b8%ec%84%9c%eb%8c%80%ed%95%99%ea%b5%90/11.%ec%b0%a8%ec%84%b8%eb%8c%80%ec%bb%b4%ed%93%a8%ed%8c%85%ed%95%99%ed%9a%8c%eb%85%bc%eb%ac%b8/JavaStream_%ed%82%a4%ed%8e%b8%ed%96%a5/.deps/jmh-core-1.37.jar)
WARNING: Please consider reporting this to the maintainers of class org.openjdk.jmh.util.Utils
WARNING: sun.misc.Unsafe::objectFieldOffset will be removed in a future release
# Warmup Iteration   1: Input: n=100000, keys=256, poolParallelism=3, availableProcessors=10
7.663 ms/op
# Warmup Iteration   2: 7.382 ms/op
# Warmup Iteration   3: 8.125 ms/op
# Warmup Iteration   4: 7.885 ms/op
# Warmup Iteration   5: 8.232 ms/op
Iteration   1: 8.118 ms/op
                 gc.alloc.rate:      191.248 MB/sec
                 gc.alloc.rate.norm: 1628029.056 B/op
                 gc.count:           1.000 counts
                 gc.time:            1.000 ms

Iteration   2: 7.746 ms/op
                 gc.alloc.rate:      200.427 MB/sec
                 gc.alloc.rate.norm: 1628125.557 B/op
                 gc.count:           ≈ 0 counts

Iteration   3: 7.509 ms/op
                 gc.alloc.rate:      206.775 MB/sec
                 gc.alloc.rate.norm: 1628278.993 B/op
                 gc.count:           1.000 counts
                 gc.time:            1.000 ms

Iteration   4: 7.438 ms/op
                 gc.alloc.rate:      208.696 MB/sec
                 gc.alloc.rate.norm: 1627894.000 B/op
                 gc.count:           1.000 counts
                 gc.time:            1.000 ms

Iteration   5: 6.670 ms/op
                 gc.alloc.rate:      232.752 MB/sec
                 gc.alloc.rate.norm: 1628069.526 B/op
                 gc.count:           1.000 counts
                 gc.time:            1.000 ms


# Run progress: 94.44% complete, ETA 00:00:20
# Fork: 2 of 3
WARNING: A terminally deprecated method in sun.misc.Unsafe has been called
WARNING: sun.misc.Unsafe::objectFieldOffset has been called by org.openjdk.jmh.util.Utils (file:/Users/jaehyeon/Documents/Obsidian%20Vault/2026/04.%ed%98%b8%ec%84%9c%eb%8c%80%ed%95%99%ea%b5%90/11.%ec%b0%a8%ec%84%b8%eb%8c%80%ec%bb%b4%ed%93%a8%ed%8c%85%ed%95%99%ed%9a%8c%eb%85%bc%eb%ac%b8/JavaStream_%ed%82%a4%ed%8e%b8%ed%96%a5/.deps/jmh-core-1.37.jar)
WARNING: Please consider reporting this to the maintainers of class org.openjdk.jmh.util.Utils
WARNING: sun.misc.Unsafe::objectFieldOffset will be removed in a future release
# Warmup Iteration   1: Input: n=100000, keys=256, poolParallelism=3, availableProcessors=10
7.723 ms/op
# Warmup Iteration   2: 7.483 ms/op
# Warmup Iteration   3: 7.077 ms/op
# Warmup Iteration   4: 7.228 ms/op
# Warmup Iteration   5: 7.327 ms/op
Iteration   1: 7.116 ms/op
                 gc.alloc.rate:      218.161 MB/sec
                 gc.alloc.rate.norm: 1628011.268 B/op
                 gc.count:           1.000 counts
                 gc.time:            1.000 ms

Iteration   2: 6.712 ms/op
                 gc.alloc.rate:      231.288 MB/sec
                 gc.alloc.rate.norm: 1627843.444 B/op
                 gc.count:           1.000 counts
                 gc.time:            1.000 ms

Iteration   3: 7.774 ms/op
                 gc.alloc.rate:      199.730 MB/sec
                 gc.alloc.rate.norm: 1628232.308 B/op
                 gc.count:           1.000 counts
                 gc.time:            1.000 ms

Iteration   4: 6.961 ms/op
                 gc.alloc.rate:      222.989 MB/sec
                 gc.alloc.rate.norm: 1627783.062 B/op
                 gc.count:           ≈ 0 counts

Iteration   5: 6.741 ms/op
                 gc.alloc.rate:      230.292 MB/sec
                 gc.alloc.rate.norm: 1627949.173 B/op
                 gc.count:           1.000 counts
                 gc.time:            1.000 ms


# Run progress: 97.22% complete, ETA 00:00:10
# Fork: 3 of 3
WARNING: A terminally deprecated method in sun.misc.Unsafe has been called
WARNING: sun.misc.Unsafe::objectFieldOffset has been called by org.openjdk.jmh.util.Utils (file:/Users/jaehyeon/Documents/Obsidian%20Vault/2026/04.%ed%98%b8%ec%84%9c%eb%8c%80%ed%95%99%ea%b5%90/11.%ec%b0%a8%ec%84%b8%eb%8c%80%ec%bb%b4%ed%93%a8%ed%8c%85%ed%95%99%ed%9a%8c%eb%85%bc%eb%ac%b8/JavaStream_%ed%82%a4%ed%8e%b8%ed%96%a5/.deps/jmh-core-1.37.jar)
WARNING: Please consider reporting this to the maintainers of class org.openjdk.jmh.util.Utils
WARNING: sun.misc.Unsafe::objectFieldOffset will be removed in a future release
# Warmup Iteration   1: Input: n=100000, keys=256, poolParallelism=3, availableProcessors=10
7.932 ms/op
# Warmup Iteration   2: 8.094 ms/op
# Warmup Iteration   3: 7.727 ms/op
# Warmup Iteration   4: 8.052 ms/op
# Warmup Iteration   5: 7.964 ms/op
Iteration   1: 8.299 ms/op
                 gc.alloc.rate:      187.073 MB/sec
                 gc.alloc.rate.norm: 1628063.016 B/op
                 gc.count:           1.000 counts
                 gc.time:            1.000 ms

Iteration   2: 7.929 ms/op
                 gc.alloc.rate:      195.783 MB/sec
                 gc.alloc.rate.norm: 1627915.563 B/op
                 gc.count:           ≈ 0 counts

Iteration   3: 8.045 ms/op
                 gc.alloc.rate:      192.980 MB/sec
                 gc.alloc.rate.norm: 1628015.048 B/op
                 gc.count:           1.000 counts
                 gc.time:            1.000 ms

Iteration   4: 6.892 ms/op
                 gc.alloc.rate:      225.249 MB/sec
                 gc.alloc.rate.norm: 1627989.714 B/op
                 gc.count:           1.000 counts
                 gc.time:            1.000 ms

Iteration   5: 7.732 ms/op
                 gc.alloc.rate:      200.765 MB/sec
                 gc.alloc.rate.norm: 1627920.733 B/op
                 gc.count:           ≈ 0 counts



Result "research.skew.ControlBenchmark.syncLong":
  7.445 ±(99.9%) 0.595 ms/op [Average]
  (min, avg, max) = (6.670, 7.445, 8.299), stdev = 0.557
  CI (99.9%): [6.850, 8.041] (assumes normal distribution)

Secondary result "research.skew.ControlBenchmark.syncLong:gc.alloc.rate":
  209.614 ±(99.9%) 16.932 MB/sec [Average]
  (min, avg, max) = (187.073, 209.614, 232.752), stdev = 15.838
  CI (99.9%): [192.682, 226.546] (assumes normal distribution)

Secondary result "research.skew.ControlBenchmark.syncLong:gc.alloc.rate.norm":
  1628008.031 ±(99.9%) 144.426 B/op [Average]
  (min, avg, max) = (1627783.062, 1628008.031, 1628278.993), stdev = 135.096
  CI (99.9%): [1627863.605, 1628152.457] (assumes normal distribution)

Secondary result "research.skew.ControlBenchmark.syncLong:gc.count":
  11.000 ±(99.9%) 0.001 counts [Sum]
  (min, avg, max) = (≈ 0, 0.733, 1.000), stdev = 0.458
  CI (99.9%): [11.000, 11.000] (assumes normal distribution)

Secondary result "research.skew.ControlBenchmark.syncLong:gc.time":
  11.000 ±(99.9%) 0.001 ms [Sum]
  (min, avg, max) = (≈ 0, 0.733, 1.000), stdev = 0.458
  CI (99.9%): [11.000, 11.000] (assumes normal distribution)


# Run complete. Total time: 00:06:08

REMEMBER: The numbers below are just data. To gain reusable insights, you need to follow up on
why the numbers are the way they are. Use profilers (see -prof, -lprof), design factorial
experiments, perform baseline and negative tests that provide experimental control, make sure
the benchmarking environment is safe on JVM/OS/HW level, ask for reviews from the domain experts.
Do not assume the numbers tell you what you want them to tell.

NOTE: Current JVM experimentally supports Compiler Blackholes, and they are in use. Please exercise
extra caution when trusting the results, look into the generated code to check the benchmark still
works, and factor in a small probability of new VM bugs. Additionally, while comparisons between
different JVMs are already problematic, the performance difference caused by different Blackhole
modes can be very significant. Please make sure you use the consistent Blackhole mode for comparisons.

Benchmark                                      (cardinality)  (distribution)    (seed)  (size)  Mode  Cnt        Score      Error   Units
ControlBenchmark.casAdder                                256         uniform  20260929  100000  avgt   15        0.742 ±    0.012   ms/op
ControlBenchmark.casAdder:gc.alloc.rate                  256         uniform  20260929  100000  avgt   15     2290.778 ±   36.797  MB/sec
ControlBenchmark.casAdder:gc.alloc.rate.norm             256         uniform  20260929  100000  avgt   15  1782920.531 ±  330.207    B/op
ControlBenchmark.casAdder:gc.count                       256         uniform  20260929  100000  avgt   15      113.000             counts
ControlBenchmark.casAdder:gc.time                        256         uniform  20260929  100000  avgt   15       45.000                 ms
ControlBenchmark.casAdder                                256           hot50  20260929  100000  avgt   15        0.541 ±    0.017   ms/op
ControlBenchmark.casAdder:gc.alloc.rate                  256           hot50  20260929  100000  avgt   15     3092.446 ±   96.252  MB/sec
ControlBenchmark.casAdder:gc.alloc.rate.norm             256           hot50  20260929  100000  avgt   15  1752321.923 ± 1136.273    B/op
ControlBenchmark.casAdder:gc.count                       256           hot50  20260929  100000  avgt   15      153.000             counts
ControlBenchmark.casAdder:gc.time                        256           hot50  20260929  100000  avgt   15       60.000                 ms
ControlBenchmark.casAdder                                256           hot90  20260929  100000  avgt   15        0.335 ±    0.006   ms/op
ControlBenchmark.casAdder:gc.alloc.rate                  256           hot90  20260929  100000  avgt   15     4653.834 ±   85.481  MB/sec
ControlBenchmark.casAdder:gc.alloc.rate.norm             256           hot90  20260929  100000  avgt   15  1633571.169 ±   50.646    B/op
ControlBenchmark.casAdder:gc.count                       256           hot90  20260929  100000  avgt   15      231.000             counts
ControlBenchmark.casAdder:gc.time                        256           hot90  20260929  100000  avgt   15       90.000                 ms
ControlBenchmark.casAtomic                               256         uniform  20260929  100000  avgt   15        0.839 ±    0.004   ms/op
ControlBenchmark.casAtomic:gc.alloc.rate                 256         uniform  20260929  100000  avgt   15     1857.846 ±    8.278  MB/sec
ControlBenchmark.casAtomic:gc.alloc.rate.norm            256         uniform  20260929  100000  avgt   15  1634507.921 ±  344.468    B/op
ControlBenchmark.casAtomic:gc.count                      256         uniform  20260929  100000  avgt   15       93.000             counts
ControlBenchmark.casAtomic:gc.time                       256         uniform  20260929  100000  avgt   15       36.000                 ms
ControlBenchmark.casAtomic                               256           hot50  20260929  100000  avgt   15        1.580 ±    0.010   ms/op
ControlBenchmark.casAtomic:gc.alloc.rate                 256           hot50  20260929  100000  avgt   15      985.529 ±    6.081  MB/sec
ControlBenchmark.casAtomic:gc.alloc.rate.norm            256           hot50  20260929  100000  avgt   15  1633381.979 ±   55.764    B/op
ControlBenchmark.casAtomic:gc.count                      256           hot50  20260929  100000  avgt   15       49.000             counts
ControlBenchmark.casAtomic:gc.time                       256           hot50  20260929  100000  avgt   15       19.000                 ms
ControlBenchmark.casAtomic                               256           hot90  20260929  100000  avgt   15        2.284 ±    0.029   ms/op
ControlBenchmark.casAtomic:gc.alloc.rate                 256           hot90  20260929  100000  avgt   15      677.782 ±    8.818  MB/sec
ControlBenchmark.casAtomic:gc.alloc.rate.norm            256           hot90  20260929  100000  avgt   15  1622907.966 ±  125.432    B/op
ControlBenchmark.casAtomic:gc.count                      256           hot90  20260929  100000  avgt   15       33.000             counts
ControlBenchmark.casAtomic:gc.time                       256           hot90  20260929  100000  avgt   15       20.000                 ms
ControlBenchmark.syncAdder                               256         uniform  20260929  100000  avgt   15        1.151 ±    0.006   ms/op
ControlBenchmark.syncAdder:gc.alloc.rate                 256         uniform  20260929  100000  avgt   15     1355.151 ±    6.903  MB/sec
ControlBenchmark.syncAdder:gc.alloc.rate.norm            256         uniform  20260929  100000  avgt   15  1635470.306 ±   74.349    B/op
ControlBenchmark.syncAdder:gc.count                      256         uniform  20260929  100000  avgt   15       68.000             counts
ControlBenchmark.syncAdder:gc.time                       256         uniform  20260929  100000  avgt   15       29.000                 ms
ControlBenchmark.syncAdder                               256           hot50  20260929  100000  avgt   15        4.435 ±    0.009   ms/op
ControlBenchmark.syncAdder:gc.alloc.rate                 256           hot50  20260929  100000  avgt   15      351.695 ±    0.742  MB/sec
ControlBenchmark.syncAdder:gc.alloc.rate.norm            256           hot50  20260929  100000  avgt   15  1635693.335 ±   96.798    B/op
ControlBenchmark.syncAdder:gc.count                      256           hot50  20260929  100000  avgt   15       18.000             counts
ControlBenchmark.syncAdder:gc.time                       256           hot50  20260929  100000  avgt   15       18.000                 ms
ControlBenchmark.syncAdder                               256           hot90  20260929  100000  avgt   15        3.769 ±    0.148   ms/op
ControlBenchmark.syncAdder:gc.alloc.rate                 256           hot90  20260929  100000  avgt   15      412.920 ±   16.099  MB/sec
ControlBenchmark.syncAdder:gc.alloc.rate.norm            256           hot90  20260929  100000  avgt   15  1630101.122 ±  123.566    B/op
ControlBenchmark.syncAdder:gc.count                      256           hot90  20260929  100000  avgt   15       21.000             counts
ControlBenchmark.syncAdder:gc.time                       256           hot90  20260929  100000  avgt   15       19.000                 ms
ControlBenchmark.syncLong                                256         uniform  20260929  100000  avgt   15        1.074 ±    0.006   ms/op
ControlBenchmark.syncLong:gc.alloc.rate                  256         uniform  20260929  100000  avgt   15     1449.956 ±    7.941  MB/sec
ControlBenchmark.syncLong:gc.alloc.rate.norm             256         uniform  20260929  100000  avgt   15  1633632.966 ±  124.674    B/op
ControlBenchmark.syncLong:gc.count                       256         uniform  20260929  100000  avgt   15       72.000             counts
ControlBenchmark.syncLong:gc.time                        256         uniform  20260929  100000  avgt   15       30.000                 ms
ControlBenchmark.syncLong                                256           hot50  20260929  100000  avgt   15        4.427 ±    0.041   ms/op
ControlBenchmark.syncLong:gc.alloc.rate                  256           hot50  20260929  100000  avgt   15      351.910 ±    3.262  MB/sec
ControlBenchmark.syncLong:gc.alloc.rate.norm             256           hot50  20260929  100000  avgt   15  1633648.217 ±   75.121    B/op
ControlBenchmark.syncLong:gc.count                       256           hot50  20260929  100000  avgt   15       18.000             counts
ControlBenchmark.syncLong:gc.time                        256           hot50  20260929  100000  avgt   15       18.000                 ms
ControlBenchmark.syncLong                                256           hot90  20260929  100000  avgt   15        7.445 ±    0.595   ms/op
ControlBenchmark.syncLong:gc.alloc.rate                  256           hot90  20260929  100000  avgt   15      209.614 ±   16.932  MB/sec
ControlBenchmark.syncLong:gc.alloc.rate.norm             256           hot90  20260929  100000  avgt   15  1628008.031 ±  144.426    B/op
ControlBenchmark.syncLong:gc.count                       256           hot90  20260929  100000  avgt   15       11.000             counts
ControlBenchmark.syncLong:gc.time                        256           hot90  20260929  100000  avgt   15       11.000                 ms

Benchmark result is saved to results-e1/full-20260930T053229Z.yLp5O2/jmh.json
