WARNING: A terminally deprecated method in sun.misc.Unsafe has been called
WARNING: sun.misc.Unsafe::objectFieldOffset has been called by org.openjdk.jmh.util.Utils (file:/Users/jaehyeon/Documents/Obsidian%20Vault/2026/04.%ed%98%b8%ec%84%9c%eb%8c%80%ed%95%99%ea%b5%90/11.%ec%b0%a8%ec%84%b8%eb%8c%80%ec%bb%b4%ed%93%a8%ed%8c%85%ed%95%99%ed%9a%8c%eb%85%bc%eb%ac%b8/JavaStream_%ed%82%a4%ed%8e%b8%ed%96%a5/.deps/jmh-core-1.37.jar)
WARNING: Please consider reporting this to the maintainers of class org.openjdk.jmh.util.Utils
WARNING: sun.misc.Unsafe::objectFieldOffset will be removed in a future release
# JMH version: 1.37
# VM version: JDK 25.0.4.1, OpenJDK 64-Bit Server VM, 25.0.4.1+1-LTS
# VM invoker: /Users/jaehyeon/Library/Java/JavaVirtualMachines/temurin-25.0.4.1/Contents/Home/bin/java
# VM options: -Xms512m -Xmx512m -Djava.util.concurrent.ForkJoinPool.common.parallelism=3
# Blackhole mode: compiler (auto-detected, use -Djmh.blackhole.autoDetect=false to disable)
# Warmup: 5 iterations, 1 s each
# Measurement: 5 iterations, 1 s each
# Timeout: 10 min per iteration
# Threads: 1 thread, will synchronize iterations
# Benchmark mode: Average time, time/op
# Benchmark: research.skew.AggregationBenchmark.parallelConcurrent
# Parameters: (cardinality = 16384, distribution = uniform, seed = 20260929, size = 1000000)

# Run progress: 0.00% complete, ETA 00:18:00
# Fork: 1 of 3
WARNING: A terminally deprecated method in sun.misc.Unsafe has been called
WARNING: sun.misc.Unsafe::objectFieldOffset has been called by org.openjdk.jmh.util.Utils (file:/Users/jaehyeon/Documents/Obsidian%20Vault/2026/04.%ed%98%b8%ec%84%9c%eb%8c%80%ed%95%99%ea%b5%90/11.%ec%b0%a8%ec%84%b8%eb%8c%80%ec%bb%b4%ed%93%a8%ed%8c%85%ed%95%99%ed%9a%8c%eb%85%bc%eb%ac%b8/JavaStream_%ed%82%a4%ed%8e%b8%ed%96%a5/.deps/jmh-core-1.37.jar)
WARNING: Please consider reporting this to the maintainers of class org.openjdk.jmh.util.Utils
WARNING: sun.misc.Unsafe::objectFieldOffset will be removed in a future release
# Warmup Iteration   1: Input: n=1000000, keys=16384, observedHotFraction=0.000062, poolParallelism=3, availableProcessors=10
11.671 ms/op
# Warmup Iteration   2: 11.372 ms/op
# Warmup Iteration   3: 11.343 ms/op
# Warmup Iteration   4: 11.280 ms/op
# Warmup Iteration   5: 11.259 ms/op
Iteration   1: 11.280 ms/op
                 gc.alloc.rate:      1458.612 MB/sec
                 gc.alloc.rate.norm: 17254485.422 B/op
                 gc.count:           5.000 counts
                 gc.time:            2.000 ms

Iteration   2: 11.226 ms/op
                 gc.alloc.rate:      1465.548 MB/sec
                 gc.alloc.rate.norm: 17254443.378 B/op
                 gc.count:           5.000 counts
                 gc.time:            3.000 ms

Iteration   3: 11.366 ms/op
                 gc.alloc.rate:      1447.553 MB/sec
                 gc.alloc.rate.norm: 17254417.438 B/op
                 gc.count:           5.000 counts
                 gc.time:            3.000 ms

Iteration   4: 11.304 ms/op
                 gc.alloc.rate:      1455.513 MB/sec
                 gc.alloc.rate.norm: 17254449.156 B/op
                 gc.count:           5.000 counts
                 gc.time:            2.000 ms

Iteration   5: 11.281 ms/op
                 gc.alloc.rate:      1458.440 MB/sec
                 gc.alloc.rate.norm: 17254260.356 B/op
                 gc.count:           5.000 counts
                 gc.time:            3.000 ms


# Run progress: 0.93% complete, ETA 00:18:30
# Fork: 2 of 3
WARNING: A terminally deprecated method in sun.misc.Unsafe has been called
WARNING: sun.misc.Unsafe::objectFieldOffset has been called by org.openjdk.jmh.util.Utils (file:/Users/jaehyeon/Documents/Obsidian%20Vault/2026/04.%ed%98%b8%ec%84%9c%eb%8c%80%ed%95%99%ea%b5%90/11.%ec%b0%a8%ec%84%b8%eb%8c%80%ec%bb%b4%ed%93%a8%ed%8c%85%ed%95%99%ed%9a%8c%eb%85%bc%eb%ac%b8/JavaStream_%ed%82%a4%ed%8e%b8%ed%96%a5/.deps/jmh-core-1.37.jar)
WARNING: Please consider reporting this to the maintainers of class org.openjdk.jmh.util.Utils
WARNING: sun.misc.Unsafe::objectFieldOffset will be removed in a future release
# Warmup Iteration   1: Input: n=1000000, keys=16384, observedHotFraction=0.000062, poolParallelism=3, availableProcessors=10
11.674 ms/op
# Warmup Iteration   2: 11.463 ms/op
# Warmup Iteration   3: 11.486 ms/op
# Warmup Iteration   4: 11.399 ms/op
# Warmup Iteration   5: 11.612 ms/op
Iteration   1: 11.350 ms/op
                 gc.alloc.rate:      1449.619 MB/sec
                 gc.alloc.rate.norm: 17254492.584 B/op
                 gc.count:           5.000 counts
                 gc.time:            3.000 ms

Iteration   2: 11.422 ms/op
                 gc.alloc.rate:      1440.469 MB/sec
                 gc.alloc.rate.norm: 17254504.719 B/op
                 gc.count:           5.000 counts
                 gc.time:            3.000 ms

Iteration   3: 11.433 ms/op
                 gc.alloc.rate:      1439.033 MB/sec
                 gc.alloc.rate.norm: 17254574.472 B/op
                 gc.count:           5.000 counts
                 gc.time:            3.000 ms

Iteration   4: 11.449 ms/op
                 gc.alloc.rate:      1437.025 MB/sec
                 gc.alloc.rate.norm: 17254518.112 B/op
                 gc.count:           4.000 counts
                 gc.time:            2.000 ms

Iteration   5: 11.408 ms/op
                 gc.alloc.rate:      1442.132 MB/sec
                 gc.alloc.rate.norm: 17254435.596 B/op
                 gc.count:           5.000 counts
                 gc.time:            3.000 ms


# Run progress: 1.85% complete, ETA 00:18:21
# Fork: 3 of 3
WARNING: A terminally deprecated method in sun.misc.Unsafe has been called
WARNING: sun.misc.Unsafe::objectFieldOffset has been called by org.openjdk.jmh.util.Utils (file:/Users/jaehyeon/Documents/Obsidian%20Vault/2026/04.%ed%98%b8%ec%84%9c%eb%8c%80%ed%95%99%ea%b5%90/11.%ec%b0%a8%ec%84%b8%eb%8c%80%ec%bb%b4%ed%93%a8%ed%8c%85%ed%95%99%ed%9a%8c%eb%85%bc%eb%ac%b8/JavaStream_%ed%82%a4%ed%8e%b8%ed%96%a5/.deps/jmh-core-1.37.jar)
WARNING: Please consider reporting this to the maintainers of class org.openjdk.jmh.util.Utils
WARNING: sun.misc.Unsafe::objectFieldOffset will be removed in a future release
# Warmup Iteration   1: Input: n=1000000, keys=16384, observedHotFraction=0.000062, poolParallelism=3, availableProcessors=10
11.806 ms/op
# Warmup Iteration   2: 11.368 ms/op
# Warmup Iteration   3: 11.358 ms/op
# Warmup Iteration   4: 11.389 ms/op
# Warmup Iteration   5: 11.317 ms/op
Iteration   1: 11.247 ms/op
                 gc.alloc.rate:      1462.878 MB/sec
                 gc.alloc.rate.norm: 17254552.089 B/op
                 gc.count:           5.000 counts
                 gc.time:            3.000 ms

Iteration   2: 11.322 ms/op
                 gc.alloc.rate:      1453.246 MB/sec
                 gc.alloc.rate.norm: 17254496.178 B/op
                 gc.count:           5.000 counts
                 gc.time:            3.000 ms

Iteration   3: 11.251 ms/op
                 gc.alloc.rate:      1462.334 MB/sec
                 gc.alloc.rate.norm: 17254431.111 B/op
                 gc.count:           5.000 counts
                 gc.time:            3.000 ms

Iteration   4: 11.369 ms/op
                 gc.alloc.rate:      1447.239 MB/sec
                 gc.alloc.rate.norm: 17254339.865 B/op
                 gc.count:           5.000 counts
                 gc.time:            3.000 ms

Iteration   5: 11.239 ms/op
                 gc.alloc.rate:      1463.876 MB/sec
                 gc.alloc.rate.norm: 17254267.911 B/op
                 gc.count:           5.000 counts
                 gc.time:            3.000 ms



Result "research.skew.AggregationBenchmark.parallelConcurrent":
  11.330 ±(99.9%) 0.081 ms/op [Average]
  (min, avg, max) = (11.226, 11.330, 11.449), stdev = 0.076
  CI (99.9%): [11.249, 11.411] (assumes normal distribution)

Secondary result "research.skew.AggregationBenchmark.parallelConcurrent:gc.alloc.rate":
  1452.235 ±(99.9%) 10.376 MB/sec [Average]
  (min, avg, max) = (1437.025, 1452.235, 1465.548), stdev = 9.706
  CI (99.9%): [1441.858, 1462.611] (assumes normal distribution)

Secondary result "research.skew.AggregationBenchmark.parallelConcurrent:gc.alloc.rate.norm":
  17254444.559 ±(99.9%) 99.480 B/op [Average]
  (min, avg, max) = (17254260.356, 17254444.559, 17254574.472), stdev = 93.054
  CI (99.9%): [17254345.079, 17254544.039] (assumes normal distribution)

Secondary result "research.skew.AggregationBenchmark.parallelConcurrent:gc.count":
  74.000 ±(99.9%) 0.001 counts [Sum]
  (min, avg, max) = (4.000, 4.933, 5.000), stdev = 0.258
  CI (99.9%): [74.000, 74.000] (assumes normal distribution)

Secondary result "research.skew.AggregationBenchmark.parallelConcurrent:gc.time":
  42.000 ±(99.9%) 0.001 ms [Sum]
  (min, avg, max) = (2.000, 2.800, 3.000), stdev = 0.414
  CI (99.9%): [42.000, 42.000] (assumes normal distribution)


# JMH version: 1.37
# VM version: JDK 25.0.4.1, OpenJDK 64-Bit Server VM, 25.0.4.1+1-LTS
# VM invoker: /Users/jaehyeon/Library/Java/JavaVirtualMachines/temurin-25.0.4.1/Contents/Home/bin/java
# VM options: -Xms512m -Xmx512m -Djava.util.concurrent.ForkJoinPool.common.parallelism=3
# Blackhole mode: compiler (auto-detected, use -Djmh.blackhole.autoDetect=false to disable)
# Warmup: 5 iterations, 1 s each
# Measurement: 5 iterations, 1 s each
# Timeout: 10 min per iteration
# Threads: 1 thread, will synchronize iterations
# Benchmark mode: Average time, time/op
# Benchmark: research.skew.AggregationBenchmark.parallelConcurrent
# Parameters: (cardinality = 16384, distribution = hot50, seed = 20260929, size = 1000000)

# Run progress: 2.78% complete, ETA 00:18:11
# Fork: 1 of 3
WARNING: A terminally deprecated method in sun.misc.Unsafe has been called
WARNING: sun.misc.Unsafe::objectFieldOffset has been called by org.openjdk.jmh.util.Utils (file:/Users/jaehyeon/Documents/Obsidian%20Vault/2026/04.%ed%98%b8%ec%84%9c%eb%8c%80%ed%95%99%ea%b5%90/11.%ec%b0%a8%ec%84%b8%eb%8c%80%ec%bb%b4%ed%93%a8%ed%8c%85%ed%95%99%ed%9a%8c%eb%85%bc%eb%ac%b8/JavaStream_%ed%82%a4%ed%8e%b8%ed%96%a5/.deps/jmh-core-1.37.jar)
WARNING: Please consider reporting this to the maintainers of class org.openjdk.jmh.util.Utils
WARNING: sun.misc.Unsafe::objectFieldOffset will be removed in a future release
# Warmup Iteration   1: Input: n=1000000, keys=16384, observedHotFraction=0.500000, poolParallelism=3, availableProcessors=10
45.192 ms/op
# Warmup Iteration   2: 45.009 ms/op
# Warmup Iteration   3: 44.106 ms/op
# Warmup Iteration   4: 42.976 ms/op
# Warmup Iteration   5: 43.013 ms/op
Iteration   1: 44.975 ms/op
                 gc.alloc.rate:      365.831 MB/sec
                 gc.alloc.rate.norm: 17254430.261 B/op
                 gc.count:           2.000 counts
                 gc.time:            5.000 ms

Iteration   2: 44.606 ms/op
                 gc.alloc.rate:      368.862 MB/sec
                 gc.alloc.rate.norm: 17254375.652 B/op
                 gc.count:           1.000 counts
                 gc.time:            3.000 ms

Iteration   3: 44.025 ms/op
                 gc.alloc.rate:      373.725 MB/sec
                 gc.alloc.rate.norm: 17254391.652 B/op
                 gc.count:           1.000 counts
                 gc.time:            2.000 ms

Iteration   4: 42.934 ms/op
                 gc.alloc.rate:      383.224 MB/sec
                 gc.alloc.rate.norm: 17254177.333 B/op
                 gc.count:           2.000 counts
                 gc.time:            5.000 ms

Iteration   5: 42.462 ms/op
                 gc.alloc.rate:      387.475 MB/sec
                 gc.alloc.rate.norm: 17254245.000 B/op
                 gc.count:           1.000 counts
                 gc.time:            3.000 ms


# Run progress: 3.70% complete, ETA 00:18:04
# Fork: 2 of 3
WARNING: A terminally deprecated method in sun.misc.Unsafe has been called
WARNING: sun.misc.Unsafe::objectFieldOffset has been called by org.openjdk.jmh.util.Utils (file:/Users/jaehyeon/Documents/Obsidian%20Vault/2026/04.%ed%98%b8%ec%84%9c%eb%8c%80%ed%95%99%ea%b5%90/11.%ec%b0%a8%ec%84%b8%eb%8c%80%ec%bb%b4%ed%93%a8%ed%8c%85%ed%95%99%ed%9a%8c%eb%85%bc%eb%ac%b8/JavaStream_%ed%82%a4%ed%8e%b8%ed%96%a5/.deps/jmh-core-1.37.jar)
WARNING: Please consider reporting this to the maintainers of class org.openjdk.jmh.util.Utils
WARNING: sun.misc.Unsafe::objectFieldOffset will be removed in a future release
# Warmup Iteration   1: Input: n=1000000, keys=16384, observedHotFraction=0.500000, poolParallelism=3, availableProcessors=10
44.621 ms/op
# Warmup Iteration   2: 44.209 ms/op
# Warmup Iteration   3: 43.028 ms/op
# Warmup Iteration   4: 44.488 ms/op
# Warmup Iteration   5: 42.826 ms/op
Iteration   1: 43.344 ms/op
                 gc.alloc.rate:      379.596 MB/sec
                 gc.alloc.rate.norm: 17254280.000 B/op
                 gc.count:           2.000 counts
                 gc.time:            5.000 ms

Iteration   2: 44.287 ms/op
                 gc.alloc.rate:      371.509 MB/sec
                 gc.alloc.rate.norm: 17254342.957 B/op
                 gc.count:           1.000 counts
                 gc.time:            2.000 ms

Iteration   3: 43.166 ms/op
                 gc.alloc.rate:      381.169 MB/sec
                 gc.alloc.rate.norm: 17254308.000 B/op
                 gc.count:           1.000 counts
                 gc.time:            3.000 ms

Iteration   4: 41.055 ms/op
                 gc.alloc.rate:      400.767 MB/sec
                 gc.alloc.rate.norm: 17254326.080 B/op
                 gc.count:           2.000 counts
                 gc.time:            5.000 ms

Iteration   5: 42.988 ms/op
                 gc.alloc.rate:      382.734 MB/sec
                 gc.alloc.rate.norm: 17254292.333 B/op
                 gc.count:           1.000 counts
                 gc.time:            3.000 ms


# Run progress: 4.63% complete, ETA 00:17:56
# Fork: 3 of 3
WARNING: A terminally deprecated method in sun.misc.Unsafe has been called
WARNING: sun.misc.Unsafe::objectFieldOffset has been called by org.openjdk.jmh.util.Utils (file:/Users/jaehyeon/Documents/Obsidian%20Vault/2026/04.%ed%98%b8%ec%84%9c%eb%8c%80%ed%95%99%ea%b5%90/11.%ec%b0%a8%ec%84%b8%eb%8c%80%ec%bb%b4%ed%93%a8%ed%8c%85%ed%95%99%ed%9a%8c%eb%85%bc%eb%ac%b8/JavaStream_%ed%82%a4%ed%8e%b8%ed%96%a5/.deps/jmh-core-1.37.jar)
WARNING: Please consider reporting this to the maintainers of class org.openjdk.jmh.util.Utils
WARNING: sun.misc.Unsafe::objectFieldOffset will be removed in a future release
# Warmup Iteration   1: Input: n=1000000, keys=16384, observedHotFraction=0.500000, poolParallelism=3, availableProcessors=10
45.226 ms/op
# Warmup Iteration   2: 44.202 ms/op
# Warmup Iteration   3: 44.480 ms/op
# Warmup Iteration   4: 43.653 ms/op
# Warmup Iteration   5: 44.922 ms/op
Iteration   1: 45.404 ms/op
                 gc.alloc.rate:      362.380 MB/sec
                 gc.alloc.rate.norm: 17254120.348 B/op
                 gc.count:           2.000 counts
                 gc.time:            6.000 ms

Iteration   2: 43.761 ms/op
                 gc.alloc.rate:      375.985 MB/sec
                 gc.alloc.rate.norm: 17254247.000 B/op
                 gc.count:           1.000 counts
                 gc.time:            2.000 ms

Iteration   3: 46.849 ms/op
                 gc.alloc.rate:      351.210 MB/sec
                 gc.alloc.rate.norm: 17254481.091 B/op
                 gc.count:           1.000 counts
                 gc.time:            3.000 ms

Iteration   4: 42.213 ms/op
                 gc.alloc.rate:      389.770 MB/sec
                 gc.alloc.rate.norm: 17254295.000 B/op
                 gc.count:           2.000 counts
                 gc.time:            5.000 ms

Iteration   5: 42.270 ms/op
                 gc.alloc.rate:      389.240 MB/sec
                 gc.alloc.rate.norm: 17254242.000 B/op
                 gc.count:           1.000 counts
                 gc.time:            3.000 ms



Result "research.skew.AggregationBenchmark.parallelConcurrent":
  43.623 ±(99.9%) 1.563 ms/op [Average]
  (min, avg, max) = (41.055, 43.623, 46.849), stdev = 1.462
  CI (99.9%): [42.060, 45.185] (assumes normal distribution)

Secondary result "research.skew.AggregationBenchmark.parallelConcurrent:gc.alloc.rate":
  377.565 ±(99.9%) 13.372 MB/sec [Average]
  (min, avg, max) = (351.210, 377.565, 400.767), stdev = 12.508
  CI (99.9%): [364.194, 390.937] (assumes normal distribution)

Secondary result "research.skew.AggregationBenchmark.parallelConcurrent:gc.alloc.rate.norm":
  17254303.647 ±(99.9%) 100.319 B/op [Average]
  (min, avg, max) = (17254120.348, 17254303.647, 17254481.091), stdev = 93.838
  CI (99.9%): [17254203.328, 17254403.966] (assumes normal distribution)

Secondary result "research.skew.AggregationBenchmark.parallelConcurrent:gc.count":
  21.000 ±(99.9%) 0.001 counts [Sum]
  (min, avg, max) = (1.000, 1.400, 2.000), stdev = 0.507
  CI (99.9%): [21.000, 21.000] (assumes normal distribution)

Secondary result "research.skew.AggregationBenchmark.parallelConcurrent:gc.time":
  55.000 ±(99.9%) 0.001 ms [Sum]
  (min, avg, max) = (2.000, 3.667, 6.000), stdev = 1.345
  CI (99.9%): [55.000, 55.000] (assumes normal distribution)


# JMH version: 1.37
# VM version: JDK 25.0.4.1, OpenJDK 64-Bit Server VM, 25.0.4.1+1-LTS
# VM invoker: /Users/jaehyeon/Library/Java/JavaVirtualMachines/temurin-25.0.4.1/Contents/Home/bin/java
# VM options: -Xms512m -Xmx512m -Djava.util.concurrent.ForkJoinPool.common.parallelism=3
# Blackhole mode: compiler (auto-detected, use -Djmh.blackhole.autoDetect=false to disable)
# Warmup: 5 iterations, 1 s each
# Measurement: 5 iterations, 1 s each
# Timeout: 10 min per iteration
# Threads: 1 thread, will synchronize iterations
# Benchmark mode: Average time, time/op
# Benchmark: research.skew.AggregationBenchmark.parallelConcurrent
# Parameters: (cardinality = 16384, distribution = hot90, seed = 20260929, size = 1000000)

# Run progress: 5.56% complete, ETA 00:17:48
# Fork: 1 of 3
WARNING: A terminally deprecated method in sun.misc.Unsafe has been called
WARNING: sun.misc.Unsafe::objectFieldOffset has been called by org.openjdk.jmh.util.Utils (file:/Users/jaehyeon/Documents/Obsidian%20Vault/2026/04.%ed%98%b8%ec%84%9c%eb%8c%80%ed%95%99%ea%b5%90/11.%ec%b0%a8%ec%84%b8%eb%8c%80%ec%bb%b4%ed%93%a8%ed%8c%85%ed%95%99%ed%9a%8c%eb%85%bc%eb%ac%b8/JavaStream_%ed%82%a4%ed%8e%b8%ed%96%a5/.deps/jmh-core-1.37.jar)
WARNING: Please consider reporting this to the maintainers of class org.openjdk.jmh.util.Utils
WARNING: sun.misc.Unsafe::objectFieldOffset will be removed in a future release
# Warmup Iteration   1: Input: n=1000000, keys=16384, observedHotFraction=0.900000, poolParallelism=3, availableProcessors=10
80.114 ms/op
# Warmup Iteration   2: 101.570 ms/op
# Warmup Iteration   3: 95.725 ms/op
# Warmup Iteration   4: 87.719 ms/op
# Warmup Iteration   5: 92.300 ms/op
Iteration   1: 84.548 ms/op
                 gc.alloc.rate:      194.604 MB/sec
                 gc.alloc.rate.norm: 17254237.333 B/op
                 gc.count:           1.000 counts
                 gc.time:            2.000 ms

Iteration   2: 103.981 ms/op
                 gc.alloc.rate:      158.235 MB/sec
                 gc.alloc.rate.norm: 17254335.200 B/op
                 gc.count:           ≈ 0 counts

Iteration   3: 94.993 ms/op
                 gc.alloc.rate:      173.209 MB/sec
                 gc.alloc.rate.norm: 17254294.545 B/op
                 gc.count:           1.000 counts
                 gc.time:            3.000 ms

Iteration   4: 114.413 ms/op
                 gc.alloc.rate:      143.811 MB/sec
                 gc.alloc.rate.norm: 17254456.800 B/op
                 gc.count:           1.000 counts
                 gc.time:            2.000 ms

Iteration   5: 98.134 ms/op
                 gc.alloc.rate:      167.656 MB/sec
                 gc.alloc.rate.norm: 17254375.273 B/op
                 gc.count:           ≈ 0 counts


# Run progress: 6.48% complete, ETA 00:17:44
# Fork: 2 of 3
WARNING: A terminally deprecated method in sun.misc.Unsafe has been called
WARNING: sun.misc.Unsafe::objectFieldOffset has been called by org.openjdk.jmh.util.Utils (file:/Users/jaehyeon/Documents/Obsidian%20Vault/2026/04.%ed%98%b8%ec%84%9c%eb%8c%80%ed%95%99%ea%b5%90/11.%ec%b0%a8%ec%84%b8%eb%8c%80%ec%bb%b4%ed%93%a8%ed%8c%85%ed%95%99%ed%9a%8c%eb%85%bc%eb%ac%b8/JavaStream_%ed%82%a4%ed%8e%b8%ed%96%a5/.deps/jmh-core-1.37.jar)
WARNING: Please consider reporting this to the maintainers of class org.openjdk.jmh.util.Utils
WARNING: sun.misc.Unsafe::objectFieldOffset will be removed in a future release
# Warmup Iteration   1: Input: n=1000000, keys=16384, observedHotFraction=0.900000, poolParallelism=3, availableProcessors=10
81.294 ms/op
# Warmup Iteration   2: 95.547 ms/op
# Warmup Iteration   3: 91.465 ms/op
# Warmup Iteration   4: 86.826 ms/op
# Warmup Iteration   5: 96.496 ms/op
Iteration   1: 71.715 ms/op
                 gc.alloc.rate:      229.427 MB/sec
                 gc.alloc.rate.norm: 17254168.533 B/op
                 gc.count:           1.000 counts
                 gc.time:            2.000 ms

Iteration   2: 87.847 ms/op
                 gc.alloc.rate:      187.296 MB/sec
                 gc.alloc.rate.norm: 17254185.333 B/op
                 gc.count:           1.000 counts
                 gc.time:            2.000 ms

Iteration   3: 105.987 ms/op
                 gc.alloc.rate:      155.241 MB/sec
                 gc.alloc.rate.norm: 17254420.000 B/op
                 gc.count:           ≈ 0 counts

Iteration   4: 94.830 ms/op
                 gc.alloc.rate:      173.505 MB/sec
                 gc.alloc.rate.norm: 17254060.364 B/op
                 gc.count:           1.000 counts
                 gc.time:            3.000 ms

Iteration   5: 93.794 ms/op
                 gc.alloc.rate:      175.422 MB/sec
                 gc.alloc.rate.norm: 17254496.727 B/op
                 gc.count:           1.000 counts
                 gc.time:            2.000 ms


# Run progress: 7.41% complete, ETA 00:17:38
# Fork: 3 of 3
WARNING: A terminally deprecated method in sun.misc.Unsafe has been called
WARNING: sun.misc.Unsafe::objectFieldOffset has been called by org.openjdk.jmh.util.Utils (file:/Users/jaehyeon/Documents/Obsidian%20Vault/2026/04.%ed%98%b8%ec%84%9c%eb%8c%80%ed%95%99%ea%b5%90/11.%ec%b0%a8%ec%84%b8%eb%8c%80%ec%bb%b4%ed%93%a8%ed%8c%85%ed%95%99%ed%9a%8c%eb%85%bc%eb%ac%b8/JavaStream_%ed%82%a4%ed%8e%b8%ed%96%a5/.deps/jmh-core-1.37.jar)
WARNING: Please consider reporting this to the maintainers of class org.openjdk.jmh.util.Utils
WARNING: sun.misc.Unsafe::objectFieldOffset will be removed in a future release
# Warmup Iteration   1: Input: n=1000000, keys=16384, observedHotFraction=0.900000, poolParallelism=3, availableProcessors=10
87.218 ms/op
# Warmup Iteration   2: 87.596 ms/op
# Warmup Iteration   3: 92.044 ms/op
# Warmup Iteration   4: 83.141 ms/op
# Warmup Iteration   5: 96.987 ms/op
Iteration   1: 107.391 ms/op
                 gc.alloc.rate:      153.211 MB/sec
                 gc.alloc.rate.norm: 17254409.600 B/op
                 gc.count:           1.000 counts
                 gc.time:            2.000 ms

Iteration   2: 105.000 ms/op
                 gc.alloc.rate:      156.702 MB/sec
                 gc.alloc.rate.norm: 17254474.400 B/op
                 gc.count:           ≈ 0 counts

Iteration   3: 93.949 ms/op
                 gc.alloc.rate:      175.134 MB/sec
                 gc.alloc.rate.norm: 17254447.273 B/op
                 gc.count:           1.000 counts
                 gc.time:            3.000 ms

Iteration   4: 93.004 ms/op
                 gc.alloc.rate:      176.912 MB/sec
                 gc.alloc.rate.norm: 17254394.182 B/op
                 gc.count:           1.000 counts
                 gc.time:            2.000 ms

Iteration   5: 108.445 ms/op
                 gc.alloc.rate:      151.716 MB/sec
                 gc.alloc.rate.norm: 17254215.200 B/op
                 gc.count:           ≈ 0 counts



Result "research.skew.AggregationBenchmark.parallelConcurrent":
  97.202 ±(99.9%) 11.637 ms/op [Average]
  (min, avg, max) = (71.715, 97.202, 114.413), stdev = 10.885
  CI (99.9%): [85.565, 108.839] (assumes normal distribution)

Secondary result "research.skew.AggregationBenchmark.parallelConcurrent:gc.alloc.rate":
  171.472 ±(99.9%) 22.804 MB/sec [Average]
  (min, avg, max) = (143.811, 171.472, 229.427), stdev = 21.331
  CI (99.9%): [148.668, 194.276] (assumes normal distribution)

Secondary result "research.skew.AggregationBenchmark.parallelConcurrent:gc.alloc.rate.norm":
  17254331.384 ±(99.9%) 140.500 B/op [Average]
  (min, avg, max) = (17254060.364, 17254331.384, 17254496.727), stdev = 131.424
  CI (99.9%): [17254190.884, 17254471.884] (assumes normal distribution)

Secondary result "research.skew.AggregationBenchmark.parallelConcurrent:gc.count":
  10.000 ±(99.9%) 0.001 counts [Sum]
  (min, avg, max) = (≈ 0, 0.667, 1.000), stdev = 0.488
  CI (99.9%): [10.000, 10.000] (assumes normal distribution)

Secondary result "research.skew.AggregationBenchmark.parallelConcurrent:gc.time":
  23.000 ±(99.9%) 0.001 ms [Sum]
  (min, avg, max) = (≈ 0, 1.533, 3.000), stdev = 1.187
  CI (99.9%): [23.000, 23.000] (assumes normal distribution)


# JMH version: 1.37
# VM version: JDK 25.0.4.1, OpenJDK 64-Bit Server VM, 25.0.4.1+1-LTS
# VM invoker: /Users/jaehyeon/Library/Java/JavaVirtualMachines/temurin-25.0.4.1/Contents/Home/bin/java
# VM options: -Xms512m -Xmx512m -Djava.util.concurrent.ForkJoinPool.common.parallelism=3
# Blackhole mode: compiler (auto-detected, use -Djmh.blackhole.autoDetect=false to disable)
# Warmup: 5 iterations, 1 s each
# Measurement: 5 iterations, 1 s each
# Timeout: 10 min per iteration
# Threads: 1 thread, will synchronize iterations
# Benchmark mode: Average time, time/op
# Benchmark: research.skew.AggregationBenchmark.parallelConcurrent
# Parameters: (cardinality = 32768, distribution = uniform, seed = 20260929, size = 1000000)

# Run progress: 8.33% complete, ETA 00:17:33
# Fork: 1 of 3
WARNING: A terminally deprecated method in sun.misc.Unsafe has been called
WARNING: sun.misc.Unsafe::objectFieldOffset has been called by org.openjdk.jmh.util.Utils (file:/Users/jaehyeon/Documents/Obsidian%20Vault/2026/04.%ed%98%b8%ec%84%9c%eb%8c%80%ed%95%99%ea%b5%90/11.%ec%b0%a8%ec%84%b8%eb%8c%80%ec%bb%b4%ed%93%a8%ed%8c%85%ed%95%99%ed%9a%8c%eb%85%bc%eb%ac%b8/JavaStream_%ed%82%a4%ed%8e%b8%ed%96%a5/.deps/jmh-core-1.37.jar)
WARNING: Please consider reporting this to the maintainers of class org.openjdk.jmh.util.Utils
WARNING: sun.misc.Unsafe::objectFieldOffset will be removed in a future release
# Warmup Iteration   1: Input: n=1000000, keys=32768, observedHotFraction=0.000031, poolParallelism=3, availableProcessors=10
10.028 ms/op
# Warmup Iteration   2: 9.730 ms/op
# Warmup Iteration   3: 9.675 ms/op
# Warmup Iteration   4: 9.807 ms/op
# Warmup Iteration   5: 9.543 ms/op
Iteration   1: 9.552 ms/op
                 gc.alloc.rate:      1847.530 MB/sec
                 gc.alloc.rate.norm: 18506846.792 B/op
                 gc.count:           6.000 counts
                 gc.time:            3.000 ms

Iteration   2: 9.540 ms/op
                 gc.alloc.rate:      1849.854 MB/sec
                 gc.alloc.rate.norm: 18506919.849 B/op
                 gc.count:           6.000 counts
                 gc.time:            4.000 ms

Iteration   3: 9.652 ms/op
                 gc.alloc.rate:      1828.357 MB/sec
                 gc.alloc.rate.norm: 18506862.248 B/op
                 gc.count:           6.000 counts
                 gc.time:            3.000 ms

Iteration   4: 9.635 ms/op
                 gc.alloc.rate:      1831.694 MB/sec
                 gc.alloc.rate.norm: 18506711.467 B/op
                 gc.count:           6.000 counts
                 gc.time:            3.000 ms

Iteration   5: 9.746 ms/op
                 gc.alloc.rate:      1810.785 MB/sec
                 gc.alloc.rate.norm: 18506709.846 B/op
                 gc.count:           7.000 counts
                 gc.time:            4.000 ms


# Run progress: 9.26% complete, ETA 00:17:20
# Fork: 2 of 3
WARNING: A terminally deprecated method in sun.misc.Unsafe has been called
WARNING: sun.misc.Unsafe::objectFieldOffset has been called by org.openjdk.jmh.util.Utils (file:/Users/jaehyeon/Documents/Obsidian%20Vault/2026/04.%ed%98%b8%ec%84%9c%eb%8c%80%ed%95%99%ea%b5%90/11.%ec%b0%a8%ec%84%b8%eb%8c%80%ec%bb%b4%ed%93%a8%ed%8c%85%ed%95%99%ed%9a%8c%eb%85%bc%eb%ac%b8/JavaStream_%ed%82%a4%ed%8e%b8%ed%96%a5/.deps/jmh-core-1.37.jar)
WARNING: Please consider reporting this to the maintainers of class org.openjdk.jmh.util.Utils
WARNING: sun.misc.Unsafe::objectFieldOffset will be removed in a future release
# Warmup Iteration   1: Input: n=1000000, keys=32768, observedHotFraction=0.000031, poolParallelism=3, availableProcessors=10
10.164 ms/op
# Warmup Iteration   2: 9.855 ms/op
# Warmup Iteration   3: 9.853 ms/op
# Warmup Iteration   4: 9.784 ms/op
# Warmup Iteration   5: 9.834 ms/op
Iteration   1: 9.812 ms/op
                 gc.alloc.rate:      1798.624 MB/sec
                 gc.alloc.rate.norm: 18506775.612 B/op
                 gc.count:           6.000 counts
                 gc.time:            3.000 ms

Iteration   2: 9.839 ms/op
                 gc.alloc.rate:      1793.624 MB/sec
                 gc.alloc.rate.norm: 18506726.835 B/op
                 gc.count:           6.000 counts
                 gc.time:            4.000 ms

Iteration   3: 9.838 ms/op
                 gc.alloc.rate:      1793.931 MB/sec
                 gc.alloc.rate.norm: 18506844.272 B/op
                 gc.count:           6.000 counts
                 gc.time:            3.000 ms

Iteration   4: 9.894 ms/op
                 gc.alloc.rate:      1783.757 MB/sec
                 gc.alloc.rate.norm: 18507011.340 B/op
                 gc.count:           6.000 counts
                 gc.time:            3.000 ms

Iteration   5: 9.876 ms/op
                 gc.alloc.rate:      1786.967 MB/sec
                 gc.alloc.rate.norm: 18506879.845 B/op
                 gc.count:           6.000 counts
                 gc.time:            4.000 ms


# Run progress: 10.19% complete, ETA 00:17:08
# Fork: 3 of 3
WARNING: A terminally deprecated method in sun.misc.Unsafe has been called
WARNING: sun.misc.Unsafe::objectFieldOffset has been called by org.openjdk.jmh.util.Utils (file:/Users/jaehyeon/Documents/Obsidian%20Vault/2026/04.%ed%98%b8%ec%84%9c%eb%8c%80%ed%95%99%ea%b5%90/11.%ec%b0%a8%ec%84%b8%eb%8c%80%ec%bb%b4%ed%93%a8%ed%8c%85%ed%95%99%ed%9a%8c%eb%85%bc%eb%ac%b8/JavaStream_%ed%82%a4%ed%8e%b8%ed%96%a5/.deps/jmh-core-1.37.jar)
WARNING: Please consider reporting this to the maintainers of class org.openjdk.jmh.util.Utils
WARNING: sun.misc.Unsafe::objectFieldOffset will be removed in a future release
# Warmup Iteration   1: Input: n=1000000, keys=32768, observedHotFraction=0.000031, poolParallelism=3, availableProcessors=10
10.085 ms/op
# Warmup Iteration   2: 10.465 ms/op
# Warmup Iteration   3: 9.919 ms/op
# Warmup Iteration   4: 9.892 ms/op
# Warmup Iteration   5: 9.921 ms/op
Iteration   1: 9.862 ms/op
                 gc.alloc.rate:      1789.440 MB/sec
                 gc.alloc.rate.norm: 18506763.883 B/op
                 gc.count:           6.000 counts
                 gc.time:            4.000 ms

Iteration   2: 9.849 ms/op
                 gc.alloc.rate:      1791.703 MB/sec
                 gc.alloc.rate.norm: 18506617.398 B/op
                 gc.count:           6.000 counts
                 gc.time:            3.000 ms

Iteration   3: 9.859 ms/op
                 gc.alloc.rate:      1790.099 MB/sec
                 gc.alloc.rate.norm: 18506821.670 B/op
                 gc.count:           6.000 counts
                 gc.time:            4.000 ms

Iteration   4: 9.929 ms/op
                 gc.alloc.rate:      1777.357 MB/sec
                 gc.alloc.rate.norm: 18506913.098 B/op
                 gc.count:           6.000 counts
                 gc.time:            3.000 ms

Iteration   5: 9.856 ms/op
                 gc.alloc.rate:      1790.555 MB/sec
                 gc.alloc.rate.norm: 18506933.437 B/op
                 gc.count:           6.000 counts
                 gc.time:            3.000 ms



Result "research.skew.AggregationBenchmark.parallelConcurrent":
  9.783 ±(99.9%) 0.135 ms/op [Average]
  (min, avg, max) = (9.540, 9.783, 9.929), stdev = 0.126
  CI (99.9%): [9.647, 9.918] (assumes normal distribution)

Secondary result "research.skew.AggregationBenchmark.parallelConcurrent:gc.alloc.rate":
  1804.285 ±(99.9%) 25.213 MB/sec [Average]
  (min, avg, max) = (1777.357, 1804.285, 1849.854), stdev = 23.585
  CI (99.9%): [1779.072, 1829.499] (assumes normal distribution)

Secondary result "research.skew.AggregationBenchmark.parallelConcurrent:gc.alloc.rate.norm":
  18506822.506 ±(99.9%) 111.926 B/op [Average]
  (min, avg, max) = (18506617.398, 18506822.506, 18507011.340), stdev = 104.696
  CI (99.9%): [18506710.580, 18506934.433] (assumes normal distribution)

Secondary result "research.skew.AggregationBenchmark.parallelConcurrent:gc.count":
  91.000 ±(99.9%) 0.001 counts [Sum]
  (min, avg, max) = (6.000, 6.067, 7.000), stdev = 0.258
  CI (99.9%): [91.000, 91.000] (assumes normal distribution)

Secondary result "research.skew.AggregationBenchmark.parallelConcurrent:gc.time":
  51.000 ±(99.9%) 0.001 ms [Sum]
  (min, avg, max) = (3.000, 3.400, 4.000), stdev = 0.507
  CI (99.9%): [51.000, 51.000] (assumes normal distribution)


# JMH version: 1.37
# VM version: JDK 25.0.4.1, OpenJDK 64-Bit Server VM, 25.0.4.1+1-LTS
# VM invoker: /Users/jaehyeon/Library/Java/JavaVirtualMachines/temurin-25.0.4.1/Contents/Home/bin/java
# VM options: -Xms512m -Xmx512m -Djava.util.concurrent.ForkJoinPool.common.parallelism=3
# Blackhole mode: compiler (auto-detected, use -Djmh.blackhole.autoDetect=false to disable)
# Warmup: 5 iterations, 1 s each
# Measurement: 5 iterations, 1 s each
# Timeout: 10 min per iteration
# Threads: 1 thread, will synchronize iterations
# Benchmark mode: Average time, time/op
# Benchmark: research.skew.AggregationBenchmark.parallelConcurrent
# Parameters: (cardinality = 32768, distribution = hot50, seed = 20260929, size = 1000000)

# Run progress: 11.11% complete, ETA 00:16:56
# Fork: 1 of 3
WARNING: A terminally deprecated method in sun.misc.Unsafe has been called
WARNING: sun.misc.Unsafe::objectFieldOffset has been called by org.openjdk.jmh.util.Utils (file:/Users/jaehyeon/Documents/Obsidian%20Vault/2026/04.%ed%98%b8%ec%84%9c%eb%8c%80%ed%95%99%ea%b5%90/11.%ec%b0%a8%ec%84%b8%eb%8c%80%ec%bb%b4%ed%93%a8%ed%8c%85%ed%95%99%ed%9a%8c%eb%85%bc%eb%ac%b8/JavaStream_%ed%82%a4%ed%8e%b8%ed%96%a5/.deps/jmh-core-1.37.jar)
WARNING: Please consider reporting this to the maintainers of class org.openjdk.jmh.util.Utils
WARNING: sun.misc.Unsafe::objectFieldOffset will be removed in a future release
# Warmup Iteration   1: Input: n=1000000, keys=32768, observedHotFraction=0.500000, poolParallelism=3, availableProcessors=10
43.142 ms/op
# Warmup Iteration   2: 44.124 ms/op
# Warmup Iteration   3: 43.367 ms/op
# Warmup Iteration   4: 44.646 ms/op
# Warmup Iteration   5: 42.516 ms/op
Iteration   1: 42.545 ms/op
                 gc.alloc.rate:      414.758 MB/sec
                 gc.alloc.rate.norm: 18505124.333 B/op
                 gc.count:           2.000 counts
                 gc.time:            6.000 ms

Iteration   2: 42.946 ms/op
                 gc.alloc.rate:      410.897 MB/sec
                 gc.alloc.rate.norm: 18505459.667 B/op
                 gc.count:           1.000 counts
                 gc.time:            2.000 ms

Iteration   3: 43.041 ms/op
                 gc.alloc.rate:      409.983 MB/sec
                 gc.alloc.rate.norm: 18505117.000 B/op
                 gc.count:           1.000 counts
                 gc.time:            3.000 ms

Iteration   4: 43.514 ms/op
                 gc.alloc.rate:      405.539 MB/sec
                 gc.alloc.rate.norm: 18505430.667 B/op
                 gc.count:           2.000 counts
                 gc.time:            6.000 ms

Iteration   5: 43.327 ms/op
                 gc.alloc.rate:      407.272 MB/sec
                 gc.alloc.rate.norm: 18505001.000 B/op
                 gc.count:           1.000 counts
                 gc.time:            2.000 ms


# Run progress: 12.04% complete, ETA 00:16:45
# Fork: 2 of 3
WARNING: A terminally deprecated method in sun.misc.Unsafe has been called
WARNING: sun.misc.Unsafe::objectFieldOffset has been called by org.openjdk.jmh.util.Utils (file:/Users/jaehyeon/Documents/Obsidian%20Vault/2026/04.%ed%98%b8%ec%84%9c%eb%8c%80%ed%95%99%ea%b5%90/11.%ec%b0%a8%ec%84%b8%eb%8c%80%ec%bb%b4%ed%93%a8%ed%8c%85%ed%95%99%ed%9a%8c%eb%85%bc%eb%ac%b8/JavaStream_%ed%82%a4%ed%8e%b8%ed%96%a5/.deps/jmh-core-1.37.jar)
WARNING: Please consider reporting this to the maintainers of class org.openjdk.jmh.util.Utils
WARNING: sun.misc.Unsafe::objectFieldOffset will be removed in a future release
# Warmup Iteration   1: Input: n=1000000, keys=32768, observedHotFraction=0.500000, poolParallelism=3, availableProcessors=10
43.679 ms/op
# Warmup Iteration   2: 43.694 ms/op
# Warmup Iteration   3: 43.718 ms/op
# Warmup Iteration   4: 42.750 ms/op
# Warmup Iteration   5: 43.351 ms/op
Iteration   1: 45.471 ms/op
                 gc.alloc.rate:      388.072 MB/sec
                 gc.alloc.rate.norm: 18505051.130 B/op
                 gc.count:           2.000 counts
                 gc.time:            5.000 ms

Iteration   2: 43.820 ms/op
                 gc.alloc.rate:      402.698 MB/sec
                 gc.alloc.rate.norm: 18505074.333 B/op
                 gc.count:           1.000 counts
                 gc.time:            3.000 ms

Iteration   3: 43.138 ms/op
                 gc.alloc.rate:      409.068 MB/sec
                 gc.alloc.rate.norm: 18505112.000 B/op
                 gc.count:           1.000 counts
                 gc.time:            3.000 ms

Iteration   4: 43.073 ms/op
                 gc.alloc.rate:      409.683 MB/sec
                 gc.alloc.rate.norm: 18505043.667 B/op
                 gc.count:           2.000 counts
                 gc.time:            5.000 ms

Iteration   5: 44.998 ms/op
                 gc.alloc.rate:      392.154 MB/sec
                 gc.alloc.rate.norm: 18505273.043 B/op
                 gc.count:           1.000 counts
                 gc.time:            3.000 ms


# Run progress: 12.96% complete, ETA 00:16:35
# Fork: 3 of 3
WARNING: A terminally deprecated method in sun.misc.Unsafe has been called
WARNING: sun.misc.Unsafe::objectFieldOffset has been called by org.openjdk.jmh.util.Utils (file:/Users/jaehyeon/Documents/Obsidian%20Vault/2026/04.%ed%98%b8%ec%84%9c%eb%8c%80%ed%95%99%ea%b5%90/11.%ec%b0%a8%ec%84%b8%eb%8c%80%ec%bb%b4%ed%93%a8%ed%8c%85%ed%95%99%ed%9a%8c%eb%85%bc%eb%ac%b8/JavaStream_%ed%82%a4%ed%8e%b8%ed%96%a5/.deps/jmh-core-1.37.jar)
WARNING: Please consider reporting this to the maintainers of class org.openjdk.jmh.util.Utils
WARNING: sun.misc.Unsafe::objectFieldOffset will be removed in a future release
# Warmup Iteration   1: Input: n=1000000, keys=32768, observedHotFraction=0.500000, poolParallelism=3, availableProcessors=10
43.349 ms/op
# Warmup Iteration   2: 43.376 ms/op
# Warmup Iteration   3: 44.517 ms/op
# Warmup Iteration   4: 42.216 ms/op
# Warmup Iteration   5: 44.741 ms/op
Iteration   1: 43.620 ms/op
                 gc.alloc.rate:      404.551 MB/sec
                 gc.alloc.rate.norm: 18505287.000 B/op
                 gc.count:           2.000 counts
                 gc.time:            6.000 ms

Iteration   2: 43.206 ms/op
                 gc.alloc.rate:      408.424 MB/sec
                 gc.alloc.rate.norm: 18505209.000 B/op
                 gc.count:           1.000 counts
                 gc.time:            3.000 ms

Iteration   3: 42.692 ms/op
                 gc.alloc.rate:      413.346 MB/sec
                 gc.alloc.rate.norm: 18505203.000 B/op
                 gc.count:           2.000 counts
                 gc.time:            7.000 ms

Iteration   4: 43.703 ms/op
                 gc.alloc.rate:      403.779 MB/sec
                 gc.alloc.rate.norm: 18505162.000 B/op
                 gc.count:           1.000 counts
                 gc.time:            3.000 ms

Iteration   5: 43.301 ms/op
                 gc.alloc.rate:      407.529 MB/sec
                 gc.alloc.rate.norm: 18505486.000 B/op
                 gc.count:           1.000 counts
                 gc.time:            3.000 ms



Result "research.skew.AggregationBenchmark.parallelConcurrent":
  43.493 ±(99.9%) 0.850 ms/op [Average]
  (min, avg, max) = (42.545, 43.493, 45.471), stdev = 0.795
  CI (99.9%): [42.643, 44.342] (assumes normal distribution)

Secondary result "research.skew.AggregationBenchmark.parallelConcurrent:gc.alloc.rate":
  405.850 ±(99.9%) 7.742 MB/sec [Average]
  (min, avg, max) = (388.072, 405.850, 414.758), stdev = 7.242
  CI (99.9%): [398.108, 413.593] (assumes normal distribution)

Secondary result "research.skew.AggregationBenchmark.parallelConcurrent:gc.alloc.rate.norm":
  18505202.256 ±(99.9%) 166.392 B/op [Average]
  (min, avg, max) = (18505001.000, 18505202.256, 18505486.000), stdev = 155.643
  CI (99.9%): [18505035.864, 18505368.648] (assumes normal distribution)

Secondary result "research.skew.AggregationBenchmark.parallelConcurrent:gc.count":
  21.000 ±(99.9%) 0.001 counts [Sum]
  (min, avg, max) = (1.000, 1.400, 2.000), stdev = 0.507
  CI (99.9%): [21.000, 21.000] (assumes normal distribution)

Secondary result "research.skew.AggregationBenchmark.parallelConcurrent:gc.time":
  60.000 ±(99.9%) 0.001 ms [Sum]
  (min, avg, max) = (2.000, 4.000, 7.000), stdev = 1.648
  CI (99.9%): [60.000, 60.000] (assumes normal distribution)


# JMH version: 1.37
# VM version: JDK 25.0.4.1, OpenJDK 64-Bit Server VM, 25.0.4.1+1-LTS
# VM invoker: /Users/jaehyeon/Library/Java/JavaVirtualMachines/temurin-25.0.4.1/Contents/Home/bin/java
# VM options: -Xms512m -Xmx512m -Djava.util.concurrent.ForkJoinPool.common.parallelism=3
# Blackhole mode: compiler (auto-detected, use -Djmh.blackhole.autoDetect=false to disable)
# Warmup: 5 iterations, 1 s each
# Measurement: 5 iterations, 1 s each
# Timeout: 10 min per iteration
# Threads: 1 thread, will synchronize iterations
# Benchmark mode: Average time, time/op
# Benchmark: research.skew.AggregationBenchmark.parallelConcurrent
# Parameters: (cardinality = 32768, distribution = hot90, seed = 20260929, size = 1000000)

# Run progress: 13.89% complete, ETA 00:16:24
# Fork: 1 of 3
WARNING: A terminally deprecated method in sun.misc.Unsafe has been called
WARNING: sun.misc.Unsafe::objectFieldOffset has been called by org.openjdk.jmh.util.Utils (file:/Users/jaehyeon/Documents/Obsidian%20Vault/2026/04.%ed%98%b8%ec%84%9c%eb%8c%80%ed%95%99%ea%b5%90/11.%ec%b0%a8%ec%84%b8%eb%8c%80%ec%bb%b4%ed%93%a8%ed%8c%85%ed%95%99%ed%9a%8c%eb%85%bc%eb%ac%b8/JavaStream_%ed%82%a4%ed%8e%b8%ed%96%a5/.deps/jmh-core-1.37.jar)
WARNING: Please consider reporting this to the maintainers of class org.openjdk.jmh.util.Utils
WARNING: sun.misc.Unsafe::objectFieldOffset will be removed in a future release
# Warmup Iteration   1: Input: n=1000000, keys=32768, observedHotFraction=0.900000, poolParallelism=3, availableProcessors=10
79.807 ms/op
# Warmup Iteration   2: 80.725 ms/op
# Warmup Iteration   3: 87.591 ms/op
# Warmup Iteration   4: 56.505 ms/op
# Warmup Iteration   5: 61.166 ms/op
Iteration   1: 72.214 ms/op
                 gc.alloc.rate:      244.353 MB/sec
                 gc.alloc.rate.norm: 18504853.500 B/op
                 gc.count:           1.000 counts
                 gc.time:            3.000 ms

Iteration   2: 91.346 ms/op
                 gc.alloc.rate:      193.176 MB/sec
                 gc.alloc.rate.norm: 18504963.333 B/op
                 gc.count:           1.000 counts
                 gc.time:            2.000 ms

Iteration   3: 78.944 ms/op
                 gc.alloc.rate:      223.528 MB/sec
                 gc.alloc.rate.norm: 18505056.615 B/op
                 gc.count:           1.000 counts
                 gc.time:            3.000 ms

Iteration   4: 68.774 ms/op
                 gc.alloc.rate:      256.580 MB/sec
                 gc.alloc.rate.norm: 18504697.000 B/op
                 gc.count:           1.000 counts
                 gc.time:            2.000 ms

Iteration   5: 58.994 ms/op
                 gc.alloc.rate:      299.113 MB/sec
                 gc.alloc.rate.norm: 18504824.000 B/op
                 gc.count:           1.000 counts
                 gc.time:            3.000 ms


# Run progress: 14.81% complete, ETA 00:16:17
# Fork: 2 of 3
WARNING: A terminally deprecated method in sun.misc.Unsafe has been called
WARNING: sun.misc.Unsafe::objectFieldOffset has been called by org.openjdk.jmh.util.Utils (file:/Users/jaehyeon/Documents/Obsidian%20Vault/2026/04.%ed%98%b8%ec%84%9c%eb%8c%80%ed%95%99%ea%b5%90/11.%ec%b0%a8%ec%84%b8%eb%8c%80%ec%bb%b4%ed%93%a8%ed%8c%85%ed%95%99%ed%9a%8c%eb%85%bc%eb%ac%b8/JavaStream_%ed%82%a4%ed%8e%b8%ed%96%a5/.deps/jmh-core-1.37.jar)
WARNING: Please consider reporting this to the maintainers of class org.openjdk.jmh.util.Utils
WARNING: sun.misc.Unsafe::objectFieldOffset will be removed in a future release
# Warmup Iteration   1: Input: n=1000000, keys=32768, observedHotFraction=0.900000, poolParallelism=3, availableProcessors=10
89.827 ms/op
# Warmup Iteration   2: 95.667 ms/op
# Warmup Iteration   3: 111.933 ms/op
# Warmup Iteration   4: 81.116 ms/op
# Warmup Iteration   5: 105.141 ms/op
Iteration   1: 93.986 ms/op
                 gc.alloc.rate:      187.748 MB/sec
                 gc.alloc.rate.norm: 18504957.818 B/op
                 gc.count:           1.000 counts
                 gc.time:            3.000 ms

Iteration   2: 96.181 ms/op
                 gc.alloc.rate:      183.471 MB/sec
                 gc.alloc.rate.norm: 18505076.364 B/op
                 gc.count:           1.000 counts
                 gc.time:            3.000 ms

Iteration   3: 115.503 ms/op
                 gc.alloc.rate:      152.775 MB/sec
                 gc.alloc.rate.norm: 18505128.000 B/op
                 gc.count:           ≈ 0 counts

Iteration   4: 100.586 ms/op
                 gc.alloc.rate:      175.434 MB/sec
                 gc.alloc.rate.norm: 18505023.273 B/op
                 gc.count:           1.000 counts
                 gc.time:            2.000 ms

Iteration   5: 98.583 ms/op
                 gc.alloc.rate:      178.994 MB/sec
                 gc.alloc.rate.norm: 18504946.909 B/op
                 gc.count:           ≈ 0 counts


# Run progress: 15.74% complete, ETA 00:16:08
# Fork: 3 of 3
WARNING: A terminally deprecated method in sun.misc.Unsafe has been called
WARNING: sun.misc.Unsafe::objectFieldOffset has been called by org.openjdk.jmh.util.Utils (file:/Users/jaehyeon/Documents/Obsidian%20Vault/2026/04.%ed%98%b8%ec%84%9c%eb%8c%80%ed%95%99%ea%b5%90/11.%ec%b0%a8%ec%84%b8%eb%8c%80%ec%bb%b4%ed%93%a8%ed%8c%85%ed%95%99%ed%9a%8c%eb%85%bc%eb%ac%b8/JavaStream_%ed%82%a4%ed%8e%b8%ed%96%a5/.deps/jmh-core-1.37.jar)
WARNING: Please consider reporting this to the maintainers of class org.openjdk.jmh.util.Utils
WARNING: sun.misc.Unsafe::objectFieldOffset will be removed in a future release
# Warmup Iteration   1: Input: n=1000000, keys=32768, observedHotFraction=0.900000, poolParallelism=3, availableProcessors=10
76.735 ms/op
# Warmup Iteration   2: 81.863 ms/op
# Warmup Iteration   3: 92.882 ms/op
# Warmup Iteration   4: 95.010 ms/op
# Warmup Iteration   5: 102.088 ms/op
Iteration   1: 92.811 ms/op
                 gc.alloc.rate:      190.127 MB/sec
                 gc.alloc.rate.norm: 18505070.545 B/op
                 gc.count:           ≈ 0 counts

Iteration   2: 86.014 ms/op
                 gc.alloc.rate:      205.150 MB/sec
                 gc.alloc.rate.norm: 18505200.000 B/op
                 gc.count:           1.000 counts
                 gc.time:            3.000 ms

Iteration   3: 73.284 ms/op
                 gc.alloc.rate:      240.788 MB/sec
                 gc.alloc.rate.norm: 18504709.714 B/op
                 gc.count:           1.000 counts
                 gc.time:            2.000 ms

Iteration   4: 83.486 ms/op
                 gc.alloc.rate:      211.367 MB/sec
                 gc.alloc.rate.norm: 18504817.231 B/op
                 gc.count:           1.000 counts
                 gc.time:            3.000 ms

Iteration   5: 75.287 ms/op
                 gc.alloc.rate:      234.376 MB/sec
                 gc.alloc.rate.norm: 18504867.429 B/op
                 gc.count:           ≈ 0 counts



Result "research.skew.AggregationBenchmark.parallelConcurrent":
  85.733 ±(99.9%) 15.731 ms/op [Average]
  (min, avg, max) = (58.994, 85.733, 115.503), stdev = 14.715
  CI (99.9%): [70.001, 101.464] (assumes normal distribution)

Secondary result "research.skew.AggregationBenchmark.parallelConcurrent:gc.alloc.rate":
  211.799 ±(99.9%) 40.709 MB/sec [Average]
  (min, avg, max) = (152.775, 211.799, 299.113), stdev = 38.080
  CI (99.9%): [171.089, 252.508] (assumes normal distribution)

Secondary result "research.skew.AggregationBenchmark.parallelConcurrent:gc.alloc.rate.norm":
  18504946.115 ±(99.9%) 159.803 B/op [Average]
  (min, avg, max) = (18504697.000, 18504946.115, 18505200.000), stdev = 149.480
  CI (99.9%): [18504786.312, 18505105.919] (assumes normal distribution)

Secondary result "research.skew.AggregationBenchmark.parallelConcurrent:gc.count":
  11.000 ±(99.9%) 0.001 counts [Sum]
  (min, avg, max) = (≈ 0, 0.733, 1.000), stdev = 0.458
  CI (99.9%): [11.000, 11.000] (assumes normal distribution)

Secondary result "research.skew.AggregationBenchmark.parallelConcurrent:gc.time":
  29.000 ±(99.9%) 0.001 ms [Sum]
  (min, avg, max) = (≈ 0, 1.933, 3.000), stdev = 1.280
  CI (99.9%): [29.000, 29.000] (assumes normal distribution)


# JMH version: 1.37
# VM version: JDK 25.0.4.1, OpenJDK 64-Bit Server VM, 25.0.4.1+1-LTS
# VM invoker: /Users/jaehyeon/Library/Java/JavaVirtualMachines/temurin-25.0.4.1/Contents/Home/bin/java
# VM options: -Xms512m -Xmx512m -Djava.util.concurrent.ForkJoinPool.common.parallelism=3
# Blackhole mode: compiler (auto-detected, use -Djmh.blackhole.autoDetect=false to disable)
# Warmup: 5 iterations, 1 s each
# Measurement: 5 iterations, 1 s each
# Timeout: 10 min per iteration
# Threads: 1 thread, will synchronize iterations
# Benchmark mode: Average time, time/op
# Benchmark: research.skew.AggregationBenchmark.parallelConcurrent
# Parameters: (cardinality = 65536, distribution = uniform, seed = 20260929, size = 1000000)

# Run progress: 16.67% complete, ETA 00:15:59
# Fork: 1 of 3
WARNING: A terminally deprecated method in sun.misc.Unsafe has been called
WARNING: sun.misc.Unsafe::objectFieldOffset has been called by org.openjdk.jmh.util.Utils (file:/Users/jaehyeon/Documents/Obsidian%20Vault/2026/04.%ed%98%b8%ec%84%9c%eb%8c%80%ed%95%99%ea%b5%90/11.%ec%b0%a8%ec%84%b8%eb%8c%80%ec%bb%b4%ed%93%a8%ed%8c%85%ed%95%99%ed%9a%8c%eb%85%bc%eb%ac%b8/JavaStream_%ed%82%a4%ed%8e%b8%ed%96%a5/.deps/jmh-core-1.37.jar)
WARNING: Please consider reporting this to the maintainers of class org.openjdk.jmh.util.Utils
WARNING: sun.misc.Unsafe::objectFieldOffset will be removed in a future release
# Warmup Iteration   1: Input: n=1000000, keys=65536, observedHotFraction=0.000016, poolParallelism=3, availableProcessors=10
9.193 ms/op
# Warmup Iteration   2: 8.977 ms/op
# Warmup Iteration   3: 8.920 ms/op
# Warmup Iteration   4: 8.863 ms/op
# Warmup Iteration   5: 8.894 ms/op
Iteration   1: 8.929 ms/op
                 gc.alloc.rate:      2243.480 MB/sec
                 gc.alloc.rate.norm: 21006544.772 B/op
                 gc.count:           8.000 counts
                 gc.time:            6.000 ms

Iteration   2: 9.050 ms/op
                 gc.alloc.rate:      2213.527 MB/sec
                 gc.alloc.rate.norm: 21006576.929 B/op
                 gc.count:           7.000 counts
                 gc.time:            5.000 ms

Iteration   3: 8.993 ms/op
                 gc.alloc.rate:      2227.471 MB/sec
                 gc.alloc.rate.norm: 21006773.876 B/op
                 gc.count:           8.000 counts
                 gc.time:            6.000 ms

Iteration   4: 9.303 ms/op
                 gc.alloc.rate:      2153.155 MB/sec
                 gc.alloc.rate.norm: 21006786.422 B/op
                 gc.count:           7.000 counts
                 gc.time:            5.000 ms

Iteration   5: 9.057 ms/op
                 gc.alloc.rate:      2211.767 MB/sec
                 gc.alloc.rate.norm: 21006855.714 B/op
                 gc.count:           8.000 counts
                 gc.time:            6.000 ms


# Run progress: 17.59% complete, ETA 00:15:47
# Fork: 2 of 3
WARNING: A terminally deprecated method in sun.misc.Unsafe has been called
WARNING: sun.misc.Unsafe::objectFieldOffset has been called by org.openjdk.jmh.util.Utils (file:/Users/jaehyeon/Documents/Obsidian%20Vault/2026/04.%ed%98%b8%ec%84%9c%eb%8c%80%ed%95%99%ea%b5%90/11.%ec%b0%a8%ec%84%b8%eb%8c%80%ec%bb%b4%ed%93%a8%ed%8c%85%ed%95%99%ed%9a%8c%eb%85%bc%eb%ac%b8/JavaStream_%ed%82%a4%ed%8e%b8%ed%96%a5/.deps/jmh-core-1.37.jar)
WARNING: Please consider reporting this to the maintainers of class org.openjdk.jmh.util.Utils
WARNING: sun.misc.Unsafe::objectFieldOffset will be removed in a future release
# Warmup Iteration   1: Input: n=1000000, keys=65536, observedHotFraction=0.000016, poolParallelism=3, availableProcessors=10
9.558 ms/op
# Warmup Iteration   2: 9.201 ms/op
# Warmup Iteration   3: 9.275 ms/op
# Warmup Iteration   4: 9.144 ms/op
# Warmup Iteration   5: 9.123 ms/op
Iteration   1: 9.317 ms/op
                 gc.alloc.rate:      2149.939 MB/sec
                 gc.alloc.rate.norm: 21006753.101 B/op
                 gc.count:           7.000 counts
                 gc.time:            5.000 ms

Iteration   2: 9.166 ms/op
                 gc.alloc.rate:      2185.428 MB/sec
                 gc.alloc.rate.norm: 21006708.396 B/op
                 gc.count:           8.000 counts
                 gc.time:            6.000 ms

Iteration   3: 9.204 ms/op
                 gc.alloc.rate:      2176.483 MB/sec
                 gc.alloc.rate.norm: 21006735.345 B/op
                 gc.count:           7.000 counts
                 gc.time:            5.000 ms

Iteration   4: 9.270 ms/op
                 gc.alloc.rate:      2161.005 MB/sec
                 gc.alloc.rate.norm: 21006842.349 B/op
                 gc.count:           7.000 counts
                 gc.time:            5.000 ms

Iteration   5: 9.211 ms/op
                 gc.alloc.rate:      2174.625 MB/sec
                 gc.alloc.rate.norm: 21006824.367 B/op
                 gc.count:           8.000 counts
                 gc.time:            6.000 ms


# Run progress: 18.52% complete, ETA 00:15:35
# Fork: 3 of 3
WARNING: A terminally deprecated method in sun.misc.Unsafe has been called
WARNING: sun.misc.Unsafe::objectFieldOffset has been called by org.openjdk.jmh.util.Utils (file:/Users/jaehyeon/Documents/Obsidian%20Vault/2026/04.%ed%98%b8%ec%84%9c%eb%8c%80%ed%95%99%ea%b5%90/11.%ec%b0%a8%ec%84%b8%eb%8c%80%ec%bb%b4%ed%93%a8%ed%8c%85%ed%95%99%ed%9a%8c%eb%85%bc%eb%ac%b8/JavaStream_%ed%82%a4%ed%8e%b8%ed%96%a5/.deps/jmh-core-1.37.jar)
WARNING: Please consider reporting this to the maintainers of class org.openjdk.jmh.util.Utils
WARNING: sun.misc.Unsafe::objectFieldOffset will be removed in a future release
# Warmup Iteration   1: Input: n=1000000, keys=65536, observedHotFraction=0.000016, poolParallelism=3, availableProcessors=10
9.026 ms/op
# Warmup Iteration   2: 8.771 ms/op
# Warmup Iteration   3: 8.769 ms/op
# Warmup Iteration   4: 8.755 ms/op
# Warmup Iteration   5: 8.823 ms/op
Iteration   1: 8.748 ms/op
                 gc.alloc.rate:      2289.890 MB/sec
                 gc.alloc.rate.norm: 21006513.655 B/op
                 gc.count:           8.000 counts
                 gc.time:            6.000 ms

Iteration   2: 8.758 ms/op
                 gc.alloc.rate:      2287.327 MB/sec
                 gc.alloc.rate.norm: 21006604.621 B/op
                 gc.count:           7.000 counts
                 gc.time:            5.000 ms

Iteration   3: 8.734 ms/op
                 gc.alloc.rate:      2293.404 MB/sec
                 gc.alloc.rate.norm: 21006853.517 B/op
                 gc.count:           8.000 counts
                 gc.time:            6.000 ms

Iteration   4: 8.723 ms/op
                 gc.alloc.rate:      2296.477 MB/sec
                 gc.alloc.rate.norm: 21006988.966 B/op
                 gc.count:           8.000 counts
                 gc.time:            5.000 ms

Iteration   5: 8.739 ms/op
                 gc.alloc.rate:      2292.131 MB/sec
                 gc.alloc.rate.norm: 21006887.310 B/op
                 gc.count:           8.000 counts
                 gc.time:            6.000 ms



Result "research.skew.AggregationBenchmark.parallelConcurrent":
  9.013 ±(99.9%) 0.243 ms/op [Average]
  (min, avg, max) = (8.723, 9.013, 9.317), stdev = 0.228
  CI (99.9%): [8.770, 9.257] (assumes normal distribution)

Secondary result "research.skew.AggregationBenchmark.parallelConcurrent:gc.alloc.rate":
  2223.741 ±(99.9%) 60.184 MB/sec [Average]
  (min, avg, max) = (2149.939, 2223.741, 2296.477), stdev = 56.296
  CI (99.9%): [2163.557, 2283.925] (assumes normal distribution)

Secondary result "research.skew.AggregationBenchmark.parallelConcurrent:gc.alloc.rate.norm":
  21006749.956 ±(99.9%) 147.035 B/op [Average]
  (min, avg, max) = (21006513.655, 21006749.956, 21006988.966), stdev = 137.536
  CI (99.9%): [21006602.921, 21006896.991] (assumes normal distribution)

Secondary result "research.skew.AggregationBenchmark.parallelConcurrent:gc.count":
  114.000 ±(99.9%) 0.001 counts [Sum]
  (min, avg, max) = (7.000, 7.600, 8.000), stdev = 0.507
  CI (99.9%): [114.000, 114.000] (assumes normal distribution)

Secondary result "research.skew.AggregationBenchmark.parallelConcurrent:gc.time":
  83.000 ±(99.9%) 0.001 ms [Sum]
  (min, avg, max) = (5.000, 5.533, 6.000), stdev = 0.516
  CI (99.9%): [83.000, 83.000] (assumes normal distribution)


# JMH version: 1.37
# VM version: JDK 25.0.4.1, OpenJDK 64-Bit Server VM, 25.0.4.1+1-LTS
# VM invoker: /Users/jaehyeon/Library/Java/JavaVirtualMachines/temurin-25.0.4.1/Contents/Home/bin/java
# VM options: -Xms512m -Xmx512m -Djava.util.concurrent.ForkJoinPool.common.parallelism=3
# Blackhole mode: compiler (auto-detected, use -Djmh.blackhole.autoDetect=false to disable)
# Warmup: 5 iterations, 1 s each
# Measurement: 5 iterations, 1 s each
# Timeout: 10 min per iteration
# Threads: 1 thread, will synchronize iterations
# Benchmark mode: Average time, time/op
# Benchmark: research.skew.AggregationBenchmark.parallelConcurrent
# Parameters: (cardinality = 65536, distribution = hot50, seed = 20260929, size = 1000000)

# Run progress: 19.44% complete, ETA 00:15:24
# Fork: 1 of 3
WARNING: A terminally deprecated method in sun.misc.Unsafe has been called
WARNING: sun.misc.Unsafe::objectFieldOffset has been called by org.openjdk.jmh.util.Utils (file:/Users/jaehyeon/Documents/Obsidian%20Vault/2026/04.%ed%98%b8%ec%84%9c%eb%8c%80%ed%95%99%ea%b5%90/11.%ec%b0%a8%ec%84%b8%eb%8c%80%ec%bb%b4%ed%93%a8%ed%8c%85%ed%95%99%ed%9a%8c%eb%85%bc%eb%ac%b8/JavaStream_%ed%82%a4%ed%8e%b8%ed%96%a5/.deps/jmh-core-1.37.jar)
WARNING: Please consider reporting this to the maintainers of class org.openjdk.jmh.util.Utils
WARNING: sun.misc.Unsafe::objectFieldOffset will be removed in a future release
# Warmup Iteration   1: Input: n=1000000, keys=65536, observedHotFraction=0.500000, poolParallelism=3, availableProcessors=10
46.577 ms/op
# Warmup Iteration   2: 44.617 ms/op
# Warmup Iteration   3: 43.967 ms/op
# Warmup Iteration   4: 44.942 ms/op
# Warmup Iteration   5: 44.210 ms/op
Iteration   1: 45.277 ms/op
                 gc.alloc.rate:      442.431 MB/sec
                 gc.alloc.rate.norm: 21007195.130 B/op
                 gc.count:           2.000 counts
                 gc.time:            1.000 ms

Iteration   2: 43.907 ms/op
                 gc.alloc.rate:      456.240 MB/sec
                 gc.alloc.rate.norm: 21007372.333 B/op
                 gc.count:           1.000 counts
                 gc.time:            1.000 ms

Iteration   3: 44.283 ms/op
                 gc.alloc.rate:      452.373 MB/sec
                 gc.alloc.rate.norm: 21007467.130 B/op
                 gc.count:           2.000 counts
                 gc.time:            2.000 ms

Iteration   4: 43.765 ms/op
                 gc.alloc.rate:      457.736 MB/sec
                 gc.alloc.rate.norm: 21007873.667 B/op
                 gc.count:           1.000 counts
                 gc.time:            ≈ 0 ms

Iteration   5: 44.110 ms/op
                 gc.alloc.rate:      454.137 MB/sec
                 gc.alloc.rate.norm: 21007351.652 B/op
                 gc.count:           2.000 counts
                 gc.time:            2.000 ms


# Run progress: 20.37% complete, ETA 00:15:13
# Fork: 2 of 3
WARNING: A terminally deprecated method in sun.misc.Unsafe has been called
WARNING: sun.misc.Unsafe::objectFieldOffset has been called by org.openjdk.jmh.util.Utils (file:/Users/jaehyeon/Documents/Obsidian%20Vault/2026/04.%ed%98%b8%ec%84%9c%eb%8c%80%ed%95%99%ea%b5%90/11.%ec%b0%a8%ec%84%b8%eb%8c%80%ec%bb%b4%ed%93%a8%ed%8c%85%ed%95%99%ed%9a%8c%eb%85%bc%eb%ac%b8/JavaStream_%ed%82%a4%ed%8e%b8%ed%96%a5/.deps/jmh-core-1.37.jar)
WARNING: Please consider reporting this to the maintainers of class org.openjdk.jmh.util.Utils
WARNING: sun.misc.Unsafe::objectFieldOffset will be removed in a future release
# Warmup Iteration   1: Input: n=1000000, keys=65536, observedHotFraction=0.500000, poolParallelism=3, availableProcessors=10
44.442 ms/op
# Warmup Iteration   2: 44.066 ms/op
# Warmup Iteration   3: 43.700 ms/op
# Warmup Iteration   4: 43.367 ms/op
# Warmup Iteration   5: 44.810 ms/op
Iteration   1: 43.798 ms/op
                 gc.alloc.rate:      457.381 MB/sec
                 gc.alloc.rate.norm: 21007697.000 B/op
                 gc.count:           2.000 counts
                 gc.time:            1.000 ms

Iteration   2: 42.620 ms/op
                 gc.alloc.rate:      470.022 MB/sec
                 gc.alloc.rate.norm: 21007532.000 B/op
                 gc.count:           1.000 counts
                 gc.time:            1.000 ms

Iteration   3: 43.381 ms/op
                 gc.alloc.rate:      461.778 MB/sec
                 gc.alloc.rate.norm: 21007371.667 B/op
                 gc.count:           2.000 counts
                 gc.time:            2.000 ms

Iteration   4: 43.821 ms/op
                 gc.alloc.rate:      457.136 MB/sec
                 gc.alloc.rate.norm: 21007389.333 B/op
                 gc.count:           2.000 counts
                 gc.time:            1.000 ms

Iteration   5: 44.185 ms/op
                 gc.alloc.rate:      453.372 MB/sec
                 gc.alloc.rate.norm: 21007593.739 B/op
                 gc.count:           1.000 counts
                 gc.time:            1.000 ms


# Run progress: 21.30% complete, ETA 00:15:02
# Fork: 3 of 3
WARNING: A terminally deprecated method in sun.misc.Unsafe has been called
WARNING: sun.misc.Unsafe::objectFieldOffset has been called by org.openjdk.jmh.util.Utils (file:/Users/jaehyeon/Documents/Obsidian%20Vault/2026/04.%ed%98%b8%ec%84%9c%eb%8c%80%ed%95%99%ea%b5%90/11.%ec%b0%a8%ec%84%b8%eb%8c%80%ec%bb%b4%ed%93%a8%ed%8c%85%ed%95%99%ed%9a%8c%eb%85%bc%eb%ac%b8/JavaStream_%ed%82%a4%ed%8e%b8%ed%96%a5/.deps/jmh-core-1.37.jar)
WARNING: Please consider reporting this to the maintainers of class org.openjdk.jmh.util.Utils
WARNING: sun.misc.Unsafe::objectFieldOffset will be removed in a future release
# Warmup Iteration   1: Input: n=1000000, keys=65536, observedHotFraction=0.500000, poolParallelism=3, availableProcessors=10
46.566 ms/op
# Warmup Iteration   2: 44.502 ms/op
# Warmup Iteration   3: 44.657 ms/op
# Warmup Iteration   4: 44.681 ms/op
# Warmup Iteration   5: 44.755 ms/op
Iteration   1: 44.401 ms/op
                 gc.alloc.rate:      451.163 MB/sec
                 gc.alloc.rate.norm: 21007242.087 B/op
                 gc.count:           2.000 counts
                 gc.time:            1.000 ms

Iteration   2: 44.315 ms/op
                 gc.alloc.rate:      452.050 MB/sec
                 gc.alloc.rate.norm: 21007667.478 B/op
                 gc.count:           1.000 counts
                 gc.time:            1.000 ms

Iteration   3: 44.594 ms/op
                 gc.alloc.rate:      449.225 MB/sec
                 gc.alloc.rate.norm: 21007860.174 B/op
                 gc.count:           2.000 counts
                 gc.time:            2.000 ms

Iteration   4: 44.673 ms/op
                 gc.alloc.rate:      448.437 MB/sec
                 gc.alloc.rate.norm: 21007934.609 B/op
                 gc.count:           1.000 counts
                 gc.time:            ≈ 0 ms

Iteration   5: 45.054 ms/op
                 gc.alloc.rate:      444.614 MB/sec
                 gc.alloc.rate.norm: 21007376.696 B/op
                 gc.count:           2.000 counts
                 gc.time:            2.000 ms



Result "research.skew.AggregationBenchmark.parallelConcurrent":
  44.146 ±(99.9%) 0.702 ms/op [Average]
  (min, avg, max) = (42.620, 44.146, 45.277), stdev = 0.657
  CI (99.9%): [43.444, 44.848] (assumes normal distribution)

Secondary result "research.skew.AggregationBenchmark.parallelConcurrent:gc.alloc.rate":
  453.873 ±(99.9%) 7.272 MB/sec [Average]
  (min, avg, max) = (442.431, 453.873, 470.022), stdev = 6.802
  CI (99.9%): [446.601, 461.145] (assumes normal distribution)

Secondary result "research.skew.AggregationBenchmark.parallelConcurrent:gc.alloc.rate.norm":
  21007528.313 ±(99.9%) 250.008 B/op [Average]
  (min, avg, max) = (21007195.130, 21007528.313, 21007934.609), stdev = 233.858
  CI (99.9%): [21007278.305, 21007778.321] (assumes normal distribution)

Secondary result "research.skew.AggregationBenchmark.parallelConcurrent:gc.count":
  24.000 ±(99.9%) 0.001 counts [Sum]
  (min, avg, max) = (1.000, 1.600, 2.000), stdev = 0.507
  CI (99.9%): [24.000, 24.000] (assumes normal distribution)

Secondary result "research.skew.AggregationBenchmark.parallelConcurrent:gc.time":
  18.000 ±(99.9%) 0.001 ms [Sum]
  (min, avg, max) = (≈ 0, 1.200, 2.000), stdev = 0.676
  CI (99.9%): [18.000, 18.000] (assumes normal distribution)


# JMH version: 1.37
# VM version: JDK 25.0.4.1, OpenJDK 64-Bit Server VM, 25.0.4.1+1-LTS
# VM invoker: /Users/jaehyeon/Library/Java/JavaVirtualMachines/temurin-25.0.4.1/Contents/Home/bin/java
# VM options: -Xms512m -Xmx512m -Djava.util.concurrent.ForkJoinPool.common.parallelism=3
# Blackhole mode: compiler (auto-detected, use -Djmh.blackhole.autoDetect=false to disable)
# Warmup: 5 iterations, 1 s each
# Measurement: 5 iterations, 1 s each
# Timeout: 10 min per iteration
# Threads: 1 thread, will synchronize iterations
# Benchmark mode: Average time, time/op
# Benchmark: research.skew.AggregationBenchmark.parallelConcurrent
# Parameters: (cardinality = 65536, distribution = hot90, seed = 20260929, size = 1000000)

# Run progress: 22.22% complete, ETA 00:14:51
# Fork: 1 of 3
WARNING: A terminally deprecated method in sun.misc.Unsafe has been called
WARNING: sun.misc.Unsafe::objectFieldOffset has been called by org.openjdk.jmh.util.Utils (file:/Users/jaehyeon/Documents/Obsidian%20Vault/2026/04.%ed%98%b8%ec%84%9c%eb%8c%80%ed%95%99%ea%b5%90/11.%ec%b0%a8%ec%84%b8%eb%8c%80%ec%bb%b4%ed%93%a8%ed%8c%85%ed%95%99%ed%9a%8c%eb%85%bc%eb%ac%b8/JavaStream_%ed%82%a4%ed%8e%b8%ed%96%a5/.deps/jmh-core-1.37.jar)
WARNING: Please consider reporting this to the maintainers of class org.openjdk.jmh.util.Utils
WARNING: sun.misc.Unsafe::objectFieldOffset will be removed in a future release
# Warmup Iteration   1: Input: n=1000000, keys=65536, observedHotFraction=0.900000, poolParallelism=3, availableProcessors=10
81.235 ms/op
# Warmup Iteration   2: 77.772 ms/op
# Warmup Iteration   3: 79.788 ms/op
# Warmup Iteration   4: 72.770 ms/op
# Warmup Iteration   5: 96.426 ms/op
Iteration   1: 78.613 ms/op
                 gc.alloc.rate:      254.789 MB/sec
                 gc.alloc.rate.norm: 21004463.385 B/op
                 gc.count:           1.000 counts
                 gc.time:            4.000 ms

Iteration   2: 86.160 ms/op
                 gc.alloc.rate:      232.472 MB/sec
                 gc.alloc.rate.norm: 21004698.667 B/op
                 gc.count:           ≈ 0 counts

Iteration   3: 100.349 ms/op
                 gc.alloc.rate:      199.602 MB/sec
                 gc.alloc.rate.norm: 21004506.909 B/op
                 gc.count:           1.000 counts
                 gc.time:            4.000 ms

Iteration   4: 97.610 ms/op
                 gc.alloc.rate:      205.200 MB/sec
                 gc.alloc.rate.norm: 21004457.455 B/op
                 gc.count:           1.000 counts
                 gc.time:            4.000 ms

Iteration   5: 84.717 ms/op
                 gc.alloc.rate:      236.424 MB/sec
                 gc.alloc.rate.norm: 21004369.333 B/op
                 gc.count:           1.000 counts
                 gc.time:            3.000 ms


# Run progress: 23.15% complete, ETA 00:14:42
# Fork: 2 of 3
WARNING: A terminally deprecated method in sun.misc.Unsafe has been called
WARNING: sun.misc.Unsafe::objectFieldOffset has been called by org.openjdk.jmh.util.Utils (file:/Users/jaehyeon/Documents/Obsidian%20Vault/2026/04.%ed%98%b8%ec%84%9c%eb%8c%80%ed%95%99%ea%b5%90/11.%ec%b0%a8%ec%84%b8%eb%8c%80%ec%bb%b4%ed%93%a8%ed%8c%85%ed%95%99%ed%9a%8c%eb%85%bc%eb%ac%b8/JavaStream_%ed%82%a4%ed%8e%b8%ed%96%a5/.deps/jmh-core-1.37.jar)
WARNING: Please consider reporting this to the maintainers of class org.openjdk.jmh.util.Utils
WARNING: sun.misc.Unsafe::objectFieldOffset will be removed in a future release
# Warmup Iteration   1: Input: n=1000000, keys=65536, observedHotFraction=0.900000, poolParallelism=3, availableProcessors=10
86.753 ms/op
# Warmup Iteration   2: 95.914 ms/op
# Warmup Iteration   3: 89.035 ms/op
# Warmup Iteration   4: 87.448 ms/op
# Warmup Iteration   5: 93.591 ms/op
Iteration   1: 74.870 ms/op
                 gc.alloc.rate:      267.521 MB/sec
                 gc.alloc.rate.norm: 21004265.714 B/op
                 gc.count:           1.000 counts
                 gc.time:            4.000 ms

Iteration   2: 93.935 ms/op
                 gc.alloc.rate:      213.225 MB/sec
                 gc.alloc.rate.norm: 21004153.455 B/op
                 gc.count:           1.000 counts
                 gc.time:            3.000 ms

Iteration   3: 103.057 ms/op
                 gc.alloc.rate:      194.354 MB/sec
                 gc.alloc.rate.norm: 21004424.800 B/op
                 gc.count:           1.000 counts
                 gc.time:            4.000 ms

Iteration   4: 81.950 ms/op
                 gc.alloc.rate:      244.412 MB/sec
                 gc.alloc.rate.norm: 21004345.231 B/op
                 gc.count:           1.000 counts
                 gc.time:            4.000 ms

Iteration   5: 79.286 ms/op
                 gc.alloc.rate:      252.621 MB/sec
                 gc.alloc.rate.norm: 21004620.923 B/op
                 gc.count:           1.000 counts
                 gc.time:            4.000 ms


# Run progress: 24.07% complete, ETA 00:14:32
# Fork: 3 of 3
WARNING: A terminally deprecated method in sun.misc.Unsafe has been called
WARNING: sun.misc.Unsafe::objectFieldOffset has been called by org.openjdk.jmh.util.Utils (file:/Users/jaehyeon/Documents/Obsidian%20Vault/2026/04.%ed%98%b8%ec%84%9c%eb%8c%80%ed%95%99%ea%b5%90/11.%ec%b0%a8%ec%84%b8%eb%8c%80%ec%bb%b4%ed%93%a8%ed%8c%85%ed%95%99%ed%9a%8c%eb%85%bc%eb%ac%b8/JavaStream_%ed%82%a4%ed%8e%b8%ed%96%a5/.deps/jmh-core-1.37.jar)
WARNING: Please consider reporting this to the maintainers of class org.openjdk.jmh.util.Utils
WARNING: sun.misc.Unsafe::objectFieldOffset will be removed in a future release
# Warmup Iteration   1: Input: n=1000000, keys=65536, observedHotFraction=0.900000, poolParallelism=3, availableProcessors=10
88.186 ms/op
# Warmup Iteration   2: 99.305 ms/op
# Warmup Iteration   3: 85.431 ms/op
# Warmup Iteration   4: 80.964 ms/op
# Warmup Iteration   5: 83.284 ms/op
Iteration   1: 83.928 ms/op
                 gc.alloc.rate:      238.647 MB/sec
                 gc.alloc.rate.norm: 21004496.000 B/op
                 gc.count:           1.000 counts
                 gc.time:            4.000 ms

Iteration   2: 104.733 ms/op
                 gc.alloc.rate:      191.245 MB/sec
                 gc.alloc.rate.norm: 21004623.200 B/op
                 gc.count:           1.000 counts
                 gc.time:            3.000 ms

Iteration   3: 85.102 ms/op
                 gc.alloc.rate:      235.360 MB/sec
                 gc.alloc.rate.norm: 21004514.000 B/op
                 gc.count:           1.000 counts
                 gc.time:            4.000 ms

Iteration   4: 87.815 ms/op
                 gc.alloc.rate:      228.084 MB/sec
                 gc.alloc.rate.norm: 21004050.667 B/op
                 gc.count:           1.000 counts
                 gc.time:            3.000 ms

Iteration   5: 84.514 ms/op
                 gc.alloc.rate:      236.995 MB/sec
                 gc.alloc.rate.norm: 21004436.923 B/op
                 gc.count:           1.000 counts
                 gc.time:            5.000 ms



Result "research.skew.AggregationBenchmark.parallelConcurrent":
  88.443 ±(99.9%) 9.931 ms/op [Average]
  (min, avg, max) = (74.870, 88.443, 104.733), stdev = 9.290
  CI (99.9%): [78.511, 98.374] (assumes normal distribution)

Secondary result "research.skew.AggregationBenchmark.parallelConcurrent:gc.alloc.rate":
  228.730 ±(99.9%) 24.767 MB/sec [Average]
  (min, avg, max) = (191.245, 228.730, 267.521), stdev = 23.167
  CI (99.9%): [203.963, 253.497] (assumes normal distribution)

Secondary result "research.skew.AggregationBenchmark.parallelConcurrent:gc.alloc.rate.norm":
  21004428.444 ±(99.9%) 185.919 B/op [Average]
  (min, avg, max) = (21004050.667, 21004428.444, 21004698.667), stdev = 173.909
  CI (99.9%): [21004242.525, 21004614.363] (assumes normal distribution)

Secondary result "research.skew.AggregationBenchmark.parallelConcurrent:gc.count":
  14.000 ±(99.9%) 0.001 counts [Sum]
  (min, avg, max) = (≈ 0, 0.933, 1.000), stdev = 0.258
  CI (99.9%): [14.000, 14.000] (assumes normal distribution)

Secondary result "research.skew.AggregationBenchmark.parallelConcurrent:gc.time":
  53.000 ±(99.9%) 0.001 ms [Sum]
  (min, avg, max) = (≈ 0, 3.533, 5.000), stdev = 1.125
  CI (99.9%): [53.000, 53.000] (assumes normal distribution)


# JMH version: 1.37
# VM version: JDK 25.0.4.1, OpenJDK 64-Bit Server VM, 25.0.4.1+1-LTS
# VM invoker: /Users/jaehyeon/Library/Java/JavaVirtualMachines/temurin-25.0.4.1/Contents/Home/bin/java
# VM options: -Xms512m -Xmx512m -Djava.util.concurrent.ForkJoinPool.common.parallelism=3
# Blackhole mode: compiler (auto-detected, use -Djmh.blackhole.autoDetect=false to disable)
# Warmup: 5 iterations, 1 s each
# Measurement: 5 iterations, 1 s each
# Timeout: 10 min per iteration
# Threads: 1 thread, will synchronize iterations
# Benchmark mode: Average time, time/op
# Benchmark: research.skew.AggregationBenchmark.parallelConcurrentAdder
# Parameters: (cardinality = 16384, distribution = uniform, seed = 20260929, size = 1000000)

# Run progress: 25.00% complete, ETA 00:14:22
# Fork: 1 of 3
WARNING: A terminally deprecated method in sun.misc.Unsafe has been called
WARNING: sun.misc.Unsafe::objectFieldOffset has been called by org.openjdk.jmh.util.Utils (file:/Users/jaehyeon/Documents/Obsidian%20Vault/2026/04.%ed%98%b8%ec%84%9c%eb%8c%80%ed%95%99%ea%b5%90/11.%ec%b0%a8%ec%84%b8%eb%8c%80%ec%bb%b4%ed%93%a8%ed%8c%85%ed%95%99%ed%9a%8c%eb%85%bc%eb%ac%b8/JavaStream_%ed%82%a4%ed%8e%b8%ed%96%a5/.deps/jmh-core-1.37.jar)
WARNING: Please consider reporting this to the maintainers of class org.openjdk.jmh.util.Utils
WARNING: sun.misc.Unsafe::objectFieldOffset will be removed in a future release
# Warmup Iteration   1: Input: n=1000000, keys=16384, observedHotFraction=0.000062, poolParallelism=3, availableProcessors=10
10.414 ms/op
# Warmup Iteration   2: 10.090 ms/op
# Warmup Iteration   3: 10.036 ms/op
# Warmup Iteration   4: 10.019 ms/op
# Warmup Iteration   5: 10.002 ms/op
Iteration   1: 9.974 ms/op
                 gc.alloc.rate:      1665.170 MB/sec
                 gc.alloc.rate.norm: 17417641.961 B/op
                 gc.count:           5.000 counts
                 gc.time:            3.000 ms

Iteration   2: 10.043 ms/op
                 gc.alloc.rate:      1653.772 MB/sec
                 gc.alloc.rate.norm: 17418109.545 B/op
                 gc.count:           6.000 counts
                 gc.time:            4.000 ms

Iteration   3: 10.015 ms/op
                 gc.alloc.rate:      1658.454 MB/sec
                 gc.alloc.rate.norm: 17418716.040 B/op
                 gc.count:           5.000 counts
                 gc.time:            2.000 ms

Iteration   4: 9.993 ms/op
                 gc.alloc.rate:      1662.002 MB/sec
                 gc.alloc.rate.norm: 17417953.020 B/op
                 gc.count:           6.000 counts
                 gc.time:            4.000 ms

Iteration   5: 10.018 ms/op
                 gc.alloc.rate:      1657.945 MB/sec
                 gc.alloc.rate.norm: 17418849.347 B/op
                 gc.count:           5.000 counts
                 gc.time:            3.000 ms


# Run progress: 25.93% complete, ETA 00:14:11
# Fork: 2 of 3
WARNING: A terminally deprecated method in sun.misc.Unsafe has been called
WARNING: sun.misc.Unsafe::objectFieldOffset has been called by org.openjdk.jmh.util.Utils (file:/Users/jaehyeon/Documents/Obsidian%20Vault/2026/04.%ed%98%b8%ec%84%9c%eb%8c%80%ed%95%99%ea%b5%90/11.%ec%b0%a8%ec%84%b8%eb%8c%80%ec%bb%b4%ed%93%a8%ed%8c%85%ed%95%99%ed%9a%8c%eb%85%bc%eb%ac%b8/JavaStream_%ed%82%a4%ed%8e%b8%ed%96%a5/.deps/jmh-core-1.37.jar)
WARNING: Please consider reporting this to the maintainers of class org.openjdk.jmh.util.Utils
WARNING: sun.misc.Unsafe::objectFieldOffset will be removed in a future release
# Warmup Iteration   1: Input: n=1000000, keys=16384, observedHotFraction=0.000062, poolParallelism=3, availableProcessors=10
10.429 ms/op
# Warmup Iteration   2: 10.054 ms/op
# Warmup Iteration   3: 10.056 ms/op
# Warmup Iteration   4: 10.001 ms/op
# Warmup Iteration   5: 10.031 ms/op
Iteration   1: 9.992 ms/op
                 gc.alloc.rate:      1662.302 MB/sec
                 gc.alloc.rate.norm: 17418178.614 B/op
                 gc.count:           5.000 counts
                 gc.time:            3.000 ms

Iteration   2: 9.980 ms/op
                 gc.alloc.rate:      1664.254 MB/sec
                 gc.alloc.rate.norm: 17419073.176 B/op
                 gc.count:           6.000 counts
                 gc.time:            3.000 ms

Iteration   3: 9.972 ms/op
                 gc.alloc.rate:      1665.563 MB/sec
                 gc.alloc.rate.norm: 17418264.713 B/op
                 gc.count:           5.000 counts
                 gc.time:            4.000 ms

Iteration   4: 10.089 ms/op
                 gc.alloc.rate:      1646.213 MB/sec
                 gc.alloc.rate.norm: 17418244.832 B/op
                 gc.count:           6.000 counts
                 gc.time:            3.000 ms

Iteration   5: 10.006 ms/op
                 gc.alloc.rate:      1659.834 MB/sec
                 gc.alloc.rate.norm: 17417882.772 B/op
                 gc.count:           5.000 counts
                 gc.time:            3.000 ms


# Run progress: 26.85% complete, ETA 00:13:59
# Fork: 3 of 3
WARNING: A terminally deprecated method in sun.misc.Unsafe has been called
WARNING: sun.misc.Unsafe::objectFieldOffset has been called by org.openjdk.jmh.util.Utils (file:/Users/jaehyeon/Documents/Obsidian%20Vault/2026/04.%ed%98%b8%ec%84%9c%eb%8c%80%ed%95%99%ea%b5%90/11.%ec%b0%a8%ec%84%b8%eb%8c%80%ec%bb%b4%ed%93%a8%ed%8c%85%ed%95%99%ed%9a%8c%eb%85%bc%eb%ac%b8/JavaStream_%ed%82%a4%ed%8e%b8%ed%96%a5/.deps/jmh-core-1.37.jar)
WARNING: Please consider reporting this to the maintainers of class org.openjdk.jmh.util.Utils
WARNING: sun.misc.Unsafe::objectFieldOffset will be removed in a future release
# Warmup Iteration   1: Input: n=1000000, keys=16384, observedHotFraction=0.000062, poolParallelism=3, availableProcessors=10
10.371 ms/op
# Warmup Iteration   2: 10.079 ms/op
# Warmup Iteration   3: 10.060 ms/op
# Warmup Iteration   4: 10.085 ms/op
# Warmup Iteration   5: 10.068 ms/op
Iteration   1: 10.076 ms/op
                 gc.alloc.rate:      1648.439 MB/sec
                 gc.alloc.rate.norm: 17418338.693 B/op
                 gc.count:           5.000 counts
                 gc.time:            3.000 ms

Iteration   2: 10.007 ms/op
                 gc.alloc.rate:      1659.750 MB/sec
                 gc.alloc.rate.norm: 17418646.891 B/op
                 gc.count:           6.000 counts
                 gc.time:            4.000 ms

Iteration   3: 9.998 ms/op
                 gc.alloc.rate:      1661.202 MB/sec
                 gc.alloc.rate.norm: 17417838.980 B/op
                 gc.count:           5.000 counts
                 gc.time:            3.000 ms

Iteration   4: 10.060 ms/op
                 gc.alloc.rate:      1650.940 MB/sec
                 gc.alloc.rate.norm: 17417761.426 B/op
                 gc.count:           6.000 counts
                 gc.time:            4.000 ms

Iteration   5: 10.056 ms/op
                 gc.alloc.rate:      1651.607 MB/sec
                 gc.alloc.rate.norm: 17417826.139 B/op
                 gc.count:           5.000 counts
                 gc.time:            2.000 ms



Result "research.skew.AggregationBenchmark.parallelConcurrentAdder":
  10.019 ±(99.9%) 0.040 ms/op [Average]
  (min, avg, max) = (9.972, 10.019, 10.089), stdev = 0.037
  CI (99.9%): [9.979, 10.059] (assumes normal distribution)

Secondary result "research.skew.AggregationBenchmark.parallelConcurrentAdder:gc.alloc.rate":
  1657.830 ±(99.9%) 6.625 MB/sec [Average]
  (min, avg, max) = (1646.213, 1657.830, 1665.563), stdev = 6.197
  CI (99.9%): [1651.205, 1664.455] (assumes normal distribution)

Secondary result "research.skew.AggregationBenchmark.parallelConcurrentAdder:gc.alloc.rate.norm":
  17418221.743 ±(99.9%) 461.820 B/op [Average]
  (min, avg, max) = (17417641.961, 17418221.743, 17419073.176), stdev = 431.987
  CI (99.9%): [17417759.923, 17418683.563] (assumes normal distribution)

Secondary result "research.skew.AggregationBenchmark.parallelConcurrentAdder:gc.count":
  81.000 ±(99.9%) 0.001 counts [Sum]
  (min, avg, max) = (5.000, 5.400, 6.000), stdev = 0.507
  CI (99.9%): [81.000, 81.000] (assumes normal distribution)

Secondary result "research.skew.AggregationBenchmark.parallelConcurrentAdder:gc.time":
  48.000 ±(99.9%) 0.001 ms [Sum]
  (min, avg, max) = (2.000, 3.200, 4.000), stdev = 0.676
  CI (99.9%): [48.000, 48.000] (assumes normal distribution)


# JMH version: 1.37
# VM version: JDK 25.0.4.1, OpenJDK 64-Bit Server VM, 25.0.4.1+1-LTS
# VM invoker: /Users/jaehyeon/Library/Java/JavaVirtualMachines/temurin-25.0.4.1/Contents/Home/bin/java
# VM options: -Xms512m -Xmx512m -Djava.util.concurrent.ForkJoinPool.common.parallelism=3
# Blackhole mode: compiler (auto-detected, use -Djmh.blackhole.autoDetect=false to disable)
# Warmup: 5 iterations, 1 s each
# Measurement: 5 iterations, 1 s each
# Timeout: 10 min per iteration
# Threads: 1 thread, will synchronize iterations
# Benchmark mode: Average time, time/op
# Benchmark: research.skew.AggregationBenchmark.parallelConcurrentAdder
# Parameters: (cardinality = 16384, distribution = hot50, seed = 20260929, size = 1000000)

# Run progress: 27.78% complete, ETA 00:13:48
# Fork: 1 of 3
WARNING: A terminally deprecated method in sun.misc.Unsafe has been called
WARNING: sun.misc.Unsafe::objectFieldOffset has been called by org.openjdk.jmh.util.Utils (file:/Users/jaehyeon/Documents/Obsidian%20Vault/2026/04.%ed%98%b8%ec%84%9c%eb%8c%80%ed%95%99%ea%b5%90/11.%ec%b0%a8%ec%84%b8%eb%8c%80%ec%bb%b4%ed%93%a8%ed%8c%85%ed%95%99%ed%9a%8c%eb%85%bc%eb%ac%b8/JavaStream_%ed%82%a4%ed%8e%b8%ed%96%a5/.deps/jmh-core-1.37.jar)
WARNING: Please consider reporting this to the maintainers of class org.openjdk.jmh.util.Utils
WARNING: sun.misc.Unsafe::objectFieldOffset will be removed in a future release
# Warmup Iteration   1: Input: n=1000000, keys=16384, observedHotFraction=0.500000, poolParallelism=3, availableProcessors=10
7.101 ms/op
# Warmup Iteration   2: 6.971 ms/op
# Warmup Iteration   3: 6.830 ms/op
# Warmup Iteration   4: 6.837 ms/op
# Warmup Iteration   5: 6.841 ms/op
Iteration   1: 6.866 ms/op
                 gc.alloc.rate:      2416.685 MB/sec
                 gc.alloc.rate.norm: 17399759.838 B/op
                 gc.count:           8.000 counts
                 gc.time:            4.000 ms

Iteration   2: 6.795 ms/op
                 gc.alloc.rate:      2441.824 MB/sec
                 gc.alloc.rate.norm: 17399894.604 B/op
                 gc.count:           8.000 counts
                 gc.time:            4.000 ms

Iteration   3: 6.788 ms/op
                 gc.alloc.rate:      2444.327 MB/sec
                 gc.alloc.rate.norm: 17400442.416 B/op
                 gc.count:           9.000 counts
                 gc.time:            4.000 ms

Iteration   4: 6.796 ms/op
                 gc.alloc.rate:      2441.581 MB/sec
                 gc.alloc.rate.norm: 17399699.168 B/op
                 gc.count:           8.000 counts
                 gc.time:            4.000 ms

Iteration   5: 6.903 ms/op
                 gc.alloc.rate:      2403.646 MB/sec
                 gc.alloc.rate.norm: 17399692.626 B/op
                 gc.count:           8.000 counts
                 gc.time:            4.000 ms


# Run progress: 28.70% complete, ETA 00:13:37
# Fork: 2 of 3
WARNING: A terminally deprecated method in sun.misc.Unsafe has been called
WARNING: sun.misc.Unsafe::objectFieldOffset has been called by org.openjdk.jmh.util.Utils (file:/Users/jaehyeon/Documents/Obsidian%20Vault/2026/04.%ed%98%b8%ec%84%9c%eb%8c%80%ed%95%99%ea%b5%90/11.%ec%b0%a8%ec%84%b8%eb%8c%80%ec%bb%b4%ed%93%a8%ed%8c%85%ed%95%99%ed%9a%8c%eb%85%bc%eb%ac%b8/JavaStream_%ed%82%a4%ed%8e%b8%ed%96%a5/.deps/jmh-core-1.37.jar)
WARNING: Please consider reporting this to the maintainers of class org.openjdk.jmh.util.Utils
WARNING: sun.misc.Unsafe::objectFieldOffset will be removed in a future release
# Warmup Iteration   1: Input: n=1000000, keys=16384, observedHotFraction=0.500000, poolParallelism=3, availableProcessors=10
7.153 ms/op
# Warmup Iteration   2: 6.944 ms/op
# Warmup Iteration   3: 6.814 ms/op
# Warmup Iteration   4: 6.807 ms/op
# Warmup Iteration   5: 6.780 ms/op
Iteration   1: 6.782 ms/op
                 gc.alloc.rate:      2446.529 MB/sec
                 gc.alloc.rate.norm: 17399732.295 B/op
                 gc.count:           8.000 counts
                 gc.time:            4.000 ms

Iteration   2: 6.768 ms/op
                 gc.alloc.rate:      2451.576 MB/sec
                 gc.alloc.rate.norm: 17399862.400 B/op
                 gc.count:           9.000 counts
                 gc.time:            4.000 ms

Iteration   3: 6.816 ms/op
                 gc.alloc.rate:      2434.257 MB/sec
                 gc.alloc.rate.norm: 17400193.611 B/op
                 gc.count:           8.000 counts
                 gc.time:            4.000 ms

Iteration   4: 6.801 ms/op
                 gc.alloc.rate:      2439.515 MB/sec
                 gc.alloc.rate.norm: 17399752.483 B/op
                 gc.count:           8.000 counts
                 gc.time:            4.000 ms

Iteration   5: 6.731 ms/op
                 gc.alloc.rate:      2464.892 MB/sec
                 gc.alloc.rate.norm: 17399953.547 B/op
                 gc.count:           8.000 counts
                 gc.time:            4.000 ms


# Run progress: 29.63% complete, ETA 00:13:26
# Fork: 3 of 3
WARNING: A terminally deprecated method in sun.misc.Unsafe has been called
WARNING: sun.misc.Unsafe::objectFieldOffset has been called by org.openjdk.jmh.util.Utils (file:/Users/jaehyeon/Documents/Obsidian%20Vault/2026/04.%ed%98%b8%ec%84%9c%eb%8c%80%ed%95%99%ea%b5%90/11.%ec%b0%a8%ec%84%b8%eb%8c%80%ec%bb%b4%ed%93%a8%ed%8c%85%ed%95%99%ed%9a%8c%eb%85%bc%eb%ac%b8/JavaStream_%ed%82%a4%ed%8e%b8%ed%96%a5/.deps/jmh-core-1.37.jar)
WARNING: Please consider reporting this to the maintainers of class org.openjdk.jmh.util.Utils
WARNING: sun.misc.Unsafe::objectFieldOffset will be removed in a future release
# Warmup Iteration   1: Input: n=1000000, keys=16384, observedHotFraction=0.500000, poolParallelism=3, availableProcessors=10
7.054 ms/op
# Warmup Iteration   2: 6.778 ms/op
# Warmup Iteration   3: 6.728 ms/op
# Warmup Iteration   4: 6.750 ms/op
# Warmup Iteration   5: 6.707 ms/op
Iteration   1: 6.900 ms/op
                 gc.alloc.rate:      2404.721 MB/sec
                 gc.alloc.rate.norm: 17400459.320 B/op
                 gc.count:           8.000 counts
                 gc.time:            4.000 ms

Iteration   2: 6.796 ms/op
                 gc.alloc.rate:      2441.392 MB/sec
                 gc.alloc.rate.norm: 17399700.617 B/op
                 gc.count:           8.000 counts
                 gc.time:            4.000 ms

Iteration   3: 6.815 ms/op
                 gc.alloc.rate:      2434.537 MB/sec
                 gc.alloc.rate.norm: 17399915.383 B/op
                 gc.count:           8.000 counts
                 gc.time:            4.000 ms

Iteration   4: 6.771 ms/op
                 gc.alloc.rate:      2450.595 MB/sec
                 gc.alloc.rate.norm: 17400490.347 B/op
                 gc.count:           8.000 counts
                 gc.time:            4.000 ms

Iteration   5: 6.786 ms/op
                 gc.alloc.rate:      2444.957 MB/sec
                 gc.alloc.rate.norm: 17400062.270 B/op
                 gc.count:           9.000 counts
                 gc.time:            4.000 ms



Result "research.skew.AggregationBenchmark.parallelConcurrentAdder":
  6.808 ±(99.9%) 0.051 ms/op [Average]
  (min, avg, max) = (6.731, 6.808, 6.903), stdev = 0.048
  CI (99.9%): [6.757, 6.859] (assumes normal distribution)

Secondary result "research.skew.AggregationBenchmark.parallelConcurrentAdder:gc.alloc.rate":
  2437.402 ±(99.9%) 18.141 MB/sec [Average]
  (min, avg, max) = (2403.646, 2437.402, 2464.892), stdev = 16.969
  CI (99.9%): [2419.262, 2455.543] (assumes normal distribution)

Secondary result "research.skew.AggregationBenchmark.parallelConcurrentAdder:gc.alloc.rate.norm":
  17399974.062 ±(99.9%) 310.763 B/op [Average]
  (min, avg, max) = (17399692.626, 17399974.062, 17400490.347), stdev = 290.688
  CI (99.9%): [17399663.298, 17400284.825] (assumes normal distribution)

Secondary result "research.skew.AggregationBenchmark.parallelConcurrentAdder:gc.count":
  123.000 ±(99.9%) 0.001 counts [Sum]
  (min, avg, max) = (8.000, 8.200, 9.000), stdev = 0.414
  CI (99.9%): [123.000, 123.000] (assumes normal distribution)

Secondary result "research.skew.AggregationBenchmark.parallelConcurrentAdder:gc.time":
  60.000 ±(99.9%) 0.001 ms [Sum]
  (min, avg, max) = (4.000, 4.000, 4.000), stdev = 0.001
  CI (99.9%): [60.000, 60.000] (assumes normal distribution)


# JMH version: 1.37
# VM version: JDK 25.0.4.1, OpenJDK 64-Bit Server VM, 25.0.4.1+1-LTS
# VM invoker: /Users/jaehyeon/Library/Java/JavaVirtualMachines/temurin-25.0.4.1/Contents/Home/bin/java
# VM options: -Xms512m -Xmx512m -Djava.util.concurrent.ForkJoinPool.common.parallelism=3
# Blackhole mode: compiler (auto-detected, use -Djmh.blackhole.autoDetect=false to disable)
# Warmup: 5 iterations, 1 s each
# Measurement: 5 iterations, 1 s each
# Timeout: 10 min per iteration
# Threads: 1 thread, will synchronize iterations
# Benchmark mode: Average time, time/op
# Benchmark: research.skew.AggregationBenchmark.parallelConcurrentAdder
# Parameters: (cardinality = 16384, distribution = hot90, seed = 20260929, size = 1000000)

# Run progress: 30.56% complete, ETA 00:13:15
# Fork: 1 of 3
WARNING: A terminally deprecated method in sun.misc.Unsafe has been called
WARNING: sun.misc.Unsafe::objectFieldOffset has been called by org.openjdk.jmh.util.Utils (file:/Users/jaehyeon/Documents/Obsidian%20Vault/2026/04.%ed%98%b8%ec%84%9c%eb%8c%80%ed%95%99%ea%b5%90/11.%ec%b0%a8%ec%84%b8%eb%8c%80%ec%bb%b4%ed%93%a8%ed%8c%85%ed%95%99%ed%9a%8c%eb%85%bc%eb%ac%b8/JavaStream_%ed%82%a4%ed%8e%b8%ed%96%a5/.deps/jmh-core-1.37.jar)
WARNING: Please consider reporting this to the maintainers of class org.openjdk.jmh.util.Utils
WARNING: sun.misc.Unsafe::objectFieldOffset will be removed in a future release
# Warmup Iteration   1: Input: n=1000000, keys=16384, observedHotFraction=0.900000, poolParallelism=3, availableProcessors=10
3.690 ms/op
# Warmup Iteration   2: 3.515 ms/op
# Warmup Iteration   3: 3.511 ms/op
# Warmup Iteration   4: 3.504 ms/op
# Warmup Iteration   5: 3.525 ms/op
Iteration   1: 3.530 ms/op
                 gc.alloc.rate:      4696.962 MB/sec
                 gc.alloc.rate.norm: 17389343.443 B/op
                 gc.count:           15.000 counts
                 gc.time:            7.000 ms

Iteration   2: 3.499 ms/op
                 gc.alloc.rate:      4739.566 MB/sec
                 gc.alloc.rate.norm: 17389728.415 B/op
                 gc.count:           16.000 counts
                 gc.time:            8.000 ms

Iteration   3: 3.515 ms/op
                 gc.alloc.rate:      4718.111 MB/sec
                 gc.alloc.rate.norm: 17389772.556 B/op
                 gc.count:           16.000 counts
                 gc.time:            8.000 ms

Iteration   4: 3.575 ms/op
                 gc.alloc.rate:      4638.281 MB/sec
                 gc.alloc.rate.norm: 17389745.951 B/op
                 gc.count:           15.000 counts
                 gc.time:            7.000 ms

Iteration   5: 3.484 ms/op
                 gc.alloc.rate:      4759.537 MB/sec
                 gc.alloc.rate.norm: 17389854.455 B/op
                 gc.count:           16.000 counts
                 gc.time:            8.000 ms


# Run progress: 31.48% complete, ETA 00:13:04
# Fork: 2 of 3
WARNING: A terminally deprecated method in sun.misc.Unsafe has been called
WARNING: sun.misc.Unsafe::objectFieldOffset has been called by org.openjdk.jmh.util.Utils (file:/Users/jaehyeon/Documents/Obsidian%20Vault/2026/04.%ed%98%b8%ec%84%9c%eb%8c%80%ed%95%99%ea%b5%90/11.%ec%b0%a8%ec%84%b8%eb%8c%80%ec%bb%b4%ed%93%a8%ed%8c%85%ed%95%99%ed%9a%8c%eb%85%bc%eb%ac%b8/JavaStream_%ed%82%a4%ed%8e%b8%ed%96%a5/.deps/jmh-core-1.37.jar)
WARNING: Please consider reporting this to the maintainers of class org.openjdk.jmh.util.Utils
WARNING: sun.misc.Unsafe::objectFieldOffset will be removed in a future release
# Warmup Iteration   1: Input: n=1000000, keys=16384, observedHotFraction=0.900000, poolParallelism=3, availableProcessors=10
3.713 ms/op
# Warmup Iteration   2: 3.562 ms/op
# Warmup Iteration   3: 3.533 ms/op
# Warmup Iteration   4: 3.516 ms/op
# Warmup Iteration   5: 3.515 ms/op
Iteration   1: 3.529 ms/op
                 gc.alloc.rate:      4698.216 MB/sec
                 gc.alloc.rate.norm: 17389799.721 B/op
                 gc.count:           16.000 counts
                 gc.time:            8.000 ms

Iteration   2: 3.539 ms/op
                 gc.alloc.rate:      4685.043 MB/sec
                 gc.alloc.rate.norm: 17389790.901 B/op
                 gc.count:           15.000 counts
                 gc.time:            7.000 ms

Iteration   3: 3.492 ms/op
                 gc.alloc.rate:      4748.677 MB/sec
                 gc.alloc.rate.norm: 17389908.193 B/op
                 gc.count:           16.000 counts
                 gc.time:            7.000 ms

Iteration   4: 3.529 ms/op
                 gc.alloc.rate:      4699.505 MB/sec
                 gc.alloc.rate.norm: 17390367.638 B/op
                 gc.count:           16.000 counts
                 gc.time:            8.000 ms

Iteration   5: 3.524 ms/op
                 gc.alloc.rate:      4705.516 MB/sec
                 gc.alloc.rate.norm: 17389841.650 B/op
                 gc.count:           16.000 counts
                 gc.time:            7.000 ms


# Run progress: 32.41% complete, ETA 00:12:53
# Fork: 3 of 3
WARNING: A terminally deprecated method in sun.misc.Unsafe has been called
WARNING: sun.misc.Unsafe::objectFieldOffset has been called by org.openjdk.jmh.util.Utils (file:/Users/jaehyeon/Documents/Obsidian%20Vault/2026/04.%ed%98%b8%ec%84%9c%eb%8c%80%ed%95%99%ea%b5%90/11.%ec%b0%a8%ec%84%b8%eb%8c%80%ec%bb%b4%ed%93%a8%ed%8c%85%ed%95%99%ed%9a%8c%eb%85%bc%eb%ac%b8/JavaStream_%ed%82%a4%ed%8e%b8%ed%96%a5/.deps/jmh-core-1.37.jar)
WARNING: Please consider reporting this to the maintainers of class org.openjdk.jmh.util.Utils
WARNING: sun.misc.Unsafe::objectFieldOffset will be removed in a future release
# Warmup Iteration   1: Input: n=1000000, keys=16384, observedHotFraction=0.900000, poolParallelism=3, availableProcessors=10
3.991 ms/op
# Warmup Iteration   2: 4.125 ms/op
# Warmup Iteration   3: 4.067 ms/op
# Warmup Iteration   4: 4.040 ms/op
# Warmup Iteration   5: 4.114 ms/op
Iteration   1: 3.989 ms/op
                 gc.alloc.rate:      4156.954 MB/sec
                 gc.alloc.rate.norm: 17390075.937 B/op
                 gc.count:           14.000 counts
                 gc.time:            7.000 ms

Iteration   2: 3.968 ms/op
                 gc.alloc.rate:      4178.910 MB/sec
                 gc.alloc.rate.norm: 17389954.478 B/op
                 gc.count:           14.000 counts
                 gc.time:            6.000 ms

Iteration   3: 4.016 ms/op
                 gc.alloc.rate:      4128.838 MB/sec
                 gc.alloc.rate.norm: 17390135.873 B/op
                 gc.count:           14.000 counts
                 gc.time:            7.000 ms

Iteration   4: 3.982 ms/op
                 gc.alloc.rate:      4164.425 MB/sec
                 gc.alloc.rate.norm: 17389911.024 B/op
                 gc.count:           13.000 counts
                 gc.time:            6.000 ms

Iteration   5: 3.979 ms/op
                 gc.alloc.rate:      4167.179 MB/sec
                 gc.alloc.rate.norm: 17389988.126 B/op
                 gc.count:           14.000 counts
                 gc.time:            7.000 ms



Result "research.skew.AggregationBenchmark.parallelConcurrentAdder":
  3.677 ±(99.9%) 0.244 ms/op [Average]
  (min, avg, max) = (3.484, 3.677, 4.016), stdev = 0.228
  CI (99.9%): [3.433, 3.921] (assumes normal distribution)

Secondary result "research.skew.AggregationBenchmark.parallelConcurrentAdder:gc.alloc.rate":
  4525.715 ±(99.9%) 288.512 MB/sec [Average]
  (min, avg, max) = (4128.838, 4525.715, 4759.537), stdev = 269.875
  CI (99.9%): [4237.203, 4814.227] (assumes normal distribution)

Secondary result "research.skew.AggregationBenchmark.parallelConcurrentAdder:gc.alloc.rate.norm":
  17389881.224 ±(99.9%) 242.022 B/op [Average]
  (min, avg, max) = (17389343.443, 17389881.224, 17390367.638), stdev = 226.387
  CI (99.9%): [17389639.202, 17390123.246] (assumes normal distribution)

Secondary result "research.skew.AggregationBenchmark.parallelConcurrentAdder:gc.count":
  226.000 ±(99.9%) 0.001 counts [Sum]
  (min, avg, max) = (13.000, 15.067, 16.000), stdev = 1.033
  CI (99.9%): [226.000, 226.000] (assumes normal distribution)

Secondary result "research.skew.AggregationBenchmark.parallelConcurrentAdder:gc.time":
  108.000 ±(99.9%) 0.001 ms [Sum]
  (min, avg, max) = (6.000, 7.200, 8.000), stdev = 0.676
  CI (99.9%): [108.000, 108.000] (assumes normal distribution)


# JMH version: 1.37
# VM version: JDK 25.0.4.1, OpenJDK 64-Bit Server VM, 25.0.4.1+1-LTS
# VM invoker: /Users/jaehyeon/Library/Java/JavaVirtualMachines/temurin-25.0.4.1/Contents/Home/bin/java
# VM options: -Xms512m -Xmx512m -Djava.util.concurrent.ForkJoinPool.common.parallelism=3
# Blackhole mode: compiler (auto-detected, use -Djmh.blackhole.autoDetect=false to disable)
# Warmup: 5 iterations, 1 s each
# Measurement: 5 iterations, 1 s each
# Timeout: 10 min per iteration
# Threads: 1 thread, will synchronize iterations
# Benchmark mode: Average time, time/op
# Benchmark: research.skew.AggregationBenchmark.parallelConcurrentAdder
# Parameters: (cardinality = 32768, distribution = uniform, seed = 20260929, size = 1000000)

# Run progress: 33.33% complete, ETA 00:12:42
# Fork: 1 of 3
WARNING: A terminally deprecated method in sun.misc.Unsafe has been called
WARNING: sun.misc.Unsafe::objectFieldOffset has been called by org.openjdk.jmh.util.Utils (file:/Users/jaehyeon/Documents/Obsidian%20Vault/2026/04.%ed%98%b8%ec%84%9c%eb%8c%80%ed%95%99%ea%b5%90/11.%ec%b0%a8%ec%84%b8%eb%8c%80%ec%bb%b4%ed%93%a8%ed%8c%85%ed%95%99%ed%9a%8c%eb%85%bc%eb%ac%b8/JavaStream_%ed%82%a4%ed%8e%b8%ed%96%a5/.deps/jmh-core-1.37.jar)
WARNING: Please consider reporting this to the maintainers of class org.openjdk.jmh.util.Utils
WARNING: sun.misc.Unsafe::objectFieldOffset will be removed in a future release
# Warmup Iteration   1: Input: n=1000000, keys=32768, observedHotFraction=0.000031, poolParallelism=3, availableProcessors=10
8.867 ms/op
# Warmup Iteration   2: 8.786 ms/op
# Warmup Iteration   3: 8.731 ms/op
# Warmup Iteration   4: 8.572 ms/op
# Warmup Iteration   5: 8.476 ms/op
Iteration   1: 8.483 ms/op
                 gc.alloc.rate:      2112.012 MB/sec
                 gc.alloc.rate.norm: 18787484.067 B/op
                 gc.count:           7.000 counts
                 gc.time:            3.000 ms

Iteration   2: 8.503 ms/op
                 gc.alloc.rate:      2107.114 MB/sec
                 gc.alloc.rate.norm: 18788008.739 B/op
                 gc.count:           7.000 counts
                 gc.time:            3.000 ms

Iteration   3: 8.655 ms/op
                 gc.alloc.rate:      2069.912 MB/sec
                 gc.alloc.rate.norm: 18787051.487 B/op
                 gc.count:           7.000 counts
                 gc.time:            4.000 ms

Iteration   4: 8.498 ms/op
                 gc.alloc.rate:      2108.101 MB/sec
                 gc.alloc.rate.norm: 18787590.373 B/op
                 gc.count:           7.000 counts
                 gc.time:            3.000 ms

Iteration   5: 8.560 ms/op
                 gc.alloc.rate:      2092.935 MB/sec
                 gc.alloc.rate.norm: 18787566.983 B/op
                 gc.count:           7.000 counts
                 gc.time:            3.000 ms


# Run progress: 34.26% complete, ETA 00:12:31
# Fork: 2 of 3
WARNING: A terminally deprecated method in sun.misc.Unsafe has been called
WARNING: sun.misc.Unsafe::objectFieldOffset has been called by org.openjdk.jmh.util.Utils (file:/Users/jaehyeon/Documents/Obsidian%20Vault/2026/04.%ed%98%b8%ec%84%9c%eb%8c%80%ed%95%99%ea%b5%90/11.%ec%b0%a8%ec%84%b8%eb%8c%80%ec%bb%b4%ed%93%a8%ed%8c%85%ed%95%99%ed%9a%8c%eb%85%bc%eb%ac%b8/JavaStream_%ed%82%a4%ed%8e%b8%ed%96%a5/.deps/jmh-core-1.37.jar)
WARNING: Please consider reporting this to the maintainers of class org.openjdk.jmh.util.Utils
WARNING: sun.misc.Unsafe::objectFieldOffset will be removed in a future release
# Warmup Iteration   1: Input: n=1000000, keys=32768, observedHotFraction=0.000031, poolParallelism=3, availableProcessors=10
8.864 ms/op
# Warmup Iteration   2: 8.586 ms/op
# Warmup Iteration   3: 8.469 ms/op
# Warmup Iteration   4: 8.414 ms/op
# Warmup Iteration   5: 8.414 ms/op
Iteration   1: 8.424 ms/op
                 gc.alloc.rate:      2126.700 MB/sec
                 gc.alloc.rate.norm: 18787665.000 B/op
                 gc.count:           7.000 counts
                 gc.time:            4.000 ms

Iteration   2: 8.351 ms/op
                 gc.alloc.rate:      2145.358 MB/sec
                 gc.alloc.rate.norm: 18788084.760 B/op
                 gc.count:           7.000 counts
                 gc.time:            3.000 ms

Iteration   3: 8.431 ms/op
                 gc.alloc.rate:      2124.935 MB/sec
                 gc.alloc.rate.norm: 18787631.733 B/op
                 gc.count:           7.000 counts
                 gc.time:            3.000 ms

Iteration   4: 8.379 ms/op
                 gc.alloc.rate:      2138.210 MB/sec
                 gc.alloc.rate.norm: 18787975.471 B/op
                 gc.count:           7.000 counts
                 gc.time:            3.000 ms

Iteration   5: 8.373 ms/op
                 gc.alloc.rate:      2139.785 MB/sec
                 gc.alloc.rate.norm: 18788150.413 B/op
                 gc.count:           7.000 counts
                 gc.time:            4.000 ms


# Run progress: 35.19% complete, ETA 00:12:20
# Fork: 3 of 3
WARNING: A terminally deprecated method in sun.misc.Unsafe has been called
WARNING: sun.misc.Unsafe::objectFieldOffset has been called by org.openjdk.jmh.util.Utils (file:/Users/jaehyeon/Documents/Obsidian%20Vault/2026/04.%ed%98%b8%ec%84%9c%eb%8c%80%ed%95%99%ea%b5%90/11.%ec%b0%a8%ec%84%b8%eb%8c%80%ec%bb%b4%ed%93%a8%ed%8c%85%ed%95%99%ed%9a%8c%eb%85%bc%eb%ac%b8/JavaStream_%ed%82%a4%ed%8e%b8%ed%96%a5/.deps/jmh-core-1.37.jar)
WARNING: Please consider reporting this to the maintainers of class org.openjdk.jmh.util.Utils
WARNING: sun.misc.Unsafe::objectFieldOffset will be removed in a future release
# Warmup Iteration   1: Input: n=1000000, keys=32768, observedHotFraction=0.000031, poolParallelism=3, availableProcessors=10
8.768 ms/op
# Warmup Iteration   2: 8.697 ms/op
# Warmup Iteration   3: 8.617 ms/op
# Warmup Iteration   4: 8.508 ms/op
# Warmup Iteration   5: 8.459 ms/op
Iteration   1: 8.511 ms/op
                 gc.alloc.rate:      2104.835 MB/sec
                 gc.alloc.rate.norm: 18787324.571 B/op
                 gc.count:           7.000 counts
                 gc.time:            4.000 ms

Iteration   2: 8.549 ms/op
                 gc.alloc.rate:      2095.560 MB/sec
                 gc.alloc.rate.norm: 18787301.042 B/op
                 gc.count:           7.000 counts
                 gc.time:            3.000 ms

Iteration   3: 8.477 ms/op
                 gc.alloc.rate:      2113.371 MB/sec
                 gc.alloc.rate.norm: 18788137.333 B/op
                 gc.count:           7.000 counts
                 gc.time:            3.000 ms

Iteration   4: 8.471 ms/op
                 gc.alloc.rate:      2114.950 MB/sec
                 gc.alloc.rate.norm: 18787905.267 B/op
                 gc.count:           7.000 counts
                 gc.time:            4.000 ms

Iteration   5: 8.460 ms/op
                 gc.alloc.rate:      2117.765 MB/sec
                 gc.alloc.rate.norm: 18787799.133 B/op
                 gc.count:           7.000 counts
                 gc.time:            3.000 ms



Result "research.skew.AggregationBenchmark.parallelConcurrentAdder":
  8.475 ±(99.9%) 0.085 ms/op [Average]
  (min, avg, max) = (8.351, 8.475, 8.655), stdev = 0.079
  CI (99.9%): [8.390, 8.560] (assumes normal distribution)

Secondary result "research.skew.AggregationBenchmark.parallelConcurrentAdder:gc.alloc.rate":
  2114.103 ±(99.9%) 21.051 MB/sec [Average]
  (min, avg, max) = (2069.912, 2114.103, 2145.358), stdev = 19.691
  CI (99.9%): [2093.052, 2135.154] (assumes normal distribution)

Secondary result "research.skew.AggregationBenchmark.parallelConcurrentAdder:gc.alloc.rate.norm":
  18787711.758 ±(99.9%) 357.568 B/op [Average]
  (min, avg, max) = (18787051.487, 18787711.758, 18788150.413), stdev = 334.469
  CI (99.9%): [18787354.191, 18788069.326] (assumes normal distribution)

Secondary result "research.skew.AggregationBenchmark.parallelConcurrentAdder:gc.count":
  105.000 ±(99.9%) 0.001 counts [Sum]
  (min, avg, max) = (7.000, 7.000, 7.000), stdev = 0.001
  CI (99.9%): [105.000, 105.000] (assumes normal distribution)

Secondary result "research.skew.AggregationBenchmark.parallelConcurrentAdder:gc.time":
  50.000 ±(99.9%) 0.001 ms [Sum]
  (min, avg, max) = (3.000, 3.333, 4.000), stdev = 0.488
  CI (99.9%): [50.000, 50.000] (assumes normal distribution)


# JMH version: 1.37
# VM version: JDK 25.0.4.1, OpenJDK 64-Bit Server VM, 25.0.4.1+1-LTS
# VM invoker: /Users/jaehyeon/Library/Java/JavaVirtualMachines/temurin-25.0.4.1/Contents/Home/bin/java
# VM options: -Xms512m -Xmx512m -Djava.util.concurrent.ForkJoinPool.common.parallelism=3
# Blackhole mode: compiler (auto-detected, use -Djmh.blackhole.autoDetect=false to disable)
# Warmup: 5 iterations, 1 s each
# Measurement: 5 iterations, 1 s each
# Timeout: 10 min per iteration
# Threads: 1 thread, will synchronize iterations
# Benchmark mode: Average time, time/op
# Benchmark: research.skew.AggregationBenchmark.parallelConcurrentAdder
# Parameters: (cardinality = 32768, distribution = hot50, seed = 20260929, size = 1000000)

# Run progress: 36.11% complete, ETA 00:12:09
# Fork: 1 of 3
WARNING: A terminally deprecated method in sun.misc.Unsafe has been called
WARNING: sun.misc.Unsafe::objectFieldOffset has been called by org.openjdk.jmh.util.Utils (file:/Users/jaehyeon/Documents/Obsidian%20Vault/2026/04.%ed%98%b8%ec%84%9c%eb%8c%80%ed%95%99%ea%b5%90/11.%ec%b0%a8%ec%84%b8%eb%8c%80%ec%bb%b4%ed%93%a8%ed%8c%85%ed%95%99%ed%9a%8c%eb%85%bc%eb%ac%b8/JavaStream_%ed%82%a4%ed%8e%b8%ed%96%a5/.deps/jmh-core-1.37.jar)
WARNING: Please consider reporting this to the maintainers of class org.openjdk.jmh.util.Utils
WARNING: sun.misc.Unsafe::objectFieldOffset will be removed in a future release
# Warmup Iteration   1: Input: n=1000000, keys=32768, observedHotFraction=0.500000, poolParallelism=3, availableProcessors=10
6.680 ms/op
# Warmup Iteration   2: 6.545 ms/op
# Warmup Iteration   3: 6.463 ms/op
# Warmup Iteration   4: 6.381 ms/op
# Warmup Iteration   5: 6.404 ms/op
Iteration   1: 6.546 ms/op
                 gc.alloc.rate:      2734.963 MB/sec
                 gc.alloc.rate.norm: 18774958.968 B/op
                 gc.count:           9.000 counts
                 gc.time:            5.000 ms

Iteration   2: 6.404 ms/op
                 gc.alloc.rate:      2795.555 MB/sec
                 gc.alloc.rate.norm: 18775138.076 B/op
                 gc.count:           10.000 counts
                 gc.time:            4.000 ms

Iteration   3: 6.448 ms/op
                 gc.alloc.rate:      2776.635 MB/sec
                 gc.alloc.rate.norm: 18774973.707 B/op
                 gc.count:           9.000 counts
                 gc.time:            5.000 ms

Iteration   4: 6.486 ms/op
                 gc.alloc.rate:      2760.298 MB/sec
                 gc.alloc.rate.norm: 18774581.949 B/op
                 gc.count:           9.000 counts
                 gc.time:            4.000 ms

Iteration   5: 6.396 ms/op
                 gc.alloc.rate:      2798.922 MB/sec
                 gc.alloc.rate.norm: 18774892.000 B/op
                 gc.count:           9.000 counts
                 gc.time:            4.000 ms


# Run progress: 37.04% complete, ETA 00:11:58
# Fork: 2 of 3
WARNING: A terminally deprecated method in sun.misc.Unsafe has been called
WARNING: sun.misc.Unsafe::objectFieldOffset has been called by org.openjdk.jmh.util.Utils (file:/Users/jaehyeon/Documents/Obsidian%20Vault/2026/04.%ed%98%b8%ec%84%9c%eb%8c%80%ed%95%99%ea%b5%90/11.%ec%b0%a8%ec%84%b8%eb%8c%80%ec%bb%b4%ed%93%a8%ed%8c%85%ed%95%99%ed%9a%8c%eb%85%bc%eb%ac%b8/JavaStream_%ed%82%a4%ed%8e%b8%ed%96%a5/.deps/jmh-core-1.37.jar)
WARNING: Please consider reporting this to the maintainers of class org.openjdk.jmh.util.Utils
WARNING: sun.misc.Unsafe::objectFieldOffset will be removed in a future release
# Warmup Iteration   1: Input: n=1000000, keys=32768, observedHotFraction=0.500000, poolParallelism=3, availableProcessors=10
7.052 ms/op
# Warmup Iteration   2: 7.104 ms/op
# Warmup Iteration   3: 7.028 ms/op
# Warmup Iteration   4: 7.053 ms/op
# Warmup Iteration   5: 7.042 ms/op
Iteration   1: 6.962 ms/op
                 gc.alloc.rate:      2571.272 MB/sec
                 gc.alloc.rate.norm: 18774295.068 B/op
                 gc.count:           8.000 counts
                 gc.time:            4.000 ms

Iteration   2: 6.978 ms/op
                 gc.alloc.rate:      2565.851 MB/sec
                 gc.alloc.rate.norm: 18774776.276 B/op
                 gc.count:           9.000 counts
                 gc.time:            4.000 ms

Iteration   3: 6.992 ms/op
                 gc.alloc.rate:      2560.599 MB/sec
                 gc.alloc.rate.norm: 18774412.966 B/op
                 gc.count:           8.000 counts
                 gc.time:            4.000 ms

Iteration   4: 7.023 ms/op
                 gc.alloc.rate:      2549.079 MB/sec
                 gc.alloc.rate.norm: 18774171.889 B/op
                 gc.count:           9.000 counts
                 gc.time:            4.000 ms

Iteration   5: 7.051 ms/op
                 gc.alloc.rate:      2539.102 MB/sec
                 gc.alloc.rate.norm: 18773927.667 B/op
                 gc.count:           8.000 counts
                 gc.time:            4.000 ms


# Run progress: 37.96% complete, ETA 00:11:47
# Fork: 3 of 3
WARNING: A terminally deprecated method in sun.misc.Unsafe has been called
WARNING: sun.misc.Unsafe::objectFieldOffset has been called by org.openjdk.jmh.util.Utils (file:/Users/jaehyeon/Documents/Obsidian%20Vault/2026/04.%ed%98%b8%ec%84%9c%eb%8c%80%ed%95%99%ea%b5%90/11.%ec%b0%a8%ec%84%b8%eb%8c%80%ec%bb%b4%ed%93%a8%ed%8c%85%ed%95%99%ed%9a%8c%eb%85%bc%eb%ac%b8/JavaStream_%ed%82%a4%ed%8e%b8%ed%96%a5/.deps/jmh-core-1.37.jar)
WARNING: Please consider reporting this to the maintainers of class org.openjdk.jmh.util.Utils
WARNING: sun.misc.Unsafe::objectFieldOffset will be removed in a future release
# Warmup Iteration   1: Input: n=1000000, keys=32768, observedHotFraction=0.500000, poolParallelism=3, availableProcessors=10
6.688 ms/op
# Warmup Iteration   2: 6.582 ms/op
# Warmup Iteration   3: 6.460 ms/op
# Warmup Iteration   4: 6.480 ms/op
# Warmup Iteration   5: 6.698 ms/op
Iteration   1: 6.727 ms/op
                 gc.alloc.rate:      2661.455 MB/sec
                 gc.alloc.rate.norm: 18774963.815 B/op
                 gc.count:           9.000 counts
                 gc.time:            4.000 ms

Iteration   2: 6.578 ms/op
                 gc.alloc.rate:      2721.932 MB/sec
                 gc.alloc.rate.norm: 18775000.366 B/op
                 gc.count:           9.000 counts
                 gc.time:            4.000 ms

Iteration   3: 6.333 ms/op
                 gc.alloc.rate:      2826.953 MB/sec
                 gc.alloc.rate.norm: 18775052.450 B/op
                 gc.count:           9.000 counts
                 gc.time:            5.000 ms

Iteration   4: 6.329 ms/op
                 gc.alloc.rate:      2828.966 MB/sec
                 gc.alloc.rate.norm: 18774976.755 B/op
                 gc.count:           9.000 counts
                 gc.time:            4.000 ms

Iteration   5: 6.318 ms/op
                 gc.alloc.rate:      2833.609 MB/sec
                 gc.alloc.rate.norm: 18775058.250 B/op
                 gc.count:           10.000 counts
                 gc.time:            5.000 ms



Result "research.skew.AggregationBenchmark.parallelConcurrentAdder":
  6.638 ±(99.9%) 0.306 ms/op [Average]
  (min, avg, max) = (6.318, 6.638, 7.051), stdev = 0.286
  CI (99.9%): [6.332, 6.944] (assumes normal distribution)

Secondary result "research.skew.AggregationBenchmark.parallelConcurrentAdder:gc.alloc.rate":
  2701.680 ±(99.9%) 122.838 MB/sec [Average]
  (min, avg, max) = (2539.102, 2701.680, 2833.609), stdev = 114.903
  CI (99.9%): [2578.842, 2824.518] (assumes normal distribution)

Secondary result "research.skew.AggregationBenchmark.parallelConcurrentAdder:gc.alloc.rate.norm":
  18774745.347 ±(99.9%) 401.065 B/op [Average]
  (min, avg, max) = (18773927.667, 18774745.347, 18775138.076), stdev = 375.157
  CI (99.9%): [18774344.281, 18775146.412] (assumes normal distribution)

Secondary result "research.skew.AggregationBenchmark.parallelConcurrentAdder:gc.count":
  134.000 ±(99.9%) 0.001 counts [Sum]
  (min, avg, max) = (8.000, 8.933, 10.000), stdev = 0.594
  CI (99.9%): [134.000, 134.000] (assumes normal distribution)

Secondary result "research.skew.AggregationBenchmark.parallelConcurrentAdder:gc.time":
  64.000 ±(99.9%) 0.001 ms [Sum]
  (min, avg, max) = (4.000, 4.267, 5.000), stdev = 0.458
  CI (99.9%): [64.000, 64.000] (assumes normal distribution)


# JMH version: 1.37
# VM version: JDK 25.0.4.1, OpenJDK 64-Bit Server VM, 25.0.4.1+1-LTS
# VM invoker: /Users/jaehyeon/Library/Java/JavaVirtualMachines/temurin-25.0.4.1/Contents/Home/bin/java
# VM options: -Xms512m -Xmx512m -Djava.util.concurrent.ForkJoinPool.common.parallelism=3
# Blackhole mode: compiler (auto-detected, use -Djmh.blackhole.autoDetect=false to disable)
# Warmup: 5 iterations, 1 s each
# Measurement: 5 iterations, 1 s each
# Timeout: 10 min per iteration
# Threads: 1 thread, will synchronize iterations
# Benchmark mode: Average time, time/op
# Benchmark: research.skew.AggregationBenchmark.parallelConcurrentAdder
# Parameters: (cardinality = 32768, distribution = hot90, seed = 20260929, size = 1000000)

# Run progress: 38.89% complete, ETA 00:11:36
# Fork: 1 of 3
WARNING: A terminally deprecated method in sun.misc.Unsafe has been called
WARNING: sun.misc.Unsafe::objectFieldOffset has been called by org.openjdk.jmh.util.Utils (file:/Users/jaehyeon/Documents/Obsidian%20Vault/2026/04.%ed%98%b8%ec%84%9c%eb%8c%80%ed%95%99%ea%b5%90/11.%ec%b0%a8%ec%84%b8%eb%8c%80%ec%bb%b4%ed%93%a8%ed%8c%85%ed%95%99%ed%9a%8c%eb%85%bc%eb%ac%b8/JavaStream_%ed%82%a4%ed%8e%b8%ed%96%a5/.deps/jmh-core-1.37.jar)
WARNING: Please consider reporting this to the maintainers of class org.openjdk.jmh.util.Utils
WARNING: sun.misc.Unsafe::objectFieldOffset will be removed in a future release
# Warmup Iteration   1: Input: n=1000000, keys=32768, observedHotFraction=0.900000, poolParallelism=3, availableProcessors=10
4.235 ms/op
# Warmup Iteration   2: 4.077 ms/op
# Warmup Iteration   3: 4.035 ms/op
# Warmup Iteration   4: 4.047 ms/op
# Warmup Iteration   5: 4.147 ms/op
Iteration   1: 4.009 ms/op
                 gc.alloc.rate:      4464.795 MB/sec
                 gc.alloc.rate.norm: 18771139.968 B/op
                 gc.count:           14.000 counts
                 gc.time:            7.000 ms

Iteration   2: 4.201 ms/op
                 gc.alloc.rate:      4260.604 MB/sec
                 gc.alloc.rate.norm: 18771041.328 B/op
                 gc.count:           15.000 counts
                 gc.time:            7.000 ms

Iteration   3: 4.167 ms/op
                 gc.alloc.rate:      4295.413 MB/sec
                 gc.alloc.rate.norm: 18771083.687 B/op
                 gc.count:           14.000 counts
                 gc.time:            7.000 ms

Iteration   4: 4.184 ms/op
                 gc.alloc.rate:      4277.801 MB/sec
                 gc.alloc.rate.norm: 18771182.215 B/op
                 gc.count:           14.000 counts
                 gc.time:            7.000 ms

Iteration   5: 4.307 ms/op
                 gc.alloc.rate:      4155.919 MB/sec
                 gc.alloc.rate.norm: 18771165.004 B/op
                 gc.count:           14.000 counts
                 gc.time:            7.000 ms


# Run progress: 39.81% complete, ETA 00:11:26
# Fork: 2 of 3
WARNING: A terminally deprecated method in sun.misc.Unsafe has been called
WARNING: sun.misc.Unsafe::objectFieldOffset has been called by org.openjdk.jmh.util.Utils (file:/Users/jaehyeon/Documents/Obsidian%20Vault/2026/04.%ed%98%b8%ec%84%9c%eb%8c%80%ed%95%99%ea%b5%90/11.%ec%b0%a8%ec%84%b8%eb%8c%80%ec%bb%b4%ed%93%a8%ed%8c%85%ed%95%99%ed%9a%8c%eb%85%bc%eb%ac%b8/JavaStream_%ed%82%a4%ed%8e%b8%ed%96%a5/.deps/jmh-core-1.37.jar)
WARNING: Please consider reporting this to the maintainers of class org.openjdk.jmh.util.Utils
WARNING: sun.misc.Unsafe::objectFieldOffset will be removed in a future release
# Warmup Iteration   1: Input: n=1000000, keys=32768, observedHotFraction=0.900000, poolParallelism=3, availableProcessors=10
4.389 ms/op
# Warmup Iteration   2: 4.214 ms/op
# Warmup Iteration   3: 4.234 ms/op
# Warmup Iteration   4: 4.189 ms/op
# Warmup Iteration   5: 4.192 ms/op
Iteration   1: 4.215 ms/op
                 gc.alloc.rate:      4246.596 MB/sec
                 gc.alloc.rate.norm: 18771127.067 B/op
                 gc.count:           14.000 counts
                 gc.time:            7.000 ms

Iteration   2: 4.203 ms/op
                 gc.alloc.rate:      4258.311 MB/sec
                 gc.alloc.rate.norm: 18771045.544 B/op
                 gc.count:           15.000 counts
                 gc.time:            7.000 ms

Iteration   3: 4.188 ms/op
                 gc.alloc.rate:      4274.575 MB/sec
                 gc.alloc.rate.norm: 18771260.496 B/op
                 gc.count:           14.000 counts
                 gc.time:            7.000 ms

Iteration   4: 4.225 ms/op
                 gc.alloc.rate:      4236.381 MB/sec
                 gc.alloc.rate.norm: 18771222.650 B/op
                 gc.count:           14.000 counts
                 gc.time:            7.000 ms

Iteration   5: 4.198 ms/op
                 gc.alloc.rate:      4263.584 MB/sec
                 gc.alloc.rate.norm: 18771185.328 B/op
                 gc.count:           14.000 counts
                 gc.time:            7.000 ms


# Run progress: 40.74% complete, ETA 00:11:15
# Fork: 3 of 3
WARNING: A terminally deprecated method in sun.misc.Unsafe has been called
WARNING: sun.misc.Unsafe::objectFieldOffset has been called by org.openjdk.jmh.util.Utils (file:/Users/jaehyeon/Documents/Obsidian%20Vault/2026/04.%ed%98%b8%ec%84%9c%eb%8c%80%ed%95%99%ea%b5%90/11.%ec%b0%a8%ec%84%b8%eb%8c%80%ec%bb%b4%ed%93%a8%ed%8c%85%ed%95%99%ed%9a%8c%eb%85%bc%eb%ac%b8/JavaStream_%ed%82%a4%ed%8e%b8%ed%96%a5/.deps/jmh-core-1.37.jar)
WARNING: Please consider reporting this to the maintainers of class org.openjdk.jmh.util.Utils
WARNING: sun.misc.Unsafe::objectFieldOffset will be removed in a future release
# Warmup Iteration   1: Input: n=1000000, keys=32768, observedHotFraction=0.900000, poolParallelism=3, availableProcessors=10
3.928 ms/op
# Warmup Iteration   2: 3.752 ms/op
# Warmup Iteration   3: 3.762 ms/op
# Warmup Iteration   4: 3.755 ms/op
# Warmup Iteration   5: 3.771 ms/op
Iteration   1: 3.747 ms/op
                 gc.alloc.rate:      4777.339 MB/sec
                 gc.alloc.rate.norm: 18770837.940 B/op
                 gc.count:           15.000 counts
                 gc.time:            7.000 ms

Iteration   2: 3.766 ms/op
                 gc.alloc.rate:      4753.229 MB/sec
                 gc.alloc.rate.norm: 18770815.048 B/op
                 gc.count:           16.000 counts
                 gc.time:            8.000 ms

Iteration   3: 3.762 ms/op
                 gc.alloc.rate:      4757.601 MB/sec
                 gc.alloc.rate.norm: 18770636.253 B/op
                 gc.count:           16.000 counts
                 gc.time:            8.000 ms

Iteration   4: 3.758 ms/op
                 gc.alloc.rate:      4762.750 MB/sec
                 gc.alloc.rate.norm: 18770951.197 B/op
                 gc.count:           16.000 counts
                 gc.time:            7.000 ms

Iteration   5: 3.761 ms/op
                 gc.alloc.rate:      4758.883 MB/sec
                 gc.alloc.rate.norm: 18770948.610 B/op
                 gc.count:           16.000 counts
                 gc.time:            8.000 ms



Result "research.skew.AggregationBenchmark.parallelConcurrentAdder":
  4.046 ±(99.9%) 0.234 ms/op [Average]
  (min, avg, max) = (3.747, 4.046, 4.307), stdev = 0.219
  CI (99.9%): [3.813, 4.280] (assumes normal distribution)

Secondary result "research.skew.AggregationBenchmark.parallelConcurrentAdder:gc.alloc.rate":
  4436.252 ±(99.9%) 263.342 MB/sec [Average]
  (min, avg, max) = (4155.919, 4436.252, 4777.339), stdev = 246.331
  CI (99.9%): [4172.910, 4699.595] (assumes normal distribution)

Secondary result "research.skew.AggregationBenchmark.parallelConcurrentAdder:gc.alloc.rate.norm":
  18771042.822 ±(99.9%) 187.146 B/op [Average]
  (min, avg, max) = (18770636.253, 18771042.822, 18771260.496), stdev = 175.057
  CI (99.9%): [18770855.676, 18771229.969] (assumes normal distribution)

Secondary result "research.skew.AggregationBenchmark.parallelConcurrentAdder:gc.count":
  221.000 ±(99.9%) 0.001 counts [Sum]
  (min, avg, max) = (14.000, 14.733, 16.000), stdev = 0.884
  CI (99.9%): [221.000, 221.000] (assumes normal distribution)

Secondary result "research.skew.AggregationBenchmark.parallelConcurrentAdder:gc.time":
  108.000 ±(99.9%) 0.001 ms [Sum]
  (min, avg, max) = (7.000, 7.200, 8.000), stdev = 0.414
  CI (99.9%): [108.000, 108.000] (assumes normal distribution)


# JMH version: 1.37
# VM version: JDK 25.0.4.1, OpenJDK 64-Bit Server VM, 25.0.4.1+1-LTS
# VM invoker: /Users/jaehyeon/Library/Java/JavaVirtualMachines/temurin-25.0.4.1/Contents/Home/bin/java
# VM options: -Xms512m -Xmx512m -Djava.util.concurrent.ForkJoinPool.common.parallelism=3
# Blackhole mode: compiler (auto-detected, use -Djmh.blackhole.autoDetect=false to disable)
# Warmup: 5 iterations, 1 s each
# Measurement: 5 iterations, 1 s each
# Timeout: 10 min per iteration
# Threads: 1 thread, will synchronize iterations
# Benchmark mode: Average time, time/op
# Benchmark: research.skew.AggregationBenchmark.parallelConcurrentAdder
# Parameters: (cardinality = 65536, distribution = uniform, seed = 20260929, size = 1000000)

# Run progress: 41.67% complete, ETA 00:11:04
# Fork: 1 of 3
WARNING: A terminally deprecated method in sun.misc.Unsafe has been called
WARNING: sun.misc.Unsafe::objectFieldOffset has been called by org.openjdk.jmh.util.Utils (file:/Users/jaehyeon/Documents/Obsidian%20Vault/2026/04.%ed%98%b8%ec%84%9c%eb%8c%80%ed%95%99%ea%b5%90/11.%ec%b0%a8%ec%84%b8%eb%8c%80%ec%bb%b4%ed%93%a8%ed%8c%85%ed%95%99%ed%9a%8c%eb%85%bc%eb%ac%b8/JavaStream_%ed%82%a4%ed%8e%b8%ed%96%a5/.deps/jmh-core-1.37.jar)
WARNING: Please consider reporting this to the maintainers of class org.openjdk.jmh.util.Utils
WARNING: sun.misc.Unsafe::objectFieldOffset will be removed in a future release
# Warmup Iteration   1: Input: n=1000000, keys=65536, observedHotFraction=0.000016, poolParallelism=3, availableProcessors=10
8.352 ms/op
# Warmup Iteration   2: 8.057 ms/op
# Warmup Iteration   3: 8.057 ms/op
# Warmup Iteration   4: 8.243 ms/op
# Warmup Iteration   5: 8.070 ms/op
Iteration   1: 8.065 ms/op
                 gc.alloc.rate:      2546.613 MB/sec
                 gc.alloc.rate.norm: 21538742.976 B/op
                 gc.count:           9.000 counts
                 gc.time:            6.000 ms

Iteration   2: 8.106 ms/op
                 gc.alloc.rate:      2533.985 MB/sec
                 gc.alloc.rate.norm: 21539144.768 B/op
                 gc.count:           8.000 counts
                 gc.time:            6.000 ms

Iteration   3: 8.132 ms/op
                 gc.alloc.rate:      2525.793 MB/sec
                 gc.alloc.rate.norm: 21538964.992 B/op
                 gc.count:           9.000 counts
                 gc.time:            6.000 ms

Iteration   4: 8.075 ms/op
                 gc.alloc.rate:      2543.498 MB/sec
                 gc.alloc.rate.norm: 21539481.841 B/op
                 gc.count:           8.000 counts
                 gc.time:            6.000 ms

Iteration   5: 8.097 ms/op
                 gc.alloc.rate:      2536.532 MB/sec
                 gc.alloc.rate.norm: 21539092.224 B/op
                 gc.count:           9.000 counts
                 gc.time:            6.000 ms


# Run progress: 42.59% complete, ETA 00:10:53
# Fork: 2 of 3
WARNING: A terminally deprecated method in sun.misc.Unsafe has been called
WARNING: sun.misc.Unsafe::objectFieldOffset has been called by org.openjdk.jmh.util.Utils (file:/Users/jaehyeon/Documents/Obsidian%20Vault/2026/04.%ed%98%b8%ec%84%9c%eb%8c%80%ed%95%99%ea%b5%90/11.%ec%b0%a8%ec%84%b8%eb%8c%80%ec%bb%b4%ed%93%a8%ed%8c%85%ed%95%99%ed%9a%8c%eb%85%bc%eb%ac%b8/JavaStream_%ed%82%a4%ed%8e%b8%ed%96%a5/.deps/jmh-core-1.37.jar)
WARNING: Please consider reporting this to the maintainers of class org.openjdk.jmh.util.Utils
WARNING: sun.misc.Unsafe::objectFieldOffset will be removed in a future release
# Warmup Iteration   1: Input: n=1000000, keys=65536, observedHotFraction=0.000016, poolParallelism=3, availableProcessors=10
9.012 ms/op
# Warmup Iteration   2: 8.785 ms/op
# Warmup Iteration   3: 8.951 ms/op
# Warmup Iteration   4: 8.710 ms/op
# Warmup Iteration   5: 8.718 ms/op
Iteration   1: 8.714 ms/op
                 gc.alloc.rate:      2356.865 MB/sec
                 gc.alloc.rate.norm: 21538186.345 B/op
                 gc.count:           8.000 counts
                 gc.time:            6.000 ms

Iteration   2: 8.710 ms/op
                 gc.alloc.rate:      2358.102 MB/sec
                 gc.alloc.rate.norm: 21538039.034 B/op
                 gc.count:           8.000 counts
                 gc.time:            6.000 ms

Iteration   3: 8.741 ms/op
                 gc.alloc.rate:      2349.738 MB/sec
                 gc.alloc.rate.norm: 21538101.517 B/op
                 gc.count:           8.000 counts
                 gc.time:            5.000 ms

Iteration   4: 8.712 ms/op
                 gc.alloc.rate:      2357.469 MB/sec
                 gc.alloc.rate.norm: 21538022.069 B/op
                 gc.count:           8.000 counts
                 gc.time:            6.000 ms

Iteration   5: 8.675 ms/op
                 gc.alloc.rate:      2367.579 MB/sec
                 gc.alloc.rate.norm: 21538199.932 B/op
                 gc.count:           8.000 counts
                 gc.time:            5.000 ms


# Run progress: 43.52% complete, ETA 00:10:43
# Fork: 3 of 3
WARNING: A terminally deprecated method in sun.misc.Unsafe has been called
WARNING: sun.misc.Unsafe::objectFieldOffset has been called by org.openjdk.jmh.util.Utils (file:/Users/jaehyeon/Documents/Obsidian%20Vault/2026/04.%ed%98%b8%ec%84%9c%eb%8c%80%ed%95%99%ea%b5%90/11.%ec%b0%a8%ec%84%b8%eb%8c%80%ec%bb%b4%ed%93%a8%ed%8c%85%ed%95%99%ed%9a%8c%eb%85%bc%eb%ac%b8/JavaStream_%ed%82%a4%ed%8e%b8%ed%96%a5/.deps/jmh-core-1.37.jar)
WARNING: Please consider reporting this to the maintainers of class org.openjdk.jmh.util.Utils
WARNING: sun.misc.Unsafe::objectFieldOffset will be removed in a future release
# Warmup Iteration   1: Input: n=1000000, keys=65536, observedHotFraction=0.000016, poolParallelism=3, availableProcessors=10
8.310 ms/op
# Warmup Iteration   2: 8.076 ms/op
# Warmup Iteration   3: 8.035 ms/op
# Warmup Iteration   4: 8.065 ms/op
# Warmup Iteration   5: 8.022 ms/op
Iteration   1: 8.022 ms/op
                 gc.alloc.rate:      2560.423 MB/sec
                 gc.alloc.rate.norm: 21538964.698 B/op
                 gc.count:           8.000 counts
                 gc.time:            6.000 ms

Iteration   2: 8.020 ms/op
                 gc.alloc.rate:      2561.115 MB/sec
                 gc.alloc.rate.norm: 21538738.540 B/op
                 gc.count:           9.000 counts
                 gc.time:            6.000 ms

Iteration   3: 8.012 ms/op
                 gc.alloc.rate:      2563.610 MB/sec
                 gc.alloc.rate.norm: 21538984.945 B/op
                 gc.count:           8.000 counts
                 gc.time:            6.000 ms

Iteration   4: 8.029 ms/op
                 gc.alloc.rate:      2558.190 MB/sec
                 gc.alloc.rate.norm: 21539132.635 B/op
                 gc.count:           9.000 counts
                 gc.time:            7.000 ms

Iteration   5: 8.157 ms/op
                 gc.alloc.rate:      2517.850 MB/sec
                 gc.alloc.rate.norm: 21539021.355 B/op
                 gc.count:           8.000 counts
                 gc.time:            5.000 ms



Result "research.skew.AggregationBenchmark.parallelConcurrentAdder":
  8.284 ±(99.9%) 0.336 ms/op [Average]
  (min, avg, max) = (8.012, 8.284, 8.741), stdev = 0.315
  CI (99.9%): [7.948, 8.621] (assumes normal distribution)

Secondary result "research.skew.AggregationBenchmark.parallelConcurrentAdder:gc.alloc.rate":
  2482.491 ±(99.9%) 98.484 MB/sec [Average]
  (min, avg, max) = (2349.738, 2482.491, 2563.610), stdev = 92.122
  CI (99.9%): [2384.007, 2580.975] (assumes normal distribution)

Secondary result "research.skew.AggregationBenchmark.parallelConcurrentAdder:gc.alloc.rate.norm":
  21538721.191 ±(99.9%) 514.294 B/op [Average]
  (min, avg, max) = (21538022.069, 21538721.191, 21539481.841), stdev = 481.071
  CI (99.9%): [21538206.897, 21539235.485] (assumes normal distribution)

Secondary result "research.skew.AggregationBenchmark.parallelConcurrentAdder:gc.count":
  125.000 ±(99.9%) 0.001 counts [Sum]
  (min, avg, max) = (8.000, 8.333, 9.000), stdev = 0.488
  CI (99.9%): [125.000, 125.000] (assumes normal distribution)

Secondary result "research.skew.AggregationBenchmark.parallelConcurrentAdder:gc.time":
  88.000 ±(99.9%) 0.001 ms [Sum]
  (min, avg, max) = (5.000, 5.867, 7.000), stdev = 0.516
  CI (99.9%): [88.000, 88.000] (assumes normal distribution)


# JMH version: 1.37
# VM version: JDK 25.0.4.1, OpenJDK 64-Bit Server VM, 25.0.4.1+1-LTS
# VM invoker: /Users/jaehyeon/Library/Java/JavaVirtualMachines/temurin-25.0.4.1/Contents/Home/bin/java
# VM options: -Xms512m -Xmx512m -Djava.util.concurrent.ForkJoinPool.common.parallelism=3
# Blackhole mode: compiler (auto-detected, use -Djmh.blackhole.autoDetect=false to disable)
# Warmup: 5 iterations, 1 s each
# Measurement: 5 iterations, 1 s each
# Timeout: 10 min per iteration
# Threads: 1 thread, will synchronize iterations
# Benchmark mode: Average time, time/op
# Benchmark: research.skew.AggregationBenchmark.parallelConcurrentAdder
# Parameters: (cardinality = 65536, distribution = hot50, seed = 20260929, size = 1000000)

# Run progress: 44.44% complete, ETA 00:10:32
# Fork: 1 of 3
WARNING: A terminally deprecated method in sun.misc.Unsafe has been called
WARNING: sun.misc.Unsafe::objectFieldOffset has been called by org.openjdk.jmh.util.Utils (file:/Users/jaehyeon/Documents/Obsidian%20Vault/2026/04.%ed%98%b8%ec%84%9c%eb%8c%80%ed%95%99%ea%b5%90/11.%ec%b0%a8%ec%84%b8%eb%8c%80%ec%bb%b4%ed%93%a8%ed%8c%85%ed%95%99%ed%9a%8c%eb%85%bc%eb%ac%b8/JavaStream_%ed%82%a4%ed%8e%b8%ed%96%a5/.deps/jmh-core-1.37.jar)
WARNING: Please consider reporting this to the maintainers of class org.openjdk.jmh.util.Utils
WARNING: sun.misc.Unsafe::objectFieldOffset will be removed in a future release
# Warmup Iteration   1: Input: n=1000000, keys=65536, observedHotFraction=0.500000, poolParallelism=3, availableProcessors=10
6.997 ms/op
# Warmup Iteration   2: 6.893 ms/op
# Warmup Iteration   3: 6.977 ms/op
# Warmup Iteration   4: 6.832 ms/op
# Warmup Iteration   5: 6.893 ms/op
Iteration   1: 6.822 ms/op
                 gc.alloc.rate:      3010.336 MB/sec
                 gc.alloc.rate.norm: 21535579.114 B/op
                 gc.count:           10.000 counts
                 gc.time:            8.000 ms

Iteration   2: 6.841 ms/op
                 gc.alloc.rate:      3001.943 MB/sec
                 gc.alloc.rate.norm: 21535488.378 B/op
                 gc.count:           11.000 counts
                 gc.time:            8.000 ms

Iteration   3: 6.792 ms/op
                 gc.alloc.rate:      3023.545 MB/sec
                 gc.alloc.rate.norm: 21535283.275 B/op
                 gc.count:           10.000 counts
                 gc.time:            7.000 ms

Iteration   4: 6.894 ms/op
                 gc.alloc.rate:      2978.469 MB/sec
                 gc.alloc.rate.norm: 21535543.673 B/op
                 gc.count:           10.000 counts
                 gc.time:            7.000 ms

Iteration   5: 6.814 ms/op
                 gc.alloc.rate:      3013.489 MB/sec
                 gc.alloc.rate.norm: 21535544.805 B/op
                 gc.count:           10.000 counts
                 gc.time:            7.000 ms


# Run progress: 45.37% complete, ETA 00:10:21
# Fork: 2 of 3
WARNING: A terminally deprecated method in sun.misc.Unsafe has been called
WARNING: sun.misc.Unsafe::objectFieldOffset has been called by org.openjdk.jmh.util.Utils (file:/Users/jaehyeon/Documents/Obsidian%20Vault/2026/04.%ed%98%b8%ec%84%9c%eb%8c%80%ed%95%99%ea%b5%90/11.%ec%b0%a8%ec%84%b8%eb%8c%80%ec%bb%b4%ed%93%a8%ed%8c%85%ed%95%99%ed%9a%8c%eb%85%bc%eb%ac%b8/JavaStream_%ed%82%a4%ed%8e%b8%ed%96%a5/.deps/jmh-core-1.37.jar)
WARNING: Please consider reporting this to the maintainers of class org.openjdk.jmh.util.Utils
WARNING: sun.misc.Unsafe::objectFieldOffset will be removed in a future release
# Warmup Iteration   1: Input: n=1000000, keys=65536, observedHotFraction=0.500000, poolParallelism=3, availableProcessors=10
7.253 ms/op
# Warmup Iteration   2: 6.946 ms/op
# Warmup Iteration   3: 6.971 ms/op
# Warmup Iteration   4: 6.986 ms/op
# Warmup Iteration   5: 6.982 ms/op
Iteration   1: 6.957 ms/op
                 gc.alloc.rate:      2951.661 MB/sec
                 gc.alloc.rate.norm: 21535252.524 B/op
                 gc.count:           10.000 counts
                 gc.time:            8.000 ms

Iteration   2: 6.989 ms/op
                 gc.alloc.rate:      2938.414 MB/sec
                 gc.alloc.rate.norm: 21535191.007 B/op
                 gc.count:           9.000 counts
                 gc.time:            6.000 ms

Iteration   3: 6.930 ms/op
                 gc.alloc.rate:      2963.452 MB/sec
                 gc.alloc.rate.norm: 21535264.164 B/op
                 gc.count:           10.000 counts
                 gc.time:            8.000 ms

Iteration   4: 6.933 ms/op
                 gc.alloc.rate:      2962.000 MB/sec
                 gc.alloc.rate.norm: 21535788.800 B/op
                 gc.count:           10.000 counts
                 gc.time:            7.000 ms

Iteration   5: 7.007 ms/op
                 gc.alloc.rate:      2930.854 MB/sec
                 gc.alloc.rate.norm: 21535367.503 B/op
                 gc.count:           10.000 counts
                 gc.time:            8.000 ms


# Run progress: 46.30% complete, ETA 00:10:11
# Fork: 3 of 3
WARNING: A terminally deprecated method in sun.misc.Unsafe has been called
WARNING: sun.misc.Unsafe::objectFieldOffset has been called by org.openjdk.jmh.util.Utils (file:/Users/jaehyeon/Documents/Obsidian%20Vault/2026/04.%ed%98%b8%ec%84%9c%eb%8c%80%ed%95%99%ea%b5%90/11.%ec%b0%a8%ec%84%b8%eb%8c%80%ec%bb%b4%ed%93%a8%ed%8c%85%ed%95%99%ed%9a%8c%eb%85%bc%eb%ac%b8/JavaStream_%ed%82%a4%ed%8e%b8%ed%96%a5/.deps/jmh-core-1.37.jar)
WARNING: Please consider reporting this to the maintainers of class org.openjdk.jmh.util.Utils
WARNING: sun.misc.Unsafe::objectFieldOffset will be removed in a future release
# Warmup Iteration   1: Input: n=1000000, keys=65536, observedHotFraction=0.500000, poolParallelism=3, availableProcessors=10
7.042 ms/op
# Warmup Iteration   2: 6.734 ms/op
# Warmup Iteration   3: 6.971 ms/op
# Warmup Iteration   4: 6.820 ms/op
# Warmup Iteration   5: 6.867 ms/op
Iteration   1: 6.787 ms/op
                 gc.alloc.rate:      3025.667 MB/sec
                 gc.alloc.rate.norm: 21535160.913 B/op
                 gc.count:           10.000 counts
                 gc.time:            7.000 ms

Iteration   2: 6.756 ms/op
                 gc.alloc.rate:      3039.824 MB/sec
                 gc.alloc.rate.norm: 21535363.093 B/op
                 gc.count:           10.000 counts
                 gc.time:            8.000 ms

Iteration   3: 6.835 ms/op
                 gc.alloc.rate:      3004.375 MB/sec
                 gc.alloc.rate.norm: 21535195.784 B/op
                 gc.count:           10.000 counts
                 gc.time:            7.000 ms

Iteration   4: 6.814 ms/op
                 gc.alloc.rate:      3013.794 MB/sec
                 gc.alloc.rate.norm: 21535277.262 B/op
                 gc.count:           10.000 counts
                 gc.time:            7.000 ms

Iteration   5: 6.773 ms/op
                 gc.alloc.rate:      3031.725 MB/sec
                 gc.alloc.rate.norm: 21535356.427 B/op
                 gc.count:           10.000 counts
                 gc.time:            7.000 ms



Result "research.skew.AggregationBenchmark.parallelConcurrentAdder":
  6.863 ±(99.9%) 0.087 ms/op [Average]
  (min, avg, max) = (6.756, 6.863, 7.007), stdev = 0.082
  CI (99.9%): [6.775, 6.950] (assumes normal distribution)

Secondary result "research.skew.AggregationBenchmark.parallelConcurrentAdder:gc.alloc.rate":
  2992.636 ±(99.9%) 37.957 MB/sec [Average]
  (min, avg, max) = (2930.854, 2992.636, 3039.824), stdev = 35.505
  CI (99.9%): [2954.680, 3030.593] (assumes normal distribution)

Secondary result "research.skew.AggregationBenchmark.parallelConcurrentAdder:gc.alloc.rate.norm":
  21535377.115 ±(99.9%) 189.646 B/op [Average]
  (min, avg, max) = (21535160.913, 21535377.115, 21535788.800), stdev = 177.395
  CI (99.9%): [21535187.469, 21535566.761] (assumes normal distribution)

Secondary result "research.skew.AggregationBenchmark.parallelConcurrentAdder:gc.count":
  150.000 ±(99.9%) 0.001 counts [Sum]
  (min, avg, max) = (9.000, 10.000, 11.000), stdev = 0.378
  CI (99.9%): [150.000, 150.000] (assumes normal distribution)

Secondary result "research.skew.AggregationBenchmark.parallelConcurrentAdder:gc.time":
  110.000 ±(99.9%) 0.001 ms [Sum]
  (min, avg, max) = (6.000, 7.333, 8.000), stdev = 0.617
  CI (99.9%): [110.000, 110.000] (assumes normal distribution)


# JMH version: 1.37
# VM version: JDK 25.0.4.1, OpenJDK 64-Bit Server VM, 25.0.4.1+1-LTS
# VM invoker: /Users/jaehyeon/Library/Java/JavaVirtualMachines/temurin-25.0.4.1/Contents/Home/bin/java
# VM options: -Xms512m -Xmx512m -Djava.util.concurrent.ForkJoinPool.common.parallelism=3
# Blackhole mode: compiler (auto-detected, use -Djmh.blackhole.autoDetect=false to disable)
# Warmup: 5 iterations, 1 s each
# Measurement: 5 iterations, 1 s each
# Timeout: 10 min per iteration
# Threads: 1 thread, will synchronize iterations
# Benchmark mode: Average time, time/op
# Benchmark: research.skew.AggregationBenchmark.parallelConcurrentAdder
# Parameters: (cardinality = 65536, distribution = hot90, seed = 20260929, size = 1000000)

# Run progress: 47.22% complete, ETA 00:10:00
# Fork: 1 of 3
WARNING: A terminally deprecated method in sun.misc.Unsafe has been called
WARNING: sun.misc.Unsafe::objectFieldOffset has been called by org.openjdk.jmh.util.Utils (file:/Users/jaehyeon/Documents/Obsidian%20Vault/2026/04.%ed%98%b8%ec%84%9c%eb%8c%80%ed%95%99%ea%b5%90/11.%ec%b0%a8%ec%84%b8%eb%8c%80%ec%bb%b4%ed%93%a8%ed%8c%85%ed%95%99%ed%9a%8c%eb%85%bc%eb%ac%b8/JavaStream_%ed%82%a4%ed%8e%b8%ed%96%a5/.deps/jmh-core-1.37.jar)
WARNING: Please consider reporting this to the maintainers of class org.openjdk.jmh.util.Utils
WARNING: sun.misc.Unsafe::objectFieldOffset will be removed in a future release
# Warmup Iteration   1: Input: n=1000000, keys=65536, observedHotFraction=0.900000, poolParallelism=3, availableProcessors=10
46.008 ms/op
# Warmup Iteration   2: 36.468 ms/op
# Warmup Iteration   3: 46.661 ms/op
# Warmup Iteration   4: 37.173 ms/op
# Warmup Iteration   5: 36.208 ms/op
Iteration   1: 45.998 ms/op
                 gc.alloc.rate:      446.395 MB/sec
                 gc.alloc.rate.norm: 21533048.000 B/op
                 gc.count:           2.000 counts
                 gc.time:            2.000 ms

Iteration   2: 30.534 ms/op
                 gc.alloc.rate:      672.504 MB/sec
                 gc.alloc.rate.norm: 21533472.941 B/op
                 gc.count:           2.000 counts
                 gc.time:            3.000 ms

Iteration   3: 42.020 ms/op
                 gc.alloc.rate:      488.652 MB/sec
                 gc.alloc.rate.norm: 21532391.000 B/op
                 gc.count:           2.000 counts
                 gc.time:            3.000 ms

Iteration   4: 39.772 ms/op
                 gc.alloc.rate:      516.252 MB/sec
                 gc.alloc.rate.norm: 21531845.231 B/op
                 gc.count:           2.000 counts
                 gc.time:            2.000 ms

Iteration   5: 43.456 ms/op
                 gc.alloc.rate:      472.478 MB/sec
                 gc.alloc.rate.norm: 21531928.667 B/op
                 gc.count:           1.000 counts
                 gc.time:            1.000 ms


# Run progress: 48.15% complete, ETA 00:09:50
# Fork: 2 of 3
WARNING: A terminally deprecated method in sun.misc.Unsafe has been called
WARNING: sun.misc.Unsafe::objectFieldOffset has been called by org.openjdk.jmh.util.Utils (file:/Users/jaehyeon/Documents/Obsidian%20Vault/2026/04.%ed%98%b8%ec%84%9c%eb%8c%80%ed%95%99%ea%b5%90/11.%ec%b0%a8%ec%84%b8%eb%8c%80%ec%bb%b4%ed%93%a8%ed%8c%85%ed%95%99%ed%9a%8c%eb%85%bc%eb%ac%b8/JavaStream_%ed%82%a4%ed%8e%b8%ed%96%a5/.deps/jmh-core-1.37.jar)
WARNING: Please consider reporting this to the maintainers of class org.openjdk.jmh.util.Utils
WARNING: sun.misc.Unsafe::objectFieldOffset will be removed in a future release
# Warmup Iteration   1: Input: n=1000000, keys=65536, observedHotFraction=0.900000, poolParallelism=3, availableProcessors=10
32.587 ms/op
# Warmup Iteration   2: 39.758 ms/op
# Warmup Iteration   3: 35.100 ms/op
# Warmup Iteration   4: 32.922 ms/op
# Warmup Iteration   5: 38.911 ms/op
Iteration   1: 37.117 ms/op
                 gc.alloc.rate:      553.213 MB/sec
                 gc.alloc.rate.norm: 21533094.571 B/op
                 gc.count:           2.000 counts
                 gc.time:            7.000 ms

Iteration   2: 43.080 ms/op
                 gc.alloc.rate:      476.632 MB/sec
                 gc.alloc.rate.norm: 21532776.000 B/op
                 gc.count:           2.000 counts
                 gc.time:            7.000 ms

Iteration   3: 37.441 ms/op
                 gc.alloc.rate:      548.405 MB/sec
                 gc.alloc.rate.norm: 21532226.074 B/op
                 gc.count:           2.000 counts
                 gc.time:            5.000 ms

Iteration   4: 43.849 ms/op
                 gc.alloc.rate:      468.256 MB/sec
                 gc.alloc.rate.norm: 21531800.000 B/op
                 gc.count:           2.000 counts
                 gc.time:            1.000 ms

Iteration   5: 36.512 ms/op
                 gc.alloc.rate:      562.352 MB/sec
                 gc.alloc.rate.norm: 21532467.143 B/op
                 gc.count:           1.000 counts
                 gc.time:            ≈ 0 ms


# Run progress: 49.07% complete, ETA 00:09:39
# Fork: 3 of 3
WARNING: A terminally deprecated method in sun.misc.Unsafe has been called
WARNING: sun.misc.Unsafe::objectFieldOffset has been called by org.openjdk.jmh.util.Utils (file:/Users/jaehyeon/Documents/Obsidian%20Vault/2026/04.%ed%98%b8%ec%84%9c%eb%8c%80%ed%95%99%ea%b5%90/11.%ec%b0%a8%ec%84%b8%eb%8c%80%ec%bb%b4%ed%93%a8%ed%8c%85%ed%95%99%ed%9a%8c%eb%85%bc%eb%ac%b8/JavaStream_%ed%82%a4%ed%8e%b8%ed%96%a5/.deps/jmh-core-1.37.jar)
WARNING: Please consider reporting this to the maintainers of class org.openjdk.jmh.util.Utils
WARNING: sun.misc.Unsafe::objectFieldOffset will be removed in a future release
# Warmup Iteration   1: Input: n=1000000, keys=65536, observedHotFraction=0.900000, poolParallelism=3, availableProcessors=10
29.650 ms/op
# Warmup Iteration   2: 37.724 ms/op
# Warmup Iteration   3: 29.270 ms/op
# Warmup Iteration   4: 36.357 ms/op
# Warmup Iteration   5: 35.873 ms/op
Iteration   1: 33.885 ms/op
                 gc.alloc.rate:      605.946 MB/sec
                 gc.alloc.rate.norm: 21532327.467 B/op
                 gc.count:           2.000 counts
                 gc.time:            8.000 ms

Iteration   2: 33.537 ms/op
                 gc.alloc.rate:      612.271 MB/sec
                 gc.alloc.rate.norm: 21533018.400 B/op
                 gc.count:           2.000 counts
                 gc.time:            8.000 ms

Iteration   3: 37.920 ms/op
                 gc.alloc.rate:      541.502 MB/sec
                 gc.alloc.rate.norm: 21532867.556 B/op
                 gc.count:           2.000 counts
                 gc.time:            3.000 ms

Iteration   4: 32.004 ms/op
                 gc.alloc.rate:      641.590 MB/sec
                 gc.alloc.rate.norm: 21533100.606 B/op
                 gc.count:           3.000 counts
                 gc.time:            2.000 ms

Iteration   5: 32.185 ms/op
                 gc.alloc.rate:      637.987 MB/sec
                 gc.alloc.rate.norm: 21533311.500 B/op
                 gc.count:           2.000 counts
                 gc.time:            1.000 ms



Result "research.skew.AggregationBenchmark.parallelConcurrentAdder":
  37.954 ±(99.9%) 5.258 ms/op [Average]
  (min, avg, max) = (30.534, 37.954, 45.998), stdev = 4.919
  CI (99.9%): [32.696, 43.212] (assumes normal distribution)

Secondary result "research.skew.AggregationBenchmark.parallelConcurrentAdder:gc.alloc.rate":
  549.629 ±(99.9%) 76.715 MB/sec [Average]
  (min, avg, max) = (446.395, 549.629, 672.504), stdev = 71.759
  CI (99.9%): [472.914, 626.344] (assumes normal distribution)

Secondary result "research.skew.AggregationBenchmark.parallelConcurrentAdder:gc.alloc.rate.norm":
  21532645.010 ±(99.9%) 581.856 B/op [Average]
  (min, avg, max) = (21531800.000, 21532645.010, 21533472.941), stdev = 544.268
  CI (99.9%): [21532063.154, 21533226.866] (assumes normal distribution)

Secondary result "research.skew.AggregationBenchmark.parallelConcurrentAdder:gc.count":
  29.000 ±(99.9%) 0.001 counts [Sum]
  (min, avg, max) = (1.000, 1.933, 3.000), stdev = 0.458
  CI (99.9%): [29.000, 29.000] (assumes normal distribution)

Secondary result "research.skew.AggregationBenchmark.parallelConcurrentAdder:gc.time":
  53.000 ±(99.9%) 0.001 ms [Sum]
  (min, avg, max) = (≈ 0, 3.533, 8.000), stdev = 2.748
  CI (99.9%): [53.000, 53.000] (assumes normal distribution)


# JMH version: 1.37
# VM version: JDK 25.0.4.1, OpenJDK 64-Bit Server VM, 25.0.4.1+1-LTS
# VM invoker: /Users/jaehyeon/Library/Java/JavaVirtualMachines/temurin-25.0.4.1/Contents/Home/bin/java
# VM options: -Xms512m -Xmx512m -Djava.util.concurrent.ForkJoinPool.common.parallelism=3
# Blackhole mode: compiler (auto-detected, use -Djmh.blackhole.autoDetect=false to disable)
# Warmup: 5 iterations, 1 s each
# Measurement: 5 iterations, 1 s each
# Timeout: 10 min per iteration
# Threads: 1 thread, will synchronize iterations
# Benchmark mode: Average time, time/op
# Benchmark: research.skew.AggregationBenchmark.parallelMerge
# Parameters: (cardinality = 16384, distribution = uniform, seed = 20260929, size = 1000000)

# Run progress: 50.00% complete, ETA 00:09:29
# Fork: 1 of 3
WARNING: A terminally deprecated method in sun.misc.Unsafe has been called
WARNING: sun.misc.Unsafe::objectFieldOffset has been called by org.openjdk.jmh.util.Utils (file:/Users/jaehyeon/Documents/Obsidian%20Vault/2026/04.%ed%98%b8%ec%84%9c%eb%8c%80%ed%95%99%ea%b5%90/11.%ec%b0%a8%ec%84%b8%eb%8c%80%ec%bb%b4%ed%93%a8%ed%8c%85%ed%95%99%ed%9a%8c%eb%85%bc%eb%ac%b8/JavaStream_%ed%82%a4%ed%8e%b8%ed%96%a5/.deps/jmh-core-1.37.jar)
WARNING: Please consider reporting this to the maintainers of class org.openjdk.jmh.util.Utils
WARNING: sun.misc.Unsafe::objectFieldOffset will be removed in a future release
# Warmup Iteration   1: Input: n=1000000, keys=16384, observedHotFraction=0.000062, poolParallelism=3, availableProcessors=10
5.690 ms/op
# Warmup Iteration   2: 5.567 ms/op
# Warmup Iteration   3: 5.718 ms/op
# Warmup Iteration   4: 5.751 ms/op
# Warmup Iteration   5: 5.776 ms/op
Iteration   1: 5.748 ms/op
                 gc.alloc.rate:      5753.079 MB/sec
                 gc.alloc.rate.norm: 34677691.318 B/op
                 gc.count:           19.000 counts
                 gc.time:            21.000 ms

Iteration   2: 5.801 ms/op
                 gc.alloc.rate:      5700.495 MB/sec
                 gc.alloc.rate.norm: 34677692.208 B/op
                 gc.count:           20.000 counts
                 gc.time:            21.000 ms

Iteration   3: 5.849 ms/op
                 gc.alloc.rate:      5653.567 MB/sec
                 gc.alloc.rate.norm: 34677691.514 B/op
                 gc.count:           19.000 counts
                 gc.time:            20.000 ms

Iteration   4: 5.793 ms/op
                 gc.alloc.rate:      5707.998 MB/sec
                 gc.alloc.rate.norm: 34677692.617 B/op
                 gc.count:           19.000 counts
                 gc.time:            20.000 ms

Iteration   5: 5.840 ms/op
                 gc.alloc.rate:      5662.695 MB/sec
                 gc.alloc.rate.norm: 34677691.931 B/op
                 gc.count:           19.000 counts
                 gc.time:            20.000 ms


# Run progress: 50.93% complete, ETA 00:09:18
# Fork: 2 of 3
WARNING: A terminally deprecated method in sun.misc.Unsafe has been called
WARNING: sun.misc.Unsafe::objectFieldOffset has been called by org.openjdk.jmh.util.Utils (file:/Users/jaehyeon/Documents/Obsidian%20Vault/2026/04.%ed%98%b8%ec%84%9c%eb%8c%80%ed%95%99%ea%b5%90/11.%ec%b0%a8%ec%84%b8%eb%8c%80%ec%bb%b4%ed%93%a8%ed%8c%85%ed%95%99%ed%9a%8c%eb%85%bc%eb%ac%b8/JavaStream_%ed%82%a4%ed%8e%b8%ed%96%a5/.deps/jmh-core-1.37.jar)
WARNING: Please consider reporting this to the maintainers of class org.openjdk.jmh.util.Utils
WARNING: sun.misc.Unsafe::objectFieldOffset will be removed in a future release
# Warmup Iteration   1: Input: n=1000000, keys=16384, observedHotFraction=0.000062, poolParallelism=3, availableProcessors=10
5.860 ms/op
# Warmup Iteration   2: 5.728 ms/op
# Warmup Iteration   3: 6.451 ms/op
# Warmup Iteration   4: 6.411 ms/op
# Warmup Iteration   5: 6.428 ms/op
Iteration   1: 6.465 ms/op
                 gc.alloc.rate:      5114.715 MB/sec
                 gc.alloc.rate.norm: 34677696.051 B/op
                 gc.count:           18.000 counts
                 gc.time:            19.000 ms

Iteration   2: 6.470 ms/op
                 gc.alloc.rate:      5111.196 MB/sec
                 gc.alloc.rate.norm: 34677696.357 B/op
                 gc.count:           17.000 counts
                 gc.time:            18.000 ms

Iteration   3: 6.493 ms/op
                 gc.alloc.rate:      5093.210 MB/sec
                 gc.alloc.rate.norm: 34677696.769 B/op
                 gc.count:           18.000 counts
                 gc.time:            19.000 ms

Iteration   4: 6.493 ms/op
                 gc.alloc.rate:      5092.771 MB/sec
                 gc.alloc.rate.norm: 34677696.000 B/op
                 gc.count:           17.000 counts
                 gc.time:            17.000 ms

Iteration   5: 6.496 ms/op
                 gc.alloc.rate:      5090.787 MB/sec
                 gc.alloc.rate.norm: 34677697.538 B/op
                 gc.count:           17.000 counts
                 gc.time:            19.000 ms


# Run progress: 51.85% complete, ETA 00:09:07
# Fork: 3 of 3
WARNING: A terminally deprecated method in sun.misc.Unsafe has been called
WARNING: sun.misc.Unsafe::objectFieldOffset has been called by org.openjdk.jmh.util.Utils (file:/Users/jaehyeon/Documents/Obsidian%20Vault/2026/04.%ed%98%b8%ec%84%9c%eb%8c%80%ed%95%99%ea%b5%90/11.%ec%b0%a8%ec%84%b8%eb%8c%80%ec%bb%b4%ed%93%a8%ed%8c%85%ed%95%99%ed%9a%8c%eb%85%bc%eb%ac%b8/JavaStream_%ed%82%a4%ed%8e%b8%ed%96%a5/.deps/jmh-core-1.37.jar)
WARNING: Please consider reporting this to the maintainers of class org.openjdk.jmh.util.Utils
WARNING: sun.misc.Unsafe::objectFieldOffset will be removed in a future release
# Warmup Iteration   1: Input: n=1000000, keys=16384, observedHotFraction=0.000062, poolParallelism=3, availableProcessors=10
5.957 ms/op
# Warmup Iteration   2: 5.816 ms/op
# Warmup Iteration   3: 6.505 ms/op
# Warmup Iteration   4: 6.484 ms/op
# Warmup Iteration   5: 6.469 ms/op
Iteration   1: 6.473 ms/op
                 gc.alloc.rate:      5108.329 MB/sec
                 gc.alloc.rate.norm: 34677696.413 B/op
                 gc.count:           18.000 counts
                 gc.time:            19.000 ms

Iteration   2: 6.478 ms/op
                 gc.alloc.rate:      5104.475 MB/sec
                 gc.alloc.rate.norm: 34677696.615 B/op
                 gc.count:           17.000 counts
                 gc.time:            18.000 ms

Iteration   3: 6.493 ms/op
                 gc.alloc.rate:      5092.818 MB/sec
                 gc.alloc.rate.norm: 34677696.769 B/op
                 gc.count:           17.000 counts
                 gc.time:            17.000 ms

Iteration   4: 6.567 ms/op
                 gc.alloc.rate:      5035.366 MB/sec
                 gc.alloc.rate.norm: 34677697.455 B/op
                 gc.count:           17.000 counts
                 gc.time:            18.000 ms

Iteration   5: 6.513 ms/op
                 gc.alloc.rate:      5076.813 MB/sec
                 gc.alloc.rate.norm: 34677697.497 B/op
                 gc.count:           18.000 counts
                 gc.time:            19.000 ms



Result "research.skew.AggregationBenchmark.parallelMerge":
  6.265 ±(99.9%) 0.361 ms/op [Average]
  (min, avg, max) = (5.748, 6.265, 6.567), stdev = 0.337
  CI (99.9%): [5.904, 6.625] (assumes normal distribution)

Secondary result "research.skew.AggregationBenchmark.parallelMerge:gc.alloc.rate":
  5293.221 ±(99.9%) 316.258 MB/sec [Average]
  (min, avg, max) = (5035.366, 5293.221, 5753.079), stdev = 295.828
  CI (99.9%): [4976.963, 5609.479] (assumes normal distribution)

Secondary result "research.skew.AggregationBenchmark.parallelMerge:gc.alloc.rate.norm":
  34677695.137 ±(99.9%) 2.585 B/op [Average]
  (min, avg, max) = (34677691.318, 34677695.137, 34677697.538), stdev = 2.418
  CI (99.9%): [34677692.552, 34677697.721] (assumes normal distribution)

Secondary result "research.skew.AggregationBenchmark.parallelMerge:gc.count":
  270.000 ±(99.9%) 0.001 counts [Sum]
  (min, avg, max) = (17.000, 18.000, 20.000), stdev = 1.000
  CI (99.9%): [270.000, 270.000] (assumes normal distribution)

Secondary result "research.skew.AggregationBenchmark.parallelMerge:gc.time":
  285.000 ±(99.9%) 0.001 ms [Sum]
  (min, avg, max) = (17.000, 19.000, 21.000), stdev = 1.254
  CI (99.9%): [285.000, 285.000] (assumes normal distribution)


# JMH version: 1.37
# VM version: JDK 25.0.4.1, OpenJDK 64-Bit Server VM, 25.0.4.1+1-LTS
# VM invoker: /Users/jaehyeon/Library/Java/JavaVirtualMachines/temurin-25.0.4.1/Contents/Home/bin/java
# VM options: -Xms512m -Xmx512m -Djava.util.concurrent.ForkJoinPool.common.parallelism=3
# Blackhole mode: compiler (auto-detected, use -Djmh.blackhole.autoDetect=false to disable)
# Warmup: 5 iterations, 1 s each
# Measurement: 5 iterations, 1 s each
# Timeout: 10 min per iteration
# Threads: 1 thread, will synchronize iterations
# Benchmark mode: Average time, time/op
# Benchmark: research.skew.AggregationBenchmark.parallelMerge
# Parameters: (cardinality = 16384, distribution = hot50, seed = 20260929, size = 1000000)

# Run progress: 52.78% complete, ETA 00:08:57
# Fork: 1 of 3
WARNING: A terminally deprecated method in sun.misc.Unsafe has been called
WARNING: sun.misc.Unsafe::objectFieldOffset has been called by org.openjdk.jmh.util.Utils (file:/Users/jaehyeon/Documents/Obsidian%20Vault/2026/04.%ed%98%b8%ec%84%9c%eb%8c%80%ed%95%99%ea%b5%90/11.%ec%b0%a8%ec%84%b8%eb%8c%80%ec%bb%b4%ed%93%a8%ed%8c%85%ed%95%99%ed%9a%8c%eb%85%bc%eb%ac%b8/JavaStream_%ed%82%a4%ed%8e%b8%ed%96%a5/.deps/jmh-core-1.37.jar)
WARNING: Please consider reporting this to the maintainers of class org.openjdk.jmh.util.Utils
WARNING: sun.misc.Unsafe::objectFieldOffset will be removed in a future release
# Warmup Iteration   1: Input: n=1000000, keys=16384, observedHotFraction=0.500000, poolParallelism=3, availableProcessors=10
5.850 ms/op
# Warmup Iteration   2: 5.670 ms/op
# Warmup Iteration   3: 6.309 ms/op
# Warmup Iteration   4: 6.294 ms/op
# Warmup Iteration   5: 6.286 ms/op
Iteration   1: 6.305 ms/op
                 gc.alloc.rate:      5048.372 MB/sec
                 gc.alloc.rate.norm: 33380014.161 B/op
                 gc.count:           17.000 counts
                 gc.time:            16.000 ms

Iteration   2: 6.286 ms/op
                 gc.alloc.rate:      5063.611 MB/sec
                 gc.alloc.rate.norm: 33380014.311 B/op
                 gc.count:           17.000 counts
                 gc.time:            14.000 ms

Iteration   3: 6.290 ms/op
                 gc.alloc.rate:      5060.798 MB/sec
                 gc.alloc.rate.norm: 33380014.460 B/op
                 gc.count:           17.000 counts
                 gc.time:            13.000 ms

Iteration   4: 6.327 ms/op
                 gc.alloc.rate:      5030.793 MB/sec
                 gc.alloc.rate.norm: 33380012.750 B/op
                 gc.count:           17.000 counts
                 gc.time:            14.000 ms

Iteration   5: 6.295 ms/op
                 gc.alloc.rate:      5056.471 MB/sec
                 gc.alloc.rate.norm: 33380012.671 B/op
                 gc.count:           17.000 counts
                 gc.time:            14.000 ms


# Run progress: 53.70% complete, ETA 00:08:46
# Fork: 2 of 3
WARNING: A terminally deprecated method in sun.misc.Unsafe has been called
WARNING: sun.misc.Unsafe::objectFieldOffset has been called by org.openjdk.jmh.util.Utils (file:/Users/jaehyeon/Documents/Obsidian%20Vault/2026/04.%ed%98%b8%ec%84%9c%eb%8c%80%ed%95%99%ea%b5%90/11.%ec%b0%a8%ec%84%b8%eb%8c%80%ec%bb%b4%ed%93%a8%ed%8c%85%ed%95%99%ed%9a%8c%eb%85%bc%eb%ac%b8/JavaStream_%ed%82%a4%ed%8e%b8%ed%96%a5/.deps/jmh-core-1.37.jar)
WARNING: Please consider reporting this to the maintainers of class org.openjdk.jmh.util.Utils
WARNING: sun.misc.Unsafe::objectFieldOffset will be removed in a future release
# Warmup Iteration   1: Input: n=1000000, keys=16384, observedHotFraction=0.500000, poolParallelism=3, availableProcessors=10
5.856 ms/op
# Warmup Iteration   2: 5.725 ms/op
# Warmup Iteration   3: 6.517 ms/op
# Warmup Iteration   4: 6.532 ms/op
# Warmup Iteration   5: 6.511 ms/op
Iteration   1: 6.511 ms/op
                 gc.alloc.rate:      4888.444 MB/sec
                 gc.alloc.rate.norm: 33380016.462 B/op
                 gc.count:           16.000 counts
                 gc.time:            14.000 ms

Iteration   2: 6.527 ms/op
                 gc.alloc.rate:      4876.396 MB/sec
                 gc.alloc.rate.norm: 33380016.103 B/op
                 gc.count:           17.000 counts
                 gc.time:            15.000 ms

Iteration   3: 6.522 ms/op
                 gc.alloc.rate:      4880.347 MB/sec
                 gc.alloc.rate.norm: 33380017.610 B/op
                 gc.count:           16.000 counts
                 gc.time:            14.000 ms

Iteration   4: 6.466 ms/op
                 gc.alloc.rate:      4923.039 MB/sec
                 gc.alloc.rate.norm: 33380016.204 B/op
                 gc.count:           16.000 counts
                 gc.time:            13.000 ms

Iteration   5: 6.494 ms/op
                 gc.alloc.rate:      4901.529 MB/sec
                 gc.alloc.rate.norm: 33380016.154 B/op
                 gc.count:           17.000 counts
                 gc.time:            15.000 ms


# Run progress: 54.63% complete, ETA 00:08:35
# Fork: 3 of 3
WARNING: A terminally deprecated method in sun.misc.Unsafe has been called
WARNING: sun.misc.Unsafe::objectFieldOffset has been called by org.openjdk.jmh.util.Utils (file:/Users/jaehyeon/Documents/Obsidian%20Vault/2026/04.%ed%98%b8%ec%84%9c%eb%8c%80%ed%95%99%ea%b5%90/11.%ec%b0%a8%ec%84%b8%eb%8c%80%ec%bb%b4%ed%93%a8%ed%8c%85%ed%95%99%ed%9a%8c%eb%85%bc%eb%ac%b8/JavaStream_%ed%82%a4%ed%8e%b8%ed%96%a5/.deps/jmh-core-1.37.jar)
WARNING: Please consider reporting this to the maintainers of class org.openjdk.jmh.util.Utils
WARNING: sun.misc.Unsafe::objectFieldOffset will be removed in a future release
# Warmup Iteration   1: Input: n=1000000, keys=16384, observedHotFraction=0.500000, poolParallelism=3, availableProcessors=10
5.806 ms/op
# Warmup Iteration   2: 5.662 ms/op
# Warmup Iteration   3: 6.419 ms/op
# Warmup Iteration   4: 6.505 ms/op
# Warmup Iteration   5: 6.431 ms/op
Iteration   1: 6.412 ms/op
                 gc.alloc.rate:      4964.312 MB/sec
                 gc.alloc.rate.norm: 33380014.278 B/op
                 gc.count:           16.000 counts
                 gc.time:            13.000 ms

Iteration   2: 6.464 ms/op
                 gc.alloc.rate:      4924.017 MB/sec
                 gc.alloc.rate.norm: 33380015.385 B/op
                 gc.count:           17.000 counts
                 gc.time:            14.000 ms

Iteration   3: 6.465 ms/op
                 gc.alloc.rate:      4923.260 MB/sec
                 gc.alloc.rate.norm: 33380015.439 B/op
                 gc.count:           17.000 counts
                 gc.time:            15.000 ms

Iteration   4: 6.435 ms/op
                 gc.alloc.rate:      4946.155 MB/sec
                 gc.alloc.rate.norm: 33380014.675 B/op
                 gc.count:           16.000 counts
                 gc.time:            15.000 ms

Iteration   5: 6.439 ms/op
                 gc.alloc.rate:      4943.303 MB/sec
                 gc.alloc.rate.norm: 33380016.815 B/op
                 gc.count:           17.000 counts
                 gc.time:            14.000 ms



Result "research.skew.AggregationBenchmark.parallelMerge":
  6.416 ±(99.9%) 0.097 ms/op [Average]
  (min, avg, max) = (6.286, 6.416, 6.527), stdev = 0.091
  CI (99.9%): [6.319, 6.513] (assumes normal distribution)

Secondary result "research.skew.AggregationBenchmark.parallelMerge:gc.alloc.rate":
  4962.056 ±(99.9%) 75.233 MB/sec [Average]
  (min, avg, max) = (4876.396, 4962.056, 5063.611), stdev = 70.373
  CI (99.9%): [4886.824, 5037.289] (assumes normal distribution)

Secondary result "research.skew.AggregationBenchmark.parallelMerge:gc.alloc.rate.norm":
  33380015.165 ±(99.9%) 1.532 B/op [Average]
  (min, avg, max) = (33380012.671, 33380015.165, 33380017.610), stdev = 1.433
  CI (99.9%): [33380013.633, 33380016.697] (assumes normal distribution)

Secondary result "research.skew.AggregationBenchmark.parallelMerge:gc.count":
  250.000 ±(99.9%) 0.001 counts [Sum]
  (min, avg, max) = (16.000, 16.667, 17.000), stdev = 0.488
  CI (99.9%): [250.000, 250.000] (assumes normal distribution)

Secondary result "research.skew.AggregationBenchmark.parallelMerge:gc.time":
  213.000 ±(99.9%) 0.001 ms [Sum]
  (min, avg, max) = (13.000, 14.200, 16.000), stdev = 0.862
  CI (99.9%): [213.000, 213.000] (assumes normal distribution)


# JMH version: 1.37
# VM version: JDK 25.0.4.1, OpenJDK 64-Bit Server VM, 25.0.4.1+1-LTS
# VM invoker: /Users/jaehyeon/Library/Java/JavaVirtualMachines/temurin-25.0.4.1/Contents/Home/bin/java
# VM options: -Xms512m -Xmx512m -Djava.util.concurrent.ForkJoinPool.common.parallelism=3
# Blackhole mode: compiler (auto-detected, use -Djmh.blackhole.autoDetect=false to disable)
# Warmup: 5 iterations, 1 s each
# Measurement: 5 iterations, 1 s each
# Timeout: 10 min per iteration
# Threads: 1 thread, will synchronize iterations
# Benchmark mode: Average time, time/op
# Benchmark: research.skew.AggregationBenchmark.parallelMerge
# Parameters: (cardinality = 16384, distribution = hot90, seed = 20260929, size = 1000000)

# Run progress: 55.56% complete, ETA 00:08:25
# Fork: 1 of 3
WARNING: A terminally deprecated method in sun.misc.Unsafe has been called
WARNING: sun.misc.Unsafe::objectFieldOffset has been called by org.openjdk.jmh.util.Utils (file:/Users/jaehyeon/Documents/Obsidian%20Vault/2026/04.%ed%98%b8%ec%84%9c%eb%8c%80%ed%95%99%ea%b5%90/11.%ec%b0%a8%ec%84%b8%eb%8c%80%ec%bb%b4%ed%93%a8%ed%8c%85%ed%95%99%ed%9a%8c%eb%85%bc%eb%ac%b8/JavaStream_%ed%82%a4%ed%8e%b8%ed%96%a5/.deps/jmh-core-1.37.jar)
WARNING: Please consider reporting this to the maintainers of class org.openjdk.jmh.util.Utils
WARNING: sun.misc.Unsafe::objectFieldOffset will be removed in a future release
# Warmup Iteration   1: Input: n=1000000, keys=16384, observedHotFraction=0.900000, poolParallelism=3, availableProcessors=10
3.852 ms/op
# Warmup Iteration   2: 3.964 ms/op
# Warmup Iteration   3: 4.020 ms/op
# Warmup Iteration   4: 4.033 ms/op
# Warmup Iteration   5: 4.042 ms/op
Iteration   1: 4.046 ms/op
                 gc.alloc.rate:      5795.424 MB/sec
                 gc.alloc.rate.norm: 24592143.520 B/op
                 gc.count:           20.000 counts
                 gc.time:            11.000 ms

Iteration   2: 4.022 ms/op
                 gc.alloc.rate:      5830.709 MB/sec
                 gc.alloc.rate.norm: 24592143.429 B/op
                 gc.count:           19.000 counts
                 gc.time:            8.000 ms

Iteration   3: 4.018 ms/op
                 gc.alloc.rate:      5836.240 MB/sec
                 gc.alloc.rate.norm: 24592142.762 B/op
                 gc.count:           19.000 counts
                 gc.time:            10.000 ms

Iteration   4: 4.047 ms/op
                 gc.alloc.rate:      5794.481 MB/sec
                 gc.alloc.rate.norm: 24592143.419 B/op
                 gc.count:           20.000 counts
                 gc.time:            11.000 ms

Iteration   5: 4.027 ms/op
                 gc.alloc.rate:      5822.848 MB/sec
                 gc.alloc.rate.norm: 24592142.853 B/op
                 gc.count:           19.000 counts
                 gc.time:            11.000 ms


# Run progress: 56.48% complete, ETA 00:08:14
# Fork: 2 of 3
WARNING: A terminally deprecated method in sun.misc.Unsafe has been called
WARNING: sun.misc.Unsafe::objectFieldOffset has been called by org.openjdk.jmh.util.Utils (file:/Users/jaehyeon/Documents/Obsidian%20Vault/2026/04.%ed%98%b8%ec%84%9c%eb%8c%80%ed%95%99%ea%b5%90/11.%ec%b0%a8%ec%84%b8%eb%8c%80%ec%bb%b4%ed%93%a8%ed%8c%85%ed%95%99%ed%9a%8c%eb%85%bc%eb%ac%b8/JavaStream_%ed%82%a4%ed%8e%b8%ed%96%a5/.deps/jmh-core-1.37.jar)
WARNING: Please consider reporting this to the maintainers of class org.openjdk.jmh.util.Utils
WARNING: sun.misc.Unsafe::objectFieldOffset will be removed in a future release
# Warmup Iteration   1: Input: n=1000000, keys=16384, observedHotFraction=0.900000, poolParallelism=3, availableProcessors=10
3.833 ms/op
# Warmup Iteration   2: 3.888 ms/op
# Warmup Iteration   3: 3.965 ms/op
# Warmup Iteration   4: 3.988 ms/op
# Warmup Iteration   5: 3.990 ms/op
Iteration   1: 3.980 ms/op
                 gc.alloc.rate:      5891.568 MB/sec
                 gc.alloc.rate.norm: 24592144.189 B/op
                 gc.count:           20.000 counts
                 gc.time:            11.000 ms

Iteration   2: 4.020 ms/op
                 gc.alloc.rate:      5833.925 MB/sec
                 gc.alloc.rate.norm: 24592143.714 B/op
                 gc.count:           19.000 counts
                 gc.time:            11.000 ms

Iteration   3: 4.001 ms/op
                 gc.alloc.rate:      5860.682 MB/sec
                 gc.alloc.rate.norm: 24592143.621 B/op
                 gc.count:           20.000 counts
                 gc.time:            11.000 ms

Iteration   4: 3.997 ms/op
                 gc.alloc.rate:      5867.319 MB/sec
                 gc.alloc.rate.norm: 24592144.095 B/op
                 gc.count:           19.000 counts
                 gc.time:            9.000 ms

Iteration   5: 4.013 ms/op
                 gc.alloc.rate:      5844.173 MB/sec
                 gc.alloc.rate.norm: 24592144.286 B/op
                 gc.count:           20.000 counts
                 gc.time:            10.000 ms


# Run progress: 57.41% complete, ETA 00:08:04
# Fork: 3 of 3
WARNING: A terminally deprecated method in sun.misc.Unsafe has been called
WARNING: sun.misc.Unsafe::objectFieldOffset has been called by org.openjdk.jmh.util.Utils (file:/Users/jaehyeon/Documents/Obsidian%20Vault/2026/04.%ed%98%b8%ec%84%9c%eb%8c%80%ed%95%99%ea%b5%90/11.%ec%b0%a8%ec%84%b8%eb%8c%80%ec%bb%b4%ed%93%a8%ed%8c%85%ed%95%99%ed%9a%8c%eb%85%bc%eb%ac%b8/JavaStream_%ed%82%a4%ed%8e%b8%ed%96%a5/.deps/jmh-core-1.37.jar)
WARNING: Please consider reporting this to the maintainers of class org.openjdk.jmh.util.Utils
WARNING: sun.misc.Unsafe::objectFieldOffset will be removed in a future release
# Warmup Iteration   1: Input: n=1000000, keys=16384, observedHotFraction=0.900000, poolParallelism=3, availableProcessors=10
3.780 ms/op
# Warmup Iteration   2: 3.885 ms/op
# Warmup Iteration   3: 3.997 ms/op
# Warmup Iteration   4: 3.988 ms/op
# Warmup Iteration   5: 3.959 ms/op
Iteration   1: 3.996 ms/op
                 gc.alloc.rate:      5868.111 MB/sec
                 gc.alloc.rate.norm: 24592141.818 B/op
                 gc.count:           19.000 counts
                 gc.time:            9.000 ms

Iteration   2: 3.946 ms/op
                 gc.alloc.rate:      5943.232 MB/sec
                 gc.alloc.rate.norm: 24592143.440 B/op
                 gc.count:           20.000 counts
                 gc.time:            10.000 ms

Iteration   3: 3.974 ms/op
                 gc.alloc.rate:      5901.491 MB/sec
                 gc.alloc.rate.norm: 24592143.247 B/op
                 gc.count:           20.000 counts
                 gc.time:            12.000 ms

Iteration   4: 3.977 ms/op
                 gc.alloc.rate:      5896.633 MB/sec
                 gc.alloc.rate.norm: 24592141.741 B/op
                 gc.count:           19.000 counts
                 gc.time:            9.000 ms

Iteration   5: 3.986 ms/op
                 gc.alloc.rate:      5882.304 MB/sec
                 gc.alloc.rate.norm: 24592142.205 B/op
                 gc.count:           20.000 counts
                 gc.time:            11.000 ms



Result "research.skew.AggregationBenchmark.parallelMerge":
  4.003 ±(99.9%) 0.030 ms/op [Average]
  (min, avg, max) = (3.946, 4.003, 4.047), stdev = 0.028
  CI (99.9%): [3.973, 4.033] (assumes normal distribution)

Secondary result "research.skew.AggregationBenchmark.parallelMerge:gc.alloc.rate":
  5857.943 ±(99.9%) 44.020 MB/sec [Average]
  (min, avg, max) = (5794.481, 5857.943, 5943.232), stdev = 41.177
  CI (99.9%): [5813.922, 5901.963] (assumes normal distribution)

Secondary result "research.skew.AggregationBenchmark.parallelMerge:gc.alloc.rate.norm":
  24592143.223 ±(99.9%) 0.857 B/op [Average]
  (min, avg, max) = (24592141.741, 24592143.223, 24592144.286), stdev = 0.802
  CI (99.9%): [24592142.366, 24592144.079] (assumes normal distribution)

Secondary result "research.skew.AggregationBenchmark.parallelMerge:gc.count":
  293.000 ±(99.9%) 0.001 counts [Sum]
  (min, avg, max) = (19.000, 19.533, 20.000), stdev = 0.516
  CI (99.9%): [293.000, 293.000] (assumes normal distribution)

Secondary result "research.skew.AggregationBenchmark.parallelMerge:gc.time":
  154.000 ±(99.9%) 0.001 ms [Sum]
  (min, avg, max) = (8.000, 10.267, 12.000), stdev = 1.100
  CI (99.9%): [154.000, 154.000] (assumes normal distribution)


# JMH version: 1.37
# VM version: JDK 25.0.4.1, OpenJDK 64-Bit Server VM, 25.0.4.1+1-LTS
# VM invoker: /Users/jaehyeon/Library/Java/JavaVirtualMachines/temurin-25.0.4.1/Contents/Home/bin/java
# VM options: -Xms512m -Xmx512m -Djava.util.concurrent.ForkJoinPool.common.parallelism=3
# Blackhole mode: compiler (auto-detected, use -Djmh.blackhole.autoDetect=false to disable)
# Warmup: 5 iterations, 1 s each
# Measurement: 5 iterations, 1 s each
# Timeout: 10 min per iteration
# Threads: 1 thread, will synchronize iterations
# Benchmark mode: Average time, time/op
# Benchmark: research.skew.AggregationBenchmark.parallelMerge
# Parameters: (cardinality = 32768, distribution = uniform, seed = 20260929, size = 1000000)

# Run progress: 58.33% complete, ETA 00:07:53
# Fork: 1 of 3
WARNING: A terminally deprecated method in sun.misc.Unsafe has been called
WARNING: sun.misc.Unsafe::objectFieldOffset has been called by org.openjdk.jmh.util.Utils (file:/Users/jaehyeon/Documents/Obsidian%20Vault/2026/04.%ed%98%b8%ec%84%9c%eb%8c%80%ed%95%99%ea%b5%90/11.%ec%b0%a8%ec%84%b8%eb%8c%80%ec%bb%b4%ed%93%a8%ed%8c%85%ed%95%99%ed%9a%8c%eb%85%bc%eb%ac%b8/JavaStream_%ed%82%a4%ed%8e%b8%ed%96%a5/.deps/jmh-core-1.37.jar)
WARNING: Please consider reporting this to the maintainers of class org.openjdk.jmh.util.Utils
WARNING: sun.misc.Unsafe::objectFieldOffset will be removed in a future release
# Warmup Iteration   1: Input: n=1000000, keys=32768, observedHotFraction=0.000031, poolParallelism=3, availableProcessors=10
10.570 ms/op
# Warmup Iteration   2: 10.339 ms/op
# Warmup Iteration   3: 10.331 ms/op
# Warmup Iteration   4: 11.148 ms/op
# Warmup Iteration   5: 11.598 ms/op
Iteration   1: 11.536 ms/op
                 gc.alloc.rate:      4196.037 MB/sec
                 gc.alloc.rate.norm: 50763070.364 B/op
                 gc.count:           14.000 counts
                 gc.time:            26.000 ms

Iteration   2: 11.582 ms/op
                 gc.alloc.rate:      4179.366 MB/sec
                 gc.alloc.rate.norm: 50763073.091 B/op
                 gc.count:           15.000 counts
                 gc.time:            27.000 ms

Iteration   3: 11.672 ms/op
                 gc.alloc.rate:      4147.146 MB/sec
                 gc.alloc.rate.norm: 50763070.897 B/op
                 gc.count:           15.000 counts
                 gc.time:            28.000 ms

Iteration   4: 11.633 ms/op
                 gc.alloc.rate:      4161.076 MB/sec
                 gc.alloc.rate.norm: 50763072.552 B/op
                 gc.count:           14.000 counts
                 gc.time:            26.000 ms

Iteration   5: 11.666 ms/op
                 gc.alloc.rate:      4149.118 MB/sec
                 gc.alloc.rate.norm: 50763072.828 B/op
                 gc.count:           15.000 counts
                 gc.time:            29.000 ms


# Run progress: 59.26% complete, ETA 00:07:42
# Fork: 2 of 3
WARNING: A terminally deprecated method in sun.misc.Unsafe has been called
WARNING: sun.misc.Unsafe::objectFieldOffset has been called by org.openjdk.jmh.util.Utils (file:/Users/jaehyeon/Documents/Obsidian%20Vault/2026/04.%ed%98%b8%ec%84%9c%eb%8c%80%ed%95%99%ea%b5%90/11.%ec%b0%a8%ec%84%b8%eb%8c%80%ec%bb%b4%ed%93%a8%ed%8c%85%ed%95%99%ed%9a%8c%eb%85%bc%eb%ac%b8/JavaStream_%ed%82%a4%ed%8e%b8%ed%96%a5/.deps/jmh-core-1.37.jar)
WARNING: Please consider reporting this to the maintainers of class org.openjdk.jmh.util.Utils
WARNING: sun.misc.Unsafe::objectFieldOffset will be removed in a future release
# Warmup Iteration   1: Input: n=1000000, keys=32768, observedHotFraction=0.000031, poolParallelism=3, availableProcessors=10
10.886 ms/op
# Warmup Iteration   2: 10.340 ms/op
# Warmup Iteration   3: 10.383 ms/op
# Warmup Iteration   4: 11.116 ms/op
# Warmup Iteration   5: 11.468 ms/op
Iteration   1: 11.584 ms/op
                 gc.alloc.rate:      4178.829 MB/sec
                 gc.alloc.rate.norm: 50763071.455 B/op
                 gc.count:           15.000 counts
                 gc.time:            28.000 ms

Iteration   2: 11.493 ms/op
                 gc.alloc.rate:      4211.686 MB/sec
                 gc.alloc.rate.norm: 50763073.909 B/op
                 gc.count:           15.000 counts
                 gc.time:            27.000 ms

Iteration   3: 11.521 ms/op
                 gc.alloc.rate:      4201.464 MB/sec
                 gc.alloc.rate.norm: 50763075.545 B/op
                 gc.count:           14.000 counts
                 gc.time:            25.000 ms

Iteration   4: 11.549 ms/op
                 gc.alloc.rate:      4191.273 MB/sec
                 gc.alloc.rate.norm: 50763070.364 B/op
                 gc.count:           15.000 counts
                 gc.time:            28.000 ms

Iteration   5: 11.647 ms/op
                 gc.alloc.rate:      4156.207 MB/sec
                 gc.alloc.rate.norm: 50763072.276 B/op
                 gc.count:           15.000 counts
                 gc.time:            28.000 ms


# Run progress: 60.19% complete, ETA 00:07:32
# Fork: 3 of 3
WARNING: A terminally deprecated method in sun.misc.Unsafe has been called
WARNING: sun.misc.Unsafe::objectFieldOffset has been called by org.openjdk.jmh.util.Utils (file:/Users/jaehyeon/Documents/Obsidian%20Vault/2026/04.%ed%98%b8%ec%84%9c%eb%8c%80%ed%95%99%ea%b5%90/11.%ec%b0%a8%ec%84%b8%eb%8c%80%ec%bb%b4%ed%93%a8%ed%8c%85%ed%95%99%ed%9a%8c%eb%85%bc%eb%ac%b8/JavaStream_%ed%82%a4%ed%8e%b8%ed%96%a5/.deps/jmh-core-1.37.jar)
WARNING: Please consider reporting this to the maintainers of class org.openjdk.jmh.util.Utils
WARNING: sun.misc.Unsafe::objectFieldOffset will be removed in a future release
# Warmup Iteration   1: Input: n=1000000, keys=32768, observedHotFraction=0.000031, poolParallelism=3, availableProcessors=10
10.795 ms/op
# Warmup Iteration   2: 10.280 ms/op
# Warmup Iteration   3: 10.373 ms/op
# Warmup Iteration   4: 10.695 ms/op
# Warmup Iteration   5: 10.864 ms/op
Iteration   1: 10.528 ms/op
                 gc.alloc.rate:      4597.861 MB/sec
                 gc.alloc.rate.norm: 50763065.500 B/op
                 gc.count:           16.000 counts
                 gc.time:            28.000 ms

Iteration   2: 10.545 ms/op
                 gc.alloc.rate:      4590.657 MB/sec
                 gc.alloc.rate.norm: 50763066.000 B/op
                 gc.count:           16.000 counts
                 gc.time:            31.000 ms

Iteration   3: 10.623 ms/op
                 gc.alloc.rate:      4556.748 MB/sec
                 gc.alloc.rate.norm: 50763066.500 B/op
                 gc.count:           16.000 counts
                 gc.time:            29.000 ms

Iteration   4: 10.553 ms/op
                 gc.alloc.rate:      4586.763 MB/sec
                 gc.alloc.rate.norm: 50763062.500 B/op
                 gc.count:           16.000 counts
                 gc.time:            30.000 ms

Iteration   5: 10.484 ms/op
                 gc.alloc.rate:      4616.994 MB/sec
                 gc.alloc.rate.norm: 50763064.577 B/op
                 gc.count:           16.000 counts
                 gc.time:            29.000 ms



Result "research.skew.AggregationBenchmark.parallelMerge":
  11.241 ±(99.9%) 0.547 ms/op [Average]
  (min, avg, max) = (10.484, 11.241, 11.672), stdev = 0.512
  CI (99.9%): [10.694, 11.788] (assumes normal distribution)

Secondary result "research.skew.AggregationBenchmark.parallelMerge:gc.alloc.rate":
  4314.748 ±(99.9%) 216.479 MB/sec [Average]
  (min, avg, max) = (4147.146, 4314.748, 4616.994), stdev = 202.495
  CI (99.9%): [4098.269, 4531.228] (assumes normal distribution)

Secondary result "research.skew.AggregationBenchmark.parallelMerge:gc.alloc.rate.norm":
  50763069.890 ±(99.9%) 4.164 B/op [Average]
  (min, avg, max) = (50763062.500, 50763069.890, 50763075.545), stdev = 3.895
  CI (99.9%): [50763065.726, 50763074.055] (assumes normal distribution)

Secondary result "research.skew.AggregationBenchmark.parallelMerge:gc.count":
  227.000 ±(99.9%) 0.001 counts [Sum]
  (min, avg, max) = (14.000, 15.133, 16.000), stdev = 0.743
  CI (99.9%): [227.000, 227.000] (assumes normal distribution)

Secondary result "research.skew.AggregationBenchmark.parallelMerge:gc.time":
  419.000 ±(99.9%) 0.001 ms [Sum]
  (min, avg, max) = (25.000, 27.933, 31.000), stdev = 1.580
  CI (99.9%): [419.000, 419.000] (assumes normal distribution)


# JMH version: 1.37
# VM version: JDK 25.0.4.1, OpenJDK 64-Bit Server VM, 25.0.4.1+1-LTS
# VM invoker: /Users/jaehyeon/Library/Java/JavaVirtualMachines/temurin-25.0.4.1/Contents/Home/bin/java
# VM options: -Xms512m -Xmx512m -Djava.util.concurrent.ForkJoinPool.common.parallelism=3
# Blackhole mode: compiler (auto-detected, use -Djmh.blackhole.autoDetect=false to disable)
# Warmup: 5 iterations, 1 s each
# Measurement: 5 iterations, 1 s each
# Timeout: 10 min per iteration
# Threads: 1 thread, will synchronize iterations
# Benchmark mode: Average time, time/op
# Benchmark: research.skew.AggregationBenchmark.parallelMerge
# Parameters: (cardinality = 32768, distribution = hot50, seed = 20260929, size = 1000000)

# Run progress: 61.11% complete, ETA 00:07:21
# Fork: 1 of 3
WARNING: A terminally deprecated method in sun.misc.Unsafe has been called
WARNING: sun.misc.Unsafe::objectFieldOffset has been called by org.openjdk.jmh.util.Utils (file:/Users/jaehyeon/Documents/Obsidian%20Vault/2026/04.%ed%98%b8%ec%84%9c%eb%8c%80%ed%95%99%ea%b5%90/11.%ec%b0%a8%ec%84%b8%eb%8c%80%ec%bb%b4%ed%93%a8%ed%8c%85%ed%95%99%ed%9a%8c%eb%85%bc%eb%ac%b8/JavaStream_%ed%82%a4%ed%8e%b8%ed%96%a5/.deps/jmh-core-1.37.jar)
WARNING: Please consider reporting this to the maintainers of class org.openjdk.jmh.util.Utils
WARNING: sun.misc.Unsafe::objectFieldOffset will be removed in a future release
# Warmup Iteration   1: Input: n=1000000, keys=32768, observedHotFraction=0.500000, poolParallelism=3, availableProcessors=10
9.290 ms/op
# Warmup Iteration   2: 9.007 ms/op
# Warmup Iteration   3: 9.048 ms/op
# Warmup Iteration   4: 9.928 ms/op
# Warmup Iteration   5: 9.906 ms/op
Iteration   1: 10.049 ms/op
                 gc.alloc.rate:      4104.588 MB/sec
                 gc.alloc.rate.norm: 43255126.495 B/op
                 gc.count:           14.000 counts
                 gc.time:            26.000 ms

Iteration   2: 9.943 ms/op
                 gc.alloc.rate:      4148.241 MB/sec
                 gc.alloc.rate.norm: 43255127.765 B/op
                 gc.count:           15.000 counts
                 gc.time:            31.000 ms

Iteration   3: 9.926 ms/op
                 gc.alloc.rate:      4155.327 MB/sec
                 gc.alloc.rate.norm: 43255126.118 B/op
                 gc.count:           14.000 counts
                 gc.time:            25.000 ms

Iteration   4: 9.961 ms/op
                 gc.alloc.rate:      4140.795 MB/sec
                 gc.alloc.rate.norm: 43255126.118 B/op
                 gc.count:           15.000 counts
                 gc.time:            24.000 ms

Iteration   5: 9.856 ms/op
                 gc.alloc.rate:      4184.845 MB/sec
                 gc.alloc.rate.norm: 43255124.816 B/op
                 gc.count:           14.000 counts
                 gc.time:            22.000 ms


# Run progress: 62.04% complete, ETA 00:07:11
# Fork: 2 of 3
WARNING: A terminally deprecated method in sun.misc.Unsafe has been called
WARNING: sun.misc.Unsafe::objectFieldOffset has been called by org.openjdk.jmh.util.Utils (file:/Users/jaehyeon/Documents/Obsidian%20Vault/2026/04.%ed%98%b8%ec%84%9c%eb%8c%80%ed%95%99%ea%b5%90/11.%ec%b0%a8%ec%84%b8%eb%8c%80%ec%bb%b4%ed%93%a8%ed%8c%85%ed%95%99%ed%9a%8c%eb%85%bc%eb%ac%b8/JavaStream_%ed%82%a4%ed%8e%b8%ed%96%a5/.deps/jmh-core-1.37.jar)
WARNING: Please consider reporting this to the maintainers of class org.openjdk.jmh.util.Utils
WARNING: sun.misc.Unsafe::objectFieldOffset will be removed in a future release
# Warmup Iteration   1: Input: n=1000000, keys=32768, observedHotFraction=0.500000, poolParallelism=3, availableProcessors=10
9.440 ms/op
# Warmup Iteration   2: 9.133 ms/op
# Warmup Iteration   3: 9.078 ms/op
# Warmup Iteration   4: 10.028 ms/op
# Warmup Iteration   5: 9.982 ms/op
Iteration   1: 9.909 ms/op
                 gc.alloc.rate:      4162.559 MB/sec
                 gc.alloc.rate.norm: 43255126.353 B/op
                 gc.count:           15.000 counts
                 gc.time:            31.000 ms

Iteration   2: 9.922 ms/op
                 gc.alloc.rate:      4156.991 MB/sec
                 gc.alloc.rate.norm: 43255128.000 B/op
                 gc.count:           14.000 counts
                 gc.time:            24.000 ms

Iteration   3: 9.785 ms/op
                 gc.alloc.rate:      4215.442 MB/sec
                 gc.alloc.rate.norm: 43255126.538 B/op
                 gc.count:           15.000 counts
                 gc.time:            28.000 ms

Iteration   4: 9.867 ms/op
                 gc.alloc.rate:      4180.392 MB/sec
                 gc.alloc.rate.norm: 43255125.748 B/op
                 gc.count:           14.000 counts
                 gc.time:            25.000 ms

Iteration   5: 9.885 ms/op
                 gc.alloc.rate:      4172.617 MB/sec
                 gc.alloc.rate.norm: 43255126.824 B/op
                 gc.count:           15.000 counts
                 gc.time:            28.000 ms


# Run progress: 62.96% complete, ETA 00:07:00
# Fork: 3 of 3
WARNING: A terminally deprecated method in sun.misc.Unsafe has been called
WARNING: sun.misc.Unsafe::objectFieldOffset has been called by org.openjdk.jmh.util.Utils (file:/Users/jaehyeon/Documents/Obsidian%20Vault/2026/04.%ed%98%b8%ec%84%9c%eb%8c%80%ed%95%99%ea%b5%90/11.%ec%b0%a8%ec%84%b8%eb%8c%80%ec%bb%b4%ed%93%a8%ed%8c%85%ed%95%99%ed%9a%8c%eb%85%bc%eb%ac%b8/JavaStream_%ed%82%a4%ed%8e%b8%ed%96%a5/.deps/jmh-core-1.37.jar)
WARNING: Please consider reporting this to the maintainers of class org.openjdk.jmh.util.Utils
WARNING: sun.misc.Unsafe::objectFieldOffset will be removed in a future release
# Warmup Iteration   1: Input: n=1000000, keys=32768, observedHotFraction=0.500000, poolParallelism=3, availableProcessors=10
9.433 ms/op
# Warmup Iteration   2: 8.999 ms/op
# Warmup Iteration   3: 9.100 ms/op
# Warmup Iteration   4: 9.912 ms/op
# Warmup Iteration   5: 9.959 ms/op
Iteration   1: 9.858 ms/op
                 gc.alloc.rate:      4184.055 MB/sec
                 gc.alloc.rate.norm: 43255126.118 B/op
                 gc.count:           15.000 counts
                 gc.time:            29.000 ms

Iteration   2: 9.841 ms/op
                 gc.alloc.rate:      4191.512 MB/sec
                 gc.alloc.rate.norm: 43255125.981 B/op
                 gc.count:           15.000 counts
                 gc.time:            27.000 ms

Iteration   3: 9.873 ms/op
                 gc.alloc.rate:      4177.968 MB/sec
                 gc.alloc.rate.norm: 43255123.417 B/op
                 gc.count:           14.000 counts
                 gc.time:            29.000 ms

Iteration   4: 9.900 ms/op
                 gc.alloc.rate:      4166.254 MB/sec
                 gc.alloc.rate.norm: 43255125.748 B/op
                 gc.count:           15.000 counts
                 gc.time:            29.000 ms

Iteration   5: 9.913 ms/op
                 gc.alloc.rate:      4161.004 MB/sec
                 gc.alloc.rate.norm: 43255126.353 B/op
                 gc.count:           14.000 counts
                 gc.time:            27.000 ms



Result "research.skew.AggregationBenchmark.parallelMerge":
  9.899 ±(99.9%) 0.065 ms/op [Average]
  (min, avg, max) = (9.785, 9.899, 10.049), stdev = 0.061
  CI (99.9%): [9.834, 9.964] (assumes normal distribution)

Secondary result "research.skew.AggregationBenchmark.parallelMerge:gc.alloc.rate":
  4166.839 ±(99.9%) 27.277 MB/sec [Average]
  (min, avg, max) = (4104.588, 4166.839, 4215.442), stdev = 25.515
  CI (99.9%): [4139.562, 4194.116] (assumes normal distribution)

Secondary result "research.skew.AggregationBenchmark.parallelMerge:gc.alloc.rate.norm":
  43255126.159 ±(99.9%) 1.158 B/op [Average]
  (min, avg, max) = (43255123.417, 43255126.159, 43255128.000), stdev = 1.084
  CI (99.9%): [43255125.001, 43255127.318] (assumes normal distribution)

Secondary result "research.skew.AggregationBenchmark.parallelMerge:gc.count":
  218.000 ±(99.9%) 0.001 counts [Sum]
  (min, avg, max) = (14.000, 14.533, 15.000), stdev = 0.516
  CI (99.9%): [218.000, 218.000] (assumes normal distribution)

Secondary result "research.skew.AggregationBenchmark.parallelMerge:gc.time":
  405.000 ±(99.9%) 0.001 ms [Sum]
  (min, avg, max) = (22.000, 27.000, 31.000), stdev = 2.646
  CI (99.9%): [405.000, 405.000] (assumes normal distribution)


# JMH version: 1.37
# VM version: JDK 25.0.4.1, OpenJDK 64-Bit Server VM, 25.0.4.1+1-LTS
# VM invoker: /Users/jaehyeon/Library/Java/JavaVirtualMachines/temurin-25.0.4.1/Contents/Home/bin/java
# VM options: -Xms512m -Xmx512m -Djava.util.concurrent.ForkJoinPool.common.parallelism=3
# Blackhole mode: compiler (auto-detected, use -Djmh.blackhole.autoDetect=false to disable)
# Warmup: 5 iterations, 1 s each
# Measurement: 5 iterations, 1 s each
# Timeout: 10 min per iteration
# Threads: 1 thread, will synchronize iterations
# Benchmark mode: Average time, time/op
# Benchmark: research.skew.AggregationBenchmark.parallelMerge
# Parameters: (cardinality = 32768, distribution = hot90, seed = 20260929, size = 1000000)

# Run progress: 63.89% complete, ETA 00:06:49
# Fork: 1 of 3
WARNING: A terminally deprecated method in sun.misc.Unsafe has been called
WARNING: sun.misc.Unsafe::objectFieldOffset has been called by org.openjdk.jmh.util.Utils (file:/Users/jaehyeon/Documents/Obsidian%20Vault/2026/04.%ed%98%b8%ec%84%9c%eb%8c%80%ed%95%99%ea%b5%90/11.%ec%b0%a8%ec%84%b8%eb%8c%80%ec%bb%b4%ed%93%a8%ed%8c%85%ed%95%99%ed%9a%8c%eb%85%bc%eb%ac%b8/JavaStream_%ed%82%a4%ed%8e%b8%ed%96%a5/.deps/jmh-core-1.37.jar)
WARNING: Please consider reporting this to the maintainers of class org.openjdk.jmh.util.Utils
WARNING: sun.misc.Unsafe::objectFieldOffset will be removed in a future release
# Warmup Iteration   1: Input: n=1000000, keys=32768, observedHotFraction=0.900000, poolParallelism=3, availableProcessors=10
4.665 ms/op
# Warmup Iteration   2: 4.618 ms/op
# Warmup Iteration   3: 4.697 ms/op
# Warmup Iteration   4: 4.682 ms/op
# Warmup Iteration   5: 4.712 ms/op
Iteration   1: 4.718 ms/op
                 gc.alloc.rate:      5453.726 MB/sec
                 gc.alloc.rate.norm: 26983443.170 B/op
                 gc.count:           18.000 counts
                 gc.time:            13.000 ms

Iteration   2: 4.876 ms/op
                 gc.alloc.rate:      5277.133 MB/sec
                 gc.alloc.rate.norm: 26983443.115 B/op
                 gc.count:           18.000 counts
                 gc.time:            13.000 ms

Iteration   3: 4.752 ms/op
                 gc.alloc.rate:      5414.479 MB/sec
                 gc.alloc.rate.norm: 26983442.817 B/op
                 gc.count:           18.000 counts
                 gc.time:            13.000 ms

Iteration   4: 4.723 ms/op
                 gc.alloc.rate:      5448.339 MB/sec
                 gc.alloc.rate.norm: 26983441.794 B/op
                 gc.count:           18.000 counts
                 gc.time:            13.000 ms

Iteration   5: 4.734 ms/op
                 gc.alloc.rate:      5435.511 MB/sec
                 gc.alloc.rate.norm: 26983443.057 B/op
                 gc.count:           19.000 counts
                 gc.time:            13.000 ms


# Run progress: 64.81% complete, ETA 00:06:39
# Fork: 2 of 3
WARNING: A terminally deprecated method in sun.misc.Unsafe has been called
WARNING: sun.misc.Unsafe::objectFieldOffset has been called by org.openjdk.jmh.util.Utils (file:/Users/jaehyeon/Documents/Obsidian%20Vault/2026/04.%ed%98%b8%ec%84%9c%eb%8c%80%ed%95%99%ea%b5%90/11.%ec%b0%a8%ec%84%b8%eb%8c%80%ec%bb%b4%ed%93%a8%ed%8c%85%ed%95%99%ed%9a%8c%eb%85%bc%eb%ac%b8/JavaStream_%ed%82%a4%ed%8e%b8%ed%96%a5/.deps/jmh-core-1.37.jar)
WARNING: Please consider reporting this to the maintainers of class org.openjdk.jmh.util.Utils
WARNING: sun.misc.Unsafe::objectFieldOffset will be removed in a future release
# Warmup Iteration   1: Input: n=1000000, keys=32768, observedHotFraction=0.900000, poolParallelism=3, availableProcessors=10
4.756 ms/op
# Warmup Iteration   2: 4.547 ms/op
# Warmup Iteration   3: 4.689 ms/op
# Warmup Iteration   4: 4.654 ms/op
# Warmup Iteration   5: 4.650 ms/op
Iteration   1: 4.688 ms/op
                 gc.alloc.rate:      5489.016 MB/sec
                 gc.alloc.rate.norm: 26983442.778 B/op
                 gc.count:           18.000 counts
                 gc.time:            13.000 ms

Iteration   2: 4.673 ms/op
                 gc.alloc.rate:      5506.362 MB/sec
                 gc.alloc.rate.norm: 26983442.433 B/op
                 gc.count:           19.000 counts
                 gc.time:            13.000 ms

Iteration   3: 4.688 ms/op
                 gc.alloc.rate:      5488.544 MB/sec
                 gc.alloc.rate.norm: 26983443.000 B/op
                 gc.count:           18.000 counts
                 gc.time:            13.000 ms

Iteration   4: 4.683 ms/op
                 gc.alloc.rate:      5495.002 MB/sec
                 gc.alloc.rate.norm: 26983441.556 B/op
                 gc.count:           19.000 counts
                 gc.time:            13.000 ms

Iteration   5: 4.698 ms/op
                 gc.alloc.rate:      5476.984 MB/sec
                 gc.alloc.rate.norm: 26983442.791 B/op
                 gc.count:           18.000 counts
                 gc.time:            12.000 ms


# Run progress: 65.74% complete, ETA 00:06:28
# Fork: 3 of 3
WARNING: A terminally deprecated method in sun.misc.Unsafe has been called
WARNING: sun.misc.Unsafe::objectFieldOffset has been called by org.openjdk.jmh.util.Utils (file:/Users/jaehyeon/Documents/Obsidian%20Vault/2026/04.%ed%98%b8%ec%84%9c%eb%8c%80%ed%95%99%ea%b5%90/11.%ec%b0%a8%ec%84%b8%eb%8c%80%ec%bb%b4%ed%93%a8%ed%8c%85%ed%95%99%ed%9a%8c%eb%85%bc%eb%ac%b8/JavaStream_%ed%82%a4%ed%8e%b8%ed%96%a5/.deps/jmh-core-1.37.jar)
WARNING: Please consider reporting this to the maintainers of class org.openjdk.jmh.util.Utils
WARNING: sun.misc.Unsafe::objectFieldOffset will be removed in a future release
# Warmup Iteration   1: Input: n=1000000, keys=32768, observedHotFraction=0.900000, poolParallelism=3, availableProcessors=10
4.692 ms/op
# Warmup Iteration   2: 4.703 ms/op
# Warmup Iteration   3: 4.739 ms/op
# Warmup Iteration   4: 4.872 ms/op
# Warmup Iteration   5: 4.921 ms/op
Iteration   1: 4.885 ms/op
                 gc.alloc.rate:      5266.797 MB/sec
                 gc.alloc.rate.norm: 26983441.507 B/op
                 gc.count:           18.000 counts
                 gc.time:            12.000 ms

Iteration   2: 4.828 ms/op
                 gc.alloc.rate:      5329.079 MB/sec
                 gc.alloc.rate.norm: 26983439.543 B/op
                 gc.count:           18.000 counts
                 gc.time:            14.000 ms

Iteration   3: 4.804 ms/op
                 gc.alloc.rate:      5356.387 MB/sec
                 gc.alloc.rate.norm: 26983438.392 B/op
                 gc.count:           18.000 counts
                 gc.time:            12.000 ms

Iteration   4: 4.950 ms/op
                 gc.alloc.rate:      5198.387 MB/sec
                 gc.alloc.rate.norm: 26983445.854 B/op
                 gc.count:           17.000 counts
                 gc.time:            12.000 ms

Iteration   5: 5.103 ms/op
                 gc.alloc.rate:      5042.030 MB/sec
                 gc.alloc.rate.norm: 26983450.788 B/op
                 gc.count:           17.000 counts
                 gc.time:            12.000 ms



Result "research.skew.AggregationBenchmark.parallelMerge":
  4.787 ±(99.9%) 0.131 ms/op [Average]
  (min, avg, max) = (4.673, 4.787, 5.103), stdev = 0.123
  CI (99.9%): [4.656, 4.918] (assumes normal distribution)

Secondary result "research.skew.AggregationBenchmark.parallelMerge:gc.alloc.rate":
  5378.519 ±(99.9%) 142.963 MB/sec [Average]
  (min, avg, max) = (5042.030, 5378.519, 5506.362), stdev = 133.727
  CI (99.9%): [5235.556, 5521.481] (assumes normal distribution)

Secondary result "research.skew.AggregationBenchmark.parallelMerge:gc.alloc.rate.norm":
  26983442.840 ±(99.9%) 2.967 B/op [Average]
  (min, avg, max) = (26983438.392, 26983442.840, 26983450.788), stdev = 2.776
  CI (99.9%): [26983439.872, 26983445.807] (assumes normal distribution)

Secondary result "research.skew.AggregationBenchmark.parallelMerge:gc.count":
  271.000 ±(99.9%) 0.001 counts [Sum]
  (min, avg, max) = (17.000, 18.067, 19.000), stdev = 0.594
  CI (99.9%): [271.000, 271.000] (assumes normal distribution)

Secondary result "research.skew.AggregationBenchmark.parallelMerge:gc.time":
  191.000 ±(99.9%) 0.001 ms [Sum]
  (min, avg, max) = (12.000, 12.733, 14.000), stdev = 0.594
  CI (99.9%): [191.000, 191.000] (assumes normal distribution)


# JMH version: 1.37
# VM version: JDK 25.0.4.1, OpenJDK 64-Bit Server VM, 25.0.4.1+1-LTS
# VM invoker: /Users/jaehyeon/Library/Java/JavaVirtualMachines/temurin-25.0.4.1/Contents/Home/bin/java
# VM options: -Xms512m -Xmx512m -Djava.util.concurrent.ForkJoinPool.common.parallelism=3
# Blackhole mode: compiler (auto-detected, use -Djmh.blackhole.autoDetect=false to disable)
# Warmup: 5 iterations, 1 s each
# Measurement: 5 iterations, 1 s each
# Timeout: 10 min per iteration
# Threads: 1 thread, will synchronize iterations
# Benchmark mode: Average time, time/op
# Benchmark: research.skew.AggregationBenchmark.parallelMerge
# Parameters: (cardinality = 65536, distribution = uniform, seed = 20260929, size = 1000000)

# Run progress: 66.67% complete, ETA 00:06:18
# Fork: 1 of 3
WARNING: A terminally deprecated method in sun.misc.Unsafe has been called
WARNING: sun.misc.Unsafe::objectFieldOffset has been called by org.openjdk.jmh.util.Utils (file:/Users/jaehyeon/Documents/Obsidian%20Vault/2026/04.%ed%98%b8%ec%84%9c%eb%8c%80%ed%95%99%ea%b5%90/11.%ec%b0%a8%ec%84%b8%eb%8c%80%ec%bb%b4%ed%93%a8%ed%8c%85%ed%95%99%ed%9a%8c%eb%85%bc%eb%ac%b8/JavaStream_%ed%82%a4%ed%8e%b8%ed%96%a5/.deps/jmh-core-1.37.jar)
WARNING: Please consider reporting this to the maintainers of class org.openjdk.jmh.util.Utils
WARNING: sun.misc.Unsafe::objectFieldOffset will be removed in a future release
# Warmup Iteration   1: Input: n=1000000, keys=65536, observedHotFraction=0.000016, poolParallelism=3, availableProcessors=10
24.055 ms/op
# Warmup Iteration   2: 24.300 ms/op
# Warmup Iteration   3: 23.770 ms/op
# Warmup Iteration   4: 23.749 ms/op
# Warmup Iteration   5: 23.651 ms/op
Iteration   1: 23.990 ms/op
                 gc.alloc.rate:      2802.169 MB/sec
                 gc.alloc.rate.norm: 70497933.395 B/op
                 gc.count:           53.000 counts
                 gc.time:            252.000 ms

Iteration   2: 23.638 ms/op
                 gc.alloc.rate:      2843.841 MB/sec
                 gc.alloc.rate.norm: 70497935.070 B/op
                 gc.count:           52.000 counts
                 gc.time:            241.000 ms

Iteration   3: 23.845 ms/op
                 gc.alloc.rate:      2819.190 MB/sec
                 gc.alloc.rate.norm: 70497934.512 B/op
                 gc.count:           53.000 counts
                 gc.time:            248.000 ms

Iteration   4: 23.568 ms/op
                 gc.alloc.rate:      2852.287 MB/sec
                 gc.alloc.rate.norm: 70497937.860 B/op
                 gc.count:           52.000 counts
                 gc.time:            243.000 ms

Iteration   5: 23.744 ms/op
                 gc.alloc.rate:      2831.077 MB/sec
                 gc.alloc.rate.norm: 70497936.744 B/op
                 gc.count:           50.000 counts
                 gc.time:            235.000 ms


# Run progress: 67.59% complete, ETA 00:06:07
# Fork: 2 of 3
WARNING: A terminally deprecated method in sun.misc.Unsafe has been called
WARNING: sun.misc.Unsafe::objectFieldOffset has been called by org.openjdk.jmh.util.Utils (file:/Users/jaehyeon/Documents/Obsidian%20Vault/2026/04.%ed%98%b8%ec%84%9c%eb%8c%80%ed%95%99%ea%b5%90/11.%ec%b0%a8%ec%84%b8%eb%8c%80%ec%bb%b4%ed%93%a8%ed%8c%85%ed%95%99%ed%9a%8c%eb%85%bc%eb%ac%b8/JavaStream_%ed%82%a4%ed%8e%b8%ed%96%a5/.deps/jmh-core-1.37.jar)
WARNING: Please consider reporting this to the maintainers of class org.openjdk.jmh.util.Utils
WARNING: sun.misc.Unsafe::objectFieldOffset will be removed in a future release
# Warmup Iteration   1: Input: n=1000000, keys=65536, observedHotFraction=0.000016, poolParallelism=3, availableProcessors=10
23.630 ms/op
# Warmup Iteration   2: 23.974 ms/op
# Warmup Iteration   3: 24.015 ms/op
# Warmup Iteration   4: 23.773 ms/op
# Warmup Iteration   5: 23.631 ms/op
Iteration   1: 24.018 ms/op
                 gc.alloc.rate:      2798.840 MB/sec
                 gc.alloc.rate.norm: 70497935.070 B/op
                 gc.count:           52.000 counts
                 gc.time:            248.000 ms

Iteration   2: 23.636 ms/op
                 gc.alloc.rate:      2844.211 MB/sec
                 gc.alloc.rate.norm: 70497933.953 B/op
                 gc.count:           53.000 counts
                 gc.time:            244.000 ms

Iteration   3: 24.313 ms/op
                 gc.alloc.rate:      2764.948 MB/sec
                 gc.alloc.rate.norm: 70497940.571 B/op
                 gc.count:           50.000 counts
                 gc.time:            234.000 ms

Iteration   4: 24.755 ms/op
                 gc.alloc.rate:      2715.598 MB/sec
                 gc.alloc.rate.norm: 70497942.244 B/op
                 gc.count:           49.000 counts
                 gc.time:            229.000 ms

Iteration   5: 24.662 ms/op
                 gc.alloc.rate:      2725.795 MB/sec
                 gc.alloc.rate.norm: 70497939.902 B/op
                 gc.count:           49.000 counts
                 gc.time:            233.000 ms


# Run progress: 68.52% complete, ETA 00:05:57
# Fork: 3 of 3
WARNING: A terminally deprecated method in sun.misc.Unsafe has been called
WARNING: sun.misc.Unsafe::objectFieldOffset has been called by org.openjdk.jmh.util.Utils (file:/Users/jaehyeon/Documents/Obsidian%20Vault/2026/04.%ed%98%b8%ec%84%9c%eb%8c%80%ed%95%99%ea%b5%90/11.%ec%b0%a8%ec%84%b8%eb%8c%80%ec%bb%b4%ed%93%a8%ed%8c%85%ed%95%99%ed%9a%8c%eb%85%bc%eb%ac%b8/JavaStream_%ed%82%a4%ed%8e%b8%ed%96%a5/.deps/jmh-core-1.37.jar)
WARNING: Please consider reporting this to the maintainers of class org.openjdk.jmh.util.Utils
WARNING: sun.misc.Unsafe::objectFieldOffset will be removed in a future release
# Warmup Iteration   1: Input: n=1000000, keys=65536, observedHotFraction=0.000016, poolParallelism=3, availableProcessors=10
23.710 ms/op
# Warmup Iteration   2: 23.631 ms/op
# Warmup Iteration   3: 23.863 ms/op
# Warmup Iteration   4: 23.729 ms/op
# Warmup Iteration   5: 23.314 ms/op
Iteration   1: 23.841 ms/op
                 gc.alloc.rate:      2819.660 MB/sec
                 gc.alloc.rate.norm: 70497936.571 B/op
                 gc.count:           51.000 counts
                 gc.time:            242.000 ms

Iteration   2: 23.791 ms/op
                 gc.alloc.rate:      2825.617 MB/sec
                 gc.alloc.rate.norm: 70497935.070 B/op
                 gc.count:           55.000 counts
                 gc.time:            256.000 ms

Iteration   3: 24.143 ms/op
                 gc.alloc.rate:      2784.455 MB/sec
                 gc.alloc.rate.norm: 70497937.714 B/op
                 gc.count:           50.000 counts
                 gc.time:            233.000 ms

Iteration   4: 24.864 ms/op
                 gc.alloc.rate:      2703.650 MB/sec
                 gc.alloc.rate.norm: 70497938.146 B/op
                 gc.count:           50.000 counts
                 gc.time:            235.000 ms

Iteration   5: 24.535 ms/op
                 gc.alloc.rate:      2739.861 MB/sec
                 gc.alloc.rate.norm: 70497937.714 B/op
                 gc.count:           50.000 counts
                 gc.time:            238.000 ms



Result "research.skew.AggregationBenchmark.parallelMerge":
  24.089 ±(99.9%) 0.465 ms/op [Average]
  (min, avg, max) = (23.568, 24.089, 24.864), stdev = 0.435
  CI (99.9%): [23.625, 24.554] (assumes normal distribution)

Secondary result "research.skew.AggregationBenchmark.parallelMerge:gc.alloc.rate":
  2791.413 ±(99.9%) 53.367 MB/sec [Average]
  (min, avg, max) = (2703.650, 2791.413, 2852.287), stdev = 49.920
  CI (99.9%): [2738.046, 2844.781] (assumes normal distribution)

Secondary result "research.skew.AggregationBenchmark.parallelMerge:gc.alloc.rate.norm":
  70497936.969 ±(99.9%) 2.735 B/op [Average]
  (min, avg, max) = (70497933.395, 70497936.969, 70497942.244), stdev = 2.558
  CI (99.9%): [70497934.234, 70497939.704] (assumes normal distribution)

Secondary result "research.skew.AggregationBenchmark.parallelMerge:gc.count":
  769.000 ±(99.9%) 0.001 counts [Sum]
  (min, avg, max) = (49.000, 51.267, 55.000), stdev = 1.751
  CI (99.9%): [769.000, 769.000] (assumes normal distribution)

Secondary result "research.skew.AggregationBenchmark.parallelMerge:gc.time":
  3611.000 ±(99.9%) 0.001 ms [Sum]
  (min, avg, max) = (229.000, 240.733, 256.000), stdev = 7.833
  CI (99.9%): [3611.000, 3611.000] (assumes normal distribution)


# JMH version: 1.37
# VM version: JDK 25.0.4.1, OpenJDK 64-Bit Server VM, 25.0.4.1+1-LTS
# VM invoker: /Users/jaehyeon/Library/Java/JavaVirtualMachines/temurin-25.0.4.1/Contents/Home/bin/java
# VM options: -Xms512m -Xmx512m -Djava.util.concurrent.ForkJoinPool.common.parallelism=3
# Blackhole mode: compiler (auto-detected, use -Djmh.blackhole.autoDetect=false to disable)
# Warmup: 5 iterations, 1 s each
# Measurement: 5 iterations, 1 s each
# Timeout: 10 min per iteration
# Threads: 1 thread, will synchronize iterations
# Benchmark mode: Average time, time/op
# Benchmark: research.skew.AggregationBenchmark.parallelMerge
# Parameters: (cardinality = 65536, distribution = hot50, seed = 20260929, size = 1000000)

# Run progress: 69.44% complete, ETA 00:05:46
# Fork: 1 of 3
WARNING: A terminally deprecated method in sun.misc.Unsafe has been called
WARNING: sun.misc.Unsafe::objectFieldOffset has been called by org.openjdk.jmh.util.Utils (file:/Users/jaehyeon/Documents/Obsidian%20Vault/2026/04.%ed%98%b8%ec%84%9c%eb%8c%80%ed%95%99%ea%b5%90/11.%ec%b0%a8%ec%84%b8%eb%8c%80%ec%bb%b4%ed%93%a8%ed%8c%85%ed%95%99%ed%9a%8c%eb%85%bc%eb%ac%b8/JavaStream_%ed%82%a4%ed%8e%b8%ed%96%a5/.deps/jmh-core-1.37.jar)
WARNING: Please consider reporting this to the maintainers of class org.openjdk.jmh.util.Utils
WARNING: sun.misc.Unsafe::objectFieldOffset will be removed in a future release
# Warmup Iteration   1: Input: n=1000000, keys=65536, observedHotFraction=0.500000, poolParallelism=3, availableProcessors=10
17.839 ms/op
# Warmup Iteration   2: 17.569 ms/op
# Warmup Iteration   3: 17.773 ms/op
# Warmup Iteration   4: 17.724 ms/op
# Warmup Iteration   5: 17.805 ms/op
Iteration   1: 17.900 ms/op
                 gc.alloc.rate:      2986.128 MB/sec
                 gc.alloc.rate.norm: 56055448.421 B/op
                 gc.count:           41.000 counts
                 gc.time:            198.000 ms

Iteration   2: 18.869 ms/op
                 gc.alloc.rate:      2832.752 MB/sec
                 gc.alloc.rate.norm: 56055454.222 B/op
                 gc.count:           44.000 counts
                 gc.time:            193.000 ms

Iteration   3: 18.834 ms/op
                 gc.alloc.rate:      2838.007 MB/sec
                 gc.alloc.rate.norm: 56055453.778 B/op
                 gc.count:           41.000 counts
                 gc.time:            195.000 ms

Iteration   4: 19.071 ms/op
                 gc.alloc.rate:      2802.805 MB/sec
                 gc.alloc.rate.norm: 56055452.528 B/op
                 gc.count:           42.000 counts
                 gc.time:            195.000 ms

Iteration   5: 18.889 ms/op
                 gc.alloc.rate:      2829.666 MB/sec
                 gc.alloc.rate.norm: 56055453.778 B/op
                 gc.count:           43.000 counts
                 gc.time:            182.000 ms


# Run progress: 70.37% complete, ETA 00:05:36
# Fork: 2 of 3
WARNING: A terminally deprecated method in sun.misc.Unsafe has been called
WARNING: sun.misc.Unsafe::objectFieldOffset has been called by org.openjdk.jmh.util.Utils (file:/Users/jaehyeon/Documents/Obsidian%20Vault/2026/04.%ed%98%b8%ec%84%9c%eb%8c%80%ed%95%99%ea%b5%90/11.%ec%b0%a8%ec%84%b8%eb%8c%80%ec%bb%b4%ed%93%a8%ed%8c%85%ed%95%99%ed%9a%8c%eb%85%bc%eb%ac%b8/JavaStream_%ed%82%a4%ed%8e%b8%ed%96%a5/.deps/jmh-core-1.37.jar)
WARNING: Please consider reporting this to the maintainers of class org.openjdk.jmh.util.Utils
WARNING: sun.misc.Unsafe::objectFieldOffset will be removed in a future release
# Warmup Iteration   1: Input: n=1000000, keys=65536, observedHotFraction=0.500000, poolParallelism=3, availableProcessors=10
17.752 ms/op
# Warmup Iteration   2: 17.808 ms/op
# Warmup Iteration   3: 17.805 ms/op
# Warmup Iteration   4: 17.793 ms/op
# Warmup Iteration   5: 18.076 ms/op
Iteration   1: 17.776 ms/op
                 gc.alloc.rate:      3006.957 MB/sec
                 gc.alloc.rate.norm: 56055446.316 B/op
                 gc.count:           40.000 counts
                 gc.time:            189.000 ms

Iteration   2: 18.819 ms/op
                 gc.alloc.rate:      2840.400 MB/sec
                 gc.alloc.rate.norm: 56055449.778 B/op
                 gc.count:           41.000 counts
                 gc.time:            191.000 ms

Iteration   3: 18.867 ms/op
                 gc.alloc.rate:      2833.145 MB/sec
                 gc.alloc.rate.norm: 56055453.333 B/op
                 gc.count:           44.000 counts
                 gc.time:            191.000 ms

Iteration   4: 18.767 ms/op
                 gc.alloc.rate:      2848.200 MB/sec
                 gc.alloc.rate.norm: 56055450.222 B/op
                 gc.count:           43.000 counts
                 gc.time:            200.000 ms

Iteration   5: 19.162 ms/op
                 gc.alloc.rate:      2789.446 MB/sec
                 gc.alloc.rate.norm: 56055453.887 B/op
                 gc.count:           43.000 counts
                 gc.time:            185.000 ms


# Run progress: 71.30% complete, ETA 00:05:25
# Fork: 3 of 3
WARNING: A terminally deprecated method in sun.misc.Unsafe has been called
WARNING: sun.misc.Unsafe::objectFieldOffset has been called by org.openjdk.jmh.util.Utils (file:/Users/jaehyeon/Documents/Obsidian%20Vault/2026/04.%ed%98%b8%ec%84%9c%eb%8c%80%ed%95%99%ea%b5%90/11.%ec%b0%a8%ec%84%b8%eb%8c%80%ec%bb%b4%ed%93%a8%ed%8c%85%ed%95%99%ed%9a%8c%eb%85%bc%eb%ac%b8/JavaStream_%ed%82%a4%ed%8e%b8%ed%96%a5/.deps/jmh-core-1.37.jar)
WARNING: Please consider reporting this to the maintainers of class org.openjdk.jmh.util.Utils
WARNING: sun.misc.Unsafe::objectFieldOffset will be removed in a future release
# Warmup Iteration   1: Input: n=1000000, keys=65536, observedHotFraction=0.500000, poolParallelism=3, availableProcessors=10
17.864 ms/op
# Warmup Iteration   2: 17.826 ms/op
# Warmup Iteration   3: 17.815 ms/op
# Warmup Iteration   4: 17.728 ms/op
# Warmup Iteration   5: 17.801 ms/op
Iteration   1: 18.115 ms/op
                 gc.alloc.rate:      2950.688 MB/sec
                 gc.alloc.rate.norm: 56055448.000 B/op
                 gc.count:           44.000 counts
                 gc.time:            202.000 ms

Iteration   2: 18.928 ms/op
                 gc.alloc.rate:      2824.064 MB/sec
                 gc.alloc.rate.norm: 56055452.000 B/op
                 gc.count:           44.000 counts
                 gc.time:            201.000 ms

Iteration   3: 19.025 ms/op
                 gc.alloc.rate:      2809.507 MB/sec
                 gc.alloc.rate.norm: 56055450.717 B/op
                 gc.count:           43.000 counts
                 gc.time:            180.000 ms

Iteration   4: 18.850 ms/op
                 gc.alloc.rate:      2835.685 MB/sec
                 gc.alloc.rate.norm: 56055452.889 B/op
                 gc.count:           45.000 counts
                 gc.time:            191.000 ms

Iteration   5: 18.551 ms/op
                 gc.alloc.rate:      2881.276 MB/sec
                 gc.alloc.rate.norm: 56055451.491 B/op
                 gc.count:           42.000 counts
                 gc.time:            196.000 ms



Result "research.skew.AggregationBenchmark.parallelMerge":
  18.695 ±(99.9%) 0.453 ms/op [Average]
  (min, avg, max) = (17.776, 18.695, 19.162), stdev = 0.424
  CI (99.9%): [18.242, 19.148] (assumes normal distribution)

Secondary result "research.skew.AggregationBenchmark.parallelMerge:gc.alloc.rate":
  2860.582 ±(99.9%) 71.286 MB/sec [Average]
  (min, avg, max) = (2789.446, 2860.582, 3006.957), stdev = 66.681
  CI (99.9%): [2789.296, 2931.868] (assumes normal distribution)

Secondary result "research.skew.AggregationBenchmark.parallelMerge:gc.alloc.rate.norm":
  56055451.424 ±(99.9%) 2.616 B/op [Average]
  (min, avg, max) = (56055446.316, 56055451.424, 56055454.222), stdev = 2.447
  CI (99.9%): [56055448.808, 56055454.040] (assumes normal distribution)

Secondary result "research.skew.AggregationBenchmark.parallelMerge:gc.count":
  640.000 ±(99.9%) 0.001 counts [Sum]
  (min, avg, max) = (40.000, 42.667, 45.000), stdev = 1.447
  CI (99.9%): [640.000, 640.000] (assumes normal distribution)

Secondary result "research.skew.AggregationBenchmark.parallelMerge:gc.time":
  2889.000 ±(99.9%) 0.001 ms [Sum]
  (min, avg, max) = (180.000, 192.600, 202.000), stdev = 6.631
  CI (99.9%): [2889.000, 2889.000] (assumes normal distribution)


# JMH version: 1.37
# VM version: JDK 25.0.4.1, OpenJDK 64-Bit Server VM, 25.0.4.1+1-LTS
# VM invoker: /Users/jaehyeon/Library/Java/JavaVirtualMachines/temurin-25.0.4.1/Contents/Home/bin/java
# VM options: -Xms512m -Xmx512m -Djava.util.concurrent.ForkJoinPool.common.parallelism=3
# Blackhole mode: compiler (auto-detected, use -Djmh.blackhole.autoDetect=false to disable)
# Warmup: 5 iterations, 1 s each
# Measurement: 5 iterations, 1 s each
# Timeout: 10 min per iteration
# Threads: 1 thread, will synchronize iterations
# Benchmark mode: Average time, time/op
# Benchmark: research.skew.AggregationBenchmark.parallelMerge
# Parameters: (cardinality = 65536, distribution = hot90, seed = 20260929, size = 1000000)

# Run progress: 72.22% complete, ETA 00:05:15
# Fork: 1 of 3
WARNING: A terminally deprecated method in sun.misc.Unsafe has been called
WARNING: sun.misc.Unsafe::objectFieldOffset has been called by org.openjdk.jmh.util.Utils (file:/Users/jaehyeon/Documents/Obsidian%20Vault/2026/04.%ed%98%b8%ec%84%9c%eb%8c%80%ed%95%99%ea%b5%90/11.%ec%b0%a8%ec%84%b8%eb%8c%80%ec%bb%b4%ed%93%a8%ed%8c%85%ed%95%99%ed%9a%8c%eb%85%bc%eb%ac%b8/JavaStream_%ed%82%a4%ed%8e%b8%ed%96%a5/.deps/jmh-core-1.37.jar)
WARNING: Please consider reporting this to the maintainers of class org.openjdk.jmh.util.Utils
WARNING: sun.misc.Unsafe::objectFieldOffset will be removed in a future release
# Warmup Iteration   1: Input: n=1000000, keys=65536, observedHotFraction=0.900000, poolParallelism=3, availableProcessors=10
6.290 ms/op
# Warmup Iteration   2: 6.380 ms/op
# Warmup Iteration   3: 6.596 ms/op
# Warmup Iteration   4: 6.564 ms/op
# Warmup Iteration   5: 6.504 ms/op
Iteration   1: 6.565 ms/op
                 gc.alloc.rate:      4310.550 MB/sec
                 gc.alloc.rate.norm: 29678937.299 B/op
                 gc.count:           39.000 counts
                 gc.time:            93.000 ms

Iteration   2: 6.633 ms/op
                 gc.alloc.rate:      4266.647 MB/sec
                 gc.alloc.rate.norm: 29678937.299 B/op
                 gc.count:           43.000 counts
                 gc.time:            101.000 ms

Iteration   3: 6.526 ms/op
                 gc.alloc.rate:      4336.483 MB/sec
                 gc.alloc.rate.norm: 29678936.519 B/op
                 gc.count:           37.000 counts
                 gc.time:            83.000 ms

Iteration   4: 6.529 ms/op
                 gc.alloc.rate:      4334.625 MB/sec
                 gc.alloc.rate.norm: 29678937.497 B/op
                 gc.count:           36.000 counts
                 gc.time:            90.000 ms

Iteration   5: 6.600 ms/op
                 gc.alloc.rate:      4288.133 MB/sec
                 gc.alloc.rate.norm: 29678936.941 B/op
                 gc.count:           37.000 counts
                 gc.time:            93.000 ms


# Run progress: 73.15% complete, ETA 00:05:04
# Fork: 2 of 3
WARNING: A terminally deprecated method in sun.misc.Unsafe has been called
WARNING: sun.misc.Unsafe::objectFieldOffset has been called by org.openjdk.jmh.util.Utils (file:/Users/jaehyeon/Documents/Obsidian%20Vault/2026/04.%ed%98%b8%ec%84%9c%eb%8c%80%ed%95%99%ea%b5%90/11.%ec%b0%a8%ec%84%b8%eb%8c%80%ec%bb%b4%ed%93%a8%ed%8c%85%ed%95%99%ed%9a%8c%eb%85%bc%eb%ac%b8/JavaStream_%ed%82%a4%ed%8e%b8%ed%96%a5/.deps/jmh-core-1.37.jar)
WARNING: Please consider reporting this to the maintainers of class org.openjdk.jmh.util.Utils
WARNING: sun.misc.Unsafe::objectFieldOffset will be removed in a future release
# Warmup Iteration   1: Input: n=1000000, keys=65536, observedHotFraction=0.900000, poolParallelism=3, availableProcessors=10
6.068 ms/op
# Warmup Iteration   2: 6.117 ms/op
# Warmup Iteration   3: 6.316 ms/op
# Warmup Iteration   4: 6.254 ms/op
# Warmup Iteration   5: 6.313 ms/op
Iteration   1: 6.275 ms/op
                 gc.alloc.rate:      4510.125 MB/sec
                 gc.alloc.rate.norm: 29678935.150 B/op
                 gc.count:           43.000 counts
                 gc.time:            95.000 ms

Iteration   2: 6.325 ms/op
                 gc.alloc.rate:      4474.262 MB/sec
                 gc.alloc.rate.norm: 29678933.650 B/op
                 gc.count:           44.000 counts
                 gc.time:            98.000 ms

Iteration   3: 6.267 ms/op
                 gc.alloc.rate:      4515.542 MB/sec
                 gc.alloc.rate.norm: 29678934.074 B/op
                 gc.count:           40.000 counts
                 gc.time:            92.000 ms

Iteration   4: 6.375 ms/op
                 gc.alloc.rate:      4439.289 MB/sec
                 gc.alloc.rate.norm: 29678935.797 B/op
                 gc.count:           38.000 counts
                 gc.time:            95.000 ms

Iteration   5: 6.173 ms/op
                 gc.alloc.rate:      4584.469 MB/sec
                 gc.alloc.rate.norm: 29678933.171 B/op
                 gc.count:           38.000 counts
                 gc.time:            88.000 ms


# Run progress: 74.07% complete, ETA 00:04:54
# Fork: 3 of 3
WARNING: A terminally deprecated method in sun.misc.Unsafe has been called
WARNING: sun.misc.Unsafe::objectFieldOffset has been called by org.openjdk.jmh.util.Utils (file:/Users/jaehyeon/Documents/Obsidian%20Vault/2026/04.%ed%98%b8%ec%84%9c%eb%8c%80%ed%95%99%ea%b5%90/11.%ec%b0%a8%ec%84%b8%eb%8c%80%ec%bb%b4%ed%93%a8%ed%8c%85%ed%95%99%ed%9a%8c%eb%85%bc%eb%ac%b8/JavaStream_%ed%82%a4%ed%8e%b8%ed%96%a5/.deps/jmh-core-1.37.jar)
WARNING: Please consider reporting this to the maintainers of class org.openjdk.jmh.util.Utils
WARNING: sun.misc.Unsafe::objectFieldOffset will be removed in a future release
# Warmup Iteration   1: Input: n=1000000, keys=65536, observedHotFraction=0.900000, poolParallelism=3, availableProcessors=10
6.325 ms/op
# Warmup Iteration   2: 6.409 ms/op
# Warmup Iteration   3: 6.639 ms/op
# Warmup Iteration   4: 6.550 ms/op
# Warmup Iteration   5: 6.551 ms/op
Iteration   1: 6.549 ms/op
                 gc.alloc.rate:      4320.880 MB/sec
                 gc.alloc.rate.norm: 29678936.568 B/op
                 gc.count:           41.000 counts
                 gc.time:            91.000 ms

Iteration   2: 6.469 ms/op
                 gc.alloc.rate:      4374.939 MB/sec
                 gc.alloc.rate.norm: 29678937.885 B/op
                 gc.count:           36.000 counts
                 gc.time:            87.000 ms

Iteration   3: 6.561 ms/op
                 gc.alloc.rate:      4313.265 MB/sec
                 gc.alloc.rate.norm: 29678938.545 B/op
                 gc.count:           39.000 counts
                 gc.time:            93.000 ms

Iteration   4: 6.542 ms/op
                 gc.alloc.rate:      4325.716 MB/sec
                 gc.alloc.rate.norm: 29678938.890 B/op
                 gc.count:           36.000 counts
                 gc.time:            89.000 ms

Iteration   5: 6.583 ms/op
                 gc.alloc.rate:      4298.687 MB/sec
                 gc.alloc.rate.norm: 29678938.390 B/op
                 gc.count:           35.000 counts
                 gc.time:            85.000 ms



Result "research.skew.AggregationBenchmark.parallelMerge":
  6.465 ±(99.9%) 0.154 ms/op [Average]
  (min, avg, max) = (6.173, 6.465, 6.633), stdev = 0.144
  CI (99.9%): [6.311, 6.619] (assumes normal distribution)

Secondary result "research.skew.AggregationBenchmark.parallelMerge:gc.alloc.rate":
  4379.574 ±(99.9%) 105.795 MB/sec [Average]
  (min, avg, max) = (4266.647, 4379.574, 4584.469), stdev = 98.961
  CI (99.9%): [4273.779, 4485.370] (assumes normal distribution)

Secondary result "research.skew.AggregationBenchmark.parallelMerge:gc.alloc.rate.norm":
  29678936.512 ±(99.9%) 1.922 B/op [Average]
  (min, avg, max) = (29678933.171, 29678936.512, 29678938.890), stdev = 1.798
  CI (99.9%): [29678934.589, 29678938.434] (assumes normal distribution)

Secondary result "research.skew.AggregationBenchmark.parallelMerge:gc.count":
  582.000 ±(99.9%) 0.001 counts [Sum]
  (min, avg, max) = (35.000, 38.800, 44.000), stdev = 2.859
  CI (99.9%): [582.000, 582.000] (assumes normal distribution)

Secondary result "research.skew.AggregationBenchmark.parallelMerge:gc.time":
  1373.000 ±(99.9%) 0.001 ms [Sum]
  (min, avg, max) = (83.000, 91.533, 101.000), stdev = 4.779
  CI (99.9%): [1373.000, 1373.000] (assumes normal distribution)


# JMH version: 1.37
# VM version: JDK 25.0.4.1, OpenJDK 64-Bit Server VM, 25.0.4.1+1-LTS
# VM invoker: /Users/jaehyeon/Library/Java/JavaVirtualMachines/temurin-25.0.4.1/Contents/Home/bin/java
# VM options: -Xms512m -Xmx512m -Djava.util.concurrent.ForkJoinPool.common.parallelism=3
# Blackhole mode: compiler (auto-detected, use -Djmh.blackhole.autoDetect=false to disable)
# Warmup: 5 iterations, 1 s each
# Measurement: 5 iterations, 1 s each
# Timeout: 10 min per iteration
# Threads: 1 thread, will synchronize iterations
# Benchmark mode: Average time, time/op
# Benchmark: research.skew.AggregationBenchmark.sequential
# Parameters: (cardinality = 16384, distribution = uniform, seed = 20260929, size = 1000000)

# Run progress: 75.00% complete, ETA 00:04:43
# Fork: 1 of 3
WARNING: A terminally deprecated method in sun.misc.Unsafe has been called
WARNING: sun.misc.Unsafe::objectFieldOffset has been called by org.openjdk.jmh.util.Utils (file:/Users/jaehyeon/Documents/Obsidian%20Vault/2026/04.%ed%98%b8%ec%84%9c%eb%8c%80%ed%95%99%ea%b5%90/11.%ec%b0%a8%ec%84%b8%eb%8c%80%ec%bb%b4%ed%93%a8%ed%8c%85%ed%95%99%ed%9a%8c%eb%85%bc%eb%ac%b8/JavaStream_%ed%82%a4%ed%8e%b8%ed%96%a5/.deps/jmh-core-1.37.jar)
WARNING: Please consider reporting this to the maintainers of class org.openjdk.jmh.util.Utils
WARNING: sun.misc.Unsafe::objectFieldOffset will be removed in a future release
# Warmup Iteration   1: Input: n=1000000, keys=16384, observedHotFraction=0.000062, poolParallelism=3, availableProcessors=10
10.074 ms/op
# Warmup Iteration   2: 9.816 ms/op
# Warmup Iteration   3: 9.885 ms/op
# Warmup Iteration   4: 9.816 ms/op
# Warmup Iteration   5: 9.845 ms/op
Iteration   1: 9.839 ms/op
                 gc.alloc.rate:      1665.029 MB/sec
                 gc.alloc.rate.norm: 17180204.505 B/op
                 gc.count:           5.000 counts
                 gc.time:            3.000 ms

Iteration   2: 9.851 ms/op
                 gc.alloc.rate:      1663.047 MB/sec
                 gc.alloc.rate.norm: 17180204.505 B/op
                 gc.count:           6.000 counts
                 gc.time:            3.000 ms

Iteration   3: 9.845 ms/op
                 gc.alloc.rate:      1664.041 MB/sec
                 gc.alloc.rate.norm: 17180204.505 B/op
                 gc.count:           5.000 counts
                 gc.time:            3.000 ms

Iteration   4: 9.838 ms/op
                 gc.alloc.rate:      1665.219 MB/sec
                 gc.alloc.rate.norm: 17180204.505 B/op
                 gc.count:           6.000 counts
                 gc.time:            3.000 ms

Iteration   5: 9.828 ms/op
                 gc.alloc.rate:      1666.965 MB/sec
                 gc.alloc.rate.norm: 17180204.505 B/op
                 gc.count:           5.000 counts
                 gc.time:            2.000 ms


# Run progress: 75.93% complete, ETA 00:04:33
# Fork: 2 of 3
WARNING: A terminally deprecated method in sun.misc.Unsafe has been called
WARNING: sun.misc.Unsafe::objectFieldOffset has been called by org.openjdk.jmh.util.Utils (file:/Users/jaehyeon/Documents/Obsidian%20Vault/2026/04.%ed%98%b8%ec%84%9c%eb%8c%80%ed%95%99%ea%b5%90/11.%ec%b0%a8%ec%84%b8%eb%8c%80%ec%bb%b4%ed%93%a8%ed%8c%85%ed%95%99%ed%9a%8c%eb%85%bc%eb%ac%b8/JavaStream_%ed%82%a4%ed%8e%b8%ed%96%a5/.deps/jmh-core-1.37.jar)
WARNING: Please consider reporting this to the maintainers of class org.openjdk.jmh.util.Utils
WARNING: sun.misc.Unsafe::objectFieldOffset will be removed in a future release
# Warmup Iteration   1: Input: n=1000000, keys=16384, observedHotFraction=0.000062, poolParallelism=3, availableProcessors=10
10.029 ms/op
# Warmup Iteration   2: 9.801 ms/op
# Warmup Iteration   3: 9.812 ms/op
# Warmup Iteration   4: 9.789 ms/op
# Warmup Iteration   5: 9.769 ms/op
Iteration   1: 9.772 ms/op
                 gc.alloc.rate:      1676.452 MB/sec
                 gc.alloc.rate.norm: 17180203.846 B/op
                 gc.count:           5.000 counts
                 gc.time:            2.000 ms

Iteration   2: 9.769 ms/op
                 gc.alloc.rate:      1677.086 MB/sec
                 gc.alloc.rate.norm: 17180203.846 B/op
                 gc.count:           6.000 counts
                 gc.time:            4.000 ms

Iteration   3: 9.823 ms/op
                 gc.alloc.rate:      1667.718 MB/sec
                 gc.alloc.rate.norm: 17180204.505 B/op
                 gc.count:           6.000 counts
                 gc.time:            3.000 ms

Iteration   4: 9.775 ms/op
                 gc.alloc.rate:      1676.017 MB/sec
                 gc.alloc.rate.norm: 17180203.846 B/op
                 gc.count:           5.000 counts
                 gc.time:            2.000 ms

Iteration   5: 9.776 ms/op
                 gc.alloc.rate:      1675.691 MB/sec
                 gc.alloc.rate.norm: 17180203.846 B/op
                 gc.count:           6.000 counts
                 gc.time:            4.000 ms


# Run progress: 76.85% complete, ETA 00:04:22
# Fork: 3 of 3
WARNING: A terminally deprecated method in sun.misc.Unsafe has been called
WARNING: sun.misc.Unsafe::objectFieldOffset has been called by org.openjdk.jmh.util.Utils (file:/Users/jaehyeon/Documents/Obsidian%20Vault/2026/04.%ed%98%b8%ec%84%9c%eb%8c%80%ed%95%99%ea%b5%90/11.%ec%b0%a8%ec%84%b8%eb%8c%80%ec%bb%b4%ed%93%a8%ed%8c%85%ed%95%99%ed%9a%8c%eb%85%bc%eb%ac%b8/JavaStream_%ed%82%a4%ed%8e%b8%ed%96%a5/.deps/jmh-core-1.37.jar)
WARNING: Please consider reporting this to the maintainers of class org.openjdk.jmh.util.Utils
WARNING: sun.misc.Unsafe::objectFieldOffset will be removed in a future release
# Warmup Iteration   1: Input: n=1000000, keys=16384, observedHotFraction=0.000062, poolParallelism=3, availableProcessors=10
10.079 ms/op
# Warmup Iteration   2: 9.860 ms/op
# Warmup Iteration   3: 9.854 ms/op
# Warmup Iteration   4: 9.778 ms/op
# Warmup Iteration   5: 9.824 ms/op
Iteration   1: 9.771 ms/op
                 gc.alloc.rate:      1676.734 MB/sec
                 gc.alloc.rate.norm: 17180203.846 B/op
                 gc.count:           5.000 counts
                 gc.time:            3.000 ms

Iteration   2: 9.791 ms/op
                 gc.alloc.rate:      1673.215 MB/sec
                 gc.alloc.rate.norm: 17180203.846 B/op
                 gc.count:           6.000 counts
                 gc.time:            3.000 ms

Iteration   3: 9.808 ms/op
                 gc.alloc.rate:      1670.261 MB/sec
                 gc.alloc.rate.norm: 17180204.505 B/op
                 gc.count:           6.000 counts
                 gc.time:            3.000 ms

Iteration   4: 9.836 ms/op
                 gc.alloc.rate:      1665.534 MB/sec
                 gc.alloc.rate.norm: 17180204.505 B/op
                 gc.count:           5.000 counts
                 gc.time:            3.000 ms

Iteration   5: 9.785 ms/op
                 gc.alloc.rate:      1674.188 MB/sec
                 gc.alloc.rate.norm: 17180203.846 B/op
                 gc.count:           6.000 counts
                 gc.time:            3.000 ms



Result "research.skew.AggregationBenchmark.sequential":
  9.807 ±(99.9%) 0.033 ms/op [Average]
  (min, avg, max) = (9.769, 9.807, 9.851), stdev = 0.031
  CI (99.9%): [9.774, 9.841] (assumes normal distribution)

Secondary result "research.skew.AggregationBenchmark.sequential:gc.alloc.rate":
  1670.480 ±(99.9%) 5.686 MB/sec [Average]
  (min, avg, max) = (1663.047, 1670.480, 1677.086), stdev = 5.319
  CI (99.9%): [1664.794, 1676.166] (assumes normal distribution)

Secondary result "research.skew.AggregationBenchmark.sequential:gc.alloc.rate.norm":
  17180204.197 ±(99.9%) 0.364 B/op [Average]
  (min, avg, max) = (17180203.846, 17180204.197, 17180204.505), stdev = 0.340
  CI (99.9%): [17180203.834, 17180204.561] (assumes normal distribution)

Secondary result "research.skew.AggregationBenchmark.sequential:gc.count":
  83.000 ±(99.9%) 0.001 counts [Sum]
  (min, avg, max) = (5.000, 5.533, 6.000), stdev = 0.516
  CI (99.9%): [83.000, 83.000] (assumes normal distribution)

Secondary result "research.skew.AggregationBenchmark.sequential:gc.time":
  44.000 ±(99.9%) 0.001 ms [Sum]
  (min, avg, max) = (2.000, 2.933, 4.000), stdev = 0.594
  CI (99.9%): [44.000, 44.000] (assumes normal distribution)


# JMH version: 1.37
# VM version: JDK 25.0.4.1, OpenJDK 64-Bit Server VM, 25.0.4.1+1-LTS
# VM invoker: /Users/jaehyeon/Library/Java/JavaVirtualMachines/temurin-25.0.4.1/Contents/Home/bin/java
# VM options: -Xms512m -Xmx512m -Djava.util.concurrent.ForkJoinPool.common.parallelism=3
# Blackhole mode: compiler (auto-detected, use -Djmh.blackhole.autoDetect=false to disable)
# Warmup: 5 iterations, 1 s each
# Measurement: 5 iterations, 1 s each
# Timeout: 10 min per iteration
# Threads: 1 thread, will synchronize iterations
# Benchmark mode: Average time, time/op
# Benchmark: research.skew.AggregationBenchmark.sequential
# Parameters: (cardinality = 16384, distribution = hot50, seed = 20260929, size = 1000000)

# Run progress: 77.78% complete, ETA 00:04:12
# Fork: 1 of 3
WARNING: A terminally deprecated method in sun.misc.Unsafe has been called
WARNING: sun.misc.Unsafe::objectFieldOffset has been called by org.openjdk.jmh.util.Utils (file:/Users/jaehyeon/Documents/Obsidian%20Vault/2026/04.%ed%98%b8%ec%84%9c%eb%8c%80%ed%95%99%ea%b5%90/11.%ec%b0%a8%ec%84%b8%eb%8c%80%ec%bb%b4%ed%93%a8%ed%8c%85%ed%95%99%ed%9a%8c%eb%85%bc%eb%ac%b8/JavaStream_%ed%82%a4%ed%8e%b8%ed%96%a5/.deps/jmh-core-1.37.jar)
WARNING: Please consider reporting this to the maintainers of class org.openjdk.jmh.util.Utils
WARNING: sun.misc.Unsafe::objectFieldOffset will be removed in a future release
# Warmup Iteration   1: Input: n=1000000, keys=16384, observedHotFraction=0.500000, poolParallelism=3, availableProcessors=10
8.600 ms/op
# Warmup Iteration   2: 8.395 ms/op
# Warmup Iteration   3: 8.361 ms/op
# Warmup Iteration   4: 8.356 ms/op
# Warmup Iteration   5: 8.350 ms/op
Iteration   1: 8.363 ms/op
                 gc.alloc.rate:      1958.921 MB/sec
                 gc.alloc.rate.norm: 17180218.314 B/op
                 gc.count:           6.000 counts
                 gc.time:            3.000 ms

Iteration   2: 8.334 ms/op
                 gc.alloc.rate:      1965.864 MB/sec
                 gc.alloc.rate.norm: 17180217.836 B/op
                 gc.count:           7.000 counts
                 gc.time:            4.000 ms

Iteration   3: 8.343 ms/op
                 gc.alloc.rate:      1963.611 MB/sec
                 gc.alloc.rate.norm: 17180217.836 B/op
                 gc.count:           6.000 counts
                 gc.time:            3.000 ms

Iteration   4: 8.358 ms/op
                 gc.alloc.rate:      1960.230 MB/sec
                 gc.alloc.rate.norm: 17180218.314 B/op
                 gc.count:           7.000 counts
                 gc.time:            3.000 ms

Iteration   5: 8.355 ms/op
                 gc.alloc.rate:      1960.856 MB/sec
                 gc.alloc.rate.norm: 17180218.314 B/op
                 gc.count:           6.000 counts
                 gc.time:            3.000 ms


# Run progress: 78.70% complete, ETA 00:04:01
# Fork: 2 of 3
WARNING: A terminally deprecated method in sun.misc.Unsafe has been called
WARNING: sun.misc.Unsafe::objectFieldOffset has been called by org.openjdk.jmh.util.Utils (file:/Users/jaehyeon/Documents/Obsidian%20Vault/2026/04.%ed%98%b8%ec%84%9c%eb%8c%80%ed%95%99%ea%b5%90/11.%ec%b0%a8%ec%84%b8%eb%8c%80%ec%bb%b4%ed%93%a8%ed%8c%85%ed%95%99%ed%9a%8c%eb%85%bc%eb%ac%b8/JavaStream_%ed%82%a4%ed%8e%b8%ed%96%a5/.deps/jmh-core-1.37.jar)
WARNING: Please consider reporting this to the maintainers of class org.openjdk.jmh.util.Utils
WARNING: sun.misc.Unsafe::objectFieldOffset will be removed in a future release
# Warmup Iteration   1: Input: n=1000000, keys=16384, observedHotFraction=0.500000, poolParallelism=3, availableProcessors=10
8.580 ms/op
# Warmup Iteration   2: 8.430 ms/op
# Warmup Iteration   3: 8.399 ms/op
# Warmup Iteration   4: 8.358 ms/op
# Warmup Iteration   5: 8.360 ms/op
Iteration   1: 8.407 ms/op
                 gc.alloc.rate:      1948.665 MB/sec
                 gc.alloc.rate.norm: 17180218.314 B/op
                 gc.count:           6.000 counts
                 gc.time:            3.000 ms

Iteration   2: 8.402 ms/op
                 gc.alloc.rate:      1949.880 MB/sec
                 gc.alloc.rate.norm: 17180218.800 B/op
                 gc.count:           7.000 counts
                 gc.time:            3.000 ms

Iteration   3: 8.379 ms/op
                 gc.alloc.rate:      1955.307 MB/sec
                 gc.alloc.rate.norm: 17180218.314 B/op
                 gc.count:           6.000 counts
                 gc.time:            4.000 ms

Iteration   4: 8.415 ms/op
                 gc.alloc.rate:      1946.854 MB/sec
                 gc.alloc.rate.norm: 17180218.314 B/op
                 gc.count:           7.000 counts
                 gc.time:            3.000 ms

Iteration   5: 8.420 ms/op
                 gc.alloc.rate:      1945.563 MB/sec
                 gc.alloc.rate.norm: 17180218.800 B/op
                 gc.count:           6.000 counts
                 gc.time:            3.000 ms


# Run progress: 79.63% complete, ETA 00:03:50
# Fork: 3 of 3
WARNING: A terminally deprecated method in sun.misc.Unsafe has been called
WARNING: sun.misc.Unsafe::objectFieldOffset has been called by org.openjdk.jmh.util.Utils (file:/Users/jaehyeon/Documents/Obsidian%20Vault/2026/04.%ed%98%b8%ec%84%9c%eb%8c%80%ed%95%99%ea%b5%90/11.%ec%b0%a8%ec%84%b8%eb%8c%80%ec%bb%b4%ed%93%a8%ed%8c%85%ed%95%99%ed%9a%8c%eb%85%bc%eb%ac%b8/JavaStream_%ed%82%a4%ed%8e%b8%ed%96%a5/.deps/jmh-core-1.37.jar)
WARNING: Please consider reporting this to the maintainers of class org.openjdk.jmh.util.Utils
WARNING: sun.misc.Unsafe::objectFieldOffset will be removed in a future release
# Warmup Iteration   1: Input: n=1000000, keys=16384, observedHotFraction=0.500000, poolParallelism=3, availableProcessors=10
8.564 ms/op
# Warmup Iteration   2: 8.369 ms/op
# Warmup Iteration   3: 8.358 ms/op
# Warmup Iteration   4: 8.356 ms/op
# Warmup Iteration   5: 8.337 ms/op
Iteration   1: 8.344 ms/op
                 gc.alloc.rate:      1963.396 MB/sec
                 gc.alloc.rate.norm: 17180217.836 B/op
                 gc.count:           6.000 counts
                 gc.time:            3.000 ms

Iteration   2: 8.337 ms/op
                 gc.alloc.rate:      1965.025 MB/sec
                 gc.alloc.rate.norm: 17180217.836 B/op
                 gc.count:           7.000 counts
                 gc.time:            4.000 ms

Iteration   3: 8.343 ms/op
                 gc.alloc.rate:      1963.569 MB/sec
                 gc.alloc.rate.norm: 17180217.836 B/op
                 gc.count:           6.000 counts
                 gc.time:            3.000 ms

Iteration   4: 8.349 ms/op
                 gc.alloc.rate:      1962.116 MB/sec
                 gc.alloc.rate.norm: 17180218.314 B/op
                 gc.count:           7.000 counts
                 gc.time:            4.000 ms

Iteration   5: 8.395 ms/op
                 gc.alloc.rate:      1951.525 MB/sec
                 gc.alloc.rate.norm: 17180218.314 B/op
                 gc.count:           6.000 counts
                 gc.time:            3.000 ms



Result "research.skew.AggregationBenchmark.sequential":
  8.370 ±(99.9%) 0.033 ms/op [Average]
  (min, avg, max) = (8.334, 8.370, 8.420), stdev = 0.030
  CI (99.9%): [8.337, 8.402] (assumes normal distribution)

Secondary result "research.skew.AggregationBenchmark.sequential:gc.alloc.rate":
  1957.425 ±(99.9%) 7.613 MB/sec [Average]
  (min, avg, max) = (1945.563, 1957.425, 1965.864), stdev = 7.121
  CI (99.9%): [1949.813, 1965.038] (assumes normal distribution)

Secondary result "research.skew.AggregationBenchmark.sequential:gc.alloc.rate.norm":
  17180218.220 ±(99.9%) 0.348 B/op [Average]
  (min, avg, max) = (17180217.836, 17180218.220, 17180218.800), stdev = 0.325
  CI (99.9%): [17180217.872, 17180218.567] (assumes normal distribution)

Secondary result "research.skew.AggregationBenchmark.sequential:gc.count":
  96.000 ±(99.9%) 0.001 counts [Sum]
  (min, avg, max) = (6.000, 6.400, 7.000), stdev = 0.507
  CI (99.9%): [96.000, 96.000] (assumes normal distribution)

Secondary result "research.skew.AggregationBenchmark.sequential:gc.time":
  49.000 ±(99.9%) 0.001 ms [Sum]
  (min, avg, max) = (3.000, 3.267, 4.000), stdev = 0.458
  CI (99.9%): [49.000, 49.000] (assumes normal distribution)


# JMH version: 1.37
# VM version: JDK 25.0.4.1, OpenJDK 64-Bit Server VM, 25.0.4.1+1-LTS
# VM invoker: /Users/jaehyeon/Library/Java/JavaVirtualMachines/temurin-25.0.4.1/Contents/Home/bin/java
# VM options: -Xms512m -Xmx512m -Djava.util.concurrent.ForkJoinPool.common.parallelism=3
# Blackhole mode: compiler (auto-detected, use -Djmh.blackhole.autoDetect=false to disable)
# Warmup: 5 iterations, 1 s each
# Measurement: 5 iterations, 1 s each
# Timeout: 10 min per iteration
# Threads: 1 thread, will synchronize iterations
# Benchmark mode: Average time, time/op
# Benchmark: research.skew.AggregationBenchmark.sequential
# Parameters: (cardinality = 16384, distribution = hot90, seed = 20260929, size = 1000000)

# Run progress: 80.56% complete, ETA 00:03:40
# Fork: 1 of 3
WARNING: A terminally deprecated method in sun.misc.Unsafe has been called
WARNING: sun.misc.Unsafe::objectFieldOffset has been called by org.openjdk.jmh.util.Utils (file:/Users/jaehyeon/Documents/Obsidian%20Vault/2026/04.%ed%98%b8%ec%84%9c%eb%8c%80%ed%95%99%ea%b5%90/11.%ec%b0%a8%ec%84%b8%eb%8c%80%ec%bb%b4%ed%93%a8%ed%8c%85%ed%95%99%ed%9a%8c%eb%85%bc%eb%ac%b8/JavaStream_%ed%82%a4%ed%8e%b8%ed%96%a5/.deps/jmh-core-1.37.jar)
WARNING: Please consider reporting this to the maintainers of class org.openjdk.jmh.util.Utils
WARNING: sun.misc.Unsafe::objectFieldOffset will be removed in a future release
# Warmup Iteration   1: Input: n=1000000, keys=16384, observedHotFraction=0.900000, poolParallelism=3, availableProcessors=10
6.319 ms/op
# Warmup Iteration   2: 6.146 ms/op
# Warmup Iteration   3: 6.085 ms/op
# Warmup Iteration   4: 6.086 ms/op
# Warmup Iteration   5: 6.102 ms/op
Iteration   1: 6.073 ms/op
                 gc.alloc.rate:      2697.457 MB/sec
                 gc.alloc.rate.norm: 17180202.251 B/op
                 gc.count:           9.000 counts
                 gc.time:            5.000 ms

Iteration   2: 6.076 ms/op
                 gc.alloc.rate:      2696.340 MB/sec
                 gc.alloc.rate.norm: 17180202.251 B/op
                 gc.count:           9.000 counts
                 gc.time:            4.000 ms

Iteration   3: 6.103 ms/op
                 gc.alloc.rate:      2684.578 MB/sec
                 gc.alloc.rate.norm: 17180202.506 B/op
                 gc.count:           9.000 counts
                 gc.time:            5.000 ms

Iteration   4: 6.073 ms/op
                 gc.alloc.rate:      2697.553 MB/sec
                 gc.alloc.rate.norm: 17180202.251 B/op
                 gc.count:           9.000 counts
                 gc.time:            4.000 ms

Iteration   5: 6.075 ms/op
                 gc.alloc.rate:      2696.787 MB/sec
                 gc.alloc.rate.norm: 17180202.251 B/op
                 gc.count:           9.000 counts
                 gc.time:            5.000 ms


# Run progress: 81.48% complete, ETA 00:03:29
# Fork: 2 of 3
WARNING: A terminally deprecated method in sun.misc.Unsafe has been called
WARNING: sun.misc.Unsafe::objectFieldOffset has been called by org.openjdk.jmh.util.Utils (file:/Users/jaehyeon/Documents/Obsidian%20Vault/2026/04.%ed%98%b8%ec%84%9c%eb%8c%80%ed%95%99%ea%b5%90/11.%ec%b0%a8%ec%84%b8%eb%8c%80%ec%bb%b4%ed%93%a8%ed%8c%85%ed%95%99%ed%9a%8c%eb%85%bc%eb%ac%b8/JavaStream_%ed%82%a4%ed%8e%b8%ed%96%a5/.deps/jmh-core-1.37.jar)
WARNING: Please consider reporting this to the maintainers of class org.openjdk.jmh.util.Utils
WARNING: sun.misc.Unsafe::objectFieldOffset will be removed in a future release
# Warmup Iteration   1: Input: n=1000000, keys=16384, observedHotFraction=0.900000, poolParallelism=3, availableProcessors=10
6.271 ms/op
# Warmup Iteration   2: 6.084 ms/op
# Warmup Iteration   3: 6.016 ms/op
# Warmup Iteration   4: 6.012 ms/op
# Warmup Iteration   5: 6.016 ms/op
Iteration   1: 6.026 ms/op
                 gc.alloc.rate:      2718.458 MB/sec
                 gc.alloc.rate.norm: 17180202.000 B/op
                 gc.count:           9.000 counts
                 gc.time:            4.000 ms

Iteration   2: 6.018 ms/op
                 gc.alloc.rate:      2722.347 MB/sec
                 gc.alloc.rate.norm: 17180202.000 B/op
                 gc.count:           9.000 counts
                 gc.time:            5.000 ms

Iteration   3: 6.026 ms/op
                 gc.alloc.rate:      2718.620 MB/sec
                 gc.alloc.rate.norm: 17180202.000 B/op
                 gc.count:           9.000 counts
                 gc.time:            5.000 ms

Iteration   4: 6.003 ms/op
                 gc.alloc.rate:      2728.913 MB/sec
                 gc.alloc.rate.norm: 17180202.251 B/op
                 gc.count:           9.000 counts
                 gc.time:            4.000 ms

Iteration   5: 6.006 ms/op
                 gc.alloc.rate:      2727.690 MB/sec
                 gc.alloc.rate.norm: 17180202.000 B/op
                 gc.count:           9.000 counts
                 gc.time:            5.000 ms


# Run progress: 82.41% complete, ETA 00:03:19
# Fork: 3 of 3
WARNING: A terminally deprecated method in sun.misc.Unsafe has been called
WARNING: sun.misc.Unsafe::objectFieldOffset has been called by org.openjdk.jmh.util.Utils (file:/Users/jaehyeon/Documents/Obsidian%20Vault/2026/04.%ed%98%b8%ec%84%9c%eb%8c%80%ed%95%99%ea%b5%90/11.%ec%b0%a8%ec%84%b8%eb%8c%80%ec%bb%b4%ed%93%a8%ed%8c%85%ed%95%99%ed%9a%8c%eb%85%bc%eb%ac%b8/JavaStream_%ed%82%a4%ed%8e%b8%ed%96%a5/.deps/jmh-core-1.37.jar)
WARNING: Please consider reporting this to the maintainers of class org.openjdk.jmh.util.Utils
WARNING: sun.misc.Unsafe::objectFieldOffset will be removed in a future release
# Warmup Iteration   1: Input: n=1000000, keys=16384, observedHotFraction=0.900000, poolParallelism=3, availableProcessors=10
6.264 ms/op
# Warmup Iteration   2: 6.093 ms/op
# Warmup Iteration   3: 6.002 ms/op
# Warmup Iteration   4: 6.013 ms/op
# Warmup Iteration   5: 6.001 ms/op
Iteration   1: 6.003 ms/op
                 gc.alloc.rate:      2729.016 MB/sec
                 gc.alloc.rate.norm: 17180201.751 B/op
                 gc.count:           9.000 counts
                 gc.time:            4.000 ms

Iteration   2: 5.998 ms/op
                 gc.alloc.rate:      2731.504 MB/sec
                 gc.alloc.rate.norm: 17180201.751 B/op
                 gc.count:           9.000 counts
                 gc.time:            5.000 ms

Iteration   3: 6.006 ms/op
                 gc.alloc.rate:      2727.808 MB/sec
                 gc.alloc.rate.norm: 17180201.751 B/op
                 gc.count:           9.000 counts
                 gc.time:            4.000 ms

Iteration   4: 6.018 ms/op
                 gc.alloc.rate:      2722.329 MB/sec
                 gc.alloc.rate.norm: 17180202.000 B/op
                 gc.count:           9.000 counts
                 gc.time:            5.000 ms

Iteration   5: 6.007 ms/op
                 gc.alloc.rate:      2727.301 MB/sec
                 gc.alloc.rate.norm: 17180201.751 B/op
                 gc.count:           9.000 counts
                 gc.time:            4.000 ms



Result "research.skew.AggregationBenchmark.sequential":
  6.034 ±(99.9%) 0.038 ms/op [Average]
  (min, avg, max) = (5.998, 6.034, 6.103), stdev = 0.035
  CI (99.9%): [5.996, 6.072] (assumes normal distribution)

Secondary result "research.skew.AggregationBenchmark.sequential:gc.alloc.rate":
  2715.114 ±(99.9%) 16.876 MB/sec [Average]
  (min, avg, max) = (2684.578, 2715.114, 2731.504), stdev = 15.786
  CI (99.9%): [2698.237, 2731.990] (assumes normal distribution)

Secondary result "research.skew.AggregationBenchmark.sequential:gc.alloc.rate.norm":
  17180202.051 ±(99.9%) 0.252 B/op [Average]
  (min, avg, max) = (17180201.751, 17180202.051, 17180202.506), stdev = 0.236
  CI (99.9%): [17180201.799, 17180202.304] (assumes normal distribution)

Secondary result "research.skew.AggregationBenchmark.sequential:gc.count":
  135.000 ±(99.9%) 0.001 counts [Sum]
  (min, avg, max) = (9.000, 9.000, 9.000), stdev = 0.001
  CI (99.9%): [135.000, 135.000] (assumes normal distribution)

Secondary result "research.skew.AggregationBenchmark.sequential:gc.time":
  68.000 ±(99.9%) 0.001 ms [Sum]
  (min, avg, max) = (4.000, 4.533, 5.000), stdev = 0.516
  CI (99.9%): [68.000, 68.000] (assumes normal distribution)


# JMH version: 1.37
# VM version: JDK 25.0.4.1, OpenJDK 64-Bit Server VM, 25.0.4.1+1-LTS
# VM invoker: /Users/jaehyeon/Library/Java/JavaVirtualMachines/temurin-25.0.4.1/Contents/Home/bin/java
# VM options: -Xms512m -Xmx512m -Djava.util.concurrent.ForkJoinPool.common.parallelism=3
# Blackhole mode: compiler (auto-detected, use -Djmh.blackhole.autoDetect=false to disable)
# Warmup: 5 iterations, 1 s each
# Measurement: 5 iterations, 1 s each
# Timeout: 10 min per iteration
# Threads: 1 thread, will synchronize iterations
# Benchmark mode: Average time, time/op
# Benchmark: research.skew.AggregationBenchmark.sequential
# Parameters: (cardinality = 32768, distribution = uniform, seed = 20260929, size = 1000000)

# Run progress: 83.33% complete, ETA 00:03:08
# Fork: 1 of 3
WARNING: A terminally deprecated method in sun.misc.Unsafe has been called
WARNING: sun.misc.Unsafe::objectFieldOffset has been called by org.openjdk.jmh.util.Utils (file:/Users/jaehyeon/Documents/Obsidian%20Vault/2026/04.%ed%98%b8%ec%84%9c%eb%8c%80%ed%95%99%ea%b5%90/11.%ec%b0%a8%ec%84%b8%eb%8c%80%ec%bb%b4%ed%93%a8%ed%8c%85%ed%95%99%ed%9a%8c%eb%85%bc%eb%ac%b8/JavaStream_%ed%82%a4%ed%8e%b8%ed%96%a5/.deps/jmh-core-1.37.jar)
WARNING: Please consider reporting this to the maintainers of class org.openjdk.jmh.util.Utils
WARNING: sun.misc.Unsafe::objectFieldOffset will be removed in a future release
# Warmup Iteration   1: Input: n=1000000, keys=32768, observedHotFraction=0.000031, poolParallelism=3, availableProcessors=10
12.109 ms/op
# Warmup Iteration   2: 11.909 ms/op
# Warmup Iteration   3: 11.938 ms/op
# Warmup Iteration   4: 11.966 ms/op
# Warmup Iteration   5: 11.963 ms/op
Iteration   1: 11.914 ms/op
                 gc.alloc.rate:      1469.522 MB/sec
                 gc.alloc.rate.norm: 18359883.012 B/op
                 gc.count:           5.000 counts
                 gc.time:            4.000 ms

Iteration   2: 11.934 ms/op
                 gc.alloc.rate:      1467.065 MB/sec
                 gc.alloc.rate.norm: 18359883.012 B/op
                 gc.count:           5.000 counts
                 gc.time:            3.000 ms

Iteration   3: 11.864 ms/op
                 gc.alloc.rate:      1475.759 MB/sec
                 gc.alloc.rate.norm: 18359882.047 B/op
                 gc.count:           5.000 counts
                 gc.time:            3.000 ms

Iteration   4: 11.755 ms/op
                 gc.alloc.rate:      1489.369 MB/sec
                 gc.alloc.rate.norm: 18359882.047 B/op
                 gc.count:           5.000 counts
                 gc.time:            4.000 ms

Iteration   5: 11.715 ms/op
                 gc.alloc.rate:      1494.447 MB/sec
                 gc.alloc.rate.norm: 18359881.103 B/op
                 gc.count:           5.000 counts
                 gc.time:            3.000 ms


# Run progress: 84.26% complete, ETA 00:02:58
# Fork: 2 of 3
WARNING: A terminally deprecated method in sun.misc.Unsafe has been called
WARNING: sun.misc.Unsafe::objectFieldOffset has been called by org.openjdk.jmh.util.Utils (file:/Users/jaehyeon/Documents/Obsidian%20Vault/2026/04.%ed%98%b8%ec%84%9c%eb%8c%80%ed%95%99%ea%b5%90/11.%ec%b0%a8%ec%84%b8%eb%8c%80%ec%bb%b4%ed%93%a8%ed%8c%85%ed%95%99%ed%9a%8c%eb%85%bc%eb%ac%b8/JavaStream_%ed%82%a4%ed%8e%b8%ed%96%a5/.deps/jmh-core-1.37.jar)
WARNING: Please consider reporting this to the maintainers of class org.openjdk.jmh.util.Utils
WARNING: sun.misc.Unsafe::objectFieldOffset will be removed in a future release
# Warmup Iteration   1: Input: n=1000000, keys=32768, observedHotFraction=0.000031, poolParallelism=3, availableProcessors=10
12.140 ms/op
# Warmup Iteration   2: 11.942 ms/op
# Warmup Iteration   3: 11.966 ms/op
# Warmup Iteration   4: 11.948 ms/op
# Warmup Iteration   5: 11.883 ms/op
Iteration   1: 11.912 ms/op
                 gc.alloc.rate:      1469.701 MB/sec
                 gc.alloc.rate.norm: 18359883.012 B/op
                 gc.count:           5.000 counts
                 gc.time:            3.000 ms

Iteration   2: 11.869 ms/op
                 gc.alloc.rate:      1475.037 MB/sec
                 gc.alloc.rate.norm: 18359882.047 B/op
                 gc.count:           5.000 counts
                 gc.time:            3.000 ms

Iteration   3: 11.873 ms/op
                 gc.alloc.rate:      1474.573 MB/sec
                 gc.alloc.rate.norm: 18359883.012 B/op
                 gc.count:           5.000 counts
                 gc.time:            4.000 ms

Iteration   4: 11.888 ms/op
                 gc.alloc.rate:      1472.760 MB/sec
                 gc.alloc.rate.norm: 18359883.012 B/op
                 gc.count:           5.000 counts
                 gc.time:            3.000 ms

Iteration   5: 11.924 ms/op
                 gc.alloc.rate:      1468.169 MB/sec
                 gc.alloc.rate.norm: 18359883.012 B/op
                 gc.count:           4.000 counts
                 gc.time:            3.000 ms


# Run progress: 85.19% complete, ETA 00:02:47
# Fork: 3 of 3
WARNING: A terminally deprecated method in sun.misc.Unsafe has been called
WARNING: sun.misc.Unsafe::objectFieldOffset has been called by org.openjdk.jmh.util.Utils (file:/Users/jaehyeon/Documents/Obsidian%20Vault/2026/04.%ed%98%b8%ec%84%9c%eb%8c%80%ed%95%99%ea%b5%90/11.%ec%b0%a8%ec%84%b8%eb%8c%80%ec%bb%b4%ed%93%a8%ed%8c%85%ed%95%99%ed%9a%8c%eb%85%bc%eb%ac%b8/JavaStream_%ed%82%a4%ed%8e%b8%ed%96%a5/.deps/jmh-core-1.37.jar)
WARNING: Please consider reporting this to the maintainers of class org.openjdk.jmh.util.Utils
WARNING: sun.misc.Unsafe::objectFieldOffset will be removed in a future release
# Warmup Iteration   1: Input: n=1000000, keys=32768, observedHotFraction=0.000031, poolParallelism=3, availableProcessors=10
12.224 ms/op
# Warmup Iteration   2: 11.955 ms/op
# Warmup Iteration   3: 11.996 ms/op
# Warmup Iteration   4: 11.906 ms/op
# Warmup Iteration   5: 11.908 ms/op
Iteration   1: 11.903 ms/op
                 gc.alloc.rate:      1470.778 MB/sec
                 gc.alloc.rate.norm: 18359883.012 B/op
                 gc.count:           5.000 counts
                 gc.time:            4.000 ms

Iteration   2: 11.901 ms/op
                 gc.alloc.rate:      1471.063 MB/sec
                 gc.alloc.rate.norm: 18359883.012 B/op
                 gc.count:           5.000 counts
                 gc.time:            3.000 ms

Iteration   3: 11.904 ms/op
                 gc.alloc.rate:      1470.736 MB/sec
                 gc.alloc.rate.norm: 18359883.012 B/op
                 gc.count:           5.000 counts
                 gc.time:            3.000 ms

Iteration   4: 11.904 ms/op
                 gc.alloc.rate:      1470.708 MB/sec
                 gc.alloc.rate.norm: 18359883.012 B/op
                 gc.count:           5.000 counts
                 gc.time:            4.000 ms

Iteration   5: 11.894 ms/op
                 gc.alloc.rate:      1471.962 MB/sec
                 gc.alloc.rate.norm: 18359883.012 B/op
                 gc.count:           4.000 counts
                 gc.time:            2.000 ms



Result "research.skew.AggregationBenchmark.sequential":
  11.877 ±(99.9%) 0.066 ms/op [Average]
  (min, avg, max) = (11.715, 11.877, 11.934), stdev = 0.061
  CI (99.9%): [11.811, 11.943] (assumes normal distribution)

Secondary result "research.skew.AggregationBenchmark.sequential:gc.alloc.rate":
  1474.110 ±(99.9%) 8.209 MB/sec [Average]
  (min, avg, max) = (1467.065, 1474.110, 1494.447), stdev = 7.679
  CI (99.9%): [1465.901, 1482.319] (assumes normal distribution)

Secondary result "research.skew.AggregationBenchmark.sequential:gc.alloc.rate.norm":
  18359882.691 ±(99.9%) 0.632 B/op [Average]
  (min, avg, max) = (18359881.103, 18359882.691, 18359883.012), stdev = 0.591
  CI (99.9%): [18359882.059, 18359883.324] (assumes normal distribution)

Secondary result "research.skew.AggregationBenchmark.sequential:gc.count":
  73.000 ±(99.9%) 0.001 counts [Sum]
  (min, avg, max) = (4.000, 4.867, 5.000), stdev = 0.352
  CI (99.9%): [73.000, 73.000] (assumes normal distribution)

Secondary result "research.skew.AggregationBenchmark.sequential:gc.time":
  49.000 ±(99.9%) 0.001 ms [Sum]
  (min, avg, max) = (2.000, 3.267, 4.000), stdev = 0.594
  CI (99.9%): [49.000, 49.000] (assumes normal distribution)


# JMH version: 1.37
# VM version: JDK 25.0.4.1, OpenJDK 64-Bit Server VM, 25.0.4.1+1-LTS
# VM invoker: /Users/jaehyeon/Library/Java/JavaVirtualMachines/temurin-25.0.4.1/Contents/Home/bin/java
# VM options: -Xms512m -Xmx512m -Djava.util.concurrent.ForkJoinPool.common.parallelism=3
# Blackhole mode: compiler (auto-detected, use -Djmh.blackhole.autoDetect=false to disable)
# Warmup: 5 iterations, 1 s each
# Measurement: 5 iterations, 1 s each
# Timeout: 10 min per iteration
# Threads: 1 thread, will synchronize iterations
# Benchmark mode: Average time, time/op
# Benchmark: research.skew.AggregationBenchmark.sequential
# Parameters: (cardinality = 32768, distribution = hot50, seed = 20260929, size = 1000000)

# Run progress: 86.11% complete, ETA 00:02:37
# Fork: 1 of 3
WARNING: A terminally deprecated method in sun.misc.Unsafe has been called
WARNING: sun.misc.Unsafe::objectFieldOffset has been called by org.openjdk.jmh.util.Utils (file:/Users/jaehyeon/Documents/Obsidian%20Vault/2026/04.%ed%98%b8%ec%84%9c%eb%8c%80%ed%95%99%ea%b5%90/11.%ec%b0%a8%ec%84%b8%eb%8c%80%ec%bb%b4%ed%93%a8%ed%8c%85%ed%95%99%ed%9a%8c%eb%85%bc%eb%ac%b8/JavaStream_%ed%82%a4%ed%8e%b8%ed%96%a5/.deps/jmh-core-1.37.jar)
WARNING: Please consider reporting this to the maintainers of class org.openjdk.jmh.util.Utils
WARNING: sun.misc.Unsafe::objectFieldOffset will be removed in a future release
# Warmup Iteration   1: Input: n=1000000, keys=32768, observedHotFraction=0.500000, poolParallelism=3, availableProcessors=10
10.075 ms/op
# Warmup Iteration   2: 9.880 ms/op
# Warmup Iteration   3: 9.852 ms/op
# Warmup Iteration   4: 9.818 ms/op
# Warmup Iteration   5: 9.814 ms/op
Iteration   1: 9.817 ms/op
                 gc.alloc.rate:      1783.369 MB/sec
                 gc.alloc.rate.norm: 18359892.505 B/op
                 gc.count:           6.000 counts
                 gc.time:            4.000 ms

Iteration   2: 9.812 ms/op
                 gc.alloc.rate:      1784.385 MB/sec
                 gc.alloc.rate.norm: 18359892.505 B/op
                 gc.count:           6.000 counts
                 gc.time:            4.000 ms

Iteration   3: 9.809 ms/op
                 gc.alloc.rate:      1784.930 MB/sec
                 gc.alloc.rate.norm: 18359892.505 B/op
                 gc.count:           6.000 counts
                 gc.time:            4.000 ms

Iteration   4: 9.822 ms/op
                 gc.alloc.rate:      1782.548 MB/sec
                 gc.alloc.rate.norm: 18359892.505 B/op
                 gc.count:           6.000 counts
                 gc.time:            4.000 ms

Iteration   5: 9.815 ms/op
                 gc.alloc.rate:      1783.767 MB/sec
                 gc.alloc.rate.norm: 18359892.505 B/op
                 gc.count:           6.000 counts
                 gc.time:            4.000 ms


# Run progress: 87.04% complete, ETA 00:02:26
# Fork: 2 of 3
WARNING: A terminally deprecated method in sun.misc.Unsafe has been called
WARNING: sun.misc.Unsafe::objectFieldOffset has been called by org.openjdk.jmh.util.Utils (file:/Users/jaehyeon/Documents/Obsidian%20Vault/2026/04.%ed%98%b8%ec%84%9c%eb%8c%80%ed%95%99%ea%b5%90/11.%ec%b0%a8%ec%84%b8%eb%8c%80%ec%bb%b4%ed%93%a8%ed%8c%85%ed%95%99%ed%9a%8c%eb%85%bc%eb%ac%b8/JavaStream_%ed%82%a4%ed%8e%b8%ed%96%a5/.deps/jmh-core-1.37.jar)
WARNING: Please consider reporting this to the maintainers of class org.openjdk.jmh.util.Utils
WARNING: sun.misc.Unsafe::objectFieldOffset will be removed in a future release
# Warmup Iteration   1: Input: n=1000000, keys=32768, observedHotFraction=0.500000, poolParallelism=3, availableProcessors=10
10.238 ms/op
# Warmup Iteration   2: 10.068 ms/op
# Warmup Iteration   3: 10.013 ms/op
# Warmup Iteration   4: 9.922 ms/op
# Warmup Iteration   5: 9.914 ms/op
Iteration   1: 9.916 ms/op
                 gc.alloc.rate:      1765.571 MB/sec
                 gc.alloc.rate.norm: 18359893.176 B/op
                 gc.count:           6.000 counts
                 gc.time:            4.000 ms

Iteration   2: 9.908 ms/op
                 gc.alloc.rate:      1766.996 MB/sec
                 gc.alloc.rate.norm: 18359893.176 B/op
                 gc.count:           6.000 counts
                 gc.time:            4.000 ms

Iteration   3: 9.898 ms/op
                 gc.alloc.rate:      1768.879 MB/sec
                 gc.alloc.rate.norm: 18359892.505 B/op
                 gc.count:           6.000 counts
                 gc.time:            4.000 ms

Iteration   4: 9.905 ms/op
                 gc.alloc.rate:      1767.584 MB/sec
                 gc.alloc.rate.norm: 18359893.176 B/op
                 gc.count:           6.000 counts
                 gc.time:            4.000 ms

Iteration   5: 9.911 ms/op
                 gc.alloc.rate:      1766.388 MB/sec
                 gc.alloc.rate.norm: 18359893.176 B/op
                 gc.count:           6.000 counts
                 gc.time:            4.000 ms


# Run progress: 87.96% complete, ETA 00:02:16
# Fork: 3 of 3
WARNING: A terminally deprecated method in sun.misc.Unsafe has been called
WARNING: sun.misc.Unsafe::objectFieldOffset has been called by org.openjdk.jmh.util.Utils (file:/Users/jaehyeon/Documents/Obsidian%20Vault/2026/04.%ed%98%b8%ec%84%9c%eb%8c%80%ed%95%99%ea%b5%90/11.%ec%b0%a8%ec%84%b8%eb%8c%80%ec%bb%b4%ed%93%a8%ed%8c%85%ed%95%99%ed%9a%8c%eb%85%bc%eb%ac%b8/JavaStream_%ed%82%a4%ed%8e%b8%ed%96%a5/.deps/jmh-core-1.37.jar)
WARNING: Please consider reporting this to the maintainers of class org.openjdk.jmh.util.Utils
WARNING: sun.misc.Unsafe::objectFieldOffset will be removed in a future release
# Warmup Iteration   1: Input: n=1000000, keys=32768, observedHotFraction=0.500000, poolParallelism=3, availableProcessors=10
10.040 ms/op
# Warmup Iteration   2: 9.844 ms/op
# Warmup Iteration   3: 9.803 ms/op
# Warmup Iteration   4: 9.794 ms/op
# Warmup Iteration   5: 9.816 ms/op
Iteration   1: 9.817 ms/op
                 gc.alloc.rate:      1783.329 MB/sec
                 gc.alloc.rate.norm: 18359892.505 B/op
                 gc.count:           6.000 counts
                 gc.time:            4.000 ms

Iteration   2: 9.821 ms/op
                 gc.alloc.rate:      1782.737 MB/sec
                 gc.alloc.rate.norm: 18359892.505 B/op
                 gc.count:           6.000 counts
                 gc.time:            4.000 ms

Iteration   3: 9.814 ms/op
                 gc.alloc.rate:      1784.001 MB/sec
                 gc.alloc.rate.norm: 18359892.505 B/op
                 gc.count:           6.000 counts
                 gc.time:            4.000 ms

Iteration   4: 9.814 ms/op
                 gc.alloc.rate:      1784.005 MB/sec
                 gc.alloc.rate.norm: 18359892.505 B/op
                 gc.count:           6.000 counts
                 gc.time:            4.000 ms

Iteration   5: 9.818 ms/op
                 gc.alloc.rate:      1783.236 MB/sec
                 gc.alloc.rate.norm: 18359892.505 B/op
                 gc.count:           6.000 counts
                 gc.time:            4.000 ms



Result "research.skew.AggregationBenchmark.sequential":
  9.846 ±(99.9%) 0.048 ms/op [Average]
  (min, avg, max) = (9.809, 9.846, 9.916), stdev = 0.045
  CI (99.9%): [9.798, 9.895] (assumes normal distribution)

Secondary result "research.skew.AggregationBenchmark.sequential:gc.alloc.rate":
  1778.115 ±(99.9%) 8.684 MB/sec [Average]
  (min, avg, max) = (1765.571, 1778.115, 1784.930), stdev = 8.123
  CI (99.9%): [1769.431, 1786.799] (assumes normal distribution)

Secondary result "research.skew.AggregationBenchmark.sequential:gc.alloc.rate.norm":
  18359892.684 ±(99.9%) 0.329 B/op [Average]
  (min, avg, max) = (18359892.505, 18359892.684, 18359893.176), stdev = 0.307
  CI (99.9%): [18359892.355, 18359893.013] (assumes normal distribution)

Secondary result "research.skew.AggregationBenchmark.sequential:gc.count":
  90.000 ±(99.9%) 0.001 counts [Sum]
  (min, avg, max) = (6.000, 6.000, 6.000), stdev = 0.001
  CI (99.9%): [90.000, 90.000] (assumes normal distribution)

Secondary result "research.skew.AggregationBenchmark.sequential:gc.time":
  60.000 ±(99.9%) 0.001 ms [Sum]
  (min, avg, max) = (4.000, 4.000, 4.000), stdev = 0.001
  CI (99.9%): [60.000, 60.000] (assumes normal distribution)


# JMH version: 1.37
# VM version: JDK 25.0.4.1, OpenJDK 64-Bit Server VM, 25.0.4.1+1-LTS
# VM invoker: /Users/jaehyeon/Library/Java/JavaVirtualMachines/temurin-25.0.4.1/Contents/Home/bin/java
# VM options: -Xms512m -Xmx512m -Djava.util.concurrent.ForkJoinPool.common.parallelism=3
# Blackhole mode: compiler (auto-detected, use -Djmh.blackhole.autoDetect=false to disable)
# Warmup: 5 iterations, 1 s each
# Measurement: 5 iterations, 1 s each
# Timeout: 10 min per iteration
# Threads: 1 thread, will synchronize iterations
# Benchmark mode: Average time, time/op
# Benchmark: research.skew.AggregationBenchmark.sequential
# Parameters: (cardinality = 32768, distribution = hot90, seed = 20260929, size = 1000000)

# Run progress: 88.89% complete, ETA 00:02:05
# Fork: 1 of 3
WARNING: A terminally deprecated method in sun.misc.Unsafe has been called
WARNING: sun.misc.Unsafe::objectFieldOffset has been called by org.openjdk.jmh.util.Utils (file:/Users/jaehyeon/Documents/Obsidian%20Vault/2026/04.%ed%98%b8%ec%84%9c%eb%8c%80%ed%95%99%ea%b5%90/11.%ec%b0%a8%ec%84%b8%eb%8c%80%ec%bb%b4%ed%93%a8%ed%8c%85%ed%95%99%ed%9a%8c%eb%85%bc%eb%ac%b8/JavaStream_%ed%82%a4%ed%8e%b8%ed%96%a5/.deps/jmh-core-1.37.jar)
WARNING: Please consider reporting this to the maintainers of class org.openjdk.jmh.util.Utils
WARNING: sun.misc.Unsafe::objectFieldOffset will be removed in a future release
# Warmup Iteration   1: Input: n=1000000, keys=32768, observedHotFraction=0.900000, poolParallelism=3, availableProcessors=10
7.180 ms/op
# Warmup Iteration   2: 7.058 ms/op
# Warmup Iteration   3: 6.987 ms/op
# Warmup Iteration   4: 6.981 ms/op
# Warmup Iteration   5: 7.004 ms/op
Iteration   1: 6.949 ms/op
                 gc.alloc.rate:      2519.386 MB/sec
                 gc.alloc.rate.norm: 18359872.662 B/op
                 gc.count:           8.000 counts
                 gc.time:            5.000 ms

Iteration   2: 6.979 ms/op
                 gc.alloc.rate:      2508.747 MB/sec
                 gc.alloc.rate.norm: 18359872.662 B/op
                 gc.count:           8.000 counts
                 gc.time:            5.000 ms

Iteration   3: 6.931 ms/op
                 gc.alloc.rate:      2525.938 MB/sec
                 gc.alloc.rate.norm: 18359872.329 B/op
                 gc.count:           9.000 counts
                 gc.time:            6.000 ms

Iteration   4: 6.961 ms/op
                 gc.alloc.rate:      2515.128 MB/sec
                 gc.alloc.rate.norm: 18359872.329 B/op
                 gc.count:           8.000 counts
                 gc.time:            4.000 ms

Iteration   5: 6.968 ms/op
                 gc.alloc.rate:      2512.584 MB/sec
                 gc.alloc.rate.norm: 18359872.662 B/op
                 gc.count:           8.000 counts
                 gc.time:            5.000 ms


# Run progress: 89.81% complete, ETA 00:01:55
# Fork: 2 of 3
WARNING: A terminally deprecated method in sun.misc.Unsafe has been called
WARNING: sun.misc.Unsafe::objectFieldOffset has been called by org.openjdk.jmh.util.Utils (file:/Users/jaehyeon/Documents/Obsidian%20Vault/2026/04.%ed%98%b8%ec%84%9c%eb%8c%80%ed%95%99%ea%b5%90/11.%ec%b0%a8%ec%84%b8%eb%8c%80%ec%bb%b4%ed%93%a8%ed%8c%85%ed%95%99%ed%9a%8c%eb%85%bc%eb%ac%b8/JavaStream_%ed%82%a4%ed%8e%b8%ed%96%a5/.deps/jmh-core-1.37.jar)
WARNING: Please consider reporting this to the maintainers of class org.openjdk.jmh.util.Utils
WARNING: sun.misc.Unsafe::objectFieldOffset will be removed in a future release
# Warmup Iteration   1: Input: n=1000000, keys=32768, observedHotFraction=0.900000, poolParallelism=3, availableProcessors=10
7.238 ms/op
# Warmup Iteration   2: 7.126 ms/op
# Warmup Iteration   3: 6.989 ms/op
# Warmup Iteration   4: 6.968 ms/op
# Warmup Iteration   5: 7.001 ms/op
Iteration   1: 6.995 ms/op
                 gc.alloc.rate:      2502.904 MB/sec
                 gc.alloc.rate.norm: 18359872.662 B/op
                 gc.count:           8.000 counts
                 gc.time:            5.000 ms

Iteration   2: 6.995 ms/op
                 gc.alloc.rate:      2503.046 MB/sec
                 gc.alloc.rate.norm: 18359872.662 B/op
                 gc.count:           8.000 counts
                 gc.time:            4.000 ms

Iteration   3: 6.998 ms/op
                 gc.alloc.rate:      2501.726 MB/sec
                 gc.alloc.rate.norm: 18359872.662 B/op
                 gc.count:           9.000 counts
                 gc.time:            6.000 ms

Iteration   4: 6.980 ms/op
                 gc.alloc.rate:      2508.268 MB/sec
                 gc.alloc.rate.norm: 18359872.662 B/op
                 gc.count:           8.000 counts
                 gc.time:            4.000 ms

Iteration   5: 6.970 ms/op
                 gc.alloc.rate:      2511.816 MB/sec
                 gc.alloc.rate.norm: 18359872.662 B/op
                 gc.count:           8.000 counts
                 gc.time:            5.000 ms


# Run progress: 90.74% complete, ETA 00:01:44
# Fork: 3 of 3
WARNING: A terminally deprecated method in sun.misc.Unsafe has been called
WARNING: sun.misc.Unsafe::objectFieldOffset has been called by org.openjdk.jmh.util.Utils (file:/Users/jaehyeon/Documents/Obsidian%20Vault/2026/04.%ed%98%b8%ec%84%9c%eb%8c%80%ed%95%99%ea%b5%90/11.%ec%b0%a8%ec%84%b8%eb%8c%80%ec%bb%b4%ed%93%a8%ed%8c%85%ed%95%99%ed%9a%8c%eb%85%bc%eb%ac%b8/JavaStream_%ed%82%a4%ed%8e%b8%ed%96%a5/.deps/jmh-core-1.37.jar)
WARNING: Please consider reporting this to the maintainers of class org.openjdk.jmh.util.Utils
WARNING: sun.misc.Unsafe::objectFieldOffset will be removed in a future release
# Warmup Iteration   1: Input: n=1000000, keys=32768, observedHotFraction=0.900000, poolParallelism=3, availableProcessors=10
7.160 ms/op
# Warmup Iteration   2: 7.034 ms/op
# Warmup Iteration   3: 6.949 ms/op
# Warmup Iteration   4: 6.951 ms/op
# Warmup Iteration   5: 6.974 ms/op
Iteration   1: 6.960 ms/op
                 gc.alloc.rate:      2515.466 MB/sec
                 gc.alloc.rate.norm: 18359872.329 B/op
                 gc.count:           8.000 counts
                 gc.time:            4.000 ms

Iteration   2: 6.979 ms/op
                 gc.alloc.rate:      2508.791 MB/sec
                 gc.alloc.rate.norm: 18359872.662 B/op
                 gc.count:           9.000 counts
                 gc.time:            6.000 ms

Iteration   3: 6.967 ms/op
                 gc.alloc.rate:      2512.831 MB/sec
                 gc.alloc.rate.norm: 18359872.662 B/op
                 gc.count:           8.000 counts
                 gc.time:            4.000 ms

Iteration   4: 6.966 ms/op
                 gc.alloc.rate:      2513.178 MB/sec
                 gc.alloc.rate.norm: 18359872.329 B/op
                 gc.count:           8.000 counts
                 gc.time:            5.000 ms

Iteration   5: 6.980 ms/op
                 gc.alloc.rate:      2508.248 MB/sec
                 gc.alloc.rate.norm: 18359872.662 B/op
                 gc.count:           9.000 counts
                 gc.time:            6.000 ms



Result "research.skew.AggregationBenchmark.sequential":
  6.972 ±(99.9%) 0.019 ms/op [Average]
  (min, avg, max) = (6.931, 6.972, 6.998), stdev = 0.018
  CI (99.9%): [6.953, 6.991] (assumes normal distribution)

Secondary result "research.skew.AggregationBenchmark.sequential:gc.alloc.rate":
  2511.204 ±(99.9%) 6.887 MB/sec [Average]
  (min, avg, max) = (2501.726, 2511.204, 2525.938), stdev = 6.442
  CI (99.9%): [2504.317, 2518.090] (assumes normal distribution)

Secondary result "research.skew.AggregationBenchmark.sequential:gc.alloc.rate.norm":
  18359872.573 ±(99.9%) 0.163 B/op [Average]
  (min, avg, max) = (18359872.329, 18359872.573, 18359872.662), stdev = 0.153
  CI (99.9%): [18359872.410, 18359872.736] (assumes normal distribution)

Secondary result "research.skew.AggregationBenchmark.sequential:gc.count":
  124.000 ±(99.9%) 0.001 counts [Sum]
  (min, avg, max) = (8.000, 8.267, 9.000), stdev = 0.458
  CI (99.9%): [124.000, 124.000] (assumes normal distribution)

Secondary result "research.skew.AggregationBenchmark.sequential:gc.time":
  74.000 ±(99.9%) 0.001 ms [Sum]
  (min, avg, max) = (4.000, 4.933, 6.000), stdev = 0.799
  CI (99.9%): [74.000, 74.000] (assumes normal distribution)


# JMH version: 1.37
# VM version: JDK 25.0.4.1, OpenJDK 64-Bit Server VM, 25.0.4.1+1-LTS
# VM invoker: /Users/jaehyeon/Library/Java/JavaVirtualMachines/temurin-25.0.4.1/Contents/Home/bin/java
# VM options: -Xms512m -Xmx512m -Djava.util.concurrent.ForkJoinPool.common.parallelism=3
# Blackhole mode: compiler (auto-detected, use -Djmh.blackhole.autoDetect=false to disable)
# Warmup: 5 iterations, 1 s each
# Measurement: 5 iterations, 1 s each
# Timeout: 10 min per iteration
# Threads: 1 thread, will synchronize iterations
# Benchmark mode: Average time, time/op
# Benchmark: research.skew.AggregationBenchmark.sequential
# Parameters: (cardinality = 65536, distribution = uniform, seed = 20260929, size = 1000000)

# Run progress: 91.67% complete, ETA 00:01:34
# Fork: 1 of 3
WARNING: A terminally deprecated method in sun.misc.Unsafe has been called
WARNING: sun.misc.Unsafe::objectFieldOffset has been called by org.openjdk.jmh.util.Utils (file:/Users/jaehyeon/Documents/Obsidian%20Vault/2026/04.%ed%98%b8%ec%84%9c%eb%8c%80%ed%95%99%ea%b5%90/11.%ec%b0%a8%ec%84%b8%eb%8c%80%ec%bb%b4%ed%93%a8%ed%8c%85%ed%95%99%ed%9a%8c%eb%85%bc%eb%ac%b8/JavaStream_%ed%82%a4%ed%8e%b8%ed%96%a5/.deps/jmh-core-1.37.jar)
WARNING: Please consider reporting this to the maintainers of class org.openjdk.jmh.util.Utils
WARNING: sun.misc.Unsafe::objectFieldOffset will be removed in a future release
# Warmup Iteration   1: Input: n=1000000, keys=65536, observedHotFraction=0.000016, poolParallelism=3, availableProcessors=10
14.429 ms/op
# Warmup Iteration   2: 14.081 ms/op
# Warmup Iteration   3: 14.032 ms/op
# Warmup Iteration   4: 14.061 ms/op
# Warmup Iteration   5: 14.081 ms/op
Iteration   1: 14.081 ms/op
                 gc.alloc.rate:      1403.123 MB/sec
                 gc.alloc.rate.norm: 20719208.658 B/op
                 gc.count:           12.000 counts
                 gc.time:            39.000 ms

Iteration   2: 14.050 ms/op
                 gc.alloc.rate:      1406.211 MB/sec
                 gc.alloc.rate.norm: 20719208.658 B/op
                 gc.count:           14.000 counts
                 gc.time:            39.000 ms

Iteration   3: 14.084 ms/op
                 gc.alloc.rate:      1402.791 MB/sec
                 gc.alloc.rate.norm: 20719210.000 B/op
                 gc.count:           15.000 counts
                 gc.time:            39.000 ms

Iteration   4: 14.112 ms/op
                 gc.alloc.rate:      1399.999 MB/sec
                 gc.alloc.rate.norm: 20719210.000 B/op
                 gc.count:           15.000 counts
                 gc.time:            41.000 ms

Iteration   5: 14.204 ms/op
                 gc.alloc.rate:      1390.941 MB/sec
                 gc.alloc.rate.norm: 20719210.000 B/op
                 gc.count:           14.000 counts
                 gc.time:            39.000 ms


# Run progress: 92.59% complete, ETA 00:01:23
# Fork: 2 of 3
WARNING: A terminally deprecated method in sun.misc.Unsafe has been called
WARNING: sun.misc.Unsafe::objectFieldOffset has been called by org.openjdk.jmh.util.Utils (file:/Users/jaehyeon/Documents/Obsidian%20Vault/2026/04.%ed%98%b8%ec%84%9c%eb%8c%80%ed%95%99%ea%b5%90/11.%ec%b0%a8%ec%84%b8%eb%8c%80%ec%bb%b4%ed%93%a8%ed%8c%85%ed%95%99%ed%9a%8c%eb%85%bc%eb%ac%b8/JavaStream_%ed%82%a4%ed%8e%b8%ed%96%a5/.deps/jmh-core-1.37.jar)
WARNING: Please consider reporting this to the maintainers of class org.openjdk.jmh.util.Utils
WARNING: sun.misc.Unsafe::objectFieldOffset will be removed in a future release
# Warmup Iteration   1: Input: n=1000000, keys=65536, observedHotFraction=0.000016, poolParallelism=3, availableProcessors=10
14.419 ms/op
# Warmup Iteration   2: 14.178 ms/op
# Warmup Iteration   3: 14.115 ms/op
# Warmup Iteration   4: 14.118 ms/op
# Warmup Iteration   5: 14.176 ms/op
Iteration   1: 14.036 ms/op
                 gc.alloc.rate:      1407.560 MB/sec
                 gc.alloc.rate.norm: 20719210.000 B/op
                 gc.count:           11.000 counts
                 gc.time:            35.000 ms

Iteration   2: 14.198 ms/op
                 gc.alloc.rate:      1391.539 MB/sec
                 gc.alloc.rate.norm: 20719210.000 B/op
                 gc.count:           15.000 counts
                 gc.time:            43.000 ms

Iteration   3: 14.112 ms/op
                 gc.alloc.rate:      1400.055 MB/sec
                 gc.alloc.rate.norm: 20719210.000 B/op
                 gc.count:           14.000 counts
                 gc.time:            41.000 ms

Iteration   4: 14.071 ms/op
                 gc.alloc.rate:      1404.140 MB/sec
                 gc.alloc.rate.norm: 20719208.658 B/op
                 gc.count:           11.000 counts
                 gc.time:            36.000 ms

Iteration   5: 14.151 ms/op
                 gc.alloc.rate:      1396.146 MB/sec
                 gc.alloc.rate.norm: 20719210.000 B/op
                 gc.count:           14.000 counts
                 gc.time:            39.000 ms


# Run progress: 93.52% complete, ETA 00:01:13
# Fork: 3 of 3
WARNING: A terminally deprecated method in sun.misc.Unsafe has been called
WARNING: sun.misc.Unsafe::objectFieldOffset has been called by org.openjdk.jmh.util.Utils (file:/Users/jaehyeon/Documents/Obsidian%20Vault/2026/04.%ed%98%b8%ec%84%9c%eb%8c%80%ed%95%99%ea%b5%90/11.%ec%b0%a8%ec%84%b8%eb%8c%80%ec%bb%b4%ed%93%a8%ed%8c%85%ed%95%99%ed%9a%8c%eb%85%bc%eb%ac%b8/JavaStream_%ed%82%a4%ed%8e%b8%ed%96%a5/.deps/jmh-core-1.37.jar)
WARNING: Please consider reporting this to the maintainers of class org.openjdk.jmh.util.Utils
WARNING: sun.misc.Unsafe::objectFieldOffset will be removed in a future release
# Warmup Iteration   1: Input: n=1000000, keys=65536, observedHotFraction=0.000016, poolParallelism=3, availableProcessors=10
14.446 ms/op
# Warmup Iteration   2: 14.020 ms/op
# Warmup Iteration   3: 14.115 ms/op
# Warmup Iteration   4: 14.032 ms/op
# Warmup Iteration   5: 14.021 ms/op
Iteration   1: 14.071 ms/op
                 gc.alloc.rate:      1404.125 MB/sec
                 gc.alloc.rate.norm: 20719208.658 B/op
                 gc.count:           14.000 counts
                 gc.time:            41.000 ms

Iteration   2: 14.053 ms/op
                 gc.alloc.rate:      1405.851 MB/sec
                 gc.alloc.rate.norm: 20719210.000 B/op
                 gc.count:           15.000 counts
                 gc.time:            39.000 ms

Iteration   3: 13.940 ms/op
                 gc.alloc.rate:      1417.336 MB/sec
                 gc.alloc.rate.norm: 20719208.658 B/op
                 gc.count:           11.000 counts
                 gc.time:            33.000 ms

Iteration   4: 14.111 ms/op
                 gc.alloc.rate:      1400.092 MB/sec
                 gc.alloc.rate.norm: 20719210.000 B/op
                 gc.count:           15.000 counts
                 gc.time:            42.000 ms

Iteration   5: 14.099 ms/op
                 gc.alloc.rate:      1401.270 MB/sec
                 gc.alloc.rate.norm: 20719210.000 B/op
                 gc.count:           15.000 counts
                 gc.time:            40.000 ms



Result "research.skew.AggregationBenchmark.sequential":
  14.091 ±(99.9%) 0.069 ms/op [Average]
  (min, avg, max) = (13.940, 14.091, 14.204), stdev = 0.065
  CI (99.9%): [14.022, 14.161] (assumes normal distribution)

Secondary result "research.skew.AggregationBenchmark.sequential:gc.alloc.rate":
  1402.079 ±(99.9%) 6.925 MB/sec [Average]
  (min, avg, max) = (1390.941, 1402.079, 1417.336), stdev = 6.478
  CI (99.9%): [1395.153, 1409.004] (assumes normal distribution)

Secondary result "research.skew.AggregationBenchmark.sequential:gc.alloc.rate.norm":
  20719209.553 ±(99.9%) 0.700 B/op [Average]
  (min, avg, max) = (20719208.658, 20719209.553, 20719210.000), stdev = 0.655
  CI (99.9%): [20719208.852, 20719210.253] (assumes normal distribution)

Secondary result "research.skew.AggregationBenchmark.sequential:gc.count":
  205.000 ±(99.9%) 0.001 counts [Sum]
  (min, avg, max) = (11.000, 13.667, 15.000), stdev = 1.589
  CI (99.9%): [205.000, 205.000] (assumes normal distribution)

Secondary result "research.skew.AggregationBenchmark.sequential:gc.time":
  586.000 ±(99.9%) 0.001 ms [Sum]
  (min, avg, max) = (33.000, 39.067, 43.000), stdev = 2.658
  CI (99.9%): [586.000, 586.000] (assumes normal distribution)


# JMH version: 1.37
# VM version: JDK 25.0.4.1, OpenJDK 64-Bit Server VM, 25.0.4.1+1-LTS
# VM invoker: /Users/jaehyeon/Library/Java/JavaVirtualMachines/temurin-25.0.4.1/Contents/Home/bin/java
# VM options: -Xms512m -Xmx512m -Djava.util.concurrent.ForkJoinPool.common.parallelism=3
# Blackhole mode: compiler (auto-detected, use -Djmh.blackhole.autoDetect=false to disable)
# Warmup: 5 iterations, 1 s each
# Measurement: 5 iterations, 1 s each
# Timeout: 10 min per iteration
# Threads: 1 thread, will synchronize iterations
# Benchmark mode: Average time, time/op
# Benchmark: research.skew.AggregationBenchmark.sequential
# Parameters: (cardinality = 65536, distribution = hot50, seed = 20260929, size = 1000000)

# Run progress: 94.44% complete, ETA 00:01:02
# Fork: 1 of 3
WARNING: A terminally deprecated method in sun.misc.Unsafe has been called
WARNING: sun.misc.Unsafe::objectFieldOffset has been called by org.openjdk.jmh.util.Utils (file:/Users/jaehyeon/Documents/Obsidian%20Vault/2026/04.%ed%98%b8%ec%84%9c%eb%8c%80%ed%95%99%ea%b5%90/11.%ec%b0%a8%ec%84%b8%eb%8c%80%ec%bb%b4%ed%93%a8%ed%8c%85%ed%95%99%ed%9a%8c%eb%85%bc%eb%ac%b8/JavaStream_%ed%82%a4%ed%8e%b8%ed%96%a5/.deps/jmh-core-1.37.jar)
WARNING: Please consider reporting this to the maintainers of class org.openjdk.jmh.util.Utils
WARNING: sun.misc.Unsafe::objectFieldOffset will be removed in a future release
# Warmup Iteration   1: Input: n=1000000, keys=65536, observedHotFraction=0.500000, poolParallelism=3, availableProcessors=10
12.381 ms/op
# Warmup Iteration   2: 12.101 ms/op
# Warmup Iteration   3: 12.131 ms/op
# Warmup Iteration   4: 12.185 ms/op
# Warmup Iteration   5: 12.215 ms/op
Iteration   1: 12.187 ms/op
                 gc.alloc.rate:      1621.182 MB/sec
                 gc.alloc.rate.norm: 20719221.012 B/op
                 gc.count:           15.000 counts
                 gc.time:            46.000 ms

Iteration   2: 12.173 ms/op
                 gc.alloc.rate:      1623.080 MB/sec
                 gc.alloc.rate.norm: 20719221.012 B/op
                 gc.count:           15.000 counts
                 gc.time:            46.000 ms

Iteration   3: 12.193 ms/op
                 gc.alloc.rate:      1620.314 MB/sec
                 gc.alloc.rate.norm: 20719221.012 B/op
                 gc.count:           15.000 counts
                 gc.time:            48.000 ms

Iteration   4: 12.255 ms/op
                 gc.alloc.rate:      1612.125 MB/sec
                 gc.alloc.rate.norm: 20719221.012 B/op
                 gc.count:           15.000 counts
                 gc.time:            47.000 ms

Iteration   5: 12.044 ms/op
                 gc.alloc.rate:      1640.394 MB/sec
                 gc.alloc.rate.norm: 20719219.012 B/op
                 gc.count:           15.000 counts
                 gc.time:            47.000 ms


# Run progress: 95.37% complete, ETA 00:00:52
# Fork: 2 of 3
WARNING: A terminally deprecated method in sun.misc.Unsafe has been called
WARNING: sun.misc.Unsafe::objectFieldOffset has been called by org.openjdk.jmh.util.Utils (file:/Users/jaehyeon/Documents/Obsidian%20Vault/2026/04.%ed%98%b8%ec%84%9c%eb%8c%80%ed%95%99%ea%b5%90/11.%ec%b0%a8%ec%84%b8%eb%8c%80%ec%bb%b4%ed%93%a8%ed%8c%85%ed%95%99%ed%9a%8c%eb%85%bc%eb%ac%b8/JavaStream_%ed%82%a4%ed%8e%b8%ed%96%a5/.deps/jmh-core-1.37.jar)
WARNING: Please consider reporting this to the maintainers of class org.openjdk.jmh.util.Utils
WARNING: sun.misc.Unsafe::objectFieldOffset will be removed in a future release
# Warmup Iteration   1: Input: n=1000000, keys=65536, observedHotFraction=0.500000, poolParallelism=3, availableProcessors=10
12.504 ms/op
# Warmup Iteration   2: 12.420 ms/op
# Warmup Iteration   3: 12.447 ms/op
# Warmup Iteration   4: 12.369 ms/op
# Warmup Iteration   5: 12.371 ms/op
Iteration   1: 12.315 ms/op
                 gc.alloc.rate:      1604.241 MB/sec
                 gc.alloc.rate.norm: 20719221.012 B/op
                 gc.count:           14.000 counts
                 gc.time:            41.000 ms

Iteration   2: 12.354 ms/op
                 gc.alloc.rate:      1599.198 MB/sec
                 gc.alloc.rate.norm: 20719222.049 B/op
                 gc.count:           15.000 counts
                 gc.time:            47.000 ms

Iteration   3: 12.399 ms/op
                 gc.alloc.rate:      1593.489 MB/sec
                 gc.alloc.rate.norm: 20719222.049 B/op
                 gc.count:           15.000 counts
                 gc.time:            43.000 ms

Iteration   4: 12.503 ms/op
                 gc.alloc.rate:      1580.141 MB/sec
                 gc.alloc.rate.norm: 20719223.111 B/op
                 gc.count:           15.000 counts
                 gc.time:            47.000 ms

Iteration   5: 12.481 ms/op
                 gc.alloc.rate:      1582.858 MB/sec
                 gc.alloc.rate.norm: 20719223.111 B/op
                 gc.count:           15.000 counts
                 gc.time:            46.000 ms


# Run progress: 96.30% complete, ETA 00:00:41
# Fork: 3 of 3
WARNING: A terminally deprecated method in sun.misc.Unsafe has been called
WARNING: sun.misc.Unsafe::objectFieldOffset has been called by org.openjdk.jmh.util.Utils (file:/Users/jaehyeon/Documents/Obsidian%20Vault/2026/04.%ed%98%b8%ec%84%9c%eb%8c%80%ed%95%99%ea%b5%90/11.%ec%b0%a8%ec%84%b8%eb%8c%80%ec%bb%b4%ed%93%a8%ed%8c%85%ed%95%99%ed%9a%8c%eb%85%bc%eb%ac%b8/JavaStream_%ed%82%a4%ed%8e%b8%ed%96%a5/.deps/jmh-core-1.37.jar)
WARNING: Please consider reporting this to the maintainers of class org.openjdk.jmh.util.Utils
WARNING: sun.misc.Unsafe::objectFieldOffset will be removed in a future release
# Warmup Iteration   1: Input: n=1000000, keys=65536, observedHotFraction=0.500000, poolParallelism=3, availableProcessors=10
12.474 ms/op
# Warmup Iteration   2: 12.223 ms/op
# Warmup Iteration   3: 12.075 ms/op
# Warmup Iteration   4: 12.252 ms/op
# Warmup Iteration   5: 12.206 ms/op
Iteration   1: 12.159 ms/op
                 gc.alloc.rate:      1624.896 MB/sec
                 gc.alloc.rate.norm: 20719220.000 B/op
                 gc.count:           15.000 counts
                 gc.time:            46.000 ms

Iteration   2: 12.086 ms/op
                 gc.alloc.rate:      1634.678 MB/sec
                 gc.alloc.rate.norm: 20719220.000 B/op
                 gc.count:           15.000 counts
                 gc.time:            44.000 ms

Iteration   3: 12.213 ms/op
                 gc.alloc.rate:      1617.731 MB/sec
                 gc.alloc.rate.norm: 20719221.012 B/op
                 gc.count:           15.000 counts
                 gc.time:            47.000 ms

Iteration   4: 12.138 ms/op
                 gc.alloc.rate:      1627.708 MB/sec
                 gc.alloc.rate.norm: 20719220.000 B/op
                 gc.count:           15.000 counts
                 gc.time:            46.000 ms

Iteration   5: 12.120 ms/op
                 gc.alloc.rate:      1630.060 MB/sec
                 gc.alloc.rate.norm: 20719220.000 B/op
                 gc.count:           14.000 counts
                 gc.time:            42.000 ms



Result "research.skew.AggregationBenchmark.sequential":
  12.241 ±(99.9%) 0.150 ms/op [Average]
  (min, avg, max) = (12.044, 12.241, 12.503), stdev = 0.140
  CI (99.9%): [12.091, 12.391] (assumes normal distribution)

Secondary result "research.skew.AggregationBenchmark.sequential:gc.alloc.rate":
  1614.140 ±(99.9%) 19.653 MB/sec [Average]
  (min, avg, max) = (1580.141, 1614.140, 1640.394), stdev = 18.383
  CI (99.9%): [1594.487, 1633.792] (assumes normal distribution)

Secondary result "research.skew.AggregationBenchmark.sequential:gc.alloc.rate.norm":
  20719221.027 ±(99.9%) 1.247 B/op [Average]
  (min, avg, max) = (20719219.012, 20719221.027, 20719223.111), stdev = 1.167
  CI (99.9%): [20719219.780, 20719222.274] (assumes normal distribution)

Secondary result "research.skew.AggregationBenchmark.sequential:gc.count":
  223.000 ±(99.9%) 0.001 counts [Sum]
  (min, avg, max) = (14.000, 14.867, 15.000), stdev = 0.352
  CI (99.9%): [223.000, 223.000] (assumes normal distribution)

Secondary result "research.skew.AggregationBenchmark.sequential:gc.time":
  683.000 ±(99.9%) 0.001 ms [Sum]
  (min, avg, max) = (41.000, 45.533, 48.000), stdev = 2.066
  CI (99.9%): [683.000, 683.000] (assumes normal distribution)


# JMH version: 1.37
# VM version: JDK 25.0.4.1, OpenJDK 64-Bit Server VM, 25.0.4.1+1-LTS
# VM invoker: /Users/jaehyeon/Library/Java/JavaVirtualMachines/temurin-25.0.4.1/Contents/Home/bin/java
# VM options: -Xms512m -Xmx512m -Djava.util.concurrent.ForkJoinPool.common.parallelism=3
# Blackhole mode: compiler (auto-detected, use -Djmh.blackhole.autoDetect=false to disable)
# Warmup: 5 iterations, 1 s each
# Measurement: 5 iterations, 1 s each
# Timeout: 10 min per iteration
# Threads: 1 thread, will synchronize iterations
# Benchmark mode: Average time, time/op
# Benchmark: research.skew.AggregationBenchmark.sequential
# Parameters: (cardinality = 65536, distribution = hot90, seed = 20260929, size = 1000000)

# Run progress: 97.22% complete, ETA 00:00:31
# Fork: 1 of 3
WARNING: A terminally deprecated method in sun.misc.Unsafe has been called
WARNING: sun.misc.Unsafe::objectFieldOffset has been called by org.openjdk.jmh.util.Utils (file:/Users/jaehyeon/Documents/Obsidian%20Vault/2026/04.%ed%98%b8%ec%84%9c%eb%8c%80%ed%95%99%ea%b5%90/11.%ec%b0%a8%ec%84%b8%eb%8c%80%ec%bb%b4%ed%93%a8%ed%8c%85%ed%95%99%ed%9a%8c%eb%85%bc%eb%ac%b8/JavaStream_%ed%82%a4%ed%8e%b8%ed%96%a5/.deps/jmh-core-1.37.jar)
WARNING: Please consider reporting this to the maintainers of class org.openjdk.jmh.util.Utils
WARNING: sun.misc.Unsafe::objectFieldOffset will be removed in a future release
# Warmup Iteration   1: Input: n=1000000, keys=65536, observedHotFraction=0.900000, poolParallelism=3, availableProcessors=10
9.204 ms/op
# Warmup Iteration   2: 9.170 ms/op
# Warmup Iteration   3: 9.196 ms/op
# Warmup Iteration   4: 9.196 ms/op
# Warmup Iteration   5: 9.202 ms/op
Iteration   1: 9.179 ms/op
                 gc.alloc.rate:      2152.314 MB/sec
                 gc.alloc.rate.norm: 20719200.145 B/op
                 gc.count:           20.000 counts
                 gc.time:            63.000 ms

Iteration   2: 9.165 ms/op
                 gc.alloc.rate:      2155.767 MB/sec
                 gc.alloc.rate.norm: 20719199.568 B/op
                 gc.count:           20.000 counts
                 gc.time:            62.000 ms

Iteration   3: 9.215 ms/op
                 gc.alloc.rate:      2144.004 MB/sec
                 gc.alloc.rate.norm: 20719200.145 B/op
                 gc.count:           19.000 counts
                 gc.time:            57.000 ms

Iteration   4: 9.164 ms/op
                 gc.alloc.rate:      2155.944 MB/sec
                 gc.alloc.rate.norm: 20719199.568 B/op
                 gc.count:           20.000 counts
                 gc.time:            62.000 ms

Iteration   5: 9.257 ms/op
                 gc.alloc.rate:      2134.263 MB/sec
                 gc.alloc.rate.norm: 20719200.145 B/op
                 gc.count:           20.000 counts
                 gc.time:            62.000 ms


# Run progress: 98.15% complete, ETA 00:00:20
# Fork: 2 of 3
WARNING: A terminally deprecated method in sun.misc.Unsafe has been called
WARNING: sun.misc.Unsafe::objectFieldOffset has been called by org.openjdk.jmh.util.Utils (file:/Users/jaehyeon/Documents/Obsidian%20Vault/2026/04.%ed%98%b8%ec%84%9c%eb%8c%80%ed%95%99%ea%b5%90/11.%ec%b0%a8%ec%84%b8%eb%8c%80%ec%bb%b4%ed%93%a8%ed%8c%85%ed%95%99%ed%9a%8c%eb%85%bc%eb%ac%b8/JavaStream_%ed%82%a4%ed%8e%b8%ed%96%a5/.deps/jmh-core-1.37.jar)
WARNING: Please consider reporting this to the maintainers of class org.openjdk.jmh.util.Utils
WARNING: sun.misc.Unsafe::objectFieldOffset will be removed in a future release
# Warmup Iteration   1: Input: n=1000000, keys=65536, observedHotFraction=0.900000, poolParallelism=3, availableProcessors=10
9.358 ms/op
# Warmup Iteration   2: 9.391 ms/op
# Warmup Iteration   3: 9.451 ms/op
# Warmup Iteration   4: 9.418 ms/op
# Warmup Iteration   5: 9.415 ms/op
Iteration   1: 9.374 ms/op
                 gc.alloc.rate:      2107.738 MB/sec
                 gc.alloc.rate.norm: 20719201.333 B/op
                 gc.count:           19.000 counts
                 gc.time:            56.000 ms

Iteration   2: 9.412 ms/op
                 gc.alloc.rate:      2099.091 MB/sec
                 gc.alloc.rate.norm: 20719201.333 B/op
                 gc.count:           20.000 counts
                 gc.time:            63.000 ms

Iteration   3: 9.450 ms/op
                 gc.alloc.rate:      2090.604 MB/sec
                 gc.alloc.rate.norm: 20719201.333 B/op
                 gc.count:           20.000 counts
                 gc.time:            62.000 ms

Iteration   4: 9.420 ms/op
                 gc.alloc.rate:      2097.432 MB/sec
                 gc.alloc.rate.norm: 20719201.333 B/op
                 gc.count:           19.000 counts
                 gc.time:            59.000 ms

Iteration   5: 9.429 ms/op
                 gc.alloc.rate:      2095.210 MB/sec
                 gc.alloc.rate.norm: 20719201.333 B/op
                 gc.count:           20.000 counts
                 gc.time:            63.000 ms


# Run progress: 99.07% complete, ETA 00:00:10
# Fork: 3 of 3
WARNING: A terminally deprecated method in sun.misc.Unsafe has been called
WARNING: sun.misc.Unsafe::objectFieldOffset has been called by org.openjdk.jmh.util.Utils (file:/Users/jaehyeon/Documents/Obsidian%20Vault/2026/04.%ed%98%b8%ec%84%9c%eb%8c%80%ed%95%99%ea%b5%90/11.%ec%b0%a8%ec%84%b8%eb%8c%80%ec%bb%b4%ed%93%a8%ed%8c%85%ed%95%99%ed%9a%8c%eb%85%bc%eb%ac%b8/JavaStream_%ed%82%a4%ed%8e%b8%ed%96%a5/.deps/jmh-core-1.37.jar)
WARNING: Please consider reporting this to the maintainers of class org.openjdk.jmh.util.Utils
WARNING: sun.misc.Unsafe::objectFieldOffset will be removed in a future release
# Warmup Iteration   1: Input: n=1000000, keys=65536, observedHotFraction=0.900000, poolParallelism=3, availableProcessors=10
9.475 ms/op
# Warmup Iteration   2: 9.444 ms/op
# Warmup Iteration   3: 9.422 ms/op
# Warmup Iteration   4: 9.558 ms/op
# Warmup Iteration   5: 9.524 ms/op
Iteration   1: 9.453 ms/op
                 gc.alloc.rate:      2090.079 MB/sec
                 gc.alloc.rate.norm: 20719201.944 B/op
                 gc.count:           19.000 counts
                 gc.time:            58.000 ms

Iteration   2: 9.506 ms/op
                 gc.alloc.rate:      2078.408 MB/sec
                 gc.alloc.rate.norm: 20719202.566 B/op
                 gc.count:           20.000 counts
                 gc.time:            62.000 ms

Iteration   3: 9.416 ms/op
                 gc.alloc.rate:      2098.260 MB/sec
                 gc.alloc.rate.norm: 20719201.333 B/op
                 gc.count:           16.000 counts
                 gc.time:            51.000 ms

Iteration   4: 9.533 ms/op
                 gc.alloc.rate:      2072.507 MB/sec
                 gc.alloc.rate.norm: 20719202.566 B/op
                 gc.count:           20.000 counts
                 gc.time:            62.000 ms

Iteration   5: 9.459 ms/op
                 gc.alloc.rate:      2088.666 MB/sec
                 gc.alloc.rate.norm: 20719201.944 B/op
                 gc.count:           19.000 counts
                 gc.time:            56.000 ms



Result "research.skew.AggregationBenchmark.sequential":
  9.362 ±(99.9%) 0.138 ms/op [Average]
  (min, avg, max) = (9.164, 9.362, 9.533), stdev = 0.129
  CI (99.9%): [9.224, 9.500] (assumes normal distribution)

Secondary result "research.skew.AggregationBenchmark.sequential:gc.alloc.rate":
  2110.686 ±(99.9%) 31.305 MB/sec [Average]
  (min, avg, max) = (2072.507, 2110.686, 2155.944), stdev = 29.282
  CI (99.9%): [2079.381, 2141.991] (assumes normal distribution)

Secondary result "research.skew.AggregationBenchmark.sequential:gc.alloc.rate.norm":
  20719201.106 ±(99.9%) 1.049 B/op [Average]
  (min, avg, max) = (20719199.568, 20719201.106, 20719202.566), stdev = 0.981
  CI (99.9%): [20719200.057, 20719202.155] (assumes normal distribution)

Secondary result "research.skew.AggregationBenchmark.sequential:gc.count":
  291.000 ±(99.9%) 0.001 counts [Sum]
  (min, avg, max) = (16.000, 19.400, 20.000), stdev = 1.056
  CI (99.9%): [291.000, 291.000] (assumes normal distribution)

Secondary result "research.skew.AggregationBenchmark.sequential:gc.time":
  898.000 ±(99.9%) 0.001 ms [Sum]
  (min, avg, max) = (51.000, 59.867, 63.000), stdev = 3.563
  CI (99.9%): [898.000, 898.000] (assumes normal distribution)


# Run complete. Total time: 00:18:52

REMEMBER: The numbers below are just data. To gain reusable insights, you need to follow up on
why the numbers are the way they are. Use profilers (see -prof, -lprof), design factorial
experiments, perform baseline and negative tests that provide experimental control, make sure
the benchmarking environment is safe on JVM/OS/HW level, ask for reviews from the domain experts.
Do not assume the numbers tell you what you want them to tell.

NOTE: Current JVM experimentally supports Compiler Blackholes, and they are in use. Please exercise
extra caution when trusting the results, look into the generated code to check the benchmark still
works, and factor in a small probability of new VM bugs. Additionally, while comparisons between
different JVMs are already problematic, the performance difference caused by different Blackhole
modes can be very significant. Please make sure you use the consistent Blackhole mode for comparisons.

Benchmark                                                        (cardinality)  (distribution)    (seed)   (size)  Mode  Cnt         Score     Error   Units
AggregationBenchmark.parallelConcurrent                                  16384         uniform  20260929  1000000  avgt   15        11.330 ±   0.081   ms/op
AggregationBenchmark.parallelConcurrent:gc.alloc.rate                    16384         uniform  20260929  1000000  avgt   15      1452.235 ±  10.376  MB/sec
AggregationBenchmark.parallelConcurrent:gc.alloc.rate.norm               16384         uniform  20260929  1000000  avgt   15  17254444.559 ±  99.480    B/op
AggregationBenchmark.parallelConcurrent:gc.count                         16384         uniform  20260929  1000000  avgt   15        74.000            counts
AggregationBenchmark.parallelConcurrent:gc.time                          16384         uniform  20260929  1000000  avgt   15        42.000                ms
AggregationBenchmark.parallelConcurrent                                  16384           hot50  20260929  1000000  avgt   15        43.623 ±   1.563   ms/op
AggregationBenchmark.parallelConcurrent:gc.alloc.rate                    16384           hot50  20260929  1000000  avgt   15       377.565 ±  13.372  MB/sec
AggregationBenchmark.parallelConcurrent:gc.alloc.rate.norm               16384           hot50  20260929  1000000  avgt   15  17254303.647 ± 100.319    B/op
AggregationBenchmark.parallelConcurrent:gc.count                         16384           hot50  20260929  1000000  avgt   15        21.000            counts
AggregationBenchmark.parallelConcurrent:gc.time                          16384           hot50  20260929  1000000  avgt   15        55.000                ms
AggregationBenchmark.parallelConcurrent                                  16384           hot90  20260929  1000000  avgt   15        97.202 ±  11.637   ms/op
AggregationBenchmark.parallelConcurrent:gc.alloc.rate                    16384           hot90  20260929  1000000  avgt   15       171.472 ±  22.804  MB/sec
AggregationBenchmark.parallelConcurrent:gc.alloc.rate.norm               16384           hot90  20260929  1000000  avgt   15  17254331.384 ± 140.500    B/op
AggregationBenchmark.parallelConcurrent:gc.count                         16384           hot90  20260929  1000000  avgt   15        10.000            counts
AggregationBenchmark.parallelConcurrent:gc.time                          16384           hot90  20260929  1000000  avgt   15        23.000                ms
AggregationBenchmark.parallelConcurrent                                  32768         uniform  20260929  1000000  avgt   15         9.783 ±   0.135   ms/op
AggregationBenchmark.parallelConcurrent:gc.alloc.rate                    32768         uniform  20260929  1000000  avgt   15      1804.285 ±  25.213  MB/sec
AggregationBenchmark.parallelConcurrent:gc.alloc.rate.norm               32768         uniform  20260929  1000000  avgt   15  18506822.506 ± 111.926    B/op
AggregationBenchmark.parallelConcurrent:gc.count                         32768         uniform  20260929  1000000  avgt   15        91.000            counts
AggregationBenchmark.parallelConcurrent:gc.time                          32768         uniform  20260929  1000000  avgt   15        51.000                ms
AggregationBenchmark.parallelConcurrent                                  32768           hot50  20260929  1000000  avgt   15        43.493 ±   0.850   ms/op
AggregationBenchmark.parallelConcurrent:gc.alloc.rate                    32768           hot50  20260929  1000000  avgt   15       405.850 ±   7.742  MB/sec
AggregationBenchmark.parallelConcurrent:gc.alloc.rate.norm               32768           hot50  20260929  1000000  avgt   15  18505202.256 ± 166.392    B/op
AggregationBenchmark.parallelConcurrent:gc.count                         32768           hot50  20260929  1000000  avgt   15        21.000            counts
AggregationBenchmark.parallelConcurrent:gc.time                          32768           hot50  20260929  1000000  avgt   15        60.000                ms
AggregationBenchmark.parallelConcurrent                                  32768           hot90  20260929  1000000  avgt   15        85.733 ±  15.731   ms/op
AggregationBenchmark.parallelConcurrent:gc.alloc.rate                    32768           hot90  20260929  1000000  avgt   15       211.799 ±  40.709  MB/sec
AggregationBenchmark.parallelConcurrent:gc.alloc.rate.norm               32768           hot90  20260929  1000000  avgt   15  18504946.115 ± 159.803    B/op
AggregationBenchmark.parallelConcurrent:gc.count                         32768           hot90  20260929  1000000  avgt   15        11.000            counts
AggregationBenchmark.parallelConcurrent:gc.time                          32768           hot90  20260929  1000000  avgt   15        29.000                ms
AggregationBenchmark.parallelConcurrent                                  65536         uniform  20260929  1000000  avgt   15         9.013 ±   0.243   ms/op
AggregationBenchmark.parallelConcurrent:gc.alloc.rate                    65536         uniform  20260929  1000000  avgt   15      2223.741 ±  60.184  MB/sec
AggregationBenchmark.parallelConcurrent:gc.alloc.rate.norm               65536         uniform  20260929  1000000  avgt   15  21006749.956 ± 147.035    B/op
AggregationBenchmark.parallelConcurrent:gc.count                         65536         uniform  20260929  1000000  avgt   15       114.000            counts
AggregationBenchmark.parallelConcurrent:gc.time                          65536         uniform  20260929  1000000  avgt   15        83.000                ms
AggregationBenchmark.parallelConcurrent                                  65536           hot50  20260929  1000000  avgt   15        44.146 ±   0.702   ms/op
AggregationBenchmark.parallelConcurrent:gc.alloc.rate                    65536           hot50  20260929  1000000  avgt   15       453.873 ±   7.272  MB/sec
AggregationBenchmark.parallelConcurrent:gc.alloc.rate.norm               65536           hot50  20260929  1000000  avgt   15  21007528.313 ± 250.008    B/op
AggregationBenchmark.parallelConcurrent:gc.count                         65536           hot50  20260929  1000000  avgt   15        24.000            counts
AggregationBenchmark.parallelConcurrent:gc.time                          65536           hot50  20260929  1000000  avgt   15        18.000                ms
AggregationBenchmark.parallelConcurrent                                  65536           hot90  20260929  1000000  avgt   15        88.443 ±   9.931   ms/op
AggregationBenchmark.parallelConcurrent:gc.alloc.rate                    65536           hot90  20260929  1000000  avgt   15       228.730 ±  24.767  MB/sec
AggregationBenchmark.parallelConcurrent:gc.alloc.rate.norm               65536           hot90  20260929  1000000  avgt   15  21004428.444 ± 185.919    B/op
AggregationBenchmark.parallelConcurrent:gc.count                         65536           hot90  20260929  1000000  avgt   15        14.000            counts
AggregationBenchmark.parallelConcurrent:gc.time                          65536           hot90  20260929  1000000  avgt   15        53.000                ms
AggregationBenchmark.parallelConcurrentAdder                             16384         uniform  20260929  1000000  avgt   15        10.019 ±   0.040   ms/op
AggregationBenchmark.parallelConcurrentAdder:gc.alloc.rate               16384         uniform  20260929  1000000  avgt   15      1657.830 ±   6.625  MB/sec
AggregationBenchmark.parallelConcurrentAdder:gc.alloc.rate.norm          16384         uniform  20260929  1000000  avgt   15  17418221.743 ± 461.820    B/op
AggregationBenchmark.parallelConcurrentAdder:gc.count                    16384         uniform  20260929  1000000  avgt   15        81.000            counts
AggregationBenchmark.parallelConcurrentAdder:gc.time                     16384         uniform  20260929  1000000  avgt   15        48.000                ms
AggregationBenchmark.parallelConcurrentAdder                             16384           hot50  20260929  1000000  avgt   15         6.808 ±   0.051   ms/op
AggregationBenchmark.parallelConcurrentAdder:gc.alloc.rate               16384           hot50  20260929  1000000  avgt   15      2437.402 ±  18.141  MB/sec
AggregationBenchmark.parallelConcurrentAdder:gc.alloc.rate.norm          16384           hot50  20260929  1000000  avgt   15  17399974.062 ± 310.763    B/op
AggregationBenchmark.parallelConcurrentAdder:gc.count                    16384           hot50  20260929  1000000  avgt   15       123.000            counts
AggregationBenchmark.parallelConcurrentAdder:gc.time                     16384           hot50  20260929  1000000  avgt   15        60.000                ms
AggregationBenchmark.parallelConcurrentAdder                             16384           hot90  20260929  1000000  avgt   15         3.677 ±   0.244   ms/op
AggregationBenchmark.parallelConcurrentAdder:gc.alloc.rate               16384           hot90  20260929  1000000  avgt   15      4525.715 ± 288.512  MB/sec
AggregationBenchmark.parallelConcurrentAdder:gc.alloc.rate.norm          16384           hot90  20260929  1000000  avgt   15  17389881.224 ± 242.022    B/op
AggregationBenchmark.parallelConcurrentAdder:gc.count                    16384           hot90  20260929  1000000  avgt   15       226.000            counts
AggregationBenchmark.parallelConcurrentAdder:gc.time                     16384           hot90  20260929  1000000  avgt   15       108.000                ms
AggregationBenchmark.parallelConcurrentAdder                             32768         uniform  20260929  1000000  avgt   15         8.475 ±   0.085   ms/op
AggregationBenchmark.parallelConcurrentAdder:gc.alloc.rate               32768         uniform  20260929  1000000  avgt   15      2114.103 ±  21.051  MB/sec
AggregationBenchmark.parallelConcurrentAdder:gc.alloc.rate.norm          32768         uniform  20260929  1000000  avgt   15  18787711.758 ± 357.568    B/op
AggregationBenchmark.parallelConcurrentAdder:gc.count                    32768         uniform  20260929  1000000  avgt   15       105.000            counts
AggregationBenchmark.parallelConcurrentAdder:gc.time                     32768         uniform  20260929  1000000  avgt   15        50.000                ms
AggregationBenchmark.parallelConcurrentAdder                             32768           hot50  20260929  1000000  avgt   15         6.638 ±   0.306   ms/op
AggregationBenchmark.parallelConcurrentAdder:gc.alloc.rate               32768           hot50  20260929  1000000  avgt   15      2701.680 ± 122.838  MB/sec
AggregationBenchmark.parallelConcurrentAdder:gc.alloc.rate.norm          32768           hot50  20260929  1000000  avgt   15  18774745.347 ± 401.065    B/op
AggregationBenchmark.parallelConcurrentAdder:gc.count                    32768           hot50  20260929  1000000  avgt   15       134.000            counts
AggregationBenchmark.parallelConcurrentAdder:gc.time                     32768           hot50  20260929  1000000  avgt   15        64.000                ms
AggregationBenchmark.parallelConcurrentAdder                             32768           hot90  20260929  1000000  avgt   15         4.046 ±   0.234   ms/op
AggregationBenchmark.parallelConcurrentAdder:gc.alloc.rate               32768           hot90  20260929  1000000  avgt   15      4436.252 ± 263.342  MB/sec
AggregationBenchmark.parallelConcurrentAdder:gc.alloc.rate.norm          32768           hot90  20260929  1000000  avgt   15  18771042.822 ± 187.146    B/op
AggregationBenchmark.parallelConcurrentAdder:gc.count                    32768           hot90  20260929  1000000  avgt   15       221.000            counts
AggregationBenchmark.parallelConcurrentAdder:gc.time                     32768           hot90  20260929  1000000  avgt   15       108.000                ms
AggregationBenchmark.parallelConcurrentAdder                             65536         uniform  20260929  1000000  avgt   15         8.284 ±   0.336   ms/op
AggregationBenchmark.parallelConcurrentAdder:gc.alloc.rate               65536         uniform  20260929  1000000  avgt   15      2482.491 ±  98.484  MB/sec
AggregationBenchmark.parallelConcurrentAdder:gc.alloc.rate.norm          65536         uniform  20260929  1000000  avgt   15  21538721.191 ± 514.294    B/op
AggregationBenchmark.parallelConcurrentAdder:gc.count                    65536         uniform  20260929  1000000  avgt   15       125.000            counts
AggregationBenchmark.parallelConcurrentAdder:gc.time                     65536         uniform  20260929  1000000  avgt   15        88.000                ms
AggregationBenchmark.parallelConcurrentAdder                             65536           hot50  20260929  1000000  avgt   15         6.863 ±   0.087   ms/op
AggregationBenchmark.parallelConcurrentAdder:gc.alloc.rate               65536           hot50  20260929  1000000  avgt   15      2992.636 ±  37.957  MB/sec
AggregationBenchmark.parallelConcurrentAdder:gc.alloc.rate.norm          65536           hot50  20260929  1000000  avgt   15  21535377.115 ± 189.646    B/op
AggregationBenchmark.parallelConcurrentAdder:gc.count                    65536           hot50  20260929  1000000  avgt   15       150.000            counts
AggregationBenchmark.parallelConcurrentAdder:gc.time                     65536           hot50  20260929  1000000  avgt   15       110.000                ms
AggregationBenchmark.parallelConcurrentAdder                             65536           hot90  20260929  1000000  avgt   15        37.954 ±   5.258   ms/op
AggregationBenchmark.parallelConcurrentAdder:gc.alloc.rate               65536           hot90  20260929  1000000  avgt   15       549.629 ±  76.715  MB/sec
AggregationBenchmark.parallelConcurrentAdder:gc.alloc.rate.norm          65536           hot90  20260929  1000000  avgt   15  21532645.010 ± 581.856    B/op
AggregationBenchmark.parallelConcurrentAdder:gc.count                    65536           hot90  20260929  1000000  avgt   15        29.000            counts
AggregationBenchmark.parallelConcurrentAdder:gc.time                     65536           hot90  20260929  1000000  avgt   15        53.000                ms
AggregationBenchmark.parallelMerge                                       16384         uniform  20260929  1000000  avgt   15         6.265 ±   0.361   ms/op
AggregationBenchmark.parallelMerge:gc.alloc.rate                         16384         uniform  20260929  1000000  avgt   15      5293.221 ± 316.258  MB/sec
AggregationBenchmark.parallelMerge:gc.alloc.rate.norm                    16384         uniform  20260929  1000000  avgt   15  34677695.137 ±   2.585    B/op
AggregationBenchmark.parallelMerge:gc.count                              16384         uniform  20260929  1000000  avgt   15       270.000            counts
AggregationBenchmark.parallelMerge:gc.time                               16384         uniform  20260929  1000000  avgt   15       285.000                ms
AggregationBenchmark.parallelMerge                                       16384           hot50  20260929  1000000  avgt   15         6.416 ±   0.097   ms/op
AggregationBenchmark.parallelMerge:gc.alloc.rate                         16384           hot50  20260929  1000000  avgt   15      4962.056 ±  75.233  MB/sec
AggregationBenchmark.parallelMerge:gc.alloc.rate.norm                    16384           hot50  20260929  1000000  avgt   15  33380015.165 ±   1.532    B/op
AggregationBenchmark.parallelMerge:gc.count                              16384           hot50  20260929  1000000  avgt   15       250.000            counts
AggregationBenchmark.parallelMerge:gc.time                               16384           hot50  20260929  1000000  avgt   15       213.000                ms
AggregationBenchmark.parallelMerge                                       16384           hot90  20260929  1000000  avgt   15         4.003 ±   0.030   ms/op
AggregationBenchmark.parallelMerge:gc.alloc.rate                         16384           hot90  20260929  1000000  avgt   15      5857.943 ±  44.020  MB/sec
AggregationBenchmark.parallelMerge:gc.alloc.rate.norm                    16384           hot90  20260929  1000000  avgt   15  24592143.223 ±   0.857    B/op
AggregationBenchmark.parallelMerge:gc.count                              16384           hot90  20260929  1000000  avgt   15       293.000            counts
AggregationBenchmark.parallelMerge:gc.time                               16384           hot90  20260929  1000000  avgt   15       154.000                ms
AggregationBenchmark.parallelMerge                                       32768         uniform  20260929  1000000  avgt   15        11.241 ±   0.547   ms/op
AggregationBenchmark.parallelMerge:gc.alloc.rate                         32768         uniform  20260929  1000000  avgt   15      4314.748 ± 216.479  MB/sec
AggregationBenchmark.parallelMerge:gc.alloc.rate.norm                    32768         uniform  20260929  1000000  avgt   15  50763069.890 ±   4.164    B/op
AggregationBenchmark.parallelMerge:gc.count                              32768         uniform  20260929  1000000  avgt   15       227.000            counts
AggregationBenchmark.parallelMerge:gc.time                               32768         uniform  20260929  1000000  avgt   15       419.000                ms
AggregationBenchmark.parallelMerge                                       32768           hot50  20260929  1000000  avgt   15         9.899 ±   0.065   ms/op
AggregationBenchmark.parallelMerge:gc.alloc.rate                         32768           hot50  20260929  1000000  avgt   15      4166.839 ±  27.277  MB/sec
AggregationBenchmark.parallelMerge:gc.alloc.rate.norm                    32768           hot50  20260929  1000000  avgt   15  43255126.159 ±   1.158    B/op
AggregationBenchmark.parallelMerge:gc.count                              32768           hot50  20260929  1000000  avgt   15       218.000            counts
AggregationBenchmark.parallelMerge:gc.time                               32768           hot50  20260929  1000000  avgt   15       405.000                ms
AggregationBenchmark.parallelMerge                                       32768           hot90  20260929  1000000  avgt   15         4.787 ±   0.131   ms/op
AggregationBenchmark.parallelMerge:gc.alloc.rate                         32768           hot90  20260929  1000000  avgt   15      5378.519 ± 142.963  MB/sec
AggregationBenchmark.parallelMerge:gc.alloc.rate.norm                    32768           hot90  20260929  1000000  avgt   15  26983442.840 ±   2.967    B/op
AggregationBenchmark.parallelMerge:gc.count                              32768           hot90  20260929  1000000  avgt   15       271.000            counts
AggregationBenchmark.parallelMerge:gc.time                               32768           hot90  20260929  1000000  avgt   15       191.000                ms
AggregationBenchmark.parallelMerge                                       65536         uniform  20260929  1000000  avgt   15        24.089 ±   0.465   ms/op
AggregationBenchmark.parallelMerge:gc.alloc.rate                         65536         uniform  20260929  1000000  avgt   15      2791.413 ±  53.367  MB/sec
AggregationBenchmark.parallelMerge:gc.alloc.rate.norm                    65536         uniform  20260929  1000000  avgt   15  70497936.969 ±   2.735    B/op
AggregationBenchmark.parallelMerge:gc.count                              65536         uniform  20260929  1000000  avgt   15       769.000            counts
AggregationBenchmark.parallelMerge:gc.time                               65536         uniform  20260929  1000000  avgt   15      3611.000                ms
AggregationBenchmark.parallelMerge                                       65536           hot50  20260929  1000000  avgt   15        18.695 ±   0.453   ms/op
AggregationBenchmark.parallelMerge:gc.alloc.rate                         65536           hot50  20260929  1000000  avgt   15      2860.582 ±  71.286  MB/sec
AggregationBenchmark.parallelMerge:gc.alloc.rate.norm                    65536           hot50  20260929  1000000  avgt   15  56055451.424 ±   2.616    B/op
AggregationBenchmark.parallelMerge:gc.count                              65536           hot50  20260929  1000000  avgt   15       640.000            counts
AggregationBenchmark.parallelMerge:gc.time                               65536           hot50  20260929  1000000  avgt   15      2889.000                ms
AggregationBenchmark.parallelMerge                                       65536           hot90  20260929  1000000  avgt   15         6.465 ±   0.154   ms/op
AggregationBenchmark.parallelMerge:gc.alloc.rate                         65536           hot90  20260929  1000000  avgt   15      4379.574 ± 105.795  MB/sec
AggregationBenchmark.parallelMerge:gc.alloc.rate.norm                    65536           hot90  20260929  1000000  avgt   15  29678936.512 ±   1.922    B/op
AggregationBenchmark.parallelMerge:gc.count                              65536           hot90  20260929  1000000  avgt   15       582.000            counts
AggregationBenchmark.parallelMerge:gc.time                               65536           hot90  20260929  1000000  avgt   15      1373.000                ms
AggregationBenchmark.sequential                                          16384         uniform  20260929  1000000  avgt   15         9.807 ±   0.033   ms/op
AggregationBenchmark.sequential:gc.alloc.rate                            16384         uniform  20260929  1000000  avgt   15      1670.480 ±   5.686  MB/sec
AggregationBenchmark.sequential:gc.alloc.rate.norm                       16384         uniform  20260929  1000000  avgt   15  17180204.197 ±   0.364    B/op
AggregationBenchmark.sequential:gc.count                                 16384         uniform  20260929  1000000  avgt   15        83.000            counts
AggregationBenchmark.sequential:gc.time                                  16384         uniform  20260929  1000000  avgt   15        44.000                ms
AggregationBenchmark.sequential                                          16384           hot50  20260929  1000000  avgt   15         8.370 ±   0.033   ms/op
AggregationBenchmark.sequential:gc.alloc.rate                            16384           hot50  20260929  1000000  avgt   15      1957.425 ±   7.613  MB/sec
AggregationBenchmark.sequential:gc.alloc.rate.norm                       16384           hot50  20260929  1000000  avgt   15  17180218.220 ±   0.348    B/op
AggregationBenchmark.sequential:gc.count                                 16384           hot50  20260929  1000000  avgt   15        96.000            counts
AggregationBenchmark.sequential:gc.time                                  16384           hot50  20260929  1000000  avgt   15        49.000                ms
AggregationBenchmark.sequential                                          16384           hot90  20260929  1000000  avgt   15         6.034 ±   0.038   ms/op
AggregationBenchmark.sequential:gc.alloc.rate                            16384           hot90  20260929  1000000  avgt   15      2715.114 ±  16.876  MB/sec
AggregationBenchmark.sequential:gc.alloc.rate.norm                       16384           hot90  20260929  1000000  avgt   15  17180202.051 ±   0.252    B/op
AggregationBenchmark.sequential:gc.count                                 16384           hot90  20260929  1000000  avgt   15       135.000            counts
AggregationBenchmark.sequential:gc.time                                  16384           hot90  20260929  1000000  avgt   15        68.000                ms
AggregationBenchmark.sequential                                          32768         uniform  20260929  1000000  avgt   15        11.877 ±   0.066   ms/op
AggregationBenchmark.sequential:gc.alloc.rate                            32768         uniform  20260929  1000000  avgt   15      1474.110 ±   8.209  MB/sec
AggregationBenchmark.sequential:gc.alloc.rate.norm                       32768         uniform  20260929  1000000  avgt   15  18359882.691 ±   0.632    B/op
AggregationBenchmark.sequential:gc.count                                 32768         uniform  20260929  1000000  avgt   15        73.000            counts
AggregationBenchmark.sequential:gc.time                                  32768         uniform  20260929  1000000  avgt   15        49.000                ms
AggregationBenchmark.sequential                                          32768           hot50  20260929  1000000  avgt   15         9.846 ±   0.048   ms/op
AggregationBenchmark.sequential:gc.alloc.rate                            32768           hot50  20260929  1000000  avgt   15      1778.115 ±   8.684  MB/sec
AggregationBenchmark.sequential:gc.alloc.rate.norm                       32768           hot50  20260929  1000000  avgt   15  18359892.684 ±   0.329    B/op
AggregationBenchmark.sequential:gc.count                                 32768           hot50  20260929  1000000  avgt   15        90.000            counts
AggregationBenchmark.sequential:gc.time                                  32768           hot50  20260929  1000000  avgt   15        60.000                ms
AggregationBenchmark.sequential                                          32768           hot90  20260929  1000000  avgt   15         6.972 ±   0.019   ms/op
AggregationBenchmark.sequential:gc.alloc.rate                            32768           hot90  20260929  1000000  avgt   15      2511.204 ±   6.887  MB/sec
AggregationBenchmark.sequential:gc.alloc.rate.norm                       32768           hot90  20260929  1000000  avgt   15  18359872.573 ±   0.163    B/op
AggregationBenchmark.sequential:gc.count                                 32768           hot90  20260929  1000000  avgt   15       124.000            counts
AggregationBenchmark.sequential:gc.time                                  32768           hot90  20260929  1000000  avgt   15        74.000                ms
AggregationBenchmark.sequential                                          65536         uniform  20260929  1000000  avgt   15        14.091 ±   0.069   ms/op
AggregationBenchmark.sequential:gc.alloc.rate                            65536         uniform  20260929  1000000  avgt   15      1402.079 ±   6.925  MB/sec
AggregationBenchmark.sequential:gc.alloc.rate.norm                       65536         uniform  20260929  1000000  avgt   15  20719209.553 ±   0.700    B/op
AggregationBenchmark.sequential:gc.count                                 65536         uniform  20260929  1000000  avgt   15       205.000            counts
AggregationBenchmark.sequential:gc.time                                  65536         uniform  20260929  1000000  avgt   15       586.000                ms
AggregationBenchmark.sequential                                          65536           hot50  20260929  1000000  avgt   15        12.241 ±   0.150   ms/op
AggregationBenchmark.sequential:gc.alloc.rate                            65536           hot50  20260929  1000000  avgt   15      1614.140 ±  19.653  MB/sec
AggregationBenchmark.sequential:gc.alloc.rate.norm                       65536           hot50  20260929  1000000  avgt   15  20719221.027 ±   1.247    B/op
AggregationBenchmark.sequential:gc.count                                 65536           hot50  20260929  1000000  avgt   15       223.000            counts
AggregationBenchmark.sequential:gc.time                                  65536           hot50  20260929  1000000  avgt   15       683.000                ms
AggregationBenchmark.sequential                                          65536           hot90  20260929  1000000  avgt   15         9.362 ±   0.138   ms/op
AggregationBenchmark.sequential:gc.alloc.rate                            65536           hot90  20260929  1000000  avgt   15      2110.686 ±  31.305  MB/sec
AggregationBenchmark.sequential:gc.alloc.rate.norm                       65536           hot90  20260929  1000000  avgt   15  20719201.106 ±   1.049    B/op
AggregationBenchmark.sequential:gc.count                                 65536           hot90  20260929  1000000  avgt   15       291.000            counts
AggregationBenchmark.sequential:gc.time                                  65536           hot90  20260929  1000000  avgt   15       898.000                ms

Benchmark result is saved to results/full-20260929T155943Z.9Ho800/jmh.json
